year,date,decade,sample_window,headline,abstract,lead_paragraph,snippet,section,news_desk,type_of_material,document_type,word_count,keywords,url
1990,1990-01-01T05:00:00Z,1990s,Jan-Feb,Mixed Reviews for Hong Kong's Cultural Center,,,,Arts,Cultural Desk,News,article,1093,Hong Kong; Architecture; Culture; Nytravel; HONG KONG CULTURAL CENTER,https://www.nytimes.com/1990/01/01/arts/mixed-reviews-for-hong-kong-s-cultural-center.html
1990,1990-01-01T05:00:00Z,1990s,Jan-Feb,UPHEAVAL IN THE EAST;   Jackson Says Panama Took Focus Off China,,,,World,Foreign Desk,News,article,245,"Panama; China; Bush, George; Jackson, Jesse L; United States International Relations; Politics and Government; PANAMA-INTERNATIONAL RELATIONS-US; China-International Relations-US; United States Armament and Defense",https://www.nytimes.com/1990/01/01/world/upheaval-in-the-east-jackson-says-panama-took-focus-off-china.html
1990,1990-01-01T05:00:00Z,1990s,Jan-Feb,"Washington Talk;   For Bush in 1989, the Focus Was Foreign Policy",,,,U.S.,National Desk,News,article,766,"Bush, George; United States International Relations",https://www.nytimes.com/1990/01/01/us/washington-talk-for-bush-in-1989-the-focus-was-foreign-policy.html
1990,1990-01-02T05:00:00Z,1990s,Jan-Feb,"10,000 in Hong Kong Rally for a Free China",,,,World,Foreign Desk,News,article,180,Hong Kong; China; Demonstrations and Riots,https://www.nytimes.com/1990/01/02/world/10000-in-hong-kong-rally-for-a-free-china.html
1990,1990-01-02T05:00:00Z,1990s,Jan-Feb,"Beijing Journal;   On the Stifled Campuses, Faint Echoes of Dissent",,,,World,Foreign Desk,News,article,1150,China; Propaganda; Colleges and Universities; Demonstrations and Riots,https://www.nytimes.com/1990/01/02/world/beijing-journal-on-the-stifled-campuses-faint-echoes-of-dissent.html
1990,1990-01-02T05:00:00Z,1990s,Jan-Feb,Continents In Motion: Patchwork Process,,,,Science,Science Desk,News,article,2000,CONTINENTS; Geology,https://www.nytimes.com/1990/01/02/science/continents-in-motion-patchwork-process.html
1990,1990-01-02T05:00:00Z,1990s,Jan-Feb,"New Decade, New World, New Strategy",,,,Opinion,Editorial Desk,Op-Ed,article,939,Nineteen Hundred Nineties; United States International Relations,https://www.nytimes.com/1990/01/02/opinion/new-decade-new-world-new-strategy.html
1990,1990-01-02T05:00:00Z,1990s,Jan-Feb,Reason and Law Reject Our Panama Invasion;   Light From Europe,,,,Opinion,Editorial Desk,Letter,article,492,Terms not available,https://www.nytimes.com/1990/01/02/opinion/l-reason-and-law-reject-our-panama-invasion-light-from-europe-526790.html
1990,1990-01-02T05:00:00Z,1990s,Jan-Feb,Steel Problems in China,,,,Business,Financial Desk,News,article,136,China; International Trade and World Market; Currency; Steel and Iron,https://www.nytimes.com/1990/01/02/business/steel-problems-in-china.html
1990,1990-01-02T05:00:00Z,1990s,Jan-Feb,"WALL STREET OUTLOOK;

Dollar Fails to Heed Analysts' Predictions","LEAD: The dollar began 1989 on the offensive and ended it in a partial retreat. It consistently confounded economists, foreign exchange traders and the policy makers of the United States and its chief economic allies.",,"LEAD: The dollar began 1989 on the offensive and ended it in a partial retreat. It consistently confounded economists, foreign exchange traders and the policy makers of the United States and its chief economic allies.",Business,Financial Desk,News,article,792,"United States; WEST GERMANY; Fuerbringer, Jonathan; Currency; INTERNATIONAL MONETARY SYSTEM; Forecasts; NINETEEN HUNDRED NINETY",https://www.nytimes.com/1990/01/02/business/wall-street-outlook-dollar-fails-to-heed-analysts-predictions.html
1990,1990-01-03T05:00:00Z,1990s,Jan-Feb,"Kawaguchi Journal;   Fellow Asians, Yes, but Where's the Fellowship?",,,,World,Foreign Desk,News,article,1130,"Japan; Bangladesh; Pakistan; KAWAGUCHI (JAPAN); Social Conditions and Trends; FOREIGN LABOR; LABOR; FOREIGN POPULATION AND FOREIGN DESCENT GROUPS; RACIAL RELATIONS; MINORITIES (ETHNIC, RACIAL, RELIGIOUS); Immigration and Emigration",https://www.nytimes.com/1990/01/03/world/kawaguchi-journal-fellow-asians-yes-but-where-s-the-fellowship.html
1990,1990-01-03T05:00:00Z,1990s,Jan-Feb,METROPOLITAN DIARY,,,,Home & Garden,Living Desk,News,article,677,METROPOLITAN DIARY (TIMES COLUMN),https://www.nytimes.com/1990/01/03/garden/metropolitan-diary-809590.html
1990,1990-01-03T05:00:00Z,1990s,Jan-Feb,To Lithuania: Stay Put,"LEAD: The Lithuanian Communist Party, by breaking with Moscow, has raised the expectations of secessionist movements in Lithuania, the other Baltic republics and among each of the 104 ethnic nationalities in 12 other republics, 20 autonomous republics and 18 national districts that comprise the Soviet Union.",,"LEAD: The Lithuanian Communist Party, by breaking with Moscow, has raised the expectations of secessionist movements in Lithuania, the other Baltic republics and among each of the 104 ethnic nationalities in 12 other republics, 20 autonomous republics and 18 national districts that comprise the Soviet Union.",Opinion,Editorial Desk,Op-Ed,article,701,"UNION OF SOVIET SOCIALIST REPUBLICS (USSR); Lithuania; Schaeffer, Robert",https://www.nytimes.com/1990/01/03/opinion/to-lithuania-stay-put.html
1990,1990-01-03T05:00:00Z,1990s,Jan-Feb,U.S. Aid for Khmer Rouge Is Repugnant,,,,Opinion,Editorial Desk,Letter,article,425,"Cambodia; Khmer Rouge; KOLSKY, PETER J; United States International Relations",https://www.nytimes.com/1990/01/03/opinion/l-us-aid-for-khmer-rouge-is-repugnant-569990.html
1990,1990-01-04T05:00:00Z,1990s,Jan-Feb,China Faults Report on 2 Rebels,,,,World,Foreign Desk,News,article,400,China; United States Foreign Service; Fang Lizhi; LI SHUXIAN; United States International Relations; China-International Relations-US; Demonstrations and Riots; Freedom and Human Rights,https://www.nytimes.com/1990/01/04/world/china-faults-report-on-2-rebels.html
1990,1990-01-04T05:00:00Z,1990s,Jan-Feb,News Summary,,,,New York,Metropolitan Desk,Summary,article,848,NO INDEX TERMS,https://www.nytimes.com/1990/01/04/nyregion/news-summary-075490.html
1990,1990-01-04T05:00:00Z,1990s,Jan-Feb,"The Peabody, Ready or Not, Is Pushed to Go Out on Its Own",,,,Arts,Cultural Desk,News,article,1286,PEABODY CONSERVATORY; Johns Hopkins University; Reform and Reorganization; Finances,https://www.nytimes.com/1990/01/04/arts/the-peabody-ready-or-not-is-pushed-to-go-out-on-its-own.html
1990,1990-01-04T05:00:00Z,1990s,Jan-Feb,The Soviets' Terminal Crisis,,,,Opinion,Editorial Desk,Op-Ed,article,1914,"UNION OF SOVIET SOCIALIST REPUBLICS (USSR); Daedalus; Z; Gorbachev, Mikhail S; Reform and Reorganization; Economic Conditions and Trends",https://www.nytimes.com/1990/01/04/opinion/the-soviets-terminal-crisis.html
1990,1990-01-05T05:00:00Z,1990s,Jan-Feb,U.S. Accused of Failing to Assail Rights Abuse,,,,World,Foreign Desk,News,article,427,"Human Rights Watch; State Department; Bush, George; United States International Relations",https://www.nytimes.com/1990/01/05/world/us-accused-of-failing-to-assail-rights-abuse.html
1990,1990-01-05T05:00:00Z,1990s,Jan-Feb,"With Official Permission, Change Stirs Mongolia",,,,World,Foreign Desk,News,article,960,Mongolia; ULAN BATUR (MONGOLIA); Reform and Reorganization; Demonstrations and Riots,https://www.nytimes.com/1990/01/05/world/with-official-permission-change-stirs-mongolia.html
1990,1990-03-01T05:00:00Z,1990s,Mar-Apr,"A Hero in Canton, a Harbinger of Prosperity",,,,World,Foreign Desk,News,article,728,China; Guangdong Province (China); YE XUANPING,https://www.nytimes.com/1990/03/01/world/a-hero-in-canton-a-harbinger-of-prosperity.html
1990,1990-03-01T05:00:00Z,1990s,Mar-Apr,"From Siberia, Songs of Love and Shaman's Dances",,,,Arts,Cultural Desk,News,article,1166,"SAKHALIN ISLAND (USSR); Asia Society; GORDON, BEATE; Music; Culture; Dancing",https://www.nytimes.com/1990/03/01/arts/from-siberia-songs-of-love-and-shaman-s-dances.html
1990,1990-03-01T05:00:00Z,1990s,Mar-Apr,GRUMBLING GROWS IN CHINA'S MILITARY,,,,World,Foreign Desk,News,article,858,"China; ARMAMENT, DEFENSE AND MILITARY FORCES; Demonstrations and Riots; Freedom and Human Rights",https://www.nytimes.com/1990/03/01/world/grumbling-grows-in-china-s-military.html
1990,1990-03-01T05:00:00Z,1990s,Mar-Apr,Mourners Recall Iphigene Ochs Sulzberger's Ideals,,,,New York,Metropolitan Desk,News,article,976,"New York Times; Sulzberger, Iphigene Ochs; DEATHS",https://www.nytimes.com/1990/03/01/nyregion/mourners-recall-iphigene-ochs-sulzberger-s-ideals.html
1990,1990-03-01T05:00:00Z,1990s,Mar-Apr,Peace Talks on Cambodia Break Down,,,,World,Foreign Desk,News,article,755,Cambodia; United Nations; CIVIL WAR AND GUERRILLA WARFARE; Elections,https://www.nytimes.com/1990/03/01/world/peace-talks-on-cambodia-break-down.html
1990,1990-03-01T05:00:00Z,1990s,Mar-Apr,Regiments of Flowers Protesting Winter's Iron Rule,,,,Home & Garden,Home Desk,News,article,1708,New York City; Philadelphia (Pa); NEW ENGLAND; Flowers and Plants; SHOWS (EXHIBITS),https://www.nytimes.com/1990/03/01/garden/regiments-of-flowers-protesting-winter-s-iron-rule.html
1990,1990-03-01T05:00:00Z,1990s,Mar-Apr,"Still Mysterious, Architect Gets Her Due",,,,Home & Garden,Home Desk,News,article,1026,"WHITNEY MUSEUM; WASHBURN, ALICE; Architecture; Photography; SHOWS (EXHIBITS)",https://www.nytimes.com/1990/03/01/garden/still-mysterious-architect-gets-her-due.html
1990,1990-03-02T05:00:00Z,1990s,Mar-Apr,Asian Population in U.S. Grew by 70% in the 80's,,,,U.S.,National Desk,News,article,1086,United States; Census Bureau; Population; Asian-Americans,https://www.nytimes.com/1990/03/02/us/asian-population-in-us-grew-by-70-in-the-80-s.html
1990,1990-03-02T05:00:00Z,1990s,Mar-Apr,Flower Show: A Thousand and One Fantasies in Bloom,,,,Arts,Weekend Desk,News,article,856,New York City; Flowers and Plants; SHOWS (EXHIBITS),https://www.nytimes.com/1990/03/02/arts/flower-show-a-thousand-and-one-fantasies-in-bloom.html
1990,1990-03-02T05:00:00Z,1990s,Mar-Apr,Hong Kong Warned on Passport Plan,,,,World,Foreign Desk,News,article,562,Hong Kong; Great Britain; China; Immigration and Emigration,https://www.nytimes.com/1990/03/02/world/hong-kong-warned-on-passport-plan.html
1990,1990-03-02T05:00:00Z,1990s,Mar-Apr,NEW SUMMARY,,,,New York,Metropolitan Desk,Summary,article,949,NO INDEX TERMS,https://www.nytimes.com/1990/03/02/nyregion/new-summary.html
1990,1990-03-02T05:00:00Z,1990s,Mar-Apr,"Polk Awards in Journalism Given To 15, Including 5 From The Times",,,,New York,Metropolitan Desk,News,article,480,"New York Times; Engelberg, Stephen; Kristof, Nicholas D; Gordon, Michael R; HECHINGER, FRED M; Wudunn, Sheryl; Awards, Decorations and Honors; News and News Media; POLK, GEORGE, AWARDS IN JOURNALISM",https://www.nytimes.com/1990/03/02/nyregion/polk-awards-in-journalism-given-to-15-including-5-from-the-times.html
1990,1990-03-02T05:00:00Z,1990s,Mar-Apr,Reviews Film;   Technology and Chicken Soup in 'The Laserman',,,,Movies,Weekend Desk,Review,article,619,"Reviews; MOTION PICTURES; LASERMAN, THE (MOVIE)",https://www.nytimes.com/1990/03/02/movies/reviews-film-technology-and-chicken-soup-in-the-laserman.html
1990,1990-03-02T05:00:00Z,1990s,Mar-Apr,WEEKENDER GUIDE,,,,Arts,Weekend Desk,News,article,1235,ENTERTAINMENT AND AMUSEMENTS; WEEKENDER GUIDE (TIMES COLUMN),https://www.nytimes.com/1990/03/02/arts/weekender-guide.html
1990,1990-03-03T05:00:00Z,1990s,Mar-Apr,2 Investor Groups Go To Waterford's Aid,,,,Business,Financial Desk,News,article,1172,"Waterford Wedgwood Plc; MORGAN STANLEY & CO; O'Reilly, Anthony J F; Mergers, Acquisitions and Divestitures; Finances",https://www.nytimes.com/1990/03/03/business/2-investor-groups-go-to-waterford-s-aid.html
1990,1990-03-03T05:00:00Z,1990s,Mar-Apr,"BUSINESS DIGEST, SATURDAY, MARCH 3, 1990",,,,Business,Financial Desk,Summary,article,583,NO INDEX TERMS; BUSINESS DIGEST (NYT),https://www.nytimes.com/1990/03/03/business/business-digest-saturday-march-3-1990.html
1990,1990-03-03T05:00:00Z,1990s,Mar-Apr,GYMNASTICS;   Top Cuban To Reveal His Talents,,,,Sports,Sports Desk,News,article,588,"Martinez, Felix; Gymnastics",https://www.nytimes.com/1990/03/03/sports/gymnastics-top-cuban-to-reveal-his-talents.html
1990,1990-03-04T05:00:00Z,1990s,Mar-Apr,IN A BYGONE WORLD OF THE FUTURE,,,,Books,Book Review Desk,Review,article,626,"WINGROVE, DAVID; BOOK REVIEWS; CHUNG KUO (BOOK)",https://www.nytimes.com/1990/03/04/books/in-a-bygone-world-of-the-future.html
1990,1990-03-04T05:00:00Z,1990s,Mar-Apr,Storm Signals Flying on U.S.-China Relations,,,,World,Foreign Desk,News,article,666,China; United States Foreign Service; State Department; Fang Lizhi; United States International Relations; China-International Relations-US; Demonstrations and Riots; Freedom and Human Rights,https://www.nytimes.com/1990/03/04/world/storm-signals-flying-on-us-china-relations.html
1990,1990-03-04T05:00:00Z,1990s,Mar-Apr,World Trip,,,,Travel,Travel Desk,Letter,article,266,"Feld, Jane; Nytravel; Travel and Vacations",https://www.nytimes.com/1990/03/04/travel/l-world-trip-750990.html
1990,1990-05-01T05:00:00Z,1990s,May-Jun,Boom in Poaching Threatens Bears Worldwide,,,,Science,Science Desk,News,article,1982,"Far East, South and Southeast Asia and Pacific Areas; BEAR RESEARCH AND MANAGEMENT, INTERNATIONAL ASSOCIATION FOR; SERVHEEN, CHRISTOPHER; Bears; Hunting and Trapping; POACHING; Endangered and Extinct Species; Medicine and Health",https://www.nytimes.com/1990/05/01/science/boom-in-poaching-threatens-bears-worldwide.html
1990,1990-05-01T05:00:00Z,1990s,May-Jun,INSIDE,,,,New York,Metropolitan Desk,Summary,article,196,NO INDEX TERMS,https://www.nytimes.com/1990/05/01/nyregion/inside-020990.html
1990,1990-05-01T05:00:00Z,1990s,May-Jun,MARTIAL LAW ENDS IN TIBET'S CAPITAL,,,,World,Foreign Desk,News,article,677,China; Tibet; Martial Law; Politics and Government; Freedom and Human Rights,https://www.nytimes.com/1990/05/01/world/martial-law-ends-in-tibet-s-capital.html
1990,1990-05-01T05:00:00Z,1990s,May-Jun,NEWS SUMMARY,,,,New York,Metropolitan Desk,Summary,article,1017,NO INDEX TERMS,https://www.nytimes.com/1990/05/01/nyregion/news-summary-032690.html
1990,1990-05-01T05:00:00Z,1990s,May-Jun,"On Right, Signs of Discontent With Bush",,,,U.S.,National Desk,News,article,1360,"UNION OF SOVIET SOCIALIST REPUBLICS (USSR); Lithuania; Bush, George; Nickles, Don; HUMPHREY, GORDON J; United States International Relations; United States Politics and Government; Independence Movements; Conservatism (US Politics)",https://www.nytimes.com/1990/05/01/us/on-right-signs-of-discontent-with-bush.html
1990,1990-05-01T05:00:00Z,1990s,May-Jun,Patterns,,,,Style,Style Desk,News,article,918,China; APPAREL,https://www.nytimes.com/1990/05/01/style/patterns-053890.html
1990,1990-05-01T05:00:00Z,1990s,May-Jun,U.S. Says China Sent Large Arms Supplies to Khmer Rouge,,,,World,Foreign Desk,News,article,912,"Cambodia; China; Khmer Rouge; Bush, George; United States International Relations; International Relations; CIVIL WAR AND GUERRILLA WARFARE",https://www.nytimes.com/1990/05/01/world/us-says-china-sent-large-arms-supplies-to-khmer-rouge.html
1990,1990-05-01T05:00:00Z,1990s,May-Jun,What Chinese Marxists Mean by Dictatorship,,,,Opinion,Editorial Desk,Letter,article,243,"China; Mao Zedong; BORJA, Q M; Li Peng; Politics and Government",https://www.nytimes.com/1990/05/01/opinion/l-what-chinese-marxists-mean-by-dictatorship-872490.html
1990,1990-05-02T05:00:00Z,1990s,May-Jun,Alzheimer's and Architecture: A Search for Order,,,,U.S.,National Desk,News,article,1388,Alzheimer's Disease; Interior Design; Design; Architecture; Nursing Homes,https://www.nytimes.com/1990/05/02/us/alzheimer-s-and-architecture-a-search-for-order.html
1990,1990-05-02T05:00:00Z,1990s,May-Jun,Deadline Eased on Order Voiding Sale of a U.S. Company to China,,,,World,Foreign Desk,News,article,538,"China; MAMCO MANUFACTURING CO; Bush, George; Foreign Investments; United States International Relations",https://www.nytimes.com/1990/05/02/world/deadline-eased-on-order-voiding-sale-of-a-us-company-to-china.html
1990,1990-05-02T05:00:00Z,1990s,May-Jun,News Summary,,,,New York,Metropolitan Desk,Summary,article,1001,NO INDEX TERMS,https://www.nytimes.com/1990/05/02/nyregion/news-summary-311190.html
1990,1990-05-02T05:00:00Z,1990s,May-Jun,Review/Television;   Nixon On His Ups and Downs and Ups,,,,Arts,Cultural Desk,Review,article,794,"WNET; Nixon, Richard Milhous; Reviews; Television",https://www.nytimes.com/1990/05/02/arts/review-television-nixon-on-his-ups-and-downs-and-ups.html
1990,1990-05-03T05:00:00Z,1990s,May-Jun,A Way to Pressure Beijing,"LEAD: President Bush is doubtless hoping that the final moments of his summit meeting with Mikhail Gorbachev on June 3 will distract Americans from the first anniversary of Tiananmen Square - and his Administration's failed China policy. But even Mr. Gorbachev's visit will not eclipse the fact that exactly one year after the People's Liberation Army massacred hundreds of peaceful demonstrators, Mr.",,"LEAD: President Bush is doubtless hoping that the final moments of his summit meeting with Mikhail Gorbachev on June 3 will distract Americans from the first anniversary of Tiananmen Square - and his Administration's failed China policy. But even Mr. Gorbachev's visit will not eclipse the fact that exactly one year after the People's Liberation Army massacred hundreds of peaceful demonstrators, Mr.",Opinion,Editorial Desk,Op-Ed,article,691,"China; Tiananmen Square (Beijing); Burkhalter, Holly; BUSH, GEORGE (PRES); Fang Lizhi; United States International Relations; SANCTIONS (ECONOMIC); Demonstrations and Riots; Freedom and Human Rights; Immigration and Emigration; Political Prisoners; International Trade and World Market; MOST-FAVORED NATION TREATMENT",https://www.nytimes.com/1990/05/03/opinion/a-way-to-pressure-beijing.html
1990,1990-05-03T05:00:00Z,1990s,May-Jun,Asia Bank Chief Sees 90's Challenge,,,,Business,Financial Desk,News,article,414,"Europe; Far East, South and Southeast Asia and Pacific Areas; Asian Development Bank; TARUMIZU, KIMIMASA",https://www.nytimes.com/1990/05/03/business/asia-bank-chief-sees-90-s-challenge.html
1990,1990-05-03T05:00:00Z,1990s,May-Jun,FUTURES/OPTIONS;   Soybean Prices Advance; Grains Rise and Oil Drops,,,,Business,Financial Desk,News,article,456,PRICES; Oil (Petroleum) and Gasoline; FUTURES TRADING; Grain; Soybeans,https://www.nytimes.com/1990/05/03/business/futures-options-soybean-prices-advance-grains-rise-and-oil-drops.html
1990,1990-05-03T05:00:00Z,1990s,May-Jun,Guilin Journal;   China's Arms Wide Open for Army From Taiwan,,,,World,Foreign Desk,News,article,820,China; Taiwan; Travel Restrictions; Nytravel; Travel and Vacations,https://www.nytimes.com/1990/05/03/world/guilin-journal-china-s-arms-wide-open-for-army-from-taiwan.html
1990,1990-05-03T05:00:00Z,1990s,May-Jun,NEWS SUMMARY,,,,New York,Metropolitan Desk,Summary,article,891,NO INDEX TERMS,https://www.nytimes.com/1990/05/03/nyregion/news-summary-637090.html
1990,1990-05-03T05:00:00Z,1990s,May-Jun,Plant Sales Coming Up All Over,,,,Home & Garden,Home Desk,News,article,497,Flowers and Plants,https://www.nytimes.com/1990/05/03/garden/plant-sales-coming-up-all-over.html
1990,1990-05-03T05:00:00Z,1990s,May-Jun,Pro-Rebel Ship Nears China,,,,World,Foreign Desk,News,article,121,China; Radio,https://www.nytimes.com/1990/05/03/world/pro-rebel-ship-nears-china.html
1990,1990-05-03T05:00:00Z,1990s,May-Jun,U.S. SEEKS TO EASE TECHNOLOGY SALES IN EASTERN EUROPE,,,,Business,Financial Desk,News,article,1119,"EUROPE, EAST; United States; UNION OF SOVIET SOCIALIST REPUBLICS (USSR); House Committee on Foreign Affairs; North Atlantic Treaty Organization; Bush, George; International Trade and World Market; TELECOMMUNICATIONS; MACHINE TOOLS AND DIES; Science and Technology; DATA PROCESSING (COMPUTERS); EMBARGOES",https://www.nytimes.com/1990/05/03/business/us-seeks-to-ease-technology-sales-in-eastern-europe.html
1990,1990-07-01T05:00:00Z,1990s,Jul-Aug,"BEST SELLERS: July 1, 1990",,,,Books,Book Review Desk,List,article,1057,NO INDEX TERMS,https://www.nytimes.com/1990/07/01/books/best-sellers-july-1-1990.html
1990,1990-07-01T05:00:00Z,1990s,Jul-Aug,CHINESE REPLACING REGIONAL OFFICIALS,,,,World,Foreign Desk,News,article,611,"China; ARMAMENT, DEFENSE AND MILITARY FORCES; Politics and Government; Demonstrations and Riots; Freedom and Human Rights",https://www.nytimes.com/1990/07/01/world/chinese-replacing-regional-officials.html
1990,1990-07-01T05:00:00Z,1990s,Jul-Aug,DEAN RUSK'S PERSONAL TRUCE,,,,Books,Book Review Desk,Review,article,1700,"RUSK, RICHARD; PAPP, DANIEL S; RUSK, DEAN; BOOK REVIEWS; AS I SAW IT (BOOK)",https://www.nytimes.com/1990/07/01/books/dean-rusk-s-personal-truce.html
1990,1990-07-01T05:00:00Z,1990s,Jul-Aug,"For a Rose Fancier, The Older, the Better",,,,New York,Connecticut Weekly Desk,News,article,1144,"CHRISTOPHER, THOMAS; ROSES; Flowers and Plants; IN SEARCH OF LOST ROSES (BOOK)",https://www.nytimes.com/1990/07/01/nyregion/for-a-rose-fancier-the-older-the-better.html
1990,1990-07-01T05:00:00Z,1990s,Jul-Aug,HEADLINERS;   Free and Clear,,,,Week in Review,Week in Review Desk,News,article,228,China; Fang Lizhi; Politics and Government; Freedom and Human Rights,https://www.nytimes.com/1990/07/01/weekinreview/headliners-free-and-clear.html
1990,1990-07-01T05:00:00Z,1990s,Jul-Aug,HOME ENTERTAINMENT/VIDEO: CRITICS' CHOICES;   Doing Divorces the Way They Were,,,,Movies,Arts and Leisure Desk,Review,article,495,"Recordings (Video); MOTION PICTURES; Reviews; WAR OF THE ROSES, THE (MOVIE); ADAMS RIB (MOVIE); GAY DIVORCEE, THE (MOVIE); Woman of the Year (Movie); My Favorite Wife (Movie); PALM BEACH STORY (MOVIE)",https://www.nytimes.com/1990/07/01/movies/home-entertainment-video-critics-choices-doing-divorces-the-way-they-were.html
1990,1990-07-01T05:00:00Z,1990s,Jul-Aug,"LONG ISLAND SOUND;

Eastward, or Westward, Ho!","LEAD: LAST week, planning our annual vacation, I sat in the den poring over maps, guidebooks, calendars - and sipping a tall, cool, refreshing glass of Mylanta.",,"LEAD: LAST week, planning our annual vacation, I sat in the den poring over maps, guidebooks, calendars - and sipping a tall, cool, refreshing glass of Mylanta.",New York,Long Island Weekly Desk,News,article,888,"KLAUS, BARBARA; Travel and Vacations",https://www.nytimes.com/1990/07/01/nyregion/long-island-sound-eastward-or-westward-ho.html
1990,1990-07-01T05:00:00Z,1990s,Jul-Aug,NEWS SUMMARY,,,,New York,Metropolitan Desk,Summary,article,658,NO INDEX TERMS,https://www.nytimes.com/1990/07/01/nyregion/news-summary-434390.html
1990,1990-07-01T05:00:00Z,1990s,Jul-Aug,No Headline,,,,New York,Westchester Weekly Desk,News,article,1203,"Westchester County (NY); Charles, Eleanor; ENTERTAINMENT AND AMUSEMENTS",https://www.nytimes.com/1990/07/01/nyregion/no-headline-991390.html
1990,1990-07-01T05:00:00Z,1990s,Jul-Aug,Rating the Orient-Express,,,,Travel,Travel Desk,News,article,2547,Terms not available,https://www.nytimes.com/1990/07/01/travel/rating-the-orient-express.html
1990,1990-07-01T05:00:00Z,1990s,Jul-Aug,Room and Board on Europe's Trains,,,,Travel,Travel Desk,News,article,3071,Europe; Railroads; Travel and Vacations; Nytravel,https://www.nytimes.com/1990/07/01/travel/room-and-board-on-europe-s-trains.html
1990,1990-07-01T05:00:00Z,1990s,Jul-Aug,THE PRIME OF PAT SCHROEDER,,,,Magazine,Magazine Desk,News,article,5001,"United States; CONGRESS; Schroeder, Patricia; Biographical Information",https://www.nytimes.com/1990/07/01/magazine/the-prime-of-pat-schroeder.html
1990,1990-07-02T05:00:00Z,1990s,Jul-Aug,"Big Aims, Small Means on Cambodia",,,,Opinion,Editorial Desk,Editorial,article,486,"Cambodia; Vietnam; Khmer Rouge; Bush, George; NORODOM SIHANOUK; United States International Relations; International Relations; Editorials; CIVIL WAR AND GUERRILLA WARFARE",https://www.nytimes.com/1990/07/02/opinion/big-aims-small-means-on-cambodia.html
1990,1990-07-02T05:00:00Z,1990s,Jul-Aug,China Counts Its Billion-Plus Noses,,,,World,Foreign Desk,News,article,870,China; Population; Census,https://www.nytimes.com/1990/07/02/world/china-counts-its-billion-plus-noses.html
1990,1990-07-02T05:00:00Z,1990s,Jul-Aug,INSIDE,,,,New York,Metropolitan Desk,Summary,article,162,NO INDEX TERMS,https://www.nytimes.com/1990/07/02/nyregion/inside-628090.html
1990,1990-07-02T05:00:00Z,1990s,Jul-Aug,INTERNATIONAL REPORT;   A 2d-Quarter Rebound for the World's Markets,,,,Business,Financial Desk,News,article,1051,Stocks and Bonds,https://www.nytimes.com/1990/07/02/business/international-report-a-2d-quarter-rebound-for-the-world-s-markets.html
1990,1990-07-02T05:00:00Z,1990s,Jul-Aug,NEWS SUMMARY,,,,New York,Metropolitan Desk,Summary,article,919,NO INDEX TERMS,https://www.nytimes.com/1990/07/02/nyregion/news-summary-620190.html
1990,1990-07-03T05:00:00Z,1990s,Jul-Aug,"Evolution in Europe;   With Nonreaders Gone, Marxism's Journal Fails",,,,World,Foreign Desk,News,article,799,Czechoslovakia; UNION OF SOVIET SOCIALIST REPUBLICS (USSR); PROBLEMS OF PEACE AND SOCIALISM; Roman Catholic Church; Shutdowns (Institutional); Politics and Government,https://www.nytimes.com/1990/07/03/world/evolution-in-europe-with-nonreaders-gone-marxism-s-journal-fails.html
1990,1990-07-03T05:00:00Z,1990s,Jul-Aug,NEWS SUMMARY,,,,New York,Metropolitan Desk,Summary,article,948,NO INDEX TERMS,https://www.nytimes.com/1990/07/03/nyregion/news-summary-857690.html
1990,1990-07-03T05:00:00Z,1990s,Jul-Aug,Wuzhong Journal;   A Corner of China Where the Minaret Stands Tall,,,,World,Foreign Desk,News,article,995,NINGXIA (CHINA); China; XINJIANG PROVINCE (CHINA); Politics and Government; Islam,https://www.nytimes.com/1990/07/03/world/wuzhong-journal-a-corner-of-china-where-the-minaret-stands-tall.html
1990,1990-09-01T05:00:00Z,1990s,Sep-Oct,Bikes Just Lack 'Curb Appeal',,,,Opinion,Editorial Desk,Op-Ed,article,584,WORLD TRADE CENTER (NYC); New York City; Parking; Bicycles and Bicycling,https://www.nytimes.com/1990/09/01/opinion/bikes-just-lack-curb-appeal.html
1990,1990-09-01T05:00:00Z,1990s,Sep-Oct,Cambodia Gives Partial Backing To U.N. Plan for Ending the War,,,,World,Foreign Desk,News,article,678,"Cambodia; Vietnam; United Nations; Hun Sen; United States International Relations; ARMAMENT, DEFENSE AND MILITARY FORCES; International Relations; Politics and Government; CIVIL WAR AND GUERRILLA WARFARE; Elections",https://www.nytimes.com/1990/09/01/world/cambodia-gives-partial-backing-to-un-plan-for-ending-the-war.html
1990,1990-09-01T05:00:00Z,1990s,Sep-Oct,RESULTS PLUS,,,,Sports,Sports Desk,News,article,272,NO INDEX TERMS,https://www.nytimes.com/1990/09/01/sports/results-plus-189990.html
1990,1990-09-02T05:00:00Z,1990s,Sep-Oct,CONNECTICUT GUIDE,,,,New York,Connecticut Weekly Desk,News,article,1069,"Connecticut; Charles, Eleanor; NO INDEX TERMS",https://www.nytimes.com/1990/09/02/nyregion/connecticut-guide-878390.html
1990,1990-09-02T05:00:00Z,1990s,Sep-Oct,Chinese Exiles Fight for Change and Attention,,,,World,Foreign Desk,News,article,735,China; CHINESE ALLIANCE FOR DEMOCRACY; PING HU; Politics and Government,https://www.nytimes.com/1990/09/02/world/chinese-exiles-fight-for-change-and-attention.html
1990,1990-09-02T05:00:00Z,1990s,Sep-Oct,"Edwin Reischauer, Diplomat and Scholar, Dies at 79",,,,Obituaries,Obituary,Obituary,article,1344,"REISCHAUER, EDWIN O; Biographical Information; DEATHS",https://www.nytimes.com/1990/09/02/obituaries/edwin-reischauer-diplomat-and-scholar-dies-at-79.html
1990,1990-09-02T05:00:00Z,1990s,Sep-Oct,Noted With Pleasure,,,,Books,Book Review Desk,News,article,937,Books and Literature,https://www.nytimes.com/1990/09/02/books/noted-with-pleasure.html
1990,1990-09-02T05:00:00Z,1990s,Sep-Oct,PASTIMES: Gardening;   Tulips: A History of Success,,,,Style,Style Desk,News,article,1014,Europe; Flowers and Plants; History; Art; Tulips,https://www.nytimes.com/1990/09/02/style/pastimes-gardening-tulips-a-history-of-success.html
1990,1990-09-02T05:00:00Z,1990s,Sep-Oct,RESULTS PLUS,,,,Sports,Sports Desk,News,article,619,NO INDEX TERMS,https://www.nytimes.com/1990/09/02/sports/results-plus-366090.html
1990,1990-09-02T05:00:00Z,1990s,Sep-Oct,Riding the Napa Valley Wine Train,,,,Travel,Travel Desk,News,article,1701,NAPA VALLEY (CALIF); California; Wines; Railroads; Nytravel; Travel and Vacations,https://www.nytimes.com/1990/09/02/travel/riding-the-napa-valley-wine-train.html
1990,1990-09-02T05:00:00Z,1990s,Sep-Oct,Setting the Scenes For Exhibitions At Bruce Museum,"LEAD: THE costume worn daily by Anne von Stuelpnagel - dungarees and work shirt - has changed little over the years. The middle of three girls, she was raised on a farm near the Baltic Sea in northern Germany, and grew up helping with the chores and learning carpentry skills. When, at the age of 14, her father gave her a set of power tools, her vocation was inadvertently set.",,"LEAD: THE costume worn daily by Anne von Stuelpnagel - dungarees and work shirt - has changed little over the years. The middle of three girls, she was raised on a farm near the Baltic Sea in northern Germany, and grew up helping with the chores and learning carpentry skills. When, at the age of 14, her father gave her a set of power tools, her vocation was inadvertently set.",New York,Connecticut Weekly Desk,News,article,1211,"Bruce Museum (Greenwich, Conn); Liebenson, Bess; STUELPNAGEL, ANNE VON",https://www.nytimes.com/1990/09/02/nyregion/setting-the-scenes-for-exhibitions-at-bruce-museum.html
1990,1990-09-02T05:00:00Z,1990s,Sep-Oct,THE WORLD;   More Oil from more PLaces Could Loosen Gulf's Grip,,,,Week in Review,Week in Review Desk,News,article,1594,Persian Gulf; Latin America; Middle East; UNION OF SOVIET SOCIALIST REPUBLICS (USSR); Oil (Petroleum) and Gasoline,https://www.nytimes.com/1990/09/02/weekinreview/the-world-more-oil-from-more-places-could-loosen-gulf-s-grip.html
1990,1990-09-02T05:00:00Z,1990s,Sep-Oct,Typhoon Kills 48 in China,,,,World,Foreign Desk,News,article,111,China; Typhoons,https://www.nytimes.com/1990/09/02/world/typhoon-kills-48-in-china.html
1990,1990-09-03T05:00:00Z,1990s,Sep-Oct,BUSINESS DIGEST,,,,Business,Financial Desk,Summary,article,520,NO INDEX TERMS,https://www.nytimes.com/1990/09/03/business/business-digest-501790.html
1990,1990-09-03T05:00:00Z,1990s,Sep-Oct,INTERNATIONAL REPORT;   Hopes Fade as Output Of Oil Lags in China,,,,Business,Financial Desk,News,article,1238,China; XINJIANG PROVINCE (CHINA); Foreign Investments; International Trade and World Market; Offshore Exploration and Installations; Oil (Petroleum) and Gasoline; Production,https://www.nytimes.com/1990/09/03/business/international-report-hopes-fade-as-output-of-oil-lags-in-china.html
1990,1990-09-03T05:00:00Z,1990s,Sep-Oct,Imbalances in Trade,,,,Business,Financial Desk,News,article,88,Europe; China; United States; EAST EUROPE; INTERNATIONAL TRADE COMMISSION; International Trade and World Market; BALANCE OF PAYMENTS AND TRADE,https://www.nytimes.com/1990/09/03/business/imbalances-in-trade.html
1990,1990-09-03T05:00:00Z,1990s,Sep-Oct,"The Troops Are in the Desert, And in More Ways Than One",,,,World,Foreign Desk,News,article,1337,Iraq; Middle East; Saudi Arabia; United States International Relations; Middle East-International Relations-US; MILITARY PERSONNEL; News and News Media; United States Armament and Defense,https://www.nytimes.com/1990/09/03/world/the-troops-are-in-the-desert-and-in-more-ways-than-one.html
1990,1990-09-04T05:00:00Z,1990s,Sep-Oct,"After 4,000 Years, Medical Science Considers Garlic",,,,Science,Science Desk,News,article,1543,Garlic; Medicine and Health; Research,https://www.nytimes.com/1990/09/04/science/after-4000-years-medical-science-considers-garlic.html
1990,1990-09-04T05:00:00Z,1990s,Sep-Oct,"Beijing Journal;   A Mystical Art, but Can It Make the Lame Walk?",,,,World,Foreign Desk,News,article,965,China; Social Conditions and Trends; FAITH HEALERS; Religious Cults,https://www.nytimes.com/1990/09/04/world/beijing-journal-a-mystical-art-but-can-it-make-the-lame-walk.html
1990,1990-09-04T05:00:00Z,1990s,Sep-Oct,Korean Talks Starting With Expectations Low,,,,World,Foreign Desk,News,article,482,South Korea; North Korea; YON HYONG MUK; ATOMIC WEAPONS; Travel Restrictions; Military Bases and Installations; International Relations; United States Armament and Defense,https://www.nytimes.com/1990/09/04/world/korean-talks-starting-with-expectations-low.html
1990,1990-09-06T05:00:00Z,,,China Faces Its Longest March,,,,Opinion,,,,,,https://www.nytimes.com/1990/09/06/opinion/l-china-faces-its-longest-march-031590.html
1990,1990-09-24T05:00:00Z,,,Japan Banks in China Loan,,,,Business,,,,,,https://www.nytimes.com/1990/09/24/business/japan-banks-in-china-loan.html
1990,1990-09-27T05:00:00Z,,,Chinese Satellite Planned,,,,Business,,,,,,https://www.nytimes.com/1990/09/27/business/chinese-satellite-planned.html
1990,1990-10-02T05:00:00Z,,,Record Harvest in China,,,,Business,,,,,,https://www.nytimes.com/1990/10/02/business/record-harvest-in-china.html
1990,1990-10-08T05:00:00Z,,,China Output Up 7.5%,,,,Business,,,,,,https://www.nytimes.com/1990/10/08/business/china-output-up-7.5.html
1990,1990-10-14T05:00:00Z,,,"A View of Communism, as the Chinese See It",,,,World,,,,,,https://www.nytimes.com/1990/10/14/world/a-view-of-communism-as-the-chinese-see-it.html
1990,1990-10-15T05:00:00Z,,,INTERNATIONAL REPORT;   China Opens Grain Market,,,,Business,,,,,,https://www.nytimes.com/1990/10/15/business/international-report-china-opens-grain-market.html
1990,1990-10-22T05:00:00Z,,,More Wheat for China,,,,Business,,,,,,https://www.nytimes.com/1990/10/22/business/more-wheat-for-china.html
1990,1990-11-01T05:00:00Z,1990s,Nov-Dec,Beijing Opera Is 200 and Facing a Crisis,,,,Arts,Cultural Desk,News,article,1055,Beijing Opera; Opera,https://www.nytimes.com/1990/11/01/arts/beijing-opera-is-200-and-facing-a-crisis.html
1990,1990-11-01T05:00:00Z,1990s,Nov-Dec,TOLL IN INDIA CLASH AT MOSQUE RISES,,,,World,Foreign Desk,News,article,607,Terms not available,https://www.nytimes.com/1990/11/01/world/toll-in-india-clash-at-mosque-rises.html
1990,1990-11-01T05:00:00Z,1990s,Nov-Dec,"Wing Toy, 64, Dies; Engineer and Inventor",,,,Obituaries,Obituary,Obituary,article,192,"TOY, WING N; Biographical Information; DEATHS",https://www.nytimes.com/1990/11/01/obituaries/wing-toy-64-dies-engineer-and-inventor.html
1990,1990-11-02T05:00:00Z,1990s,Nov-Dec,"Teatime? Oh, Any Time Is Divine",,,,Arts,Weekend Desk,News,article,2189,New York City; Restaurants,https://www.nytimes.com/1990/11/02/arts/teatime-oh-any-time-is-divine.html
1990,1990-11-03T05:00:00Z,,,Prices Go Up in China,,,,Business,,,,,,https://www.nytimes.com/1990/11/03/business/prices-go-up-in-china.html
1990,1990-11-04T05:00:00Z,1990s,Nov-Dec,A World in Flux Means Steady Work for Risk Analysts,,,,Business,Financial Desk,News,article,1658,Social Conditions and Trends; Consultants; INDUSTRY PROFILES; Politics and Government; Economic Conditions and Trends,https://www.nytimes.com/1990/11/04/business/a-world-in-flux-means-steady-work-for-risk-analysts.html
1990,1990-11-04T05:00:00Z,1990s,Nov-Dec,"BEST SELLERS: November 4, 1990",,,,Books,Book Review Desk,List,article,1432,NO INDEX TERMS,https://www.nytimes.com/1990/11/04/books/best-sellers-november-4-1990.html
1990,1990-11-04T05:00:00Z,1990s,Nov-Dec,Dresden's Magnificent Museums,,,,Travel,Travel Desk,News,article,1935,Germany; Dresden (Germany); Antiques; Museums; Art; PORCELAIN; Nytravel; Travel and Vacations; World War II (1939-45),https://www.nytimes.com/1990/11/04/travel/dresden-s-magnificent-museums.html
1990,1990-11-04T05:00:00Z,1990s,Nov-Dec,"FORUM;
Time for the Ex-Im Bank to Fade Away","CONGRESS struggled mightily to cut the deficit, yet one very large sacred cow still lives: the Export-Import Bank. Created in 1934 to subsidize trade with the Soviet Union, the bank since then has grown to subsidize exports to countries around the world.

In its budget plan for 1991, the Bush Administration proposed reducing the bank's loans to $500 million from $612 million, but Congress decided to 

increase 

the bank's lending, by nearly 23 percent to $750 million. Loan guarantees and insurance will also rise under the new budget reduction plan.",,"CONGRESS struggled mightily to cut the deficit, yet one very large sacred cow still lives: the Export-Import Bank. Created in 1934 to subsidize trade with the Soviet Union, the bank since then has grown to subsidize exports to countries around the world.

In its budget plan for 1991, the Bush Administration proposed reducing the bank's loans to $500 million from $612 million, but Congress decided to 

increase 

the bank's lending, by nearly 23 percent to $750 million. Loan guarantees and insurance will also rise under the new budget reduction plan.",Business,Financial Desk,News,article,480,"United States; Export-Import Bank of US; Bandow, Doug; International Trade and World Market",https://www.nytimes.com/1990/11/04/business/forum-time-for-the-exim-bank-to-fade-away.html
1990,1990-11-04T05:00:00Z,1990s,Nov-Dec,"Feasts & Celebrations;
Collecting the Old and . . . the New","Whether it is a reproduction of a Chinese export porcelain plate that was used in an English castle in the 1800's, or a silver teapot that could have been your great-grandmother's, the look of the past is appearing more often on tabletops today. Antique dealers and flea markets sell a wide range of period designs, which are being collected to be used and not just displayed. And, increasingly, sources from burgeoning museum mail-order businesses to manufacturers such as Minton and Towle are offering reproductions and heirloom-inspired examples. Many of the new wares will cost less than their older counterparts, but not necessarily -- the vagaries of pricing at antiques and flea markets means that a dedicated collector can often find pieces for modest expense. In either case, the thing to remember is that collecting does not need to be done all at once; rather, it is an investment preferably enjoyed over a period of years.",,"Whether it is a reproduction of a Chinese export porcelain plate that was used in an English castle in the 1800's, or a silver teapot that could have been your great-grandmother's, the look of the past is appearing more often on tabletops today. Antique dealers and flea markets sell a wide range of period designs, which are being collected to be used and not just displayed. And, increasingly, sources from burgeoning museum mail-order businesses to manufacturers such as Minton and Towle are offering reproductions and heirloom-inspired examples. Many of the new wares will cost less than their older counterparts, but not necessarily -- the vagaries of pricing at antiques and flea markets means that a dedicated collector can often find pieces for modest expense. In either case, the thing to remember is that collecting does not need to be done all at once; rather, it is an investment preferably enjoyed over a period of years.",T Magazine,Entertaining Magazine,News,article,1338,Terms not available,https://www.nytimes.com/1990/11/04/t-magazine/feasts-celebrations-collecting-the-old-and-the-new.html
1990,1990-11-04T05:00:00Z,1990s,Nov-Dec,"From Iraq, a Warning And a Hostage Offer",,,,World,Foreign desk,Summary,article,81,NO INDEX TERMS,https://www.nytimes.com/1990/11/04/world/from-iraq-a-warning-and-a-hostage-offer.html
1990,1990-11-04T05:00:00Z,1990s,Nov-Dec,In the Heartland Of Old Germany,"TRAVELING today in what was until recently the German Democratic Republic is an experience at once depressing and fascinating. Depressing, because of the dereliction of the towns, the mood of dazed anxiety and the poor state of tourist services, bureaucratic and not very customer-friendly. Fascinating, because of the bizarre outward symptoms of current revolutionary change (and resistance to it), and the historic and cultural riches of the area from Dresden to Weimar and Eisenach that was the very heartland of the glorious pre-World War I German tradition, so closely linked with Bach, Luther, Goethe, Wagner and others.

Take Leipzig, population 560,000, second city of the former East Germany. It was long a major center of music, literature and publishing, with a great trade fair that still exists. But the surrounding heavy industry, notably the chemical works at Bitterfeld, were allowed by the old regime to grow into such a cesspool of pollution that Leipzig's air is chokingly foul. In the past the city was also exploited for the benefit of East Berlin, deprived of its resources, crippled by neglect; the fierce local resentments against this help to explain why last fall's revolution started there, with the Monday meetings in the Nikolaikirche and the mass rallies on the Karl Marx Platz.",,"TRAVELING today in what was until recently the German Democratic Republic is an experience at once depressing and fascinating. Depressing, because of the dereliction of the towns, the mood of dazed anxiety and the poor state of tourist services, bureaucratic and not very customer-friendly. Fascinating, because of the bizarre outward symptoms of current revolutionary change (and resistance to it), and the historic and cultural riches of the area from Dresden to Weimar and Eisenach that was the very heartland of the glorious pre-World War I German tradition, so closely linked with Bach, Luther, Goethe, Wagner and others.

Take Leipzig, population 560,000, second city of the former East Germany. It was long a major center of music, literature and publishing, with a great trade fair that still exists. But the surrounding heavy industry, notably the chemical works at Bitterfeld, were allowed by the old regime to grow into such a cesspool of pollution that Leipzig's air is chokingly foul. In the past the city was also exploited for the benefit of East Berlin, deprived of its resources, crippled by neglect; the fierce local resentments against this help to explain why last fall's revolution started there, with the Monday meetings in the Nikolaikirche and the mass rallies on the Karl Marx Platz.",Travel,Travel Desk,News,article,3020,"Germany; East Germany; Leipzig (Germany); Weimar (Germany); ARDAGH, JOHN; Travel and Vacations; Nytravel",https://www.nytimes.com/1990/11/04/travel/in-the-heartland-of-old-germany.html
1990,1990-11-04T05:00:00Z,1990s,Nov-Dec,Interior Motives,"Miss Page Rense
Architectural Digest
Los Angeles, Calif.
Dear Miss Rense:

Although I could never afford the lifestyle of the people who live in the sumptuous homes you show, I am an avid fan of your fabulous magazine. I especially like to see how celebrities live and wonder which issue I should buy to get a look at Candy and Aaron Spelling's quintessential new Hollywood home, built with profits from ""Dynasty"" and ""Love Boat."" I read in a gossip column that their mansion is bigger than the White House, cost over $50 million and has its own bowling alley. 

Hoping to hear from you soon.
 A Decorating Fan.
Dear Fan,

Your letter is deeply appreciated, since every genuine letter to the editor we receive means my hard-working staff has one less to create for our Letters column.

It is gratifying to learn that you enjoy our celebrity features, since, believe me, it is not easy finding well-known people whose taste lives up to our standards.

There is a common misconception that Architectural Digest glorifies conspicuous consumption, which couldn't be farther from the truth. In my two decades here, we have occasionally published some grand houses, but our motto for the 90's is, Bigger Isn't Better, except in circulation, advertising and miscellaneous revenues.

Regarding the Spelling house, at present we have no plans to publish it -- which has nothing to do with my disdain for bowling.

As a consolation, I am enclosing some tips from a book I'm thinking of writing next weekend (it will be my 15th, if my assistant has counted correctly) . It will be called ""You Don't Say: Paige Rense's Guide to Taboo Celebrity House Talk.""

 -- Don't say ""home,"" say ""house.""

-- Don't use trite words like ""lifestyle,"" ""sumptuous,"" ""fabulous"" or ""quintessential.""

 -- Always spell Paige with an i.

 Cordially,
 Paige Rense, editor in chief

It's easy to parody Paige Rense -- to make fun of her legendary no-nos, her concocted reader letters, her magazine's pretentious tone and extravagant taste, and the idea of one person's passing judgment on thousands of houses every year -- particularly a woman who didn't know Gaudi from gaudy when she started. But you can't underestimate her accomplishments. In 19 years at the helm of Architectural Digest, with meager magazine experience and an initial operating budget that wasn't much larger than one competitor's annual taxi allotment, Rense has turned a marginal building-trades magazine published by Knapp Communications into a top-of-the-line voyeur's bible -- the National Geographic of interior design, art and antiques. Between 1971 and 1989, she has taken circulation from 50,000 to 625,000, and advertising revenues from less than $1 million to $46 million. And all this in a magazine backwater called Los Angeles.

Today Architectural Digest stands supreme among the ""shelter magazines"" -- the thick and glossy periodicals devoted to decorating and home furnishings, a multibillion-dollar industry in the United States. Rense earns a salary estimated at about $600,000 -- a queen's ransom in the magazine world. Exposure in AD has become so important to decorators that she has seen some completed jobs before the client has. Decorators the world over take a rejection of their work by Rense as the ultimate snub (""a maniac"" one of them called her after finding himself left out of ""The AD 100,"" the magazine's recent issue devoted to the top 100 designers whose work has appeared in its pages). Yet none dare cross her, for fear of winding up in Rolodex limbo. (""Strike him off all of our lists now!"" she has ruled.) 

The magazine casts a mesmerizing spell over its readers. It isn't hip like Metropolitan Home (circulation 701,000), with its witty mix of basic-Biedermeier and Mies-to-go; it isn't ""how-to"" like House Beautiful (circulation, 932,000); it wouldn't be caught dead showing $500,000 his-and-her kitchens or trendy lofts like the young-but-rich HG (circulation, 619,900), and it has none of the torn curtains or socks under the bed in the throwaway-chic World of Interiors (circulation, 73,000).

No, Architectural Digest -- ""The International Magazine of Fine Interior Design"" -- is one continuous house tour, where glitz and refinement cohabit happily. Cher's house -- or houses (AD has printed four of them so far) -- is just as welcome as Baron Thyssen-Bornemisza's private museum and Queen Elizabeth the Queen Mother's house at Sandringham (coming in AD in January).

The magazine really came into its own in the early 1980's, when more-is-more began to replace less-is-more as a (pardon the word) lifestyle credo. ""Money was suddenly beautiful, and the Digest was the only upscale design magazine,"" observes Steven Cohn of Media Industry Newsletter.

It wasn't long before less pricey shelter magazines moved into the same ""affluential"" (a Rense coinage) neighborhood, but Digest has remained in a class by itself.

""Pretentious"" is the word some use to describe Rense's drawing-room-drama approach, especially her appetite for opulence in present-day interior decoration. ""It's like a Potemkin village,"" says Ira Levy, senior vice-president for creative corporate development at Estee Lauder. ""Everything is too perfect.""

But love the magazine -- or love to dish it -- AD is a must read. ""It's glued to everyone's coffee table,"" says Mario Buatta, the decorator, who has had his share of glory in it. ""My clients treasure it,"" says Patricia Crane, a Bryn Mawr, Pa., designer whose work has never appeared in Digest. ""This is success,"" she adds with a sniff, ""what they aspire to."" 

 ""Aspire"" doesn't begin to cover it. According to one story, which may even be true, a Beverly Hills woman on her deathbed received a call from her daughter, who said she'd be delayed coming over because Architectural Digest was photographing her house. In that case, said the mother. ""Don't worry about me. Take your time."" 

THE SIGN ON THE wooden door that leads into Architectural Digest's viewing room warns away unauthorized personnel with a stern ""Do Not Enter."" They don't. Here, 30 floors above Wilshire Boulevard, is the heart of the AD dream machine. File cabinets filled with photos line the walls and divide the room; along one wall runs a deep shelf holding a row of light boxes. Three to four times a month, the fate of thousands of designers, photographers and houses is decided. There is no jury, just the judge -- Paige Rense, who has seen it all.

At the appointed hour Rense sweeps in with a ""Hi, darlin' "" for her art director, Thomas Sullivan. The greeting reflects the ""New West"" Rense: she just bought land in Jackson Hole, Wyo., and she's negotiating to buy a house in Santa Fe, N.M., and these days she favors denim cowgirl skirts, boots and a slow drawl.

Her looks are deceiving. Some days she seems as plain as a movie star before breakfast; large glasses disguise a hint of sadness in her eyes. But then suddenly, for an audience, for a camera, for a decorator passing through ""on his way to Pittsburgh,"" she lights up -- and 

heeeeeeere's 

Paige: extremely photogenic, she has large blue eyes that never blink at a strobe flash, a pug nose, a vivacious Ginger Rogers smile, and a souffle of blond frosted hair.

Like women of her generation who found it smart to play dumb (Rense admits to 57 but is actually 61), she often lapses into a cute little-girl's voice. She talks softly and lets deputies carry the big stick. Constantly called on to judge the creative efforts of others, she has developed a reassuring ooh-and-aah delivery of ""Oh, how wonderful,"" ""Oh, how marvelous."" When she really likes something, though, she'll bang both hands on the nearest surface, palms down, and exclaim, ""Great!""

Right now, the pictures are laid out on the light boxes for Rense's review. Her back slightly curved from years of hunching over these viewing boxes, she works her way quickly from left to right, as her art director, ""photographer liaison"" (AD has no photo editor) and assistants stand by quietly noting her decisions. Then she starts over, moving rightward, until the current backlog is disposed of -- one way or another. The little-girl voice is never used here. And her decision is final. The absence of give and take is awesome. 

The staff can't predict what she'll like. Using her legendary intuition, she calculates at a glance the uniqueness of the design, the impact of the photographs, the prominence of the resident, the importance of the designer -- and whir, whir, click, click -- the sum total of its appeal. 

Technically, Rense favors well-lit shots that let readers see the details of a room; she rejects views from behind sofas, which shut the reader out. If she says, ""This would look good at night,"" that's a command to do one of AD's trademark twilight or ""blue light"" pictures, snapped in the 10 minutes between dusk and nightfall. Except for celebrities, Rense has always disliked seeing residents in interiors, believing they spoiled the fantasy: ""It couldn't be yours if it was theirs,"" she says. But now that other magazines show people more, she does too.

What Rense won't do is send editors to style the pictures with carloads of accessories, a standard industry practice. At AD, the designer or photographer does the styling; no editor is present at the shoot. (And, no, AD does not send the same cymbidium orchid from place to place.) Originally, AD couldn't afford stylists -- it didn't even pay for pictures until 1977. Today, Rense says, ""I believe in the singular vision.""

Designers whose work has not made it into Digest blame Rense's loyalty to a rat pack of designer pals, people who, former employees say, have bought her affection with lavish gifts, even diamonds and a sable. ""It is true I was sent a fur coat,"" Rense says carefully. ""It was from a decorator I've known a long time. It wasn't sable -- it was mink. I gave it to charity."" As for the diamond earrings, they were from a man ""I was once engaged to,"" she says. ""Definitely not a decorator."" She does accept gifts, she says, from decorators who are personal friends. And in exchange: ""I send decorators very expensive gifts. It never occurs to designers that they're rejected because they're not good enough. Anyone who knows me knows you can give me 20 fur coats, diamonds -- it won't get you in the magazine."" 

Certainly, no one needs pull to have work considered. Rense sees every single submission. ""We try to be fair,"" she sighs. ""Some deserve no comment, they're so bad."" Only once in two sessions does she bestow an obvious favor: ""It's not this designer's best work. Can we save it by reshooting?"" A few sensitive decisions are postponed. But for the most part she bites the bullet. ""Let's save him from himself,"" she says, turning down one regular. A submission from a stranger gets equal time, but a star is not born. ""Can't, can't, can't,"" she says despairingly. 

Now she's getting testy. One rejection after another. ""Is our inventory that low?"" ""He believes less is more, sorry!"" ""N.F.A.D."" (meaning ""Not for Architectural Digest""). Cliches (bleached floors, white-canvas upholstery, chopped pillows and ficus trees in one room) disqualify several submissions. A shoot by the photographer Derry Moore, Rense's invaluable scout in England, pleases her, only . . . something is missing. ""Is Derry resisting us on the bedroom?"" she asks. As AD readers know, Rense wants to see the bedroom. ""You must imagine you could entertain, have dinner, and go to bed,"" one of her photographers says.

Rense gives thumbs up to a grand garden, telling her art director to crop out the undistinguished garden ornaments. She also O.K.'s the home of a major American family -- ""but only the exterior."" Finally something really pleases her. It's a coup -- the restored cabin of an important historical figure. ""Great!"" she says, banging the light box with her palms. ""I want it all.""

With a little luck, the designers selected will see their work run in 12 months. ""The inventory is the high-wire act,"" Rense says. ""You need enough for an interesting orchestration. But if you have too much on hand, people get mad."" If a designer is ill with AIDS, she does her best to run his work as soon as possible. If he dies, the work will not be shown, because, she says, with peculiar logic, ""then it's not a service to the reader.""

One house she has every intention of running is her own, situated close to the Pacific in Santa Barbara, a 75-mile commute she makes with a car and driver provided by Cleon T. (Bud) Knapp, chairman of Knapp Communications. Curiosity about Rense's personal taste is intense. Her last house, in Beverly Hills, appeared as a cover story in AD 10 years ago. It was a nouveau-California tour de force, choreographed by her good friend Sally Sirkin Lewis, with faux stone and shiny glass, overstuffed sofas, Oriental tchotchkes and lots of pillows. The Lewis look has been so influential that AD still receives an avalanche of photos from imitators. But Rense insists that the decor was ""for the editor of Architectural Digest -- it wasn't me.""

The Santa Barbara house -- which she did herself with a little advice from four designers -- features the folk art and primitive furniture she's been buying for a decade, and used to sell in the mid-80's when she briefly owned Country Manor Antiques in Montecito, near Santa Barbara (an ill-conceived venture that took her deep into conflict-of-interest territory). The throw pillows have been replaced by old quilts and hooked rugs. The only things that shine are a few pieces of old mercury glass.

Oddly, despite the current popularity of ""country"" magazines, Rense didn't think her readers were ready for tree bark and knotholes until 1988, when she gave it a big play in her annual country-house issue. Now that 

le tout 

Hollywood, from Candice Bergen to Richard Dreyfuss, is busy gathering twigs -- so will AD more frequently.

Not that readers look to AD for trends (Rense hates both the word and the idea). Marie Daniel, a Sioux Falls, S.D., subscriber who collects inexpensive Depression glass, says: ""I enjoy reading about things I could never afford. It's fun to see how the other half lives."" Mrs. Charles Williams, a Paducah, Ky., subscriber and proud owner of traditional-style Baker furniture, says: ""The magazine makes me feel my taste is better. When I visit houses I can tell what's right and what's wrong."" She also gets a kick out of looking at the editor in chief's photo every month. ""Paige what's-her-name is so good-looking. I always want to see what her hairdo is. She does a lot with herself.""

INDEED. UNTIL NOW, THE editor in chief of Architectural Digest has never told the real story about her early life. ""Paige started out deep in the hole,"" says her husband, Arthur Rense. ""She survived by blocking out things that made her unhappy."" She was born in an Iowa farm town on May 4, 1929. When she was about a year old, her mother, a woman of Danish descent, who sometimes used the last name of Jensen, gave up her baby (who was named Jean or Louise or Violet, no one can remember) for adoption to a Des Moines couple Rense deems ""an unfortunate choice."" She has vowed never to utter their name. They called her Patricia. 

""They were poor, that was all right,"" Rense says. ""My adoptive mother was a functioning retarded person. She did her best. My adoptive father made our lives a living hell. They're both dead now."" If they had any aspirations for her, Rense says, ""they were for me to marry, perhaps, the manager of a bowling alley, have a little house, and three or four children.""

When Patricia was 12 or 13 the family moved to Los Angeles. In junior high, a surprised teacher told her she had the highest I.Q. in the class. At 15, finding her home life intolerable, she dropped out of Hollywood High and set up on her own in a furnished room, lying about her age to get work (""I was an usherette at every theater on Hollywood Boulevard""). She called herself Paige because it had a nice ring to it, and adopted different last names depending on what movie she had just seen. Sometimes she used Jensen: when Paige was around 19, she finally met her real mother, who was dying.

In her late teens she was married briefly -- the man's name doesn't come to mind. In the early 1950's a friend, an Army wife, alerted her to a typing job at an American radio station in Tokyo. She took a boat there and returned to New York a year later with David Thomas, a soldier, to whom she was wed briefly. Paige, who never went beyond her freshman year in high school, began claiming to have a B.A. in English from Cal State. ""I had to invent a background to better myself,"" she says, coming clean. ""At least I never pretended it was Vassar.""

In 1955, she ""blundered"" into a low-level editorial job at Water World, a short-lived skin-diving magazine. There, the managing editor, Arthur Rense, ran her first story. They were married two years later. 

""Arthur was my university,"" says Rense, who soon went on to write a paperback, ""Hollywood Secrets to Beauty and Fashion,"" and put in stints as an editor at a teen-agers' magazine called Dig; as publicity director of Cole of California (swimsuits); and as advertising director of Viviane Woodard, a direct-sales cosmetics company. In the late 60's she decided to stay home in suburban Thousand Oaks, attending to her husband and his three sons by a previous marriage. ""I was determined to bake bread,"" she says. It was as close as she would get to the M-G-M family of her dreams.

Rense calls her domestic phase ""the worst two years of my life."" Soon she was hitting the typewriter, turning out a novel she'd rather forget and two articles for Cosmopolitan. One was a single girl's guide to manners called ""Is That the Right Fork?"" The other, ""Ciao, Sherry!,"" retains a certain interest. A short story, it told the tale of a naive, virgin copywriter and her emeralds-are-a-girl's-best-friend nymphomaniac roommate -- two characters who, like Rense, were desperate to amount to something. 

""Ciao, Sherry!,"" with its references to Women's Wear Daily and the international rich, demonstrated Rense's fascination with the emerging jet set, an interest that would help her get her next job and keep it. In 1970, she heard that Architectural Digest needed a writer. Paige Rense, who has probably delivered this zinger many times, pauses for effect: ""I said, 'I never heard of it.' ""

Not many people had. founded in 1920, The Architectural Digest was a trade magazine spawned by the California building boom (the ""The"" was dropped in 1967). With pictures supplied gratis by advertisers, a spanking-new soda fountain was as likely to be featured as a grand Spanish-style mansion. In 1965 it was sold to the founder's grandson, Bud Knapp, then 27, who had worked for the magazine on and off since he was a teen-ager. The price was $65,000.

Convinced that a new class of wealthy cultural consumers had replaced yesterday's nobility, Knapp wanted Digest to compete with European art publications -- and said so in wordy editorials. The magazine added the subtitle: The Home as a Work of Art, but in the fall of 1970, when Rense was interviewed for the job of associate editor, the houses shown in it still were handouts or also-rans from other publications.

Knapp's first meeting with Rense has assumed mythical status. Rense remembers Knapp asking her opinion of the magazine. ""I told him tactfully,"" she says, rolling her eyes and sighing deeply, ""that the magazine was amateurish and not interesting, that it was time for decorators to be stars."" Knapp was impressed. ""She wasn't the naive little girl she pretends to be,"" he laughs. ""I know that act by now. She was a very smart journalist and publicist. She knew commerce and media. She was not hired because she was a writer or knew interior design or architecture. She had people qualities."" 

Rense started work in October 1970 -- bringing the editorial staff to a grand total of four. Even for her, there is culture shock on revisiting the pages of those early issues, with their fur rugs and blankets, hairy throw pillows, and elephant table bases. ""Oh, Lord,"" she says. ""You couldn't stop the zebras.""

Events quickly took a strange turn. A little after midnight on April 9, 1971, Architectural Digest's 37-year-old editor, James Bradley Little, was shot dead in his auto outside of Club John, on North La Cienega Boulevard. Two men had climbed into the back seat, robbed Little and his companion, the playwright Gant Gaither, of money and jewelry. As they fled, Little was shot in the back of the head. (This bizarre incident has found its way into Rense's latest book, a mystery novel with the working title ""To Die For,"" in which the victim is the editor of a decorating magazine.)

Appointed editor by Knapp, Rense wasted no time making changes. She ended the practice of trading coverage for ads, and more dramatic covers trumpeted a new era. With great finesse, Rense phased out Bud Knapp's editorials. ""They didn't contribute anything to the magazine or to his reputation,"" she says, ""so I just put a rejection slip on his copy one month, and that was that.""

Pictures were Rense's first priority -- and still are (to this day, she is the only AD editor who visits houses under consideration). But to get ""virgin"" houses, never-before published, Rense had to break the stranglehold on top designers that Conde Nast's House & Garden had. She made a two-pronged attack on San Francisco (piloted by the power designer Anthony Hail) and New York (where the late designer Angelo Donghia opened solid-core doors for her). Designers were susceptible to her advances, miffed that their work was being stockpiled in what the decorator John Saladino calls ""the Conde Nast abyss."" ""You couldn't complain,"" says the designer Jay Spectre. ""It was like the old A.T.&T.; -- the only game in town."" 

Spectre was one of the first to defect, followed by a group of designers now known as Rense's New York coterie, which also includes Michael de Santis, Robert Metzger, Melvin Dwork and the firm of Bray-Schaible. In return for an exclusive on Spectre's East Hampton house, Rense promised him a cover. Instead of fracturing pictures graphically, as House & Garden did, she published houses in album form, moving from entrance hall (never ""entry"") to living room, library (never ""den""), dining room and bedroom. She further seduced photographers and designers with prominent credit lines. Deferential interviews with designers made them stars -- as promised.

With no mentors to guide her, except the eclectic mix of decorators most eager to be featured in her magazine, Rense learned as she went along, often feigning expertise. She watched her decorators at work, and took them along when she visited antiques shops and museums. Gradually, she educated her own taste, which her critics say reflects the gaudier side of some of the designers she cultivated. But that touch of vulgarity may have a great deal to do with the magazine's success.

When it came to deciding what readers wanted, Rense needed no help. Assuming that they would be as interested as she was in how movie stars lived, for example, she served up celebrity visits with the likes of John Wayne, Joan Crawford, Woody Allen, Burt Lancaster and Kirk Douglas. (Try as she might, she never got Bette Davis.) ""It was voyeurism in spades,"" says a Rense-watcher. And it worked. 

Circulation and ads rose, along with recognition. But the camaraderie Rense established with her small staff deteriorated as she became a public persona, doing the social minuet, signing up influential socialites as ""contributing editors,"" appearing on TV talk shows. Meanwhile, she went through a painful divorce from Arthur Rense (whom she remarried in 1987). Soon, several former staffers agree, she became distant. There was ""an atmosphere of fear,"" even ""terror."" Moody and mercurial, she was deemed ""tyrannical."" New employees were told by colleagues that it wasn't a good idea to keep children's photos on one's desk, because Rense didn't have children; that if she was going to a press party, no one else should; that you shouldn't get in the elevator if she was on it. Dismissing it all, Rense says, ""We all have problems with authority figures.""

The firings at AD became legendary. A prophetic passage in ""Ciao, Sherry!"" described a tough office manager ""who severed heads quickly, cleanly, without last rites. She just pulled the black hood over her head and chopped."" The lines could have been written about AD, from reports of former employees who claim they were axed without warning by personnel, then given a few hours to clear their desks and leave the building. Rense insists that the quick boot was company policy.

No one, however, could argue that the magazine wasn't thriving -- and Rense was the reason. Although many people have toiled for her behind the scenes, doing virtually all the editing and ghost-writing her editor's letter, drafting the copy for her 12 AD books and even, on occasion, autographing them for her, just about everything was her vision, her concept. By 1979, advertising revenues had hit $10.3 million. With 1,158 ad pages that year, AD was getting dangerously close to House & Garden's 1,417. (Ten years later, with 1,889 pages, it had left HG, with its 990 pages, far behind.) 

Reportedly, Rense rejected overtures from Conde Nast and Hearst, preferring to stay at Knapp, where she enjoyed autonomy -- and protected it zealously. Knapp, who calls Rense ""domineering,"" felt her wrath once after bringing in a management consultant: ""If I have to answer to him,"" she stormed, ""I'll go across the street and work for Prudential."" 

Moonlighting for Knapp, she gave her all to his 1975 acquisition, Bon Appetit, whose masthead still lists her as ""founding editor."" Although she was opposed to his 1981 acquisition of the American edition of Geo, the glossy German travel-art magazine, she gave it her best shot -- to no avail. The magazine folded in 1985. But Rense was already running out of steam. ""I was tired,"" she says. ""I began asking my business manager, 'When can I get out?' ""

Rense snapped out of her lethargy in 1983, when Conde Nast rolled out a redesigned House & Garden. Going after AD's upscale audience, the magazine cut its circulation to 660,000 and adopted the portfolio-of-homes approach used by AD. To Rense's fury, the remake won an award from the American Society of Magazine Editors, the industry's highest honor. 

""They were arrogant to steal my format,"" she says. ""It made me mad."" Rense counterattacked. In June 1985, AD published a special issue devoted entirely to the English country house. It was a smashing success, and Rense began putting out an annual country house issue. Next came the annual New York issue (November) and an international issue (January). To counter AD's image as nothing more than a picture book, the magazine paid top dollar to recruit writers like John Updike, Margaret Atwood and William Styron. 

Rense was on a roll. Conde Nast, meanwhile, struggled. In 1986, House & Garden's editor, Louis Oliver Gropp, was out. Anna Wintour was brought in from British Vogue to pinch-hit. She swiftly changed the magazine's name to HG and developed an idiosyncratic blend of fashion and interior design. Though probably the wave of the future, it was too much of a mishmash for the stodgy china and crystal advertiser crowd. AD had won both rounds.

Rense kept up the offensive, though. In quick succession she put out a trial spinoff called AD Travels. When it failed as a stand-alone, she stuffed it into the magazine, where advertisers had wanted it all along. Then she introduced regular architecture sections, and in December will bring out an all-architecture theme issue. In April, her Academy Awards Collectors Issue, showing the homes of such Golden Age stars as Charles Chaplin, Mary Pickford, Gloria Swanson, and Gary Cooper, turned out to be the magazine's second-largest newsstand seller ever -- surpassed only by the December 1981 cover of the Reagans' private quarters in the White House.

While the competition obsesses about beating AD at the newsstand, Rense now spends much of her time dreaming up promotional projects to generate miscellaneous revenue. With the magazine industry in recession, AD's advertising will decline slightly in November for the first time in years, and the brains at AD are working overtime to keep their weighty ship on an even keel. In the process, the magazine sometimes appears to obliterate the sacrosanct divide between the business and editorial sides of the enterprise. The traditional magazine ""separation of church and state can't work,"" Bud Knapp explains. ""Editors have to be more responsive to marketing.""

The responsive Rense came up with the AD 100, a decorators' source guide inspired by the Forbes 400 (or, some critics say, by a decorators' source guide shopped to Knapp Communications by John C. Aves, a Chicago ad man and fishing buddy of Bud Knapp's). Presented to readers as a kind of 13th issue, the AD 100 ruffled feathers by leaving out chintz royals like the New York firm of Parish-Hadley, but it was a major success: its 133 pages of ads will keep AD's 1990 ad figures from falling below last year's. Next year's bonus will be a guide to the top 100 architects, a Machiavellian move that will enlist the support of Rense's most supercilious critics.

Rense's latest brainstorm, and potentially most controversial idea, is the AD Collection, to be unveiled in the December issue. It's a haute mail-order catalogue featuring 26 antiques and works of art priced from $15,000 to $800,000, most of them from AD advertisers. In a kind of twist on the logo-stamped novelties that magazines often peddle in their pages, AD will offer readers not mugs, aprons or calendars, but a pair of rare Adam mirrors, a 17th-century Japanese screen or a Sheridan-style breakfront with palm-frond top.

""Why not give dealers a whole new clientele, and open a world for the reader who may not have a decorator?"" Rense rationalizes.  ""They can feel confident about what they buy."" The dealers pay nothing for the honor of inclusion -- it's not considered advertising. If an item sells, however, the 20 percent commission that would normally go to a decorator (so far, the decorators are simmering in silence) will be split between charity (5 percent) and the magazine (15 percent) -- opening up a whole new source of revenue. ""We'll make a nice profit,"" says Rense, sounding just like the member of the Knapp board she is. (She is also exploring the idea of having AD sell grand house plans, by master architects of the past and present.)

""Leave it to Paige to push the envelope,"" says an astonished John Mack Carter, president of the American Society of Magazine Editors and editor in chief of Good Housekeeping. As for the ethics involved, he says, ""It's not a conflict so long as it is conducted as a service to the reader and not a profit center."" Carter pauses. ""Paige Rense, merchant -- interesting idea.""

That may not be the only surprising change that AD readers see in the 90's. With the lines drawn in the sands of Malibu, the Italian Riviera and the Hamptons, the next decade will be as interesting for how design magazines deal with the new coolness toward conspicuous consumption as for how they compete for houses to publish and for market share.

Many people wonder, as does Nancy Novogrod, editor in chief of the newly resurgent HG, whether ""the house as a work of art, perfectly composed, pristine and untouched, isn't old hat now."" Paige Rense, den mother to the ""$200,000 doesn't go very far"" decorator, knows the stuffing is coming out of the excessively rich look -- Knapp's own consumer studies have told her so. So AD will look different -- and in time, so will the taste of its readers. ""Paige Rense can't dictate how designers design,"" Bud Knapp says, ""but she influences by what she chooses.""

Insiders ask, however, whether Rense's loyalty to designers who stuck with her during the House & Garden wars isn't standing in the way of a fresh look, whether AD wouldn't be better positioned for the 90's with an editor who has fewer political debts. Bud Knapp insists he is in no rush for her to take off her spurs. ""I want her to keep working as long as she can type.""

When the woman Knapp calls ""the keeper of the sacred flame"" does go, it won't be with a pile of company stock: other than her employee profit sharing plan, she has no equity in the company that has given her boss a net worth of $200 million. This is a sore subject. ""Once, Bud told me all his friends want to know why I get all the publicity,"" Rense says. ""I told him, all my friends want to know why he gets all the money.""

But Rense is not talking retirement. Nor does she see AD as king of the hill, invulnerable to attack. In her office, she flounces her blue denim cowgirl skirt, leans forward squarely, and digs her boot heels in the beige wall-to-wall. ""I'm still David, not Goliath. Conde Nast and Hearst have billions trained at me. I am outmanned and outmonied."" But is she worried? ""Oh God, no!"" she exclaims, those eyes widening. ""They're never going to beat me!""",,"Miss Page Rense
Architectural Digest
Los Angeles, Calif.
Dear Miss Rense:

Although I could never afford the lifestyle of the people who live in the sumptuous homes you show, I am an avid fan of your fabulous magazine. I especially like to see how celebrities live and wonder which issue I should buy to get a look at Candy and Aaron Spelling's quintessential new Hollywood home, built with profits from ""Dynasty"" and ""Love Boat."" I read in a gossip column that their mansion is bigger than the White House, cost over $50 million and has its own bowling alley. 

Hoping to hear from you soon.
 A Decorating Fan.
Dear Fan,

Your letter is deeply appreciated, since every genuine letter to the editor we receive means my hard-working staff has one less to create for our Letters column.

It is gratifying to learn that you enjoy our celebrity features, since, believe me, it is not easy finding well-known people whose taste lives up to our standards.

There is a common misconception that Architectural Digest glorifies conspicuous consumption, which couldn't be farther from the truth. In my two decades here, we have occasionally published some grand houses, but our motto for the 90's is, Bigger Isn't Better, except in circulation, advertising and miscellaneous revenues.

Regarding the Spelling house, at present we have no plans to publish it -- which has nothing to do with my disdain for bowling.

As a consolation, I am enclosing some tips from a book I'm thinking of writing next weekend (it will be my 15th, if my assistant has counted correctly) . It will be called ""You Don't Say: Paige Rense's Guide to Taboo Celebrity House Talk.""

 -- Don't say ""home,"" say ""house.""

-- Don't use trite words like ""lifestyle,"" ""sumptuous,"" ""fabulous"" or ""quintessential.""

 -- Always spell Paige with an i.

 Cordially,
 Paige Rense, editor in chief

It's easy to parody Paige Rense -- to make fun of her legendary no-nos, her concocted reader letters, her magazine's pretentious tone and extravagant taste, and the idea of one person's passing judgment on thousands of houses every year -- particularly a woman who didn't know Gaudi from gaudy when she started. But you can't underestimate her accomplishments. In 19 years at the helm of Architectural Digest, with meager magazine experience and an initial operating budget that wasn't much larger than one competitor's annual taxi allotment, Rense has turned a marginal building-trades magazine published by Knapp Communications into a top-of-the-line voyeur's bible -- the National Geographic of interior design, art and antiques. Between 1971 and 1989, she has taken circulation from 50,000 to 625,000, and advertising revenues from less than $1 million to $46 million. And all this in a magazine backwater called Los Angeles.

Today Architectural Digest stands supreme among the ""shelter magazines"" -- the thick and glossy periodicals devoted to decorating and home furnishings, a multibillion-dollar industry in the United States. Rense earns a salary estimated at about $600,000 -- a queen's ransom in the magazine world. Exposure in AD has become so important to decorators that she has seen some completed jobs before the client has. Decorators the world over take a rejection of their work by Rense as the ultimate snub (""a maniac"" one of them called her after finding himself left out of ""The AD 100,"" the magazine's recent issue devoted to the top 100 designers whose work has appeared in its pages). Yet none dare cross her, for fear of winding up in Rolodex limbo. (""Strike him off all of our lists now!"" she has ruled.) 

The magazine casts a mesmerizing spell over its readers. It isn't hip like Metropolitan Home (circulation 701,000), with its witty mix of basic-Biedermeier and Mies-to-go; it isn't ""how-to"" like House Beautiful (circulation, 932,000); it wouldn't be caught dead showing $500,000 his-and-her kitchens or trendy lofts like the young-but-rich HG (circulation, 619,900), and it has none of the torn curtains or socks under the bed in the throwaway-chic World of Interiors (circulation, 73,000).

No, Architectural Digest -- ""The International Magazine of Fine Interior Design"" -- is one continuous house tour, where glitz and refinement cohabit happily. Cher's house -- or houses (AD has printed four of them so far) -- is just as welcome as Baron Thyssen-Bornemisza's private museum and Queen Elizabeth the Queen Mother's house at Sandringham (coming in AD in January).

The magazine really came into its own in the early 1980's, when more-is-more began to replace less-is-more as a (pardon the word) lifestyle credo. ""Money was suddenly beautiful, and the Digest was the only upscale design magazine,"" observes Steven Cohn of Media Industry Newsletter.

It wasn't long before less pricey shelter magazines moved into the same ""affluential"" (a Rense coinage) neighborhood, but Digest has remained in a class by itself.

""Pretentious"" is the word some use to describe Rense's drawing-room-drama approach, especially her appetite for opulence in present-day interior decoration. ""It's like a Potemkin village,"" says Ira Levy, senior vice-president for creative corporate development at Estee Lauder. ""Everything is too perfect.""

But love the magazine -- or love to dish it -- AD is a must read. ""It's glued to everyone's coffee table,"" says Mario Buatta, the decorator, who has had his share of glory in it. ""My clients treasure it,"" says Patricia Crane, a Bryn Mawr, Pa., designer whose work has never appeared in Digest. ""This is success,"" she adds with a sniff, ""what they aspire to."" 

 ""Aspire"" doesn't begin to cover it. According to one story, which may even be true, a Beverly Hills woman on her deathbed received a call from her daughter, who said she'd be delayed coming over because Architectural Digest was photographing her house. In that case, said the mother. ""Don't worry about me. Take your time."" 

THE SIGN ON THE wooden door that leads into Architectural Digest's viewing room warns away unauthorized personnel with a stern ""Do Not Enter."" They don't. Here, 30 floors above Wilshire Boulevard, is the heart of the AD dream machine. File cabinets filled with photos line the walls and divide the room; along one wall runs a deep shelf holding a row of light boxes. Three to four times a month, the fate of thousands of designers, photographers and houses is decided. There is no jury, just the judge -- Paige Rense, who has seen it all.

At the appointed hour Rense sweeps in with a ""Hi, darlin' "" for her art director, Thomas Sullivan. The greeting reflects the ""New West"" Rense: she just bought land in Jackson Hole, Wyo., and she's negotiating to buy a house in Santa Fe, N.M., and these days she favors denim cowgirl skirts, boots and a slow drawl.

Her looks are deceiving. Some days she seems as plain as a movie star before breakfast; large glasses disguise a hint of sadness in her eyes. But then suddenly, for an audience, for a camera, for a decorator passing through ""on his way to Pittsburgh,"" she lights up -- and 

heeeeeeere's 

Paige: extremely photogenic, she has large blue eyes that never blink at a strobe flash, a pug nose, a vivacious Ginger Rogers smile, and a souffle of blond frosted hair.

Like women of her generation who found it smart to play dumb (Rense admits to 57 but is actually 61), she often lapses into a cute little-girl's voice. She talks softly and lets deputies carry the big stick. Constantly called on to judge the creative efforts of others, she has developed a reassuring ooh-and-aah delivery of ""Oh, how wonderful,"" ""Oh, how marvelous."" When she really likes something, though, she'll bang both hands on the nearest surface, palms down, and exclaim, ""Great!""

Right now, the pictures are laid out on the light boxes for Rense's review. Her back slightly curved from years of hunching over these viewing boxes, she works her way quickly from left to right, as her art director, ""photographer liaison"" (AD has no photo editor) and assistants stand by quietly noting her decisions. Then she starts over, moving rightward, until the current backlog is disposed of -- one way or another. The little-girl voice is never used here. And her decision is final. The absence of give and take is awesome. 

The staff can't predict what she'll like. Using her legendary intuition, she calculates at a glance the uniqueness of the design, the impact of the photographs, the prominence of the resident, the importance of the designer -- and whir, whir, click, click -- the sum total of its appeal. 

Technically, Rense favors well-lit shots that let readers see the details of a room; she rejects views from behind sofas, which shut the reader out. If she says, ""This would look good at night,"" that's a command to do one of AD's trademark twilight or ""blue light"" pictures, snapped in the 10 minutes between dusk and nightfall. Except for celebrities, Rense has always disliked seeing residents in interiors, believing they spoiled the fantasy: ""It couldn't be yours if it was theirs,"" she says. But now that other magazines show people more, she does too.

What Rense won't do is send editors to style the pictures with carloads of accessories, a standard industry practice. At AD, the designer or photographer does the styling; no editor is present at the shoot. (And, no, AD does not send the same cymbidium orchid from place to place.) Originally, AD couldn't afford stylists -- it didn't even pay for pictures until 1977. Today, Rense says, ""I believe in the singular vision.""

Designers whose work has not made it into Digest blame Rense's loyalty to a rat pack of designer pals, people who, former employees say, have bought her affection with lavish gifts, even diamonds and a sable. ""It is true I was sent a fur coat,"" Rense says carefully. ""It was from a decorator I've known a long time. It wasn't sable -- it was mink. I gave it to charity."" As for the diamond earrings, they were from a man ""I was once engaged to,"" she says. ""Definitely not a decorator."" She does accept gifts, she says, from decorators who are personal friends. And in exchange: ""I send decorators very expensive gifts. It never occurs to designers that they're rejected because they're not good enough. Anyone who knows me knows you can give me 20 fur coats, diamonds -- it won't get you in the magazine."" 

Certainly, no one needs pull to have work considered. Rense sees every single submission. ""We try to be fair,"" she sighs. ""Some deserve no comment, they're so bad."" Only once in two sessions does she bestow an obvious favor: ""It's not this designer's best work. Can we save it by reshooting?"" A few sensitive decisions are postponed. But for the most part she bites the bullet. ""Let's save him from himself,"" she says, turning down one regular. A submission from a stranger gets equal time, but a star is not born. ""Can't, can't, can't,"" she says despairingly. 

Now she's getting testy. One rejection after another. ""Is our inventory that low?"" ""He believes less is more, sorry!"" ""N.F.A.D."" (meaning ""Not for Architectural Digest""). Cliches (bleached floors, white-canvas upholstery, chopped pillows and ficus trees in one room) disqualify several submissions. A shoot by the photographer Derry Moore, Rense's invaluable scout in England, pleases her, only . . . something is missing. ""Is Derry resisting us on the bedroom?"" she asks. As AD readers know, Rense wants to see the bedroom. ""You must imagine you could entertain, have dinner, and go to bed,"" one of her photographers says.

Rense gives thumbs up to a grand garden, telling her art director to crop out the undistinguished garden ornaments. She also O.K.'s the home of a major American family -- ""but only the exterior."" Finally something really pleases her. It's a coup -- the restored cabin of an important historical figure. ""Great!"" she says, banging the light box with her palms. ""I want it all.""

With a little luck, the designers selected will see their work run in 12 months. ""The inventory is the high-wire act,"" Rense says. ""You need enough for an interesting orchestration. But if you have too much on hand, people get mad."" If a designer is ill with AIDS, she does her best to run his work as soon as possible. If he dies, the work will not be shown, because, she says, with peculiar logic, ""then it's not a service to the reader.""

One house she has every intention of running is her own, situated close to the Pacific in Santa Barbara, a 75-mile commute she makes with a car and driver provided by Cleon T. (Bud) Knapp, chairman of Knapp Communications. Curiosity about Rense's personal taste is intense. Her last house, in Beverly Hills, appeared as a cover story in AD 10 years ago. It was a nouveau-California tour de force, choreographed by her good friend Sally Sirkin Lewis, with faux stone and shiny glass, overstuffed sofas, Oriental tchotchkes and lots of pillows. The Lewis look has been so influential that AD still receives an avalanche of photos from imitators. But Rense insists that the decor was ""for the editor of Architectural Digest -- it wasn't me.""

The Santa Barbara house -- which she did herself with a little advice from four designers -- features the folk art and primitive furniture she's been buying for a decade, and used to sell in the mid-80's when she briefly owned Country Manor Antiques in Montecito, near Santa Barbara (an ill-conceived venture that took her deep into conflict-of-interest territory). The throw pillows have been replaced by old quilts and hooked rugs. The only things that shine are a few pieces of old mercury glass.

Oddly, despite the current popularity of ""country"" magazines, Rense didn't think her readers were ready for tree bark and knotholes until 1988, when she gave it a big play in her annual country-house issue. Now that 

le tout 

Hollywood, from Candice Bergen to Richard Dreyfuss, is busy gathering twigs -- so will AD more frequently.

Not that readers look to AD for trends (Rense hates both the word and the idea). Marie Daniel, a Sioux Falls, S.D., subscriber who collects inexpensive Depression glass, says: ""I enjoy reading about things I could never afford. It's fun to see how the other half lives."" Mrs. Charles Williams, a Paducah, Ky., subscriber and proud owner of traditional-style Baker furniture, says: ""The magazine makes me feel my taste is better. When I visit houses I can tell what's right and what's wrong."" She also gets a kick out of looking at the editor in chief's photo every month. ""Paige what's-her-name is so good-looking. I always want to see what her hairdo is. She does a lot with herself.""

INDEED. UNTIL NOW, THE editor in chief of Architectural Digest has never told the real story about her early life. ""Paige started out deep in the hole,"" says her husband, Arthur Rense. ""She survived by blocking out things that made her unhappy."" She was born in an Iowa farm town on May 4, 1929. When she was about a year old, her mother, a woman of Danish descent, who sometimes used the last name of Jensen, gave up her baby (who was named Jean or Louise or Violet, no one can remember) for adoption to a Des Moines couple Rense deems ""an unfortunate choice."" She has vowed never to utter their name. They called her Patricia. 

""They were poor, that was all right,"" Rense says. ""My adoptive mother was a functioning retarded person. She did her best. My adoptive father made our lives a living hell. They're both dead now."" If they had any aspirations for her, Rense says, ""they were for me to marry, perhaps, the manager of a bowling alley, have a little house, and three or four children.""

When Patricia was 12 or 13 the family moved to Los Angeles. In junior high, a surprised teacher told her she had the highest I.Q. in the class. At 15, finding her home life intolerable, she dropped out of Hollywood High and set up on her own in a furnished room, lying about her age to get work (""I was an usherette at every theater on Hollywood Boulevard""). She called herself Paige because it had a nice ring to it, and adopted different last names depending on what movie she had just seen. Sometimes she used Jensen: when Paige was around 19, she finally met her real mother, who was dying.

In her late teens she was married briefly -- the man's name doesn't come to mind. In the early 1950's a friend, an Army wife, alerted her to a typing job at an American radio station in Tokyo. She took a boat there and returned to New York a year later with David Thomas, a soldier, to whom she was wed briefly. Paige, who never went beyond her freshman year in high school, began claiming to have a B.A. in English from Cal State. ""I had to invent a background to better myself,"" she says, coming clean. ""At least I never pretended it was Vassar.""

In 1955, she ""blundered"" into a low-level editorial job at Water World, a short-lived skin-diving magazine. There, the managing editor, Arthur Rense, ran her first story. They were married two years later. 

""Arthur was my university,"" says Rense, who soon went on to write a paperback, ""Hollywood Secrets to Beauty and Fashion,"" and put in stints as an editor at a teen-agers' magazine called Dig; as publicity director of Cole of California (swimsuits); and as advertising director of Viviane Woodard, a direct-sales cosmetics company. In the late 60's she decided to stay home in suburban Thousand Oaks, attending to her husband and his three sons by a previous marriage. ""I was determined to bake bread,"" she says. It was as close as she would get to the M-G-M family of her dreams.

Rense calls her domestic phase ""the worst two years of my life."" Soon she was hitting the typewriter, turning out a novel she'd rather forget and two articles for Cosmopolitan. One was a single girl's guide to manners called ""Is That the Right Fork?"" The other, ""Ciao, Sherry!,"" retains a certain interest. A short story, it told the tale of a naive, virgin copywriter and her emeralds-are-a-girl's-best-friend nymphomaniac roommate -- two characters who, like Rense, were desperate to amount to something. 

""Ciao, Sherry!,"" with its references to Women's Wear Daily and the international rich, demonstrated Rense's fascination with the emerging jet set, an interest that would help her get her next job and keep it. In 1970, she heard that Architectural Digest needed a writer. Paige Rense, who has probably delivered this zinger many times, pauses for effect: ""I said, 'I never heard of it.' ""

Not many people had. founded in 1920, The Architectural Digest was a trade magazine spawned by the California building boom (the ""The"" was dropped in 1967). With pictures supplied gratis by advertisers, a spanking-new soda fountain was as likely to be featured as a grand Spanish-style mansion. In 1965 it was sold to the founder's grandson, Bud Knapp, then 27, who had worked for the magazine on and off since he was a teen-ager. The price was $65,000.

Convinced that a new class of wealthy cultural consumers had replaced yesterday's nobility, Knapp wanted Digest to compete with European art publications -- and said so in wordy editorials. The magazine added the subtitle: The Home as a Work of Art, but in the fall of 1970, when Rense was interviewed for the job of associate editor, the houses shown in it still were handouts or also-rans from other publications.

Knapp's first meeting with Rense has assumed mythical status. Rense remembers Knapp asking her opinion of the magazine. ""I told him tactfully,"" she says, rolling her eyes and sighing deeply, ""that the magazine was amateurish and not interesting, that it was time for decorators to be stars."" Knapp was impressed. ""She wasn't the naive little girl she pretends to be,"" he laughs. ""I know that act by now. She was a very smart journalist and publicist. She knew commerce and media. She was not hired because she was a writer or knew interior design or architecture. She had people qualities."" 

Rense started work in October 1970 -- bringing the editorial staff to a grand total of four. Even for her, there is culture shock on revisiting the pages of those early issues, with their fur rugs and blankets, hairy throw pillows, and elephant table bases. ""Oh, Lord,"" she says. ""You couldn't stop the zebras.""

Events quickly took a strange turn. A little after midnight on April 9, 1971, Architectural Digest's 37-year-old editor, James Bradley Little, was shot dead in his auto outside of Club John, on North La Cienega Boulevard. Two men had climbed into the back seat, robbed Little and his companion, the playwright Gant Gaither, of money and jewelry. As they fled, Little was shot in the back of the head. (This bizarre incident has found its way into Rense's latest book, a mystery novel with the working title ""To Die For,"" in which the victim is the editor of a decorating magazine.)

Appointed editor by Knapp, Rense wasted no time making changes. She ended the practice of trading coverage for ads, and more dramatic covers trumpeted a new era. With great finesse, Rense phased out Bud Knapp's editorials. ""They didn't contribute anything to the magazine or to his reputation,"" she says, ""so I just put a rejection slip on his copy one month, and that was that.""

Pictures were Rense's first priority -- and still are (to this day, she is the only AD editor who visits houses under consideration). But to get ""virgin"" houses, never-before published, Rense had to break the stranglehold on top designers that Conde Nast's House & Garden had. She made a two-pronged attack on San Francisco (piloted by the power designer Anthony Hail) and New York (where the late designer Angelo Donghia opened solid-core doors for her). Designers were susceptible to her advances, miffed that their work was being stockpiled in what the decorator John Saladino calls ""the Conde Nast abyss."" ""You couldn't complain,"" says the designer Jay Spectre. ""It was like the old A.T.&T.; -- the only game in town."" 

Spectre was one of the first to defect, followed by a group of designers now known as Rense's New York coterie, which also includes Michael de Santis, Robert Metzger, Melvin Dwork and the firm of Bray-Schaible. In return for an exclusive on Spectre's East Hampton house, Rense promised him a cover. Instead of fracturing pictures graphically, as House & Garden did, she published houses in album form, moving from entrance hall (never ""entry"") to living room, library (never ""den""), dining room and bedroom. She further seduced photographers and designers with prominent credit lines. Deferential interviews with designers made them stars -- as promised.

With no mentors to guide her, except the eclectic mix of decorators most eager to be featured in her magazine, Rense learned as she went along, often feigning expertise. She watched her decorators at work, and took them along when she visited antiques shops and museums. Gradually, she educated her own taste, which her critics say reflects the gaudier side of some of the designers she cultivated. But that touch of vulgarity may have a great deal to do with the magazine's success.

When it came to deciding what readers wanted, Rense needed no help. Assuming that they would be as interested as she was in how movie stars lived, for example, she served up celebrity visits with the likes of John Wayne, Joan Crawford, Woody Allen, Burt Lancaster and Kirk Douglas. (Try as she might, she never got Bette Davis.) ""It was voyeurism in spades,"" says a Rense-watcher. And it worked. 

Circulation and ads rose, along with recognition. But the camaraderie Rense established with her small staff deteriorated as she became a public persona, doing the social minuet, signing up influential socialites as ""contributing editors,"" appearing on TV talk shows. Meanwhile, she went through a painful divorce from Arthur Rense (whom she remarried in 1987). Soon, several former staffers agree, she became distant. There was ""an atmosphere of fear,"" even ""terror."" Moody and mercurial, she was deemed ""tyrannical."" New employees were told by colleagues that it wasn't a good idea to keep children's photos on one's desk, because Rense didn't have children; that if she was going to a press party, no one else should; that you shouldn't get in the elevator if she was on it. Dismissing it all, Rense says, ""We all have problems with authority figures.""

The firings at AD became legendary. A prophetic passage in ""Ciao, Sherry!"" described a tough office manager ""who severed heads quickly, cleanly, without last rites. She just pulled the black hood over her head and chopped."" The lines could have been written about AD, from reports of former employees who claim they were axed without warning by personnel, then given a few hours to clear their desks and leave the building. Rense insists that the quick boot was company policy.

No one, however, could argue that the magazine wasn't thriving -- and Rense was the reason. Although many people have toiled for her behind the scenes, doing virtually all the editing and ghost-writing her editor's letter, drafting the copy for her 12 AD books and even, on occasion, autographing them for her, just about everything was her vision, her concept. By 1979, advertising revenues had hit $10.3 million. With 1,158 ad pages that year, AD was getting dangerously close to House & Garden's 1,417. (Ten years later, with 1,889 pages, it had left HG, with its 990 pages, far behind.) 

Reportedly, Rense rejected overtures from Conde Nast and Hearst, preferring to stay at Knapp, where she enjoyed autonomy -- and protected it zealously. Knapp, who calls Rense ""domineering,"" felt her wrath once after bringing in a management consultant: ""If I have to answer to him,"" she stormed, ""I'll go across the street and work for Prudential."" 

Moonlighting for Knapp, she gave her all to his 1975 acquisition, Bon Appetit, whose masthead still lists her as ""founding editor."" Although she was opposed to his 1981 acquisition of the American edition of Geo, the glossy German travel-art magazine, she gave it her best shot -- to no avail. The magazine folded in 1985. But Rense was already running out of steam. ""I was tired,"" she says. ""I began asking my business manager, 'When can I get out?' ""

Rense snapped out of her lethargy in 1983, when Conde Nast rolled out a redesigned House & Garden. Going after AD's upscale audience, the magazine cut its circulation to 660,000 and adopted the portfolio-of-homes approach used by AD. To Rense's fury, the remake won an award from the American Society of Magazine Editors, the industry's highest honor. 

""They were arrogant to steal my format,"" she says. ""It made me mad."" Rense counterattacked. In June 1985, AD published a special issue devoted entirely to the English country house. It was a smashing success, and Rense began putting out an annual country house issue. Next came the annual New York issue (November) and an international issue (January). To counter AD's image as nothing more than a picture book, the magazine paid top dollar to recruit writers like John Updike, Margaret Atwood and William Styron. 

Rense was on a roll. Conde Nast, meanwhile, struggled. In 1986, House & Garden's editor, Louis Oliver Gropp, was out. Anna Wintour was brought in from British Vogue to pinch-hit. She swiftly changed the magazine's name to HG and developed an idiosyncratic blend of fashion and interior design. Though probably the wave of the future, it was too much of a mishmash for the stodgy china and crystal advertiser crowd. AD had won both rounds.

Rense kept up the offensive, though. In quick succession she put out a trial spinoff called AD Travels. When it failed as a stand-alone, she stuffed it into the magazine, where advertisers had wanted it all along. Then she introduced regular architecture sections, and in December will bring out an all-architecture theme issue. In April, her Academy Awards Collectors Issue, showing the homes of such Golden Age stars as Charles Chaplin, Mary Pickford, Gloria Swanson, and Gary Cooper, turned out to be the magazine's second-largest newsstand seller ever -- surpassed only by the December 1981 cover of the Reagans' private quarters in the White House.

While the competition obsesses about beating AD at the newsstand, Rense now spends much of her time dreaming up promotional projects to generate miscellaneous revenue. With the magazine industry in recession, AD's advertising will decline slightly in November for the first time in years, and the brains at AD are working overtime to keep their weighty ship on an even keel. In the process, the magazine sometimes appears to obliterate the sacrosanct divide between the business and editorial sides of the enterprise. The traditional magazine ""separation of church and state can't work,"" Bud Knapp explains. ""Editors have to be more responsive to marketing.""

The responsive Rense came up with the AD 100, a decorators' source guide inspired by the Forbes 400 (or, some critics say, by a decorators' source guide shopped to Knapp Communications by John C. Aves, a Chicago ad man and fishing buddy of Bud Knapp's). Presented to readers as a kind of 13th issue, the AD 100 ruffled feathers by leaving out chintz royals like the New York firm of Parish-Hadley, but it was a major success: its 133 pages of ads will keep AD's 1990 ad figures from falling below last year's. Next year's bonus will be a guide to the top 100 architects, a Machiavellian move that will enlist the support of Rense's most supercilious critics.

Rense's latest brainstorm, and potentially most controversial idea, is the AD Collection, to be unveiled in the December issue. It's a haute mail-order catalogue featuring 26 antiques and works of art priced from $15,000 to $800,000, most of them from AD advertisers. In a kind of twist on the logo-stamped novelties that magazines often peddle in their pages, AD will offer readers not mugs, aprons or calendars, but a pair of rare Adam mirrors, a 17th-century Japanese screen or a Sheridan-style breakfront with palm-frond top.

""Why not give dealers a whole new clientele, and open a world for the reader who may not have a decorator?"" Rense rationalizes.  ""They can feel confident about what they buy."" The dealers pay nothing for the honor of inclusion -- it's not considered advertising. If an item sells, however, the 20 percent commission that would normally go to a decorator (so far, the decorators are simmering in silence) will be split between charity (5 percent) and the magazine (15 percent) -- opening up a whole new source of revenue. ""We'll make a nice profit,"" says Rense, sounding just like the member of the Knapp board she is. (She is also exploring the idea of having AD sell grand house plans, by master architects of the past and present.)

""Leave it to Paige to push the envelope,"" says an astonished John Mack Carter, president of the American Society of Magazine Editors and editor in chief of Good Housekeeping. As for the ethics involved, he says, ""It's not a conflict so long as it is conducted as a service to the reader and not a profit center."" Carter pauses. ""Paige Rense, merchant -- interesting idea.""

That may not be the only surprising change that AD readers see in the 90's. With the lines drawn in the sands of Malibu, the Italian Riviera and the Hamptons, the next decade will be as interesting for how design magazines deal with the new coolness toward conspicuous consumption as for how they compete for houses to publish and for market share.

Many people wonder, as does Nancy Novogrod, editor in chief of the newly resurgent HG, whether ""the house as a work of art, perfectly composed, pristine and untouched, isn't old hat now."" Paige Rense, den mother to the ""$200,000 doesn't go very far"" decorator, knows the stuffing is coming out of the excessively rich look -- Knapp's own consumer studies have told her so. So AD will look different -- and in time, so will the taste of its readers. ""Paige Rense can't dictate how designers design,"" Bud Knapp says, ""but she influences by what she chooses.""

Insiders ask, however, whether Rense's loyalty to designers who stuck with her during the House & Garden wars isn't standing in the way of a fresh look, whether AD wouldn't be better positioned for the 90's with an editor who has fewer political debts. Bud Knapp insists he is in no rush for her to take off her spurs. ""I want her to keep working as long as she can type.""

When the woman Knapp calls ""the keeper of the sacred flame"" does go, it won't be with a pile of company stock: other than her employee profit sharing plan, she has no equity in the company that has given her boss a net worth of $200 million. This is a sore subject. ""Once, Bud told me all his friends want to know why I get all the publicity,"" Rense says. ""I told him, all my friends want to know why he gets all the money.""

But Rense is not talking retirement. Nor does she see AD as king of the hill, invulnerable to attack. In her office, she flounces her blue denim cowgirl skirt, leans forward squarely, and digs her boot heels in the beige wall-to-wall. ""I'm still David, not Goliath. Conde Nast and Hearst have billions trained at me. I am outmanned and outmonied."" But is she worried? ""Oh God, no!"" she exclaims, those eyes widening. ""They're never going to beat me!""",Magazine,Magazine Desk,News,article,5549,"ARCHITECTURAL DIGEST (MAGAZINE); KNAPP COMMUNICATIONS CORP; RENSE, PAIGE (BIOGRAPHICAL SKETCH); KORN, JOAN; RENSE, PAIGE; Biographical Information",https://www.nytimes.com/1990/11/04/magazine/interior-motives.html
1990,1990-11-04T05:00:00Z,1990s,Nov-Dec,MIDEAST TENSIONS; Baker Off to Mideast to Put Muscle Behind Bush Threats,,,,World,Foreign Desk,News,article,958,"Iraq; Middle East; United Nations; Bush, George; BAKER, JAMES A 3D; Hussein, Saddam; United States International Relations; SANCTIONS (ECONOMIC); International Relations; EMBARGOES",https://www.nytimes.com/1990/11/04/world/mideast-tensions-baker-off-to-mideast-to-put-muscle-behind-bush-threats.html
1990,1990-11-04T05:00:00Z,1990s,Nov-Dec,"MULLICA HILL JOURNAL;
A Bucolic Crossroads Ties Its Financial Future to the Past","THIS bucolic crossroads, one of the state's oldest settlements, decided a while back to tie its financial future to the past. So far, by most accounts, it's worked out rather well.

""Welcome to Antique Country,"" proclaims a weathered wooden sign off Main Street, where many turn-of-the-century homes double as retail establishments.",,"THIS bucolic crossroads, one of the state's oldest settlements, decided a while back to tie its financial future to the past. So far, by most accounts, it's worked out rather well.

""Welcome to Antique Country,"" proclaims a weathered wooden sign off Main Street, where many turn-of-the-century homes double as retail establishments.",New York,New Jersey Weekly Desk,News,article,1222,"MULLICA HILL (NJ); ANDERSON, ELIZABETH; GEOGRAPHIC PROFILES; Antiques; Handicrafts; Collectors and Collections; Economic Conditions and Trends; Nytravel",https://www.nytimes.com/1990/11/04/nyregion/mullica-hill-journal-a-bucolic-crossroads-ties-its-financial-future.html
1990,1990-11-04T05:00:00Z,1990s,Nov-Dec,SHOPPER'S WORLD; Embroidered Linens a Good Buy in Hong Kong,,,,Travel,Travel Desk,News,article,1752,Hong Kong; EMBROIDERY; LINEN AND LINEN SUPPLIES; Travel and Vacations; Nytravel,https://www.nytimes.com/1990/11/04/travel/shopper-s-world-embroidered-linens-a-good-buy-in-hong-kong.html
1990,1990-11-04T05:00:00Z,1990s,Nov-Dec,"Style Makers; Genevieve Lethu, China and Housewares Designer",,,,Style,Style Desk,News,article,267,"France; LETHU, GENEVIEVE; Design; Tableware",https://www.nytimes.com/1990/11/04/style/style-makers-genevieve-lethu-china-and-housewares-designer.html
1990,1990-11-04T05:00:00Z,1990s,Nov-Dec,"The Executive Life;
When Politics and Profits Just Don't Mix","TIANANMEN Square. The mere mention of Beijing's biggest public plaza brings back horrific memories of the bloody student uprising that was staged there last year and then quashed by the Chinese Government. Relations between the United States and China have since chilled considerably, and Congress has sought to show its disapproval of the Communist Government's violent crackdown through various diplomatic sanctions.

But American executives have not seemed as inclined to back off from China. I.B.M., Exxon and Mobil Oil are just three of the big American corporations with operations in China, and there are scores of trading companies that do business there.",,"TIANANMEN Square. The mere mention of Beijing's biggest public plaza brings back horrific memories of the bloody student uprising that was staged there last year and then quashed by the Chinese Government. Relations between the United States and China have since chilled considerably, and Congress has sought to show its disapproval of the Communist Government's violent crackdown through various diplomatic sanctions.

But American executives have not seemed as inclined to back off from China. I.B.M., Exxon and Mobil Oil are just three of the big American corporations with operations in China, and there are scores of trading companies that do business there.",Business,Financial Desk,News,article,941,"China; FANNING, DEIRDRE; Foreign Investments; United States International Relations; China-International Relations-US; Economic Conditions and Trends; Politics and Government",https://www.nytimes.com/1990/11/04/business/the-executive-life-when-politics-and-profits-just-dont-mix.html
1990,1990-11-04T05:00:00Z,1990s,Nov-Dec,Treasures of the Bibliotheque,,,,Travel,Travel Desk,News,article,1574,Terms not available,https://www.nytimes.com/1990/11/04/travel/treasures-of-the-bibliotheque.html
1990,1990-11-04T05:00:00Z,1990s,Nov-Dec,War? Make the Case,,,,Opinion,Editorial Desk,Editorial,article,687,"Iraq; Kuwait; Middle East; Saudi Arabia; Bush, George; Editorials; United States Armament and Defense",https://www.nytimes.com/1990/11/04/opinion/war-make-the-case.html
1990,1990-11-05T05:00:00Z,,,Japan Loans To China,,,,Business,,,,,,https://www.nytimes.com/1990/11/05/business/japan-loans-to-china.html
1990,1990-11-06T05:00:00Z,,,China Tea Output Off,,,,Business,,,,,,https://www.nytimes.com/1990/11/06/business/china-tea-output-off.html
1990,1990-11-06T05:00:00Z,,,Suzuki in China Deal,,,,Business,,,,,,https://www.nytimes.com/1990/11/06/business/suzuki-in-china-deal.html
1990,1990-11-07T05:00:00Z,,,China Sets Talks in West,,,,Business,,,,,,https://www.nytimes.com/1990/11/07/business/china-sets-talks-in-west.html
1990,1990-11-08T05:00:00Z,,,Chinese Oilfield Policy,,,,Business,,,,,,https://www.nytimes.com/1990/11/08/business/chinese-oilfield-policy.html
1990,1990-11-11T05:00:00Z,,,Denouncing the China Hands,,,,Books,,,,,,https://www.nytimes.com/1990/11/11/books/denouncing-the-china-hands.html
1990,1990-11-14T05:00:00Z,,,China's Trade Surplus,,,,Business,,,,,,https://www.nytimes.com/1990/11/14/business/china-s-trade-surplus.html
1990,1990-11-20T05:00:00Z,,,Devaluation Set by China,,,,Business,,,,,,https://www.nytimes.com/1990/11/20/business/devaluation-set-by-china.html
1990,1990-11-27T05:00:00Z,,,Banking Shift Seen in China,,,,Business,,,,,,https://www.nytimes.com/1990/11/27/business/banking-shift-seen-in-china.html
1990,1990-12-01T05:00:00Z,,,How Can We Forget China's Heroes?,"As the Chinese Foreign Minister dined last night with Secretary of State of James Baker and members of Congress, some of China's most prominent dissidents were being ruthlessly silenced at home. While China is courted ardently for its approval of United Nations resolutions against Iraq, Communist hardliners clearly believe that they may persecute democrats in Beijing with impunity.

The Government of Deng Xiaoping is filing formal charges of counterrevolutionary activities against some of those most dedicated to democracy. It is rumored that one of them, Wang Juntao, may already have been executed.",,,Opinion,,,,,,https://www.nytimes.com/1990/12/01/opinion/how-can-we-forget-chinas-heroes.html
1990,1990-12-11T05:00:00Z,,,Wheat Sale to China,,,,Business,,,,,,https://www.nytimes.com/1990/12/11/business/wheat-sale-to-china.html
1991,1991-01-01T05:00:00Z,1990s,Jan-Feb,KHMER ROUGE GET MORE CHINA ARMS,,,,World,Foreign Desk,News,article,710,Cambodia; Thailand; China; Khmer Rouge; Arms Sales Abroad; CIVIL WAR AND GUERRILLA WARFARE,https://www.nytimes.com/1991/01/01/world/khmer-rouge-get-more-china-arms.html
1991,1991-01-01T05:00:00Z,1990s,Jan-Feb,"Make Way for Bicycles, a Cleaner Way to Go",,,,Opinion,Editorial Desk,Letter,article,506,Terms not available,https://www.nytimes.com/1991/01/01/opinion/l-make-way-for-bicycles-a-cleaner-way-to-go-707091.html
1991,1991-01-02T05:00:00Z,1990s,Jan-Feb,13 Held in Kidnapping of Illegal Alien,,,,New York,Metropolitan Desk,News,article,734,"New York City; Bronx (NYC); FONG, KIN WAH; ILLEGAL ALIENS; Kidnapping; Immigration and Emigration",https://www.nytimes.com/1991/01/02/nyregion/13-held-in-kidnapping-of-illegal-alien.html
1991,1991-01-02T05:00:00Z,1990s,Jan-Feb,"New Delhi Journal; In News-Hungary India, Videotapes Fill the Void",,,,World,Foreign Desk,News,article,1018,India; Recordings (Video); Television; Videotape; News and News Media,https://www.nytimes.com/1991/01/02/world/new-delhi-journal-in-news-hungary-india-videotapes-fill-the-void.html
1991,1991-01-03T05:00:00Z,1990s,Jan-Feb,A Treasure of Kitchen Hand-Me-Downs,"SHOPS devoted to vintage clothing, 50's furniture, used books or costume jewelry are easy to find. But a shrine to second-hand pots and pans? Meet Judy Kaminsky, the proprietor of Cookin' in San Francisco; it may be the only shop dedicated to used cookware. 

""I have what you can't get anymore,"" Ms. Kaminsky said of the 20,000 items -- give or take a few hundred -- that fill her large shop in the East Haight district of the city.  Her ""recycled gourmet appurtenances"" include copper and speckled agateware from the 1890's, old French cafe saucers marked with francs and Pyrex double-boilers that are no longer manufactured.",,"SHOPS devoted to vintage clothing, 50's furniture, used books or costume jewelry are easy to find. But a shrine to second-hand pots and pans? Meet Judy Kaminsky, the proprietor of Cookin' in San Francisco; it may be the only shop dedicated to used cookware. 

""I have what you can't get anymore,"" Ms. Kaminsky said of the 20,000 items -- give or take a few hundred -- that fill her large shop in the East Haight district of the city.  Her ""recycled gourmet appurtenances"" include copper and speckled agateware from the 1890's, old French cafe saucers marked with francs and Pyrex double-boilers that are no longer manufactured.",Home & Garden,Home Desk,News,article,817,"COOKIN' (SAN FRANCISCO STORE); PROBST, BETHAMI; KAMINSKY, JUDY; Cookware",https://www.nytimes.com/1991/01/03/garden/a-treasure-of-kitchen-handmedowns.html
1991,1991-01-03T05:00:00Z,1990s,Jan-Feb,FUTURES/OPTIONS; Gold Prices Fall on Reports Of Mideast Peace Initiatives,,,,Business,Financial Desk,News,article,385,PRICES; Gold,https://www.nytimes.com/1991/01/03/business/futures-options-gold-prices-fall-on-reports-of-mideast-peace-initiatives.html
1991,1991-01-03T05:00:00Z,1990s,Jan-Feb,Immigrants From China Pay Dearly To Be Slaves,,,,New York,Metropolitan Desk,News,article,1061,New York City; KIN WAH FONG; ILLEGAL ALIENS; Kidnapping; Immigration and Emigration; Smuggling,https://www.nytimes.com/1991/01/03/nyregion/immigrants-from-china-pay-dearly-to-be-slaves.html
1991,1991-01-04T05:00:00Z,1990s,Jan-Feb,What Democrats Owe Hong Kong,,,,Opinion,Editorial Desk,Editorial,article,565,Hong Kong; Great Britain; China; International Relations; COLONIES AND TERRITORIES; Editorials; Immigration and Emigration; Freedom and Human Rights,https://www.nytimes.com/1991/01/04/opinion/what-democrats-owe-hong-kong.html
1991,1991-01-05T05:00:00Z,1990s,Jan-Feb,12-Year-Old From China Captures The World Platform-Diving Title,,,,Sports,Sports Desk,News,article,501,"Perth (Australia); FU MINGXIA; Age, Chronological; Diving (Sports Event); Children and Youth",https://www.nytimes.com/1991/01/05/sports/12-year-old-from-china-captures-the-world-platform-diving-title.html
1991,1991-01-05T05:00:00Z,1990s,Jan-Feb,EDITORIAL NOTEBOOK; Ferment in the Think Tanks: Learning to Live With No Global Threat,,,,Opinion,Editorial Desk,Editorial,article,626,United States International Relations; PUBLIC OPINION; Editorials; Think Tanks,https://www.nytimes.com/1991/01/05/opinion/editorial-notebook-ferment-think-tanks-learning-live-with-no-global-threat.html
1991,1991-01-06T05:00:00Z,1990s,Jan-Feb,"ART;
Unusual Images in a Group Exhibition","""THE CONSTRUCTED IMAGE,"" currently on view in the Anthony Giordano Gallery at Dowling College in Oakdale, is a lively, busy exhibition that has considerable breadth.

As a group show concerned with unusual images, it has a fair measure of provocative, disarming and quirky elements readily recognizable. Yet, the dual interest in construction means there is an emphasis, too, on artistic processes that are arbitrary, intuitive and freely inventive.",,"""THE CONSTRUCTED IMAGE,"" currently on view in the Anthony Giordano Gallery at Dowling College in Oakdale, is a lively, busy exhibition that has considerable breadth.

As a group show concerned with unusual images, it has a fair measure of provocative, disarming and quirky elements readily recognizable. Yet, the dual interest in construction means there is an emphasis, too, on artistic processes that are arbitrary, intuitive and freely inventive.",New York,Long Island Weekly Desk,Review,article,822,"Dowling College; Braff, Phyllis; Art; ART SHOWS; Reviews",https://www.nytimes.com/1991/01/06/nyregion/art-unusual-images-in-a-group-exhibition.html
1991,1991-01-06T05:00:00Z,1990s,Jan-Feb,Asian Gangs in New York -- A Special Report; Immigrant Waves From Asia Bring an Underworld Ashore,,,,New York,Metropolitan Desk,Special Report,article,2643,New York City; CHINATOWN (NYC); Youth Gangs; Prostitution; ILLEGAL ALIENS; SURVEYS AND SERIES; Chinese-Americans; EXTORTION; Robberies and Thefts; Organized Crime; Gambling; Vietnamese-Americans; Asian-Americans; Crime and Criminals; Drug Abuse and Traffic,https://www.nytimes.com/1991/01/06/nyregion/asian-gangs-new-york-special-report-immigrant-waves-asia-bring-underworld-ashore.html
1991,1991-01-06T05:00:00Z,1990s,Jan-Feb,"BLACKBOARD;
Peace Corps Not for Novices","LIBERAL arts college students who count the Peace Corps among their postgraduate plansare discovering that it is not a sure bet: they must prepare for the program as carefully as they plan their careers.

Many countries served by the Peace Corps have raised their standards, seeking volunteers with skills tailored to their needs. So these days, prerequisites for liberal arts students include more emphasis on language study, particularly French or Spanish, since many volunteers serve incentral Africa, where French is the dominant language, and Central America. Also stressed are demonstrated leadership abilities and experience as a volunteer or other special requirements, such as first-aid training.",,"LIBERAL arts college students who count the Peace Corps among their postgraduate plansare discovering that it is not a sure bet: they must prepare for the program as carefully as they plan their careers.

Many countries served by the Peace Corps have raised their standards, seeking volunteers with skills tailored to their needs. So these days, prerequisites for liberal arts students include more emphasis on language study, particularly French or Spanish, since many volunteers serve incentral Africa, where French is the dominant language, and Central America. Also stressed are demonstrated leadership abilities and experience as a volunteer or other special requirements, such as first-aid training.",Education,Education Life Supplement,News,article,473,"Peace Corps; BOEHM, RACHEL; Colleges and Universities",https://www.nytimes.com/1991/01/06/education/blackboard-peace-corps-not-for-novices.html
1991,1991-01-06T05:00:00Z,1990s,Jan-Feb,Bridge,,,,Archives,None,News,article,783,Bridge (Card Game),https://www.nytimes.com/1991/01/06/news/bridge-422191.html
1991,1991-01-06T05:00:00Z,1990s,Jan-Feb,"DINING OUT;
French Fare in a Banksville Farmhouse","WORD of a new chef at La Cremaillere inspired our recent revisits to this rustic farmhouse restaurant run with some success since 1962 by ""Robert Meyzen, pere et fils,"" as the father and son owners style themselves. In addition to the work at the stove, we noted several other changes deserving of mention. Lending an oddly modern feel to the old, unpretentious clapboard farmhouse, the entrance addition now provides space for a dramatic indoor staircase massed with plants and seasonal flowers. 

 Inside, the first room, once the antechamber, retains shelves displaying an attractive collection of provincial china but has been put to good dining use. It is now the most pleasant of La Cremaillere's dining rooms. Tables are spaced at easy intervals and ventilation is excellent, both amenities missing in the older areas; and a pretty country print drapes the windows and covers the shades of sconces giving off a golden glow.",,"WORD of a new chef at La Cremaillere inspired our recent revisits to this rustic farmhouse restaurant run with some success since 1962 by ""Robert Meyzen, pere et fils,"" as the father and son owners style themselves. In addition to the work at the stove, we noted several other changes deserving of mention. Lending an oddly modern feel to the old, unpretentious clapboard farmhouse, the entrance addition now provides space for a dramatic indoor staircase massed with plants and seasonal flowers. 

 Inside, the first room, once the antechamber, retains shelves displaying an attractive collection of provincial china but has been put to good dining use. It is now the most pleasant of La Cremaillere's dining rooms. Tables are spaced at easy intervals and ventilation is excellent, both amenities missing in the older areas; and a pretty country print drapes the windows and covers the shades of sconces giving off a golden glow.",New York,Westchester Weekly Desk,Review,article,915,"LA CREMAILLERE (BANKSVILLE, NY, RESTAURANT); Reed, M H; RESTAURANT REVIEWS",https://www.nytimes.com/1991/01/06/nyregion/dining-out-french-fare-in-a-banksville-farmhouse.html
1991,1991-01-06T05:00:00Z,1990s,Jan-Feb,LONG ISLAND JOURNAL,,,,New York,Long Island Weekly Desk,News,article,1159,"New York State; Long Island (NY); HURLEY, ANN M; Taxation; Property Taxes; Real Estate",https://www.nytimes.com/1991/01/06/nyregion/long-island-journal-641091.html
1991,1991-01-06T05:00:00Z,1990s,Jan-Feb,Rewarding the Better Mousetrap,"THE LEVER OF RICHES 
Technological Creativity and Economic Progress.
By Joel Mokyr.
Illustrated. 349 pp. New York:
Oxford University Press. $24.95.",,"THE LEVER OF RICHES 
Technological Creativity and Economic Progress.
By Joel Mokyr.
Illustrated. 349 pp. New York:
Oxford University Press. $24.95.",Books,Book Review Desk,Review,article,2296,"Landes, David S; Mokyr, Joel; BOOK REVIEWS; LEVER OF RICHES, THE (BOOK)",https://www.nytimes.com/1991/01/06/books/rewarding-the-better-mousetrap.html
1991,1991-01-06T05:00:00Z,1990s,Jan-Feb,Ruffles and Furbelows Make a Show of the Late 19th Century,,,,New York,Connecticut Weekly Desk,News,article,962,women; SHOWS (EXHIBITS); APPAREL,https://www.nytimes.com/1991/01/06/nyregion/ruffles-and-furbelows-make-a-show-of-the-late-19th-century.html
1991,1991-01-06T05:00:00Z,1990s,Jan-Feb,TELEVISION; The Couple Next Door? Just Folks Whose Phone Is Tapped,,,,Arts,Arts & Leisure Desk,Review,article,1757,Television; UNDER COVER (TV PROGRAM),https://www.nytimes.com/1991/01/06/arts/television-the-couple-next-door-just-folks-whose-phone-is-tapped.html
1991,1991-01-06T05:00:00Z,1990s,Jan-Feb,Travel Advisory; Bhutan Plans To Double Tourist Visas,,,,Travel,Travel Desk,News,article,354,Bhutan; Travel Restrictions; Visas; Nytravel; Travel and Vacations,https://www.nytimes.com/1991/01/06/travel/travel-advisory-bhutan-plans-to-double-tourist-visas.html
1991,1991-03-01T05:00:00Z,1990s,Mar-Apr,"AFTER THE WAR: UNITED NATIONS; Allies, at U.N., Seek Formal Cease-Fire, Retaining Right to Attack",,,,World,Foreign Desk,News,article,844,"Iraq; Middle East; United Nations; Bush, George; Hussein, Saddam; Arms Sales Abroad; United States International Relations; ARMAMENT, DEFENSE AND MILITARY FORCES; Persian Gulf War; EMBARGOES",https://www.nytimes.com/1991/03/01/world/after-war-united-nations-allies-un-seek-formal-cease-fire-retaining-right-attack.html
1991,1991-03-01T05:00:00Z,1990s,Mar-Apr,Few in Hong Kong Ask to Be British,,,,World,Foreign Desk,News,article,911,Hong Kong; Great Britain; China; Citizenship; Immigration and Emigration,https://www.nytimes.com/1991/03/01/world/few-in-hong-kong-ask-to-be-british.html
1991,1991-03-01T05:00:00Z,1990s,Mar-Apr,For Children,,,,Arts,Weekend Desk,News,article,1607,Children and Youth; ENTERTAINMENT AND AMUSEMENTS,https://www.nytimes.com/1991/03/01/arts/for-children.html
1991,1991-03-01T05:00:00Z,1990s,Mar-Apr,Review/Art; Gouaches by Eva Hesse From Her Post-School and Pre-Sculpture Days,,,,Arts,Weekend Desk,Review,article,1528,"Hesse, Eva; Reviews; ART SHOWS; Art",https://www.nytimes.com/1991/03/01/arts/review-art-gouaches-by-eva-hesse-from-her-post-school-and-pre-sculpture-days.html
1991,1991-03-01T05:00:00Z,1990s,Mar-Apr,THE MEDIA BUSINESS: Advertising; A Way to Cut the Mustard As the 80's Tactics Get Dull,,,,Business,Financial Desk,News,article,533,Terms not available,https://www.nytimes.com/1991/03/01/business/media-business-advertising-way-cut-mustard-80-s-tactics-get-dull.html
1991,1991-03-02T05:00:00Z,1990s,Mar-Apr,AFTER THE WAR: The White House; Excerpts From Bush's News Conference on Postwar Plans,,,,World,Foreign Desk,Text,article,3364,"Iraq; Kuwait; Middle East; Bush, George; United States International Relations; International Relations; ARMAMENT, DEFENSE AND MILITARY FORCES; Middle East-International Relations-US; Persian Gulf War; Prisoners of War; United States Armament and Defense",https://www.nytimes.com/1991/03/02/world/after-war-white-house-excerpts-bush-s-conference-postwar-plans.html
1991,1991-03-02T05:00:00Z,1990s,Mar-Apr,AFTER THE WAR: United Nations; U.S. Softens Stance at U.N. On Terms for Resuming War,,,,World,Foreign Desk,News,article,914,"Iraq; Kuwait; China; Middle East; UNION OF SOVIET SOCIALIST REPUBLICS (USSR); SECURITY COUNCIL; United Nations; Bush, George; United States International Relations; ARMAMENT, DEFENSE AND MILITARY FORCES; Middle East-International Relations-US; Persian Gulf War; United States Armament and Defense",https://www.nytimes.com/1991/03/02/world/after-the-war-united-nations-us-softens-stance-at-un-on-terms-for-resuming-war.html
1991,1991-03-02T05:00:00Z,1990s,Mar-Apr,Disarming the Gulf,,,,Opinion,Editorial Desk,Editorial,article,574,"Iraq; Kuwait; Middle East; Arms Sales Abroad; ARMAMENT, DEFENSE AND MILITARY FORCES; Editorials; Persian Gulf War; United States Armament and Defense",https://www.nytimes.com/1991/03/02/opinion/disarming-the-gulf.html
1991,1991-03-03T05:00:00Z,1990s,Mar-Apr,A La Carte: Comradeship,,,,New York,Long Island Weekly Desk,News,article,628,Restaurants,https://www.nytimes.com/1991/03/03/nyregion/a-la-carte-comradeship.html
1991,1991-03-03T05:00:00Z,1990s,Mar-Apr,AFTER THE WAR: United Nations; U.N. Approves Measure Bolstering Allies' Rights,,,,World,Foreign Desk,News,article,670,"Yemen; Iraq; India; Kuwait; China; Cuba; Middle East; United Nations; Bush, George; United States International Relations; Persian Gulf War; United States Armament and Defense",https://www.nytimes.com/1991/03/03/world/after-the-war-united-nations-un-approves-measure-bolstering-allies-rights.html
1991,1991-03-03T05:00:00Z,1990s,Mar-Apr,ANTIQUES; All Wrapped Up in Silky Kashmir Shawls,,,,Arts,Arts & Leisure Desk,News,article,996,Rhode Island School of Design; Reviews; Textiles; SHOWS (EXHIBITS),https://www.nytimes.com/1991/03/03/arts/antiques-all-wrapped-up-in-silky-kashmir-shawls.html
1991,1991-03-03T05:00:00Z,1990s,Mar-Apr,From War to Peace,,,,Opinion,Editorial Desk,Editorial,article,616,"Iraq; Middle East; Israel; ARMAMENT, DEFENSE AND MILITARY FORCES; International Relations; Editorials; Persian Gulf War; Arms Control and Limitation and Disarmament; Politics and Government; Economic Conditions and Trends",https://www.nytimes.com/1991/03/03/opinion/from-war-to-peace.html
1991,1991-03-03T05:00:00Z,1990s,Mar-Apr,"H. C. Wedgwood, 82; Led China Company",,,,Obituaries,Obituary,Obituary,article,151,"WEDGWOOD, HENSLEIGH C; Biographical Information; DEATHS",https://www.nytimes.com/1991/03/03/obituaries/h-c-wedgwood-82-led-china-company.html
1991,1991-03-03T05:00:00Z,1990s,Mar-Apr,IN SHORT: NONFICTION,,,,Books,Book Review Desk,Review,article,281,"BINYAN, LIU; BOOK REVIEWS; CHINA'S CRISIS, CHINA'S HOPE (BOOK)",https://www.nytimes.com/1991/03/03/books/in-short-nonfiction-531091.html
1991,1991-03-03T05:00:00Z,1990s,Mar-Apr,NEWS SUMMARY,,,,New York,Metropolitan Desk,Summary,article,723,NO INDEX TERMS,https://www.nytimes.com/1991/03/03/nyregion/news-summary-803091.html
1991,1991-03-03T05:00:00Z,1990s,Mar-Apr,Perspectives: Fifth Avenue; Retailers Place Heavy Chips on the 50's,,,,Real Estate,Real Estate Desk,News,article,1342,New York City; FIFTH AVENUE (NYC); TAKASHIMAYA CO; RETAIL STORES AND TRADE,https://www.nytimes.com/1991/03/03/realestate/perspectives-fifth-avenue-retailers-place-heavy-chips-on-the-50-s.html
1991,1991-03-03T05:00:00Z,1990s,Mar-Apr,"Sunday Outing; Worth $35 to a Wrecker, Boscobel Is Now a Gem",,,,Archives,None,News,article,974,"Garrison (NY); General Services Administration; Wallace, Lila Acheson; Historic Buildings and Sites; RESTORATION AND REHABILITATION; BOSCOBEL (HISTORIC HOME) (GARRISON, NY); Nytravel",https://www.nytimes.com/1991/03/03/news/sunday-outing-worth-35-to-a-wrecker-boscobel-is-now-a-gem.html
1991,1991-03-03T05:00:00Z,1990s,Mar-Apr,ZOO REVIEW; BERLIN,,,,Magazine,Sophisticated Traveler Magazine,News,article,418,Berlin (Germany); Berlin Zoo; Zoos; Nytravel; Travel and Vacations,https://www.nytimes.com/1991/03/03/magazine/zoo-review-berlin.html
1991,1991-03-03T05:00:00Z,1990s,Mar-Apr,ZOO REVIEW; LONDON,,,,Magazine,Sophisticated Traveler Magazine,News,article,426,LONDON (ENG); London Zoo; Zoos; Travel and Vacations; Nytravel,https://www.nytimes.com/1991/03/03/magazine/zoo-review-london.html
1991,1991-03-03T05:00:00Z,1990s,Mar-Apr,ZOO REVIEW; MEXICO,,,,Magazine,Sophisticated Traveler Magazine,News,article,315,Mexico City (Mexico); MEXICO CITY ZOO; Zoos; Travel and Vacations; Nytravel,https://www.nytimes.com/1991/03/03/magazine/zoo-review-mexico.html
1991,1991-05-01T05:00:00Z,1990s,May-Jun,60-Minute Gourmet,,,,Home & Garden,Living Desk,News,article,683,Cooking and Cookbooks; Recipes,https://www.nytimes.com/1991/05/01/garden/60-minute-gourmet-605091.html
1991,1991-05-01T05:00:00Z,1990s,May-Jun,Book Notes,,,,Books,Cultural Desk,News,article,913,"Little Brown & Co; SCHOLASTIC INC; HOLT, HENRY; Aaron, Hank; Low, Alice; Mantle, Mickey; PEPE, PHIL; ZHENSUN, ZHEN; YANI, WANG; Grafton, Sue; AARON, HENRY; Baseball; Books and Literature; I HAD A HAMMER: THE HANK AARON STORY (BOOK); MY FAVORITE SUMMER 1956 (BOOK); A YOUNG PAINTER (BOOK)",https://www.nytimes.com/1991/05/01/books/book-notes-540191.html
1991,1991-05-01T05:00:00Z,1990s,May-Jun,Bush Denies Satellite Parts to China,,,,World,Foreign Desk,News,article,737,"China; Bush, George; Arms Sales Abroad; ARMAMENT, DEFENSE AND MILITARY FORCES; International Trade and World Market; COMMUNICATIONS SATELLITES; Third World and Developing Countries",https://www.nytimes.com/1991/05/01/world/bush-denies-satellite-parts-to-china.html
1991,1991-05-01T05:00:00Z,1990s,May-Jun,FUTURES/OPTIONS; Cotton Sets 10-Month High; Heavy Rains in Delta Cited,,,,Business,Financial Desk,News,article,388,Cotton; PRICES; FUTURES TRADING,https://www.nytimes.com/1991/05/01/business/futures-options-cotton-sets-10-month-high-heavy-rains-in-delta-cited.html
1991,1991-05-01T05:00:00Z,1990s,May-Jun,INSIDE,,,,New York,Metropolitan Desk,Summary,article,201,NO INDEX TERMS,https://www.nytimes.com/1991/05/01/nyregion/inside-349291.html
1991,1991-05-01T05:00:00Z,1990s,May-Jun,NEWS SUMMARY,,,,New York,Metropolitan Desk,Summary,article,997,NO INDEX TERMS,https://www.nytimes.com/1991/05/01/nyregion/news-summary-374391.html
1991,1991-05-01T05:00:00Z,1990s,May-Jun,"Taiwan Ends Emergency Decree, Opening Way to Closer China Ties",,,,World,Foreign Desk,News,article,605,China; Taiwan; Lee Teng-Hui; Politics and Government,https://www.nytimes.com/1991/05/01/world/taiwan-ends-emergency-decree-opening-way-to-closer-china-ties.html
1991,1991-05-02T05:00:00Z,1990s,May-Jun,AFTER THE WAR; U.S. Wants Iraq to Finance Kurdish Relief Operations,,,,World,Foreign Desk,News,article,909,"Iraq; Bush, George; Hussein, Saddam; United States International Relations; Kurds; REFUGEES AND EXPATRIATES",https://www.nytimes.com/1991/05/02/world/after-the-war-us-wants-iraq-to-finance-kurdish-relief-operations.html
1991,1991-05-02T05:00:00Z,1990s,May-Jun,Angola Agrees On a Cease-Fire With Guerrillas,,,,World,Foreign Desk,News,article,1022,"Portugal; Angola; UNION OF SOVIET SOCIALIST REPUBLICS (USSR); United Nations; Savimbi, Jonas; Dos Santos, Jose Eduardo; United States International Relations; ARMAMENT, DEFENSE AND MILITARY FORCES; CIVIL WAR AND GUERRILLA WARFARE; Elections; Foreign Aid",https://www.nytimes.com/1991/05/02/world/angola-agrees-on-a-cease-fire-with-guerrillas.html
1991,1991-05-02T05:00:00Z,1990s,May-Jun,Cambodia's Voiceless - A special report.; No Haven From Agony for Cambodians,,,,World,Foreign Desk,Special Report,article,3018,Cambodia; Vietnam; Khmer Rouge; SURVEYS AND SERIES; Politics and Government; CIVIL WAR AND GUERRILLA WARFARE; REFUGEES AND EXPATRIATES,https://www.nytimes.com/1991/05/02/world/cambodia-s-voiceless-a-special-report-no-haven-from-agony-for-cambodians.html
1991,1991-05-02T05:00:00Z,1990s,May-Jun,Chinese Occupation Denies Tibet's Rights,,,,Opinion,Editorial Desk,Letter,article,452,"China; Tibet; MORRIS, KATRINA K",https://www.nytimes.com/1991/05/02/opinion/l-chinese-occupation-denies-tibet-s-rights-415591.html
1991,1991-05-02T05:00:00Z,1990s,May-Jun,Chinese Ties: Frosty to Icy,,,,World,Foreign Desk,An Analysis; News Analysis,article,838,"China; Bush, George; United States International Relations; China-International Relations-US",https://www.nytimes.com/1991/05/02/world/chinese-ties-frosty-to-icy.html
1991,1991-05-02T05:00:00Z,1990s,May-Jun,"IN THE IRISH SOUTH, SOME COMPROMISE",,,,World,Foreign Desk,News,article,794,Ireland; Great Britain; Northern Ireland; Violence; PUBLIC OPINION,https://www.nytimes.com/1991/05/02/world/in-the-irish-south-some-compromise.html
1991,1991-05-02T05:00:00Z,1990s,May-Jun,NEWS SUMMARY,,,,New York,Metropolitan Desk,Summary,article,1087,NO INDEX TERMS,https://www.nytimes.com/1991/05/02/nyregion/news-summary-839291.html
1991,1991-05-03T05:00:00Z,1990s,May-Jun,AFTER THE WAR; Kurds and Baghdad to Open New Round of Talks,,,,World,Foreign Desk,News,article,717,"Iraq; Hussein, Saddam; ARMAMENT, DEFENSE AND MILITARY FORCES; Kurds; Politics and Government; CIVIL WAR AND GUERRILLA WARFARE",https://www.nytimes.com/1991/05/03/world/after-the-war-kurds-and-baghdad-to-open-new-round-of-talks.html
1991,1991-05-03T05:00:00Z,1990s,May-Jun,Ben Hur Meets Red Guards,,,,Movies,Weekend Desk,Review,article,437,MOTION PICTURES; Review; CHINA CRY (MOVIE),https://www.nytimes.com/1991/05/03/movies/ben-hur-meets-red-guards.html
1991,1991-05-03T05:00:00Z,1990s,May-Jun,Peninsula of Tranquillity In the Fifth Avenue Sea,,,,Arts,Weekend Desk,News,article,1513,PENINSULA HOTEL; COMPANY AND ORGANIZATION PROFILES; HOTELS AND MOTELS; Nytravel,https://www.nytimes.com/1991/05/03/arts/peninsula-of-tranquillity-in-the-fifth-avenue-sea.html
1991,1991-05-03T05:00:00Z,1990s,May-Jun,"Review/Art; Anti-Hitler Images, Relentless and Harrowing",,,,Arts,Weekend Desk,Review,article,1585,"HEARTFIELD, JOHN; Reviews; ART SHOWS; Photography",https://www.nytimes.com/1991/05/03/arts/review-art-anti-hitler-images-relentless-and-harrowing.html
1991,1991-05-04T05:00:00Z,1990s,May-Jun,China Trade Lobbying,,,,Business,Financial Desk,News,article,206,China; United States; AMERICAN CHAMBER OF COMMERCE IN CHINA; United States International Relations; International Trade and World Market; Politics and Government; China-International Relations-US; Freedom and Human Rights,https://www.nytimes.com/1991/05/04/business/china-trade-lobbying.html
1991,1991-05-04T05:00:00Z,1990s,May-Jun,Different Names For the Storms,,,,World,Foreign Desk,News,article,147,Typhoons; Cyclones; Hurricanes and Tropical Storms,https://www.nytimes.com/1991/05/04/world/different-names-for-the-storms.html
1991,1991-07-01T05:00:00Z,1990s,Jul-Aug,Books of The Times; Collected Odds and Ends From Graham Greene,,,,Books,Cultural Desk,Review,article,1030,"Greene, Graham; BOOK REVIEWS; REFLECTIONS (BOOK)",https://www.nytimes.com/1991/07/01/books/books-of-the-times-collected-odds-and-ends-from-graham-greene.html
1991,1991-07-01T05:00:00Z,1990s,Jul-Aug,"Hua-yu Li, Doctoral Candidate, Wed To H. J. McLendon Jr., Harvard Aide",,,,Style,Society Desk,News,article,201,"LI, HUA-YU; MCLENDON, HIRAM JAMES JR.; Weddings and Engagements",https://www.nytimes.com/1991/07/01/style/hua-yu-li-doctoral-candidate-wed-to-h-j-mclendon-jr-harvard-aide.html
1991,1991-07-01T05:00:00Z,1990s,Jul-Aug,Tokyo Issue of China Bonds,,,,Business,Financial Desk,News,article,222,Japan; China; Bank of China; Government Bonds,https://www.nytimes.com/1991/07/01/business/tokyo-issue-of-china-bonds.html
1991,1991-07-02T05:00:00Z,1990s,Jul-Aug,COMPANY NEWS; Occidental Sells China Mine Stake,,,,Business,Financial Desk,News,article,78,"China; BANK OF CHINA TRUST AND CONSULTANCY CO; OCCIDENTAL PETROLEUM CORP; Mergers, Acquisitions and Divestitures; Coal",https://www.nytimes.com/1991/07/02/business/company-news-occidental-sells-china-mine-stake.html
1991,1991-07-02T05:00:00Z,1990s,Jul-Aug,Jews Couldn't Leave Nazi Germany Easily,,,,Opinion,Editorial Desk,Letter,article,199,"LINZ, CHARLES B; JEWS; Immigration and Emigration; Nazi Era",https://www.nytimes.com/1991/07/02/opinion/l-jews-couldn-t-leave-nazi-germany-easily-078991.html
1991,1991-07-02T05:00:00Z,1990s,Jul-Aug,Shaping a Role in South Korea,,,,World,Foreign Desk,News,article,327,"South Korea; Bush, George; ROH TAE WOO; United States International Relations; United States Armament and Defense",https://www.nytimes.com/1991/07/02/world/shaping-a-role-in-south-korea.html
1991,1991-07-02T05:00:00Z,1990s,Jul-Aug,We're Not Your Man in Havana,"Should the warming trend in U.S.-Soviet relations be derailed over Moscow's continuing ties with Havana? A growing number of voices in America say so.

As one legislator put it the other day, ""We shouldn't do anything to help the Soviet Union, shouldn't give them a penny, as long as they are providing Cuba with billions of dollars in subsidies every year.""",,"Should the warming trend in U.S.-Soviet relations be derailed over Moscow's continuing ties with Havana? A growing number of voices in America say so.

As one legislator put it the other day, ""We shouldn't do anything to help the Soviet Union, shouldn't give them a penny, as long as they are providing Cuba with billions of dollars in subsidies every year.""",Opinion,Editorial Desk,Op-Ed,article,675,"Cuba; UNION OF SOVIET SOCIALIST REPUBLICS (USSR); MIKOYAN, SERGO; United States International Relations; Foreign Aid",https://www.nytimes.com/1991/07/02/opinion/were-not-your-man-in-havana.html
1991,1991-07-03T05:00:00Z,1990s,Jul-Aug,"Amid Santa Fe Galas, Lightning for 'Traviata,' Rain for 'Figaro'",,,,Home & Garden,Living Desk,News,article,1151,Santa Fe (NM); Santa Fe Opera; Opera,https://www.nytimes.com/1991/07/03/garden/amid-santa-fe-galas-lightning-for-traviata-rain-for-figaro.html
1991,1991-07-03T05:00:00Z,1990s,Jul-Aug,"Chiang Hsiao-wu; Taiwan Diplomat, 46",,,,Obituaries,Obituary,Obituary,article,109,CHIANG HSIAO-WU; Biographical Information; DEATHS,https://www.nytimes.com/1991/07/03/obituaries/chiang-hsiao-wu-taiwan-diplomat-46.html
1991,1991-07-03T05:00:00Z,1990s,Jul-Aug,Japan Will Offer Arms Control Plan,,,,World,Foreign Desk,News,article,514,JAPAN; Arms Sales Abroad; International Relations,https://www.nytimes.com/1991/07/03/world/japan-will-offer-arms-control-plan.html
1991,1991-07-03T05:00:00Z,1990s,Jul-Aug,U.N. Team Ends Iraqi Visit After Failure on Arms,,,,World,Foreign Desk,News,article,410,Iraq; United Nations; ATOMIC WEAPONS,https://www.nytimes.com/1991/07/03/world/un-team-ends-iraqi-visit-after-failure-on-arms.html
1991,1991-07-04T05:00:00Z,1990s,Jul-Aug,Chongqing Journal; China's Dismal Truth: 100 Million Out of Work,,,,World,Foreign Desk,News,article,844,China; Chongqing (China); Social Conditions and Trends; Unemployment and Job Market; LABOR; Economic Conditions and Trends; Urban Areas; Rural Areas,https://www.nytimes.com/1991/07/04/world/chongqing-journal-china-s-dismal-truth-100-million-out-of-work.html
1991,1991-07-04T05:00:00Z,1990s,Jul-Aug,Panel Cites Two Nations,,,,Business,Financial Desk,News,article,123,Thailand; China; United States; INTERNATIONAL TRADE COMMISSION; International Trade and World Market; DUMPING (TRADE TERM); PIPE,https://www.nytimes.com/1991/07/04/business/panel-cites-two-nations.html
1991,1991-07-05T05:00:00Z,1990s,Jul-Aug,A personal List Of Places That Cool,,,,Arts,Weekend Desk,News,article,1956,New York City; Weather,https://www.nytimes.com/1991/07/05/arts/a-personal-list-of-places-that-cool.html
1991,1991-07-05T05:00:00Z,1990s,Jul-Aug,Asian Topics,"Youths Wear Dissent On Beijing T-Shirts. Slogans on T-shirts are the newest form of dissent in Beijing. ""I'm Depressed, Leave Me Alone"" reads one. Others say ""Bored"" or ""No Way Out."" This is a youthful answer to the drumroll",,"Youths Wear Dissent On Beijing T-Shirts. Slogans on T-shirts are the newest form of dissent in Beijing. ""I'm Depressed, Leave Me Alone"" reads one. Others say ""Bored"" or ""No Way Out."" This is a youthful answer to the drumroll",Archives,IHT News,,article,3173,,https://www.nytimes.com/1991/07/05/IHT-asian-topics.html
1991,1991-07-05T05:00:00Z,1990s,Jul-Aug,BUSINESS DIGEST,,,,Business,Financial Desk,Summary,article,569,NO INDEX TERMS; BUSINESS DIGEST (NYT),https://www.nytimes.com/1991/07/05/business/business-digest-495591.html
1991,1991-07-05T05:00:00Z,1990s,Jul-Aug,BUSINESS PEOPLE; Waterford Wedgwood Names U.S. Officer,,,,Business,Financial Desk,News,article,346,Terms not available,https://www.nytimes.com/1991/07/05/business/business-people-waterford-wedgwood-names-us-officer.html
1991,1991-07-05T05:00:00Z,1990s,Jul-Aug,China Wins a Bigger Say in Hong Kong,,,,World,Foreign Desk,News,article,877,Hong Kong; Great Britain; China; Foreign Investments; International Relations; Airports; COLONIES AND TERRITORIES; Finances,https://www.nytimes.com/1991/07/05/world/china-wins-a-bigger-say-in-hong-kong.html
1991,1991-07-05T05:00:00Z,1990s,Jul-Aug,China and Britain in Accordon Hong KongAirport,"Britain and China announced agreement Thursday on a vast new airport for Hong Kong, opening the way for Beijing to play a far larger role in the affairs of the colony before it is returned by Britain in 1997.. The agreement, ending a political dispute of",,"Britain and China announced agreement Thursday on a vast new airport for Hong Kong, opening the way for Beijing to play a far larger role in the affairs of the colony before it is returned by Britain in 1997.. The agreement, ending a political dispute of",Archives,IHT News,,article,4763,,https://www.nytimes.com/1991/07/05/IHT-china-and-britain-in-accordon-hong-kongairport.html
1991,1991-07-05T05:00:00Z,1990s,Jul-Aug,NEWS SUMMARY,,,,New York,Metropolitan Desk,Summary,article,1090,NO INDEX TERMS,https://www.nytimes.com/1991/07/05/nyregion/news-summary-461091.html
1991,1991-09-01T05:00:00Z,1990s,Sep-Oct,A Fairfield House Shows How an 18th-Century Family Lived,"THE first phase of restoration has been completed at the circa-1749 Ogden House in Fairfield, so the Fairfield Historical Society reopened the house to the public this month.

""The real impetus for the restoration,"" said the society's director, Corwin Sharp, ""was a paint analysis done at Ogden House by Frances Gale, who worked at Columbia University's preservation laboratory.  She came up with two pieces of information: the number of layers of paint on the walls and woodwork and the original color of the first layer of paint.""",,"THE first phase of restoration has been completed at the circa-1749 Ogden House in Fairfield, so the Fairfield Historical Society reopened the house to the public this month.

""The real impetus for the restoration,"" said the society's director, Corwin Sharp, ""was a paint analysis done at Ogden House by Frances Gale, who worked at Columbia University's preservation laboratory.  She came up with two pieces of information: the number of layers of paint on the walls and woodwork and the original color of the first layer of paint.""",New York,Connecticut Weekly Desk,News,article,1221,"Fairfield (Conn); Fairfield Historical Society; Liebenson, Bess; Historic Buildings and Sites; RESTORATION AND REHABILITATION; OGDEN HOUSE (FAIRFIELD, CONN)",https://www.nytimes.com/1991/09/01/nyregion/a-fairfield-house-shows-how-an-18thcentury-family-lived.html
1991,1991-09-01T05:00:00Z,1990s,Sep-Oct,"BEST SELLERS: September 1, 1991",,,,Books,Book Review Desk,List,article,1494,NO INDEX TERMS,https://www.nytimes.com/1991/09/01/books/best-sellers-september-1-1991.html
1991,1991-09-01T05:00:00Z,1990s,Sep-Oct,CLASSICAL MUSIC; Stay Tuned for the Opera at 11,,,,Arts,Arts & Leisure Desk,News,article,1731,Opera; KLINGHOFFER (OPERA); Nixon in China (Opera); Satyagraha (Opera); X (OPERA),https://www.nytimes.com/1991/09/01/arts/classical-music-stay-tuned-for-the-opera-at-11.html
1991,1991-09-01T05:00:00Z,1990s,Sep-Oct,China Reports on Condition of 2 Jailed Dissidents,,,,World,Foreign Desk,News,article,425,China,https://www.nytimes.com/1991/09/01/world/china-reports-on-condition-of-2-jailed-dissidents.html
1991,1991-09-01T05:00:00Z,1990s,Sep-Oct,"In the North, Two Elegant Inns",,,,Travel,Travel Desk,News,article,1653,Terms not available,https://www.nytimes.com/1991/09/01/travel/in-the-north-two-elegant-inns.html
1991,1991-09-01T05:00:00Z,1990s,Sep-Oct,Industry Fails as Cure-All for Western China,,,,World,Foreign Desk,News,article,541,"QIAPUQIA (CHINA); China; Independence Movements; MINORITIES (ETHNIC, RACIAL, RELIGIOUS); Economic Conditions and Trends",https://www.nytimes.com/1991/09/01/world/industry-fails-as-cure-all-for-western-china.html
1991,1991-09-01T05:00:00Z,1990s,Sep-Oct,"Jean Tinguely, Playful Sculptor of Scrap Contraptions, Dies at 66",,,,World,Foreign Desk,Biography; Obituary,article,649,"Tinguely, Jean; Biographical Information; DEATHS",https://www.nytimes.com/1991/09/01/world/jean-tinguely-playful-sculptor-of-scrap-contraptions-dies-at-66.html
1991,1991-09-01T05:00:00Z,1990s,Sep-Oct,NEW SUMMARY,,,,New York,Metropolitan Desk,Summary,article,839,NO INDEX TERMS,https://www.nytimes.com/1991/09/01/nyregion/new-summary.html
1991,1991-09-01T05:00:00Z,1990s,Sep-Oct,SOVIET TURMOIL; Soviets Prepare to Design a New System,,,,New York,Metropolitan Desk,News,article,1395,"ESTONIA (USSR); BALTIC SOVIET SOCIALIST REPUBLICS; UZBEKISTAN (USSR); UNION OF SOVIET SOCIALIST REPUBLICS; KIRGHIZIA (USSR); Lithuania; Latvia; Pravda; Gorbachev, Mikhail S; Coups D'Etat and Attempted Coups D'Etat; Reform and Reorganization; Independence Movements; Politics and Government; LEGISLATURES",https://www.nytimes.com/1991/09/01/nyregion/soviet-turmoil-soviets-prepare-to-design-a-new-system.html
1991,1991-09-01T05:00:00Z,1990s,Sep-Oct,THEATER; 'M. Butterfly' at Westport Playhouse,,,,New York,Connecticut Weekly Desk,Review,article,825,Westport Country Playhouse; Reviews; Theater; M Butterfly (Play),https://www.nytimes.com/1991/09/01/nyregion/theater-m-butterfly-at-westport-playhouse.html
1991,1991-09-01T05:00:00Z,1990s,Sep-Oct,THEATER; The Diplomat and the Prima Donna: M. Butterfly at Westport Playhouse,,,,New York,Connecticut Weekly Desk,Review,article,817,Westport Country Playhouse; Reviews; Theater; M Butterfly (Play),https://www.nytimes.com/1991/09/01/nyregion/theater-the-diplomat-and-the-prima-donna-m-butterfly-at-westport-playhouse.html
1991,1991-09-01T05:00:00Z,1990s,Sep-Oct,The Last Real Innocents,"CHILDREN OF WAR,
CHILDREN OF PEACE 

Photographs by Robert Capa.
Edited by Cornell Capa
and Richard Whelan.
167 pp. New York:
A Bulfinch Press Book/
Little, Brown & Company.",,"CHILDREN OF WAR,
CHILDREN OF PEACE 

Photographs by Robert Capa.
Edited by Cornell Capa
and Richard Whelan.
167 pp. New York:
A Bulfinch Press Book/
Little, Brown & Company.",Books,Book Review Desk,Review,article,736,"Ballard, J G; Capa, Robert; Capa, Cornell; WHELAN, RICHARD; BOOK REVIEWS; CHILDREN OF WAR, CHILDREN OF PEACE (BOOK)",https://www.nytimes.com/1991/09/01/books/the-last-real-innocents.html
1991,1991-09-02T05:00:00Z,1990s,Sep-Oct,Hong Kong Shrugs Off Major's Visit,John Major will make his first visit to China as Britain's prime minister this week to sign a joint agreement clearing the way for a vast airport development project regarded as crucial to Hong Kong's future prosperity.. But the prospect of Mr. Major's ar,,John Major will make his first visit to China as Britain's prime minister this week to sign a joint agreement clearing the way for a vast airport development project regarded as crucial to Hong Kong's future prosperity.. But the prospect of Mr. Major's ar,Archives,IHT News,,article,4123,,https://www.nytimes.com/1991/09/02/IHT-hong-kong-shrugs-off-majors-visit.html
1991,1991-09-03T05:00:00Z,1990s,Sep-Oct,British Visit Breaks the Ice With China,,,,World,Foreign Desk,News,article,676,"Great Britain; UNION OF SOVIET SOCIALIST REPUBLICS; China; Li Peng; Major, John; International Relations; BOUNDARIES AND TERRITORIAL ISSUES; Demonstrations and Riots; CHINA-INTERNATIONAL RELATIONS-GREAT BRITAIN",https://www.nytimes.com/1991/09/03/world/british-visit-breaks-the-ice-with-china.html
1991,1991-09-03T05:00:00Z,1990s,Sep-Oct,NEWS SUMMARY,,,,New York,Metropolitan Desk,Summary,article,997,NO INDEX TERMS,https://www.nytimes.com/1991/09/03/nyregion/news-summary-099191.html
1991,1991-09-04T05:00:00Z,1990s,Sep-Oct,"BRITON, IN CHINA, CALLS TIES NORMAL",,,,World,Foreign Desk,News,article,658,"Hong Kong; Great Britain; China; Major, John; International Relations; Airports; Freedom and Human Rights",https://www.nytimes.com/1991/09/04/world/briton-in-china-calls-ties-normal.html
1991,1991-09-04T05:00:00Z,1990s,Sep-Oct,Books of The Times; Shaping Foreign Policy During the Civil War,,,,Books,None,Biography; Review,article,865,"Seward, William Henry; TAYLOR, JOHN M; BOOK REVIEWS; WILLIAM HENRY SEWARD (BOOK)",https://www.nytimes.com/1991/09/04/books/books-of-the-times-shaping-foreign-policy-during-the-civil-war.html
1991,1991-09-04T05:00:00Z,1990s,Sep-Oct,FUTURES/OPTIONS; Wheat Makes Small Gains As Corn and Soybeans Fall,,,,Business,Financial Desk,News,article,364,Corn; PRICES; Grain; Soybeans,https://www.nytimes.com/1991/09/04/business/futures-options-wheat-makes-small-gains-as-corn-and-soybeans-fall.html
1991,1991-09-04T05:00:00Z,1990s,Sep-Oct,NEWS SUMMARY,,,,New York,Metropolitan Desk,Summary,article,993,NO INDEX TERMS,https://www.nytimes.com/1991/09/04/nyregion/news-summary-184591.html
1991,1991-09-05T05:00:00Z,1990s,Sep-Oct,Early Election Seen as Britain Cuts Interest Rates,,,,World,Foreign Desk,News,article,481,"Great Britain; Major, John; PUBLIC OPINION; PRIME RATE; Credit; Elections",https://www.nytimes.com/1991/09/05/world/early-election-seen-as-britain-cuts-interest-rates.html
1991,1991-09-18T05:00:00Z,,,"In China, Capitalism Inches On",,,,Business,,,,,,https://www.nytimes.com/1991/09/18/business/in-china-capitalism-inches-on.html
1991,1991-10-14T05:00:00Z,,,China's Airlines Warned,,,,Business,,,,,,https://www.nytimes.com/1991/10/14/business/china-s-airlines-warned.html
1991,1991-10-14T05:00:00Z,,,Why Getting Tough With China Won't Work,,,,Opinion,,,,,,https://www.nytimes.com/1991/10/14/opinion/l-why-getting-tough-with-china-won-t-work-896091.html
1991,1991-10-27T05:00:00Z,,,China Executes 35 Drug Traffickers,,,,World,,,,,,https://www.nytimes.com/1991/10/27/world/china-executes-35-drug-traffickers.html
1991,1991-11-01T05:00:00Z,1990s,Nov-Dec,COMPANY NEWS; Sara Lee Pursuing Venture in China,,,,Business,Financial Desk,News,article,138,China; Sara Lee Corp; JOINT VENTURES AND CONSORTIUMS,https://www.nytimes.com/1991/11/01/business/company-news-sara-lee-pursuing-venture-in-china.html
1991,1991-11-01T05:00:00Z,1990s,Nov-Dec,IRAN DENIES DEALS TIED TO ATOM ARMS,,,,World,Foreign Desk,News,article,315,Iran; China; Arms Sales Abroad; ATOMIC WEAPONS,https://www.nytimes.com/1991/11/01/world/iran-denies-deals-tied-to-atom-arms.html
1991,1991-11-01T05:00:00Z,1990s,Nov-Dec,Let's Be Upbeat on Cambodia Despite the Minefields,"The challenge now in Cambodia is to achieve faithful application of the peace agreements signed in Paris recently. It will not be easy. Cambodians have been at war since 1970 - among themselves and with a neighbor, Vietnam. Hundreds of thousands of Cambod",,"The challenge now in Cambodia is to achieve faithful application of the peace agreements signed in Paris recently. It will not be easy. Cambodians have been at war since 1970 - among themselves and with a neighbor, Vietnam. Hundreds of thousands of Cambod",Opinion,IHT News,,article,6787,,https://www.nytimes.com/1991/11/01/opinion/IHT-lets-be-upbeat-on-cambodia-despite-the-minefields.html
1991,1991-11-01T05:00:00Z,1990s,Nov-Dec,On My Mind; We Are Warned,,,,Opinion,Editorial Desk,Op-Ed,article,718,"Iraq; Iran; China; United Nations; Hussein, Saddam; Arms Sales Abroad; ATOMIC WEAPONS; Disclosure of Information",https://www.nytimes.com/1991/11/01/opinion/on-my-mind-we-are-warned.html
1991,1991-11-01T05:00:00Z,1990s,Nov-Dec,Pledge Seen as Gesture to Non-Communist: Hanoi Vows to Seek 'New Order' in Asia:,"Vietnam promised Thursday to work with its non-Communist neighbors for a peaceful ""new order"" in Southeast Asia.. The pledge by Prime Minister Vo Van Kiet appeared intended as reassurance in advance of his trip to Beijing next week when Vietnam",,"Vietnam promised Thursday to work with its non-Communist neighbors for a peaceful ""new order"" in Southeast Asia.. The pledge by Prime Minister Vo Van Kiet appeared intended as reassurance in advance of his trip to Beijing next week when Vietnam",Opinion,IHT News,,article,2725,,https://www.nytimes.com/1991/11/01/opinion/IHT-pledge-seen-as-gesture-to-noncommunist-hanoi-vows-to-seek-new.html
1991,1991-11-01T05:00:00Z,1990s,Nov-Dec,Pop/Jazz; An Underground Teeters On Edge of Respectability,,,,Arts,Weekend Desk,News,article,3025,Music; CONCERTS AND RECITALS; CMJ Music Marathon,https://www.nytimes.com/1991/11/01/arts/pop-jazz-an-underground-teeters-on-edge-of-respectability.html
1991,1991-11-02T05:00:00Z,1990s,Nov-Dec,INSIDE,,,,U.S.,National Desk,Summary,article,75,NO INDEX TERMS,https://www.nytimes.com/1991/11/02/us/inside-823091.html
1991,1991-11-02T05:00:00Z,1990s,Nov-Dec,No Headline,,,,Arts,Cultural Desk,Biography; Obituary,article,511,"PACKARD, HARRY; Biographical Information; DEATHS",https://www.nytimes.com/1991/11/02/arts/no-headline-689091.html
1991,1991-11-02T05:00:00Z,1990s,Nov-Dec,"Student Opens Fire at U. of Iowa, Killing 4 Before Shooting Himself",,,,U.S.,National Desk,News,article,571,"University of Iowa; Lu, Gang; SHOOTINGS; MASS MURDERS",https://www.nytimes.com/1991/11/02/us/student-opens-fire-at-u-of-iowa-killing-4-before-shooting-himself.html
1991,1991-11-02T05:00:00Z,1990s,Nov-Dec,"Zambian Voters Defeat Kaunda, Sole Leader Since Independence",,,,World,Foreign Desk,Biography,article,1462,"Zambia; Chiluba, Frederick; Kaunda, Kenneth D; LABOR UNIONS; Politics and Government; Elections; ELECTION RESULTS",https://www.nytimes.com/1991/11/02/world/zambian-voters-defeat-kaunda-sole-leader-since-independence.html
1991,1991-11-03T05:00:00Z,1990s,Nov-Dec,CAMPUS LIFE: Rochester; In Class to Play a Game (And to Grasp a Culture),,,,New York,Metropolitan Desk,News,article,565,Japan; University of Rochester; Social Conditions and Trends; Games,https://www.nytimes.com/1991/11/03/nyregion/campus-life-rochester-in-class-to-play-a-game-and-to-grasp-a-culture.html
1991,1991-11-03T05:00:00Z,1990s,Nov-Dec,CAMPUS LIFE: Rutgers; Asian Americans Organize Against 'Silent' Stereotype,,,,New York,Metropolitan Desk,News,article,651,"RUTGERS, THE STATE UNIVERSITY; MINORITIES (ETHNIC, RACIAL, RELIGIOUS); Asian-Americans",https://www.nytimes.com/1991/11/03/nyregion/campus-life-rutgers-asian-americans-organize-against-silent-stereotype.html
1991,1991-11-03T05:00:00Z,1990s,Nov-Dec,CHINA CHIEFS SEEM EDGY AND DIVIDED,,,,World,Foreign Desk,News,article,848,China; Travel Restrictions; Politics and Government; Freedom and Human Rights; News and News Media,https://www.nytimes.com/1991/11/03/world/china-chiefs-seem-edgy-and-divided.html
1991,1991-11-03T05:00:00Z,1990s,Nov-Dec,COCKTAILS WITH A TWIST,"ATER A GENERATION ON THE sidelines, when it was reduced to a dinner preamble or banished altogether, the cocktail party is making a comeback.

For guests, the brief span of time spent among friends -- two or three hours of sometimes exotic drinks (alcoholic and otherwise) and enough food to make dinner redundant -- provides a lighthearted respite in busy lives. For hosts, cocktail parties are fast-paced events that can be prepared almost completely in advance, so that they, too, can enjoy themselves.",,"ATER A GENERATION ON THE sidelines, when it was reduced to a dinner preamble or banished altogether, the cocktail party is making a comeback.

For guests, the brief span of time spent among friends -- two or three hours of sometimes exotic drinks (alcoholic and otherwise) and enough food to make dinner redundant -- provides a lighthearted respite in busy lives. For hosts, cocktail parties are fast-paced events that can be prepared almost completely in advance, so that they, too, can enjoy themselves.",T Magazine,Entertaining Magazine,News,article,3229,"Ferraro, Susan; MCMANUS, CHARLES J JR; PRESS-MCMANUS, ESTHER; Parties (Social); Cooking and Cookbooks; SPECIAL SECTIONS; Recipes; Food; Biographical Information",https://www.nytimes.com/1991/11/03/t-magazine/cocktails-with-a-twist.html
1991,1991-11-03T05:00:00Z,1990s,Nov-Dec,China Issues Rebuttal to Human Rights Critics,,,,World,Foreign Desk,News,article,397,China; International Relations; Freedom and Human Rights,https://www.nytimes.com/1991/11/03/world/china-issues-rebuttal-to-human-rights-critics.html
1991,1991-11-03T05:00:00Z,1990s,Nov-Dec,More Towns Regulating Yard Sales,,,,New York,New Jersey Weekly Desk,News,article,1604,New Jersey; GARAGE SALES; Law and Legislation,https://www.nytimes.com/1991/11/03/nyregion/more-towns-regulating-yard-sales.html
1991,1991-11-03T05:00:00Z,1990s,Nov-Dec,No Headline,,,,New York,Metropolitan Desk,Summary,article,715,NO INDEX TERMS,https://www.nytimes.com/1991/11/03/nyregion/no-headline-983091.html
1991,1991-11-03T05:00:00Z,1990s,Nov-Dec,"Sunday Brunch, Chinese Style",,,,Magazine,Entertaining Magazine,News,article,2221,"Simonds, Nina; Biographical Information; Cooking and Cookbooks; Recipes; Parties (Social); SPECIAL SECTIONS; Food",https://www.nytimes.com/1991/11/03/magazine/sunday-brunch-chinese-style.html
1991,1991-11-03T05:00:00Z,1990s,Nov-Dec,"WINTER IN THE SUN;
1492 and All That: Island Events","IN 1492 Christopher Columbus, stubbornly seeking a sea route to China but landing instead on the islands of the Caribbean, thought he had found the mythical Isles of the Blest. While the consequences of that error-ridden voyage are still everywhere palpable in daily life on both sides of the Atlantic, the quincentennial anniversary next year will serve as an occasion for a host of commemorations, celebrations and observances throughout the Caribbean that specifically invoke the spirit of The Discoverer.

The waters of the Caribbean will be crowded with regattas of reproductions of caravels and private boats attempting to trace Columbus's voyage from his sketchy and often intentionally misleading logs. Among others, a crew of Japanese sailors aboard a copy of the Santa Maria will fulfill Columbus's original goal of reaching the East -- though with the help of the Panama Canal -- by sailing from Barcelona to Kobe, Japan, touring the Caribbean along the way.",,"IN 1492 Christopher Columbus, stubbornly seeking a sea route to China but landing instead on the islands of the Caribbean, thought he had found the mythical Isles of the Blest. While the consequences of that error-ridden voyage are still everywhere palpable in daily life on both sides of the Atlantic, the quincentennial anniversary next year will serve as an occasion for a host of commemorations, celebrations and observances throughout the Caribbean that specifically invoke the spirit of The Discoverer.

The waters of the Caribbean will be crowded with regattas of reproductions of caravels and private boats attempting to trace Columbus's voyage from his sketchy and often intentionally misleading logs. Among others, a crew of Japanese sailors aboard a copy of the Santa Maria will fulfill Columbus's original goal of reaching the East -- though with the help of the Panama Canal -- by sailing from Barcelona to Kobe, Japan, touring the Caribbean along the way.",Travel,Travel Desk,News,article,1630,"Caribbean Area; STOLZ, GEORGE; Columbus, Christopher (1451-1506); Travel and Vacations; Exploration and Explorers",https://www.nytimes.com/1991/11/03/travel/winter-in-the-sun-1492-and-all-that-island-events.html
1991,1991-11-03T05:00:00Z,1990s,Nov-Dec,World Markets; A British Play Called ECC Group,,,,Business,Financial Desk,News,article,901,"ECC GROUP PLC; TEARE, ANDREW H; COMPANY AND ORGANIZATION PROFILES",https://www.nytimes.com/1991/11/03/business/world-markets-a-british-play-called-ecc-group.html
1991,1991-11-06T05:00:00Z,,,Cultural Links With Chinese Are Eroding,,,,World,,,,,,https://www.nytimes.com/1991/11/06/world/cultural-links-with-chinese-are-eroding.html
1991,1991-11-10T05:00:00Z,,,China Denies Hunger Strike,,,,World,,,,,,https://www.nytimes.com/1991/11/10/world/china-denies-hunger-strike.html
1991,1991-11-13T05:00:00Z,,,Foreign Affairs; Breaking China Apart,,,,Opinion,,,,,,https://www.nytimes.com/1991/11/13/opinion/foreign-affairs-breaking-china-apart.html
1991,1991-11-15T05:00:00Z,,,ALGERIAN REACTOR CAME FROM CHINA,,,,World,,,,,,https://www.nytimes.com/1991/11/15/world/algerian-reactor-came-from-china.html
1991,1991-11-20T05:00:00Z,,,"China, Too, Needs an Independent Judiciary",,,,Opinion,,,,,,https://www.nytimes.com/1991/11/20/opinion/l-china-too-needs-an-independent-judiciary-377891.html
1991,1991-11-27T05:00:00Z,,,U.S. Seeks Sanctions On China,,,,Business,,,,,,https://www.nytimes.com/1991/11/27/business/us-seeks-sanctions-on-china.html
1991,1991-11-29T05:00:00Z,,,China Expects Eventual Ties With Israel,,,,World,,,,,,https://www.nytimes.com/1991/11/29/world/china-expects-eventual-ties-with-israel.html
1991,1991-12-01T05:00:00Z,,,Rural China Reaps Fruits of Capitalism,,,,World,,,,,,https://www.nytimes.com/1991/12/01/world/rural-china-reaps-fruits-of-capitalism.html
1991,1991-12-06T05:00:00Z,,,COMPANY NEWS; Colgate Deal With China,,,,Business,,,,,,https://www.nytimes.com/1991/12/06/business/company-news-colgate-deal-with-china.html
1991,1991-12-08T05:00:00Z,,,Chinese Dissidents As Visiting Scholars,,,,New York,,,,,,https://www.nytimes.com/1991/12/08/nyregion/chinese-dissidents-as-visiting-scholars.html
1991,1991-12-12T05:00:00Z,,,China's Prime Minister Arrives in India,,,,World,,,,,,https://www.nytimes.com/1991/12/12/world/china-s-prime-minister-arrives-in-india.html
1991,1991-12-16T05:00:00Z,,,Iranian Official Visits China,,,,World,,,,,,https://www.nytimes.com/1991/12/16/world/iranian-official-visits-china.html
1991,1991-12-19T05:00:00Z,,,China Begins Trial Operation of Its First Atomic Power Plant,,,,World,,,,,,https://www.nytimes.com/1991/12/19/world/china-begins-trial-operation-of-its-first-atomic-power-plant.html
1991,1991-12-19T05:00:00Z,,,China Rebukes the U.S. on a Tariff Threat,,,,Business,,,,,,https://www.nytimes.com/1991/12/19/business/china-rebukes-the-us-on-a-tariff-threat.html
1991,1991-12-23T05:00:00Z,,,China Move On Trade,,,,Business,,,,,,https://www.nytimes.com/1991/12/23/business/china-move-on-trade.html
1991,1991-12-24T05:00:00Z,,,A Strong Vote for One China,,,,Opinion,,,,,,https://www.nytimes.com/1991/12/24/opinion/a-strong-vote-for-one-china.html
1992,1992-01-01T05:00:00Z,1990s,Jan-Feb,Editorial Notebook; The World Through Beijing's Eyes,,,,Opinion,Editorial Desk,Editorial,article,533,"China; Bush, George; United States International Relations; International Relations; Editorials; China-International Relations-US; Freedom and Human Rights",https://www.nytimes.com/1992/01/01/opinion/editorial-notebook-the-world-through-beijing-s-eyes.html
1992,1992-01-01T05:00:00Z,1990s,Jan-Feb,"Hong Kong Comes to the U.S., Whole Fish, Noodles and All",,,,Home & Garden,Living Desk,News,article,1429,Hong Kong; New York City; CHINATOWN (NYC); Restaurants,https://www.nytimes.com/1992/01/01/garden/hong-kong-comes-to-the-us-whole-fish-noodles-and-all.html
1992,1992-01-01T05:00:00Z,1990s,Jan-Feb,NEWS SUMMARY,,,,New York,Metropolitan Desk,Summary,article,986,NO INDEX TERMS,https://www.nytimes.com/1992/01/01/nyregion/news-summary-326092.html
1992,1992-01-02T05:00:00Z,1990s,Jan-Feb,Books of The Times; Americans as America's Own Worst Enemy,,,,Books,None,Review,article,896,"Hollander, Paul; BOOK REVIEWS; ANTI-AMERICANISM (BOOK)",https://www.nytimes.com/1992/01/02/books/books-of-the-times-americans-as-america-s-own-worst-enemy.html
1992,1992-01-02T05:00:00Z,1990s,Jan-Feb,Bush Assures Australians of His Support,,,,World,Foreign Desk,News,article,1351,"Japan; Australia; United States International Relations; International Trade and World Market; Protectionism (Trade); TRAVEL, PERSONAL; United States Armament and Defense",https://www.nytimes.com/1992/01/02/world/bush-assures-australians-of-his-support.html
1992,1992-01-02T05:00:00Z,1990s,Jan-Feb,DISSONANT MESSAGES; Investors' Hopes Overseas Shaded by Doubt,,,,Business,Financial Desk,News,article,1642,Economic Conditions and Trends; Stocks and Bonds,https://www.nytimes.com/1992/01/02/business/dissonant-messages-investors-hopes-overseas-shaded-by-doubt.html
1992,1992-01-02T05:00:00Z,1990s,Jan-Feb,India Seems Adrift in Changed World,,,,World,Foreign Desk,News,article,1060,India; UNION OF SOVIET SOCIALIST REPUBLICS (USSR); International Relations,https://www.nytimes.com/1992/01/02/world/india-seems-adrift-in-changed-world.html
1992,1992-01-02T05:00:00Z,1990s,Jan-Feb,LETTERS TO THE EDITOR,"Where Hatreds Run Deep. Regarding ""Germany Steps Out Smartly"" (Dec. 23) by Leslie H. Gelb:. I find disturbing the way Mr. Gelb dismisses the Vance-Carrington approach to the Yugoslav crisis in favor of Germany's black-and-white approach - Croats",,"Where Hatreds Run Deep. Regarding ""Germany Steps Out Smartly"" (Dec. 23) by Leslie H. Gelb:. I find disturbing the way Mr. Gelb dismisses the Vance-Carrington approach to the Yugoslav crisis in favor of Germany's black-and-white approach - Croats",Opinion,IHT News,,article,4414,,https://www.nytimes.com/1992/01/02/opinion/IHT-letters-to-the-editor.html
1992,1992-01-02T05:00:00Z,1990s,Jan-Feb,WHERE TO FIND IT; Picking Up the Pieces,,,,Home & Garden,Home Desk,News,article,445,Tableware; Glassware,https://www.nytimes.com/1992/01/02/garden/where-to-find-it-picking-up-the-pieces.html
1992,1992-01-03T05:00:00Z,1990s,Jan-Feb,A Leisured Stay In the Lap of Luxury,,,,Arts,Weekend Desk,News,article,1347,ESSEX HOUSE; RESTORATION AND REHABILITATION; HOTELS AND MOTELS,https://www.nytimes.com/1992/01/03/arts/a-leisured-stay-in-the-lap-of-luxury.html
1992,1992-01-03T05:00:00Z,1990s,Jan-Feb,Books of The Times; Life in a Country Where Nothing Works Out,,,,Books,None,Review,article,811,"Tolstaya, Tatyana; BOOK REVIEWS; SLEEPWALKER IN A FOG (BOOK)",https://www.nytimes.com/1992/01/03/books/books-of-the-times-life-in-a-country-where-nothing-works-out.html
1992,1992-01-03T05:00:00Z,1990s,Jan-Feb,For Children,,,,Arts,Weekend Desk,News,article,1835,New York City; Manhattan (NYC); Historic Buildings and Sites; Children and Youth; History; ENTERTAINMENT AND AMUSEMENTS,https://www.nytimes.com/1992/01/03/arts/for-children.html
1992,1992-01-03T05:00:00Z,1990s,Jan-Feb,"Francis Han Tingpi, Bishop Jailed by China",,,,Obituaries,Obituary,Obituary,article,217,"HAN TINGPI, FRANCIS; Biographical Information; DEATHS",https://www.nytimes.com/1992/01/03/obituaries/francis-han-tingpi-bishop-jailed-by-china.html
1992,1992-01-03T05:00:00Z,1990s,Jan-Feb,Hong Kong Defies Its Bosses,"The normally tame legislature of this British colony has staged an unprecedented revolt by rejecting an accord reached by Britain and China. The revolt reflects a sense of betrayal felt by Hong Kong residents, who are not being consulted by those deciding their fate. They fear that when China takes over the colony in 1997, the world will consider what China does here an internal affair, as in Tibet. They need American support.

The revolt took place over the composition of a Court of Final Appeal, a supreme court. The court would succeed the Privy Council in London. On Dec. 5, the day after the Legislative Council rejected the model for the court that Britain and China had agreed upon, China said Hong Kong had no right to repudiate the accord.",,"The normally tame legislature of this British colony has staged an unprecedented revolt by rejecting an accord reached by Britain and China. The revolt reflects a sense of betrayal felt by Hong Kong residents, who are not being consulted by those deciding their fate. They fear that when China takes over the colony in 1997, the world will consider what China does here an internal affair, as in Tibet. They need American support.

The revolt took place over the composition of a Court of Final Appeal, a supreme court. The court would succeed the Privy Council in London. On Dec. 5, the day after the Legislative Council rejected the model for the court that Britain and China had agreed upon, China said Hong Kong had no right to repudiate the accord.",Opinion,Editorial Desk,Op-Ed,article,683,"Hong Kong; China; CHING, FRANK; United States International Relations; Freedom and Human Rights; POLITICS 
AND GOVERNMENT; International Relations; COLONIES AND TERRITORIES",https://www.nytimes.com/1992/01/03/opinion/hong-kong-defies-its-bosses.html
1992,1992-01-03T05:00:00Z,1990s,Jan-Feb,Kansas City Journal; A Shared Dream: Treasures From a Sunken Boat,,,,U.S.,National Desk,News,article,914,Kansas City (Mo); STEAMBOATS; Boats and Boating,https://www.nytimes.com/1992/01/03/us/kansas-city-journal-a-shared-dream-treasures-from-a-sunken-boat.html
1992,1992-01-03T05:00:00Z,1990s,Jan-Feb,Supreme Court Case May Determine Fate of Thousands Seeking Asylum,,,,Archives,None,News,article,1798,"Latin America; United States; ELIAS ZACARIAS, JAIRO JONATHAN; Suits and Claims Against Government; Immigration and Emigration; REFUGEE ACT OF 1980; THE LAW PAGE (NYT)",https://www.nytimes.com/1992/01/03/news/supreme-court-case-may-determine-fate-of-thousands-seeking-asylum.html
1992,1992-01-03T05:00:00Z,1990s,Jan-Feb,West Acts to Defer Issue of New U.N. Council Seats,,,,World,Foreign Desk,News,article,705,RUSSIA (RUSSIAN REPUBLIC); Germany; United Nations; Terms not available,https://www.nytimes.com/1992/01/03/world/west-acts-to-defer-issue-of-new-un-council-seats.html
1992,1992-01-03T05:00:00Z,1990s,Jan-Feb,Why Did It Have to Take 'J.F.K.' to Wake Us?; Kennedy Was No Dove,,,,Opinion,Editorial Desk,Letter,article,485,"Stone, Oliver; Assassinations and Attempted Assassinations; JFK (Movie)",https://www.nytimes.com/1992/01/03/opinion/l-why-did-it-have-to-take-jfk-to-wake-us-kennedy-was-no-dove-276892.html
1992,1992-01-04T05:00:00Z,1990s,Jan-Feb,"China, Uzbekistan Form Ties",,,,World,Foreign Desk,News,article,77,Commonwealth of Independent States; China; Uzbekistan; International Relations; DIPLOMATIC RECOGNITION,https://www.nytimes.com/1992/01/04/world/china-uzbekistan-form-ties.html
1992,1992-01-04T05:00:00Z,1990s,Jan-Feb,Letter: On Research; Utilizing Former Soviet Scientists,,,,Opinion,Editorial Desk,Letter; Editorial,article,324,"United States; UNION OF SOVIET SOCIALIST REPUBLICS (USSR); Birman, Joseph L; Immigration and Emigration; Science and Technology",https://www.nytimes.com/1992/01/04/opinion/l-letter-on-research-utilizing-former-soviet-scientists-616392.html
1992,1992-03-01T05:00:00Z,1990s,Mar-Apr,A Chinese Master,"To anyone who thinks China is moist green paddy and bamboo groves, Shaanxi can seem another country: arid, austere, pale with wheat and yellow earth. Yet it is the Chinese heartland, famous as the province where the first Emperor of China was buried with his vast terra-cotta army and where the Communists' epic Long March ended. It is also where Zhang Yimou, China's most accomplished film director, was born and where he is shooting his new movie, ""The Story of Qiuju."" 

Winter here is three-toned: the white slopes, the brown earth, the gray fingers of bare poplars. And brightness strikes only around the set -- the redness of chilies hanging from the eaves of a farmhouse. Lashings of red tint Zhang's pictures. ""No color,"" he has said, ""is more redolent of China.""",,"To anyone who thinks China is moist green paddy and bamboo groves, Shaanxi can seem another country: arid, austere, pale with wheat and yellow earth. Yet it is the Chinese heartland, famous as the province where the first Emperor of China was buried with his vast terra-cotta army and where the Communists' epic Long March ended. It is also where Zhang Yimou, China's most accomplished film director, was born and where he is shooting his new movie, ""The Story of Qiuju."" 

Winter here is three-toned: the white slopes, the brown earth, the gray fingers of bare poplars. And brightness strikes only around the set -- the redness of chilies hanging from the eaves of a farmhouse. Lashings of red tint Zhang's pictures. ""No color,"" he has said, ""is more redolent of China.""",Magazine,Magazine Desk,Biography,article,4492,"China; YIMOU, ZHANG; PAN, LYNN; MOTION PICTURES; STORY OF QUIJU, THE (MOVIE)",https://www.nytimes.com/1992/03/01/magazine/a-chinese-master.html
1992,1992-03-01T05:00:00Z,1990s,Mar-Apr,A U.N. Refugee Envoy Is Urged for Iraq,,,,World,Foreign Desk,News,article,525,"Iraq; Great Britain; France; Hussein, Saddam; ATOMIC WEAPONS; United States International Relations; Kurds; SHIITE MOSLEMS; BIOLOGICAL WARFARE; REFUGEES AND EXPATRIATES; CHEMICAL WARFARE",https://www.nytimes.com/1992/03/01/world/a-un-refugee-envoy-is-urged-for-iraq.html
1992,1992-03-01T05:00:00Z,1990s,Mar-Apr,ART; 'New Directions in Multiples',,,,New York,Connecticut Weekly Desk,Review,article,800,ALDRICH MUSEUM; Reviews; ART SHOWS; Art,https://www.nytimes.com/1992/03/01/nyregion/art-new-directions-in-multiples.html
1992,1992-03-01T05:00:00Z,1990s,Mar-Apr,"ARTS/ARTIFACTS; Glimpsing Treasures of the Last Emperor, Tarnish and All",,,,Arts,Arts & Leisure Desk,News,article,811,China; PU YI; Reviews; History,https://www.nytimes.com/1992/03/01/arts/arts-artifacts-glimpsing-treasures-of-the-last-emperor-tarnish-and-all.html
1992,1992-03-01T05:00:00Z,1990s,Mar-Apr,"BEST SELLERS: March 1, 1992",,,,Books,Book Review Desk,List,article,1464,NO INDEX TERMS,https://www.nytimes.com/1992/03/01/books/best-sellers-march-1-1992.html
1992,1992-03-01T05:00:00Z,1990s,Mar-Apr,Business Diary/February 23-28,,,,Business,Financial Desk,Summary,article,1710,NO INDEX TERMS,https://www.nytimes.com/1992/03/01/business/business-diary-february-23-28.html
1992,1992-03-01T05:00:00Z,1990s,Mar-Apr,CRAFTS; Quilts Composed as 'Poems' in Cloth,,,,New York,New Jersey Weekly Desk,News,article,950,"HENRION, MARILYN; Reviews; Quilts; SHOWS (EXHIBITS)",https://www.nytimes.com/1992/03/01/nyregion/crafts-quilts-composed-as-poems-in-cloth.html
1992,1992-03-01T05:00:00Z,1990s,Mar-Apr,Cooking at the Ritz,,,,Travel,Travel Desk,News,article,2606,Paris (France); France; ECOLE DE GASTRONOMIE FRANCAISE RITZ-ESCOFFIER; Ritz Hotel; Cooking and Cookbooks; Nytravel,https://www.nytimes.com/1992/03/01/travel/cooking-at-the-ritz.html
1992,1992-03-01T05:00:00Z,1990s,Mar-Apr,"DINING OUT;
Shanghai Cuisine Arrives in Larchmont","AVOIDING the doldrums in which the once unique Hunan-Sichuan cuisine has been mired -- in most Chinese restaurants the style is now a catchword for whatever the kitchen feels like turning out that's hot with red chili -- Ray's Cafe comes to our rescue. Since it opened seven months ago, this tiny place has attracted a growing clientele delighted with the subtle, ultra-light versions of Shanghai cooking, the cuisine already known for its fresh tastes and natural flavors.

Because of its nearness to many lakes, the marshy land of the Yangtze Delta and the China Sea, the coastal area around Shanghai has been called the land of fish and rice. And diners will find rice in many forms figuring prominently in this cuisine -- in rice noodles, rice wine and rice vinegar, the last two often used as a replacement for soy sauce or salt.",,"AVOIDING the doldrums in which the once unique Hunan-Sichuan cuisine has been mired -- in most Chinese restaurants the style is now a catchword for whatever the kitchen feels like turning out that's hot with red chili -- Ray's Cafe comes to our rescue. Since it opened seven months ago, this tiny place has attracted a growing clientele delighted with the subtle, ultra-light versions of Shanghai cooking, the cuisine already known for its fresh tastes and natural flavors.

Because of its nearness to many lakes, the marshy land of the Yangtze Delta and the China Sea, the coastal area around Shanghai has been called the land of fish and rice. And diners will find rice in many forms figuring prominently in this cuisine -- in rice noodles, rice wine and rice vinegar, the last two often used as a replacement for soy sauce or salt.",New York,Westchester Weekly Desk,Review,article,904,"RAY'S CAFE (LARCHMONT, NY); Reed, M H; RESTAURANT REVIEWS",https://www.nytimes.com/1992/03/01/nyregion/dining-out-shanghai-cuisine-arrives-in-larchmont.html
1992,1992-03-01T05:00:00Z,1990s,Mar-Apr,From I.B.M. Jobs to Assignments in Paris,,,,New York,Westchester Weekly Desk,News,article,1512,"Westchester County (NY); Paris (France); BANCEL, PETER A; SHASHA, DENNIS E; Science and Technology; Research",https://www.nytimes.com/1992/03/01/nyregion/from-ibm-jobs-to-assignments-in-paris.html
1992,1992-03-01T05:00:00Z,1990s,Mar-Apr,Lisbon: Reliquary of Portugal's Golden Age,,,,Magazine,Sophisticated Traveler Magazine,News,article,2922,Portugal; Lisbon (Portugal); Nytravel; Travel and Vacations,https://www.nytimes.com/1992/03/01/magazine/lisbon-reliquary-of-portugal-s-golden-age.html
1992,1992-03-01T05:00:00Z,1990s,Mar-Apr,New & Noteworthy,,,,Books,Book Review Desk,Review,article,843,Books and Literature; Book Trade; PAPERBACK BOOKS,https://www.nytimes.com/1992/03/01/books/new-noteworthy.html
1992,1992-03-01T05:00:00Z,1990s,Mar-Apr,Noted With Pleasure,,,,Books,Book Review Desk,News,article,960,Books and Literature,https://www.nytimes.com/1992/03/01/books/noted-with-pleasure.html
1992,1992-03-01T05:00:00Z,1990s,Mar-Apr,Quixote in Chicago,"ROBERT M. HUTCHINS

Portrait of an Educator.
By Mary Ann Dzuback.
Illustrated. 387 pp. Chicago:
University of Chicago Press. $24.95.

HUTCHINS' UNIVERSITY

A Memoir of the University of Chicago 1929-1950.
By William H. McNeill.
Illustrated. 194 pp. Chicago:
University of Chicago Press. $24.95.",,"ROBERT M. HUTCHINS

Portrait of an Educator.
By Mary Ann Dzuback.
Illustrated. 387 pp. Chicago:
University of Chicago Press. $24.95.

HUTCHINS' UNIVERSITY

A Memoir of the University of Chicago 1929-1950.
By William H. McNeill.
Illustrated. 194 pp. Chicago:
University of Chicago Press. $24.95.",Books,Book Review Desk,News,article,748,"DZUBACK, MARY ANN; McNeill, William H; Heller, Scott; BOOK REVIEWS; ROBERT M HUTCHINS (BOOK); HUTCHINS' UNIVERSITY (BOOK)",https://www.nytimes.com/1992/03/01/books/quixote-in-chicago.html
1992,1992-03-01T05:00:00Z,1990s,Mar-Apr,THE 1992 CAMPAIGN: Candidates Records; White House Hopes to Trip Buchanan on His Paper Trail,,,,U.S.,National Desk,Biography,article,2041,"Republican Party; Bush, George; Buchanan, Patrick J; Political Advertising; Television; ELECTION ISSUES; women; News and News Media; Presidential Election of 1992",https://www.nytimes.com/1992/03/01/us/1992-campaign-candidates-records-white-house-hopes-trip-buchanan-his-paper-trail.html
1992,1992-03-01T05:00:00Z,1990s,Mar-Apr,Taking On Mount Kinabalu,"KINABALU is no mountain for old men. Towering 13,455 feet over the jungles of north Borneo, it is the highest peak in Southeast Asia. But I feel no hesitation, no self-doubt, despite my 43 years. The path is groomed to the top, and when I last hiked to comparable heights -- although it was 10 years ago -- I suffered nothing more than sunburn.

 My wife is perfectly content to stay below, snug in the lavish confines of the Tanjung Aru Beach Hotel, a getaway for expatriates, business executives and other travelers to East Malaysia. There's a pool shimmering before us like a heated oasis. But there's also the mountain, 60 miles into the interior, and I feel its shadow.",,"KINABALU is no mountain for old men. Towering 13,455 feet over the jungles of north Borneo, it is the highest peak in Southeast Asia. But I feel no hesitation, no self-doubt, despite my 43 years. The path is groomed to the top, and when I last hiked to comparable heights -- although it was 10 years ago -- I suffered nothing more than sunburn.

 My wife is perfectly content to stay below, snug in the lavish confines of the Tanjung Aru Beach Hotel, a getaway for expatriates, business executives and other travelers to East Malaysia. There's a pool shimmering before us like a heated oasis. But there's also the mountain, 60 miles into the interior, and I feel its shadow.",Travel,Travel Desk,News,article,2775,"MOUNT KINABALU; Borneo (Indonesia); INDONESIA, REPUBLIC OF; Brown, J D; Mountain Climbing; Travel and Vacations",https://www.nytimes.com/1992/03/01/travel/taking-on-mount-kinabalu.html
1992,1992-03-01T05:00:00Z,1990s,Mar-Apr,Technology; Polyvision Nips at the Heels of the LCD,,,,Business,Financial Desk,News,article,1535,Japan; ALPINE GROUP INC; ALPINE POLYVISION INC; Electronics,https://www.nytimes.com/1992/03/01/business/technology-polyvision-nips-at-the-heels-of-the-lcd.html
1992,1992-03-01T05:00:00Z,1990s,Mar-Apr,Votes in Congress,,,,New York,Metropolitan Desk,List,article,998,"China; United States; Haiti; Bush, George; Capital Gains Tax; International Trade and World Market; Tax Credits; Taxation; Finances; Federal Taxes (US); MOST-FAVORED-NATION TREATMENT; REFUGEES AND EXPATRIATES; Budgets and Budgeting",https://www.nytimes.com/1992/03/01/nyregion/votes-in-congress-672692.html
1992,1992-03-01T05:00:00Z,1990s,Mar-Apr,WESTCHESTER GUIDE,,,,New York,Westchester Weekly Desk,News,article,1209,NO INDEX TERMS,https://www.nytimes.com/1992/03/01/nyregion/westchester-guide-724692.html
1992,1992-05-01T05:00:00Z,1990s,May-Jun,"Critic's Notebook; Early Capra, When He Had An Edge",,,,Movies,Weekend Desk,Biography,article,2186,MOTION PICTURES,https://www.nytimes.com/1992/05/01/movies/critic-s-notebook-early-capra-when-he-had-an-edge.html
1992,1992-05-02T05:00:00Z,1990s,May-Jun,NEWS SUMMARY,,,,New York,Metropolitan Desk,Summary,article,1053,NO INDEX TERMS,https://www.nytimes.com/1992/05/02/nyregion/news-summary-114392.html
1992,1992-05-03T05:00:00Z,1990s,May-Jun,27 COUNTRIES SIGN NEW ATOM ACCORD,,,,World,Foreign Desk,News,article,832,ATOMIC WEAPONS; Arms Control and Limitation and Disarmament,https://www.nytimes.com/1992/05/03/world/27-countries-sign-new-atom-accord.html
1992,1992-05-03T05:00:00Z,1990s,May-Jun,A Cultural Exchange at Long Wharf,"""THE most important and demanding thing is to keep freshness in your work,"" said Arvin Brown, artistic director of Long Wharf Theater. ""I may fall on my face. But what makes me enjoy what I do is that I'm still always tackling something new. In the creative arts, to stand still is to go backward.""

Twenty-five years ago, just out of the Yale School of Drama, Mr. Brown assumed artistic command of the newly hatched theater in New Haven. Since then, Hal Holbrook, Joanne Woodward, Jason Robards and many other stars have performed there, and more than 20 plays have moved from Long Wharf to Off Broadway and Broadway, garnering Pulitzers and Tonys along their way.",,"""THE most important and demanding thing is to keep freshness in your work,"" said Arvin Brown, artistic director of Long Wharf Theater. ""I may fall on my face. But what makes me enjoy what I do is that I'm still always tackling something new. In the creative arts, to stand still is to go backward.""

Twenty-five years ago, just out of the Yale School of Drama, Mr. Brown assumed artistic command of the newly hatched theater in New Haven. Since then, Hal Holbrook, Joanne Woodward, Jason Robards and many other stars have performed there, and more than 20 plays have moved from Long Wharf to Off Broadway and Broadway, garnering Pulitzers and Tonys along their way.",New York,Connecticut Weekly Desk,News,article,1084,"China; LONG WHARF THEATER (NEW HAVEN); SHANGHAI PEOPLE'S ART THEATER; Brown, Arvin; BENNETT, HELEN; Theater; CULTURAL RELATIONS",https://www.nytimes.com/1992/05/03/nyregion/a-cultural-exchange-at-long-wharf.html
1992,1992-05-03T05:00:00Z,1990s,May-Jun,A Model English Garden,,,,Travel,Travel Desk,News,article,1713,Great Britain; WISLEY GARDENS (ENGLAND); Royal Horticultural Society; Gardens and Gardening; Nytravel,https://www.nytimes.com/1992/05/03/travel/a-model-english-garden.html
1992,1992-05-03T05:00:00Z,1990s,May-Jun,"ART REVIEW;
Medical Missionary Work in China","IN 1835 the Rev. Peter Parker, M.D., opened a clinic in Canton, China, for the treatment of eye diseases. At the time Western medical practice was virtually unknown in the Far East, where foreign influence was viewed with well-founded suspicion.

Yet, in spite of a limited knowledge of the language and the wide cultural gulf between himself and his patients, Parker's practice flourished and extended well beyond ophthalmology. In the next 20 years his Canton Hospital treated 53,000 people with complaints like kidney stones and leprosy.",,"IN 1835 the Rev. Peter Parker, M.D., opened a clinic in Canton, China, for the treatment of eye diseases. At the time Western medical practice was virtually unknown in the Far East, where foreign influence was viewed with well-founded suspicion.

Yet, in spite of a limited knowledge of the language and the wide cultural gulf between himself and his patients, Parker's practice flourished and extended well beyond ophthalmology. In the next 20 years his Canton Hospital treated 53,000 people with complaints like kidney stones and leprosy.",New York,Long Island Weekly Desk,Review,article,939,"China; Yale University; Harrison, Helen A; LAM QUA; PARKER, PETER (REV) (DR); Art; Reviews; ART SHOWS; Medicine and Health",https://www.nytimes.com/1992/05/03/nyregion/art-review-medical-missionary-work-in-china.html
1992,1992-05-03T05:00:00Z,1990s,May-Jun,ART; 'Balzac of the Camera' Preserved The Details of Parisian Churches,,,,New York,Connecticut Weekly Desk,Review,article,954,"Wesleyan University; Atget, Eugene; Reviews; RELIGION AND CHURCHES; Photography; SHOWS (EXHIBITS)",https://www.nytimes.com/1992/05/03/nyregion/art-balzac-of-the-camera-preserved-the-details-of-parisian-churches.html
1992,1992-05-03T05:00:00Z,1990s,May-Jun,ARTS/ARTIFACTS; A Klee? A Mondrian? Guess Again,,,,Arts,Arts & Leisure Desk,News,article,714,KOREA (PRE-1945); Textiles; SHOWS (EXHIBITS); APPAREL,https://www.nytimes.com/1992/05/03/arts/arts-artifacts-a-klee-a-mondrian-guess-again.html
1992,1992-05-03T05:00:00Z,1990s,May-Jun,Chinese Hard-Liner Gives the Nod to Freer Market,,,,World,Foreign Desk,News,article,557,China; Chen Yun; Politics and Government; Economic Conditions and Trends,https://www.nytimes.com/1992/05/03/world/chinese-hard-liner-gives-the-nod-to-freer-market.html
1992,1992-05-03T05:00:00Z,1990s,May-Jun,FOOD; A Gutsy Palate,,,,Magazine,Magazine Desk,News,article,2376,Biba; Restaurants; Recipes,https://www.nytimes.com/1992/05/03/magazine/food-a-gutsy-palate.html
1992,1992-05-03T05:00:00Z,1990s,May-Jun,OUT THERE: GUANGZHOU; Let a Thousand Lipsticks Bloom,,,,Style,Styles of The Times,News,article,884,China; Avon Products Inc; Cosmetics; women,https://www.nytimes.com/1992/05/03/style/out-there-guangzhou-let-a-thousand-lipsticks-bloom.html
1992,1992-05-03T05:00:00Z,1990s,May-Jun,"PAPERBACK BEST SELLERS: May 3, 1992",,,,Books,Book Review Desk,List,article,918,NO INDEX TERMS,https://www.nytimes.com/1992/05/03/books/paperback-best-sellers-may-3-1992.html
1992,1992-05-03T05:00:00Z,1990s,May-Jun,"THE WORLD; New, Virulent Strains of Hatred in the Balkans, and Beyond",,,,Week in Review,Week in Review Desk,News,article,1140,"BOSNIA-HERZEGOVINA (YUGOSLAVIA); Serbia (Yugoslavia); Yugoslavia; CIVIL WAR AND GUERRILLA WARFARE; MINORITIES (ETHNIC, RACIAL, RELIGIOUS); MILITARY ACTION",https://www.nytimes.com/1992/05/03/weekinreview/the-world-new-virulent-strains-of-hatred-in-the-balkans-and-beyond.html
1992,1992-05-03T05:00:00Z,1990s,May-Jun,The Dowager Got a Bad Rap,"DRAGON LADY

The Life and Legend of the Last Empress of China.
By Sterling Seagrave
with the collaboration of Peggy Seagrave.
Illustrated. 601 pp. New York:
Alfred A. Knopf. $30.",,"DRAGON LADY

The Life and Legend of the Last Empress of China.
By Sterling Seagrave
with the collaboration of Peggy Seagrave.
Illustrated. 601 pp. New York:
Alfred A. Knopf. $30.",Books,Book Review Desk,News,article,1726,"MacFarquhar, Emily; Seagrave, Sterling; Seagrave, Peggy; BOOK REVIEWS; DRAGON LADY (BOOK)",https://www.nytimes.com/1992/05/03/books/the-dowager-got-a-bad-rap.html
1992,1992-05-03T05:00:00Z,1990s,May-Jun,WEDDINGS; Elizabeth Clary Has Wedding,,,,Style,Society Desk,News,article,143,"CLARY, ELIZABETH JEANNE; CHOW, EDWARD CHEE HSUAN; Weddings and Engagements",https://www.nytimes.com/1992/05/03/style/weddings-elizabeth-clary-has-wedding.html
1992,1992-05-04T05:00:00Z,1990s,May-Jun,A Reality Jolt at Hongkong Bank,"Following Lloyds Bank's threat last week to make a hostile counter bid for Midland Bank, executives at Hongkong & Shanghai Bank, Midland's original suitor, are being criticized for not doing a better job of selling their offer to London's financial co",,"Following Lloyds Bank's threat last week to make a hostile counter bid for Midland Bank, executives at Hongkong & Shanghai Bank, Midland's original suitor, are being criticized for not doing a better job of selling their offer to London's financial co",Business,IHT News,,article,5735,,https://www.nytimes.com/1992/05/04/business/worldbusiness/IHT-a-reality-jolt-at-hongkong-bank.html
1992,1992-05-04T05:00:00Z,1990s,May-Jun,"DIVING; At 14, a Diver Reaches New Heights",,,,Sports,Sports Desk,Biography,article,1031,China; FU MINGXIA; Diving (Sports Event),https://www.nytimes.com/1992/05/04/sports/diving-at-14-a-diver-reaches-new-heights.html
1992,1992-05-04T05:00:00Z,1990s,May-Jun,RIOTS IN LOS ANGELES; China Asserts Rioting Reflects Rights Abuses,,,,U.S.,National Desk,News,article,134,Los Angeles (Calif); China; International Relations; BLACKS (IN US); BRUTALITY AND HARASSMENT CHARGES; RACIAL RELATIONS; Demonstrations and Riots; Police; Freedom and Human Rights,https://www.nytimes.com/1992/05/04/us/riots-in-los-angeles-china-asserts-rioting-reflects-rights-abuses.html
1992,1992-05-05T05:00:00Z,1990s,May-Jun,PERSONAL COMPUTERS; A Green Revolution in Printers,,,,Science,Science Desk,News,article,859,COMPUTER FRIENDS INC; KYOCERA CORP; Canon USA Inc; Personal Computers; DATA PROCESSING (COMPUTERS); PERSONAL COMPUTERS (TIMES COLUMN),https://www.nytimes.com/1992/05/05/science/personal-computers-a-green-revolution-in-printers.html
1992,1992-05-05T05:00:00Z,1990s,May-Jun,Patterns,,,,Archives,None,News,article,571,Los Angeles (Calif); BULLOCK'S WILSHIRE SPECIALTY STORES; Historic Buildings and Sites; LOOT AND LOOTING; BLACKS (IN US); Demonstrations and Riots; RETAIL STORES AND TRADE; FASHION PAGE (NYT),https://www.nytimes.com/1992/05/05/news/patterns-686992.html
1992,1992-07-01T05:00:00Z,1990s,Jul-Aug,A City of Immigrants Is Pictured in Report,,,,New York,Metropolitan Desk,News,article,785,Guyana; New York City; Jamaica (West Indies); China; United States; Dominican Republic; Haiti; FOREIGN POPULATION AND FOREIGN DESCENT GROUPS; SPANISH-SPEAKING GROUPS (US); Immigration and Emigration,https://www.nytimes.com/1992/07/01/nyregion/a-city-of-immigrants-is-pictured-in-report.html
1992,1992-07-01T05:00:00Z,1990s,Jul-Aug,Beijing Journal; Will 'Princes' Inherit China? Fathers Know Best,,,,World,Foreign Desk,News,article,975,China; Deng Xiaoping; Nepotism; Biographical Information; Politics and Government,https://www.nytimes.com/1992/07/01/world/beijing-journal-will-princes-inherit-china-fathers-know-best.html
1992,1992-07-01T05:00:00Z,1990s,Jul-Aug,Ex-Communists Win Mongolia Election; Democrats Puzzled,,,,World,Foreign Desk,News,article,313,Mongolia; Politics and Government; Elections,https://www.nytimes.com/1992/07/01/world/ex-communists-win-mongolia-election-democrats-puzzled.html
1992,1992-07-01T05:00:00Z,1990s,Jul-Aug,Hong Kong Is Racing Toward '97,"In July 1997, five years from now, Hong Kong will revert to Chinese rule, which has not prevailed here for 155 years - and then only weakly. What will it mean for the territory?. Conditions half a decade hence are prefigured by sharp changes that have rec",,"In July 1997, five years from now, Hong Kong will revert to Chinese rule, which has not prevailed here for 155 years - and then only weakly. What will it mean for the territory?. Conditions half a decade hence are prefigured by sharp changes that have rec",Opinion,IHT News,,article,4419,,https://www.nytimes.com/1992/07/01/opinion/IHT-hong-kong-is-racing-toward-97.html
1992,1992-07-01T05:00:00Z,1990s,Jul-Aug,NEWS SUMMARY,,,,U.S.,National Desk,Summary,article,1034,NO INDEX TERMS,https://www.nytimes.com/1992/07/01/us/news-summary-475992.html
1992,1992-07-01T05:00:00Z,1990s,Jul-Aug,Trying Task for New Hong Kong Chief,"British tabloids have had fun itemizing the yacht, two estates, $273,000 tax-free salary and assorted other perks that await Christopher Patten when he takes up the cushy post of Hong Kong's latest, and perhaps last, governor next week. . Beijing, too, ap",,"British tabloids have had fun itemizing the yacht, two estates, $273,000 tax-free salary and assorted other perks that await Christopher Patten when he takes up the cushy post of Hong Kong's latest, and perhaps last, governor next week. . Beijing, too, ap",Archives,IHT News,,article,4115,,https://www.nytimes.com/1992/07/01/IHT-trying-task-for-new-hong-kong-chief.html
1992,1992-07-02T05:00:00Z,1990s,Jul-Aug,Bush Has Steered Right Course on China,,,,Opinion,Editorial Desk,Letter,article,234,"China; Bush, George; ZHAO JINGLUN; United States International Relations",https://www.nytimes.com/1992/07/02/opinion/l-bush-has-steered-right-course-on-china-042892.html
1992,1992-07-02T05:00:00Z,1990s,Jul-Aug,Dassault's Jet and Taiwan: Is a $10 Billion Deal Worth Offending the Chinese?,"A pending $10 billion deal to sell warplanes to Taiwan could tide French defense contractors over a worsening shakeout in Europe's aerospace industry, but only at the cost of a political confrontation with China.. The order for as many as 100 Mirage 2000-",,"A pending $10 billion deal to sell warplanes to Taiwan could tide French defense contractors over a worsening shakeout in Europe's aerospace industry, but only at the cost of a political confrontation with China.. The order for as many as 100 Mirage 2000-",Archives,IHT News,,article,4317,,https://www.nytimes.com/1992/07/02/IHT-dassaults-jet-and-taiwan-is-a-10-billion-deal-worth-offending-the.html
1992,1992-07-03T05:00:00Z,1990s,Jul-Aug,A SALUTE TO THE FOURTH; Of Time And the Sea: A Majestic History,,,,Arts,Weekend Desk,News,article,1109,"Columbus, Christopher; Ships and Shipping; Independence Day (US) (July 4); OPERATION SAIL",https://www.nytimes.com/1992/07/03/arts/a-salute-to-the-fourth-of-time-and-the-sea-a-majestic-history.html
1992,1992-07-03T05:00:00Z,1990s,Jul-Aug,COMPANY NEWS; UNITED AIR TO BEGIN FIRST NONSTOP U.S.-CHINA FLIGHTS,,,,Business,Financial Desk,News,article,75,China; Shanghai (China); Beijing (China); UNITED AIRLINES INC; Airlines and Airplanes,https://www.nytimes.com/1992/07/03/business/company-news-united-air-to-begin-first-nonstop-us-china-flights.html
1992,1992-07-03T05:00:00Z,1990s,Jul-Aug,Market Place; Mutual Funds Generally Fizzled in the 2d Quarter,,,,Business,Financial Desk,News,article,540,Lipper Analytical Services Inc; Mutual Funds; Stocks and Bonds,https://www.nytimes.com/1992/07/03/business/market-place-mutual-funds-generally-fizzled-in-the-2d-quarter.html
1992,1992-07-03T05:00:00Z,1990s,Jul-Aug,"On Mott Street in Summertime, Fireworks Rule",,,,New York,Metropolitan Desk,News,article,965,"New York City; LITTLE ITALY (NYC); CHINATOWN (NYC); Independence Day (US) (July 4); Vendors, Street; Fireworks",https://www.nytimes.com/1992/07/03/nyregion/on-mott-street-in-summertime-fireworks-rule.html
1992,1992-07-03T05:00:00Z,1990s,Jul-Aug,"Qian Sanqiang, Chinese Physicist On Atom Bomb Team, Dies at 79",,,,World,Foreign Desk,Biography; Obituary,article,734,QIAN SANQIANG; Biographical Information; DEATHS,https://www.nytimes.com/1992/07/03/world/qian-sanqiang-chinese-physicist-on-atom-bomb-team-dies-at-79.html
1992,1992-07-03T05:00:00Z,1990s,Jul-Aug,Shopping: Home Ready-to-Wear,The mixes are serendipitous: a Rifat Ozbek jacket hanging next to a piece of modern art furniture; a row of Fornasseti-decorated plates lined up in a row of Katherine Hamnett dresses; linen sheets and pillowcases nestled next to a showcase for shoes.. It',,The mixes are serendipitous: a Rifat Ozbek jacket hanging next to a piece of modern art furniture; a row of Fornasseti-decorated plates lined up in a row of Katherine Hamnett dresses; linen sheets and pillowcases nestled next to a showcase for shoes.. It',Style,IHT News,,article,7209,,https://www.nytimes.com/1992/07/03/style/IHT-shopping-home-readytowear.html
1992,1992-07-03T05:00:00Z,1990s,Jul-Aug,Stern British and Angry Chinese to Resume Hong Kong Talks,,,,World,Foreign Desk,News,article,622,"Hong Kong; Great Britain; China; COLES, JOHN; Lee, Martin C M; Major, John; International Relations; COLONIES AND TERRITORIES; CHINA-INTERNATIONAL RELATIONS-GREAT BRITAIN; Freedom and Human Rights",https://www.nytimes.com/1992/07/03/world/stern-british-and-angry-chinese-to-resume-hong-kong-talks.html
1992,1992-07-03T05:00:00Z,1990s,Jul-Aug,Taiwan's Locomotive Is Pulling Along the Mainland,"Taiwan may well be taking over the Chinese mainland using what Mao Zedong described as ""sugar-coated bullets."" Once thought to be inevitably part of Mao's new Communist China, Taiwan has reversed roles to become a key force shaping the economic",,"Taiwan may well be taking over the Chinese mainland using what Mao Zedong described as ""sugar-coated bullets."" Once thought to be inevitably part of Mao's new Communist China, Taiwan has reversed roles to become a key force shaping the economic",Opinion,IHT News,,article,6252,,https://www.nytimes.com/1992/07/03/opinion/IHT-taiwans-locomotive-is-pulling-along-the-mainland.html
1992,1992-07-03T05:00:00Z,1990s,Jul-Aug,U.K. and China to Negotiate Colony Airport Funds,"British and Chinese officials will meet in Beijing starting Friday to try to end a simmering dispute over the financial arrangements for Hong Kong's $14.4 billion new airport, officialssaid Thursday. . Sir John Coles, deputy undersecretary of state at t",,"British and Chinese officials will meet in Beijing starting Friday to try to end a simmering dispute over the financial arrangements for Hong Kong's $14.4 billion new airport, officialssaid Thursday. . Sir John Coles, deputy undersecretary of state at t",Archives,IHT News,,article,2814,,https://www.nytimes.com/1992/07/03/IHT-uk-and-china-to-negotiate-colony-airport-funds.html
1992,1992-07-04T05:00:00Z,1990s,Jul-Aug,Better to Stop Missiles on Ground Than in Sky; Test Moratorium,,,,Opinion,Editorial Desk,Letter,article,342,"Bush, George; Yeltsin, Boris N; Arms Control and Limitation and Disarmament",https://www.nytimes.com/1992/07/04/opinion/l-better-to-stop-missiles-on-ground-than-in-sky-test-moratorium-851392.html
1992,1992-07-04T05:00:00Z,1990s,Jul-Aug,China Trade Curb Backed,,,,Business,Financial Desk,News,article,148,"Syria; Iran; China; United States; Bush, George; Arms Sales Abroad; ATOMIC WEAPONS; United States International Relations; International Trade and World Market; China-International Relations-US; MOST-FAVORED-NATION TREATMENT; Freedom and Human Rights",https://www.nytimes.com/1992/07/04/business/china-trade-curb-backed.html
1992,1992-07-05T05:00:00Z,1990s,Jul-Aug,"Resettled Tibetans Are Anxious to Leave Politics, Not Culture, Behind","LATER this month six Tibetan men and women who have lived in exile in India or Nepal will migrate to Connecticut, settling into homes and jobs that are being offered nationwide to 1,000 exiled Tibetans. It is such a small number, no more than 25 are expected in the state during the next year. But to Dicki Gyamcho, who is coordinating the project in Connecticut, the arrival of the Tibetans adds a personal link to a chain of events that began in 1959, a decade after the Chinese had invaded their homeland.

That year, a young Tibetan woman journeyed by pickup truck across the Himalayas into India. Her husband followed the same route several months later. They were among 100,000 Tibetans who fled as the Chinese Government attempted to destroy Tibet. The exodus was led by their political and spiritual leader, the Dalai Lama, who set up a government in India, conceding that freedom was possible only in exile.",,"LATER this month six Tibetan men and women who have lived in exile in India or Nepal will migrate to Connecticut, settling into homes and jobs that are being offered nationwide to 1,000 exiled Tibetans. It is such a small number, no more than 25 are expected in the state during the next year. But to Dicki Gyamcho, who is coordinating the project in Connecticut, the arrival of the Tibetans adds a personal link to a chain of events that began in 1959, a decade after the Chinese had invaded their homeland.

That year, a young Tibetan woman journeyed by pickup truck across the Himalayas into India. Her husband followed the same route several months later. They were among 100,000 Tibetans who fled as the Chinese Government attempted to destroy Tibet. The exodus was led by their political and spiritual leader, the Dalai Lama, who set up a government in India, conceding that freedom was possible only in exile.",New York,Connecticut Weekly Desk,News,article,1915,"Tibet; Connecticut; TIBETAN RESETTLEMENT PROJECT; Selditch, Dianne; GYAMCHO, DICKI; Immigration and Emigration; REFUGEES AND EXPATRIATES",https://www.nytimes.com/1992/07/05/nyregion/resettled-tibetans-are-anxious-to-leave-politics-not-culture-behind.html
1992,1992-09-01T05:00:00Z,1990s,Sep-Oct,1992 Emmy Winners --,,,,Archives,None,List,article,972,"Television; Emmy Awards; Awards, Decorations and Honors",https://www.nytimes.com/1992/09/01/news/1992-emmy-winners.html
1992,1992-09-01T05:00:00Z,1990s,Sep-Oct,Bridge,,,,New York,Metropolitan Desk,News,article,408,Bridge (Card Game),https://www.nytimes.com/1992/09/01/nyregion/bridge-138092.html
1992,1992-09-01T05:00:00Z,1990s,Sep-Oct,Imprisoned China Pro-Democrats Charge Torture,,,,World,Foreign Desk,News,article,425,China; ASIA WATCH; LIU GANG; Political Prisoners; Freedom and Human Rights; Torture,https://www.nytimes.com/1992/09/01/world/imprisoned-china-pro-democrats-charge-torture.html
1992,1992-09-01T05:00:00Z,1990s,Sep-Oct,NEWS SUMMARY,,,,New York,Metropolitan Desk,Summary,article,1033,NO INDEX TERMS,https://www.nytimes.com/1992/09/01/nyregion/news-summary-232792.html
1992,1992-09-01T05:00:00Z,1990s,Sep-Oct,SCIENCE WATCH; Scientists Find Bones Of a Dinosaur Embryo,,,,Science,Science Desk,News,article,337,Dinosaur National Monument (Utah); Paleontology; Dinosaurs,https://www.nytimes.com/1992/09/01/science/science-watch-scientists-find-bones-of-a-dinosaur-embryo.html
1992,1992-09-01T05:00:00Z,1990s,Sep-Oct,Shanghai Journal; Chinese Are on Notice: The Giant's on the Move,,,,World,Foreign Desk,News,article,865,China; Shanghai (China); Foreign Investments; GEOGRAPHIC PROFILES; Economic Conditions and Trends,https://www.nytimes.com/1992/09/01/world/shanghai-journal-chinese-are-on-notice-the-giant-s-on-the-move.html
1992,1992-09-02T05:00:00Z,1990s,Sep-Oct,Bridge,,,,New York,Metropolitan Desk,News,article,453,Bridge (Card Game),https://www.nytimes.com/1992/09/02/nyregion/bridge-395792.html
1992,1992-09-02T05:00:00Z,1990s,Sep-Oct,China Arrests a Student Leader Back From Exile in the U.S.,,,,World,Foreign Desk,Biography,article,724,China; SHEN TONG; Political Prisoners; Politics and Government; Freedom and Human Rights,https://www.nytimes.com/1992/09/02/world/china-arrests-a-student-leader-back-from-exile-in-the-us.html
1992,1992-09-02T05:00:00Z,1990s,Sep-Oct,China to Free More Prices,,,,Business,Financial Desk,News,article,200,China; PRICES; Economic Conditions and Trends,https://www.nytimes.com/1992/09/02/business/china-to-free-more-prices.html
1992,1992-09-02T05:00:00Z,1990s,Sep-Oct,Food Industry Views the Thrifty Bean With New Admiration,,,,Home & Garden,Living Desk,News,article,1316,Agriculture Department; Diet and Nutrition; Vitamins; Proteins; Oils and Fats; Cholesterol; Beans,https://www.nytimes.com/1992/09/02/garden/food-industry-views-the-thrifty-bean-with-new-admiration.html
1992,1992-09-02T05:00:00Z,1990s,Sep-Oct,NEWS SUMMARY,,,,New York,Metropolitan Desk,Summary,article,1025,NO INDEX TERMS,https://www.nytimes.com/1992/09/02/nyregion/news-summary-424492.html
1992,1992-09-02T05:00:00Z,1990s,Sep-Oct,Negotiators Agree on Accord To Ban Chemical Weapons,,,,World,Foreign Desk,News,article,987,"United Nations; UNITED NATIONS COMMITTEE ON DISARMAMENT; COMMITTEE ON DISARMAMENT; Bush, George; Arms Control and Limitation and Disarmament; Treaties; CHEMICAL WARFARE",https://www.nytimes.com/1992/09/02/world/negotiators-agree-on-accord-to-ban-chemical-weapons.html
1992,1992-09-02T05:00:00Z,1990s,Sep-Oct,The Next Revolution,"I am back in China and I have found a China that the outside world does not know about. For three years, I have yearned to return to the land of my birth. I was forced to flee after the bloody confrontation between tanks and people. I have come back to touch, taste and smell the wonders of this beautiful place. I still have the same dream of democracy my friends and I struggled for in Tiananmen Square.

 I don't know what will happen to me. But I do know that no gun, no tank, nor any attempt to buy people off by consumerism can destroy the human spirit's need for freedom.",,"I am back in China and I have found a China that the outside world does not know about. For three years, I have yearned to return to the land of my birth. I was forced to flee after the bloody confrontation between tanks and people. I have come back to touch, taste and smell the wonders of this beautiful place. I still have the same dream of democracy my friends and I struggled for in Tiananmen Square.

 I don't know what will happen to me. But I do know that no gun, no tank, nor any attempt to buy people off by consumerism can destroy the human spirit's need for freedom.",Opinion,Editorial Desk,Op-Ed,article,750,China; SHEN TONG; Freedom and Human Rights; Politics and Government; Political Prisoners,https://www.nytimes.com/1992/09/02/opinion/the-next-revolution.html
1992,1992-09-02T05:00:00Z,1990s,Sep-Oct,The Torturers of Lingyuan,"In the early evening of April 22, 1991, a prison van left the Great North Prison in Shenyang, carrying 11 political prisoners who were convicted for their part in the pro-democracy movement. Among them were Liu Gang, a physicist, and Zhang Ming, an engineer -- Beijing student leaders on the most-wanted list -- and Tang Yuanjuan, also an engineer. They were sent to the Lingyuan No. 2 Labor Reform Detachment in Liaoning Province, known to the outside world as the Lingyuan Motor Vehicle General Assembly Plant. It makes Linghe tractors and trucks under the brand name Huanghe (Yellow River).

From April 22 to May 29, the authorities gave them an ""orientation course,"" requiring the prisoners to recite from memory the ""standards of conduct for criminals undergoing reform"" -- in essence, a way to instill ""criminal consciousness"" into them. Liu Gang and 10 other new political prisoners refused to take the memory test. Liu Gang and five others were shackled with leg irons and thrown either into solitary confinement or a strict regime unit. The other five were allowed to stay in the brigade to be ""corrected."" For days, the authorities tried to break their spirits. The inmates went on a hunger strike to protest the brutality, only making conditions worse.",,"In the early evening of April 22, 1991, a prison van left the Great North Prison in Shenyang, carrying 11 political prisoners who were convicted for their part in the pro-democracy movement. Among them were Liu Gang, a physicist, and Zhang Ming, an engineer -- Beijing student leaders on the most-wanted list -- and Tang Yuanjuan, also an engineer. They were sent to the Lingyuan No. 2 Labor Reform Detachment in Liaoning Province, known to the outside world as the Lingyuan Motor Vehicle General Assembly Plant. It makes Linghe tractors and trucks under the brand name Huanghe (Yellow River).

From April 22 to May 29, the authorities gave them an ""orientation course,"" requiring the prisoners to recite from memory the ""standards of conduct for criminals undergoing reform"" -- in essence, a way to instill ""criminal consciousness"" into them. Liu Gang and 10 other new political prisoners refused to take the memory test. Liu Gang and five others were shackled with leg irons and thrown either into solitary confinement or a strict regime unit. The other five were allowed to stay in the brigade to be ""corrected."" For days, the authorities tried to break their spirits. The inmates went on a hunger strike to protest the brutality, only making conditions worse.",Opinion,Editorial Desk,Op-Ed,article,755,China; BAI YONG (PSEUDONYM); Torture; Political Prisoners; Politics and Government; Freedom and Human Rights,https://www.nytimes.com/1992/09/02/opinion/the-torturers-of-lingyuan.html
1992,1992-09-03T05:00:00Z,1990s,Sep-Oct,China Flunks a Freedom Test,,,,Opinion,Editorial Desk,Editorial,article,471,China; United States; SHEN TONG; International Trade and World Market; Editorials; Politics and Government; Law and Legislation; Freedom and Human Rights; Torture,https://www.nytimes.com/1992/09/03/opinion/china-flunks-a-freedom-test.html
1992,1992-09-03T05:00:00Z,1990s,Sep-Oct,China Ousts Writer Who Advised Dissident,,,,World,Foreign Desk,News,article,206,"China; Terrill, Ross; SHEN TONG; Americans Abroad; Politics and Government",https://www.nytimes.com/1992/09/03/world/china-ousts-writer-who-advised-dissident.html
1992,1992-09-03T05:00:00Z,1990s,Sep-Oct,Don't Pity Japan's Part-Time Rice Farmers; 'Comfort Women',,,,Opinion,Editorial Desk,Letter,article,175,Japan; South Korea; Prostitution; women; World War II (1939-45),https://www.nytimes.com/1992/09/03/opinion/l-don-t-pity-japan-s-part-time-rice-farmers-comfort-women-738992.html
1992,1992-09-03T05:00:00Z,1990s,Sep-Oct,NEWS SUMMARY,,,,New York,Metropolitan Desk,Summary,article,1182,NO INDEX TERMS,https://www.nytimes.com/1992/09/03/nyregion/news-summary-026092.html
1992,1992-09-03T05:00:00Z,1990s,Sep-Oct,THE 1992 CAMPAIGN: The Republicans;,,,,U.S.,National Desk,News,article,1041,"Texas; China; Missouri; United States; Middle East; Israel; Fort Worth (Tex); California; Taiwan; Saudi Arabia; General Dynamics Corp; Bush, George; Cheney, Dick; Arms Sales Abroad; Agriculture; Airlines and Airplanes; ARMAMENT, DEFENSE AND MILITARY FORCES; LABOR; International Trade and World Market; F-15 AIRPLANE; Military Aircraft; Crop Controls and Subsidies; ELECTION ISSUES; Grain; United States Armament and Defense; Farmers; JEWS; Hurricane Andrew; Federal Aid (US); Floods; F-16 AIRPLANE; Presidential Election of 1992; Hurricanes and Tropical Storms",https://www.nytimes.com/1992/09/03/us/the-1992-campaign-the-republicans.html
1992,1992-09-03T05:00:00Z,1990s,Sep-Oct,U.N. Agencies Ordered to Continue Efforts in Iraq,,,,World,Foreign Desk,News,article,671,"Iraq; SECURITY COUNCIL; United Nations; Hussein, Saddam; SANCTIONS (ECONOMIC); Economic Conditions and Trends; Foreign Aid; EMBARGOES",https://www.nytimes.com/1992/09/03/world/un-agencies-ordered-to-continue-efforts-in-iraq.html
1992,1992-09-10T05:00:00Z,,,"Output Rises, China Says",,,,Business,,,,,,https://www.nytimes.com/1992/09/10/business/output-rises-china-says.html
1992,1992-09-30T05:00:00Z,,,China Warns Of Trade War,,,,Business,,,,,,https://www.nytimes.com/1992/09/30/business/china-warns-of-trade-war.html
1992,1992-10-04T05:00:00Z,,,THE WORLD: Without the U.S.; China Envisions A New Order,,,,Week in Review,,,,,,https://www.nytimes.com/1992/10/04/weekinreview/the-world-without-the-us-china-envisions-a-new-order.html
1992,1992-10-16T05:00:00Z,,,China Wary On Stocks,,,,Business,,,,,,https://www.nytimes.com/1992/10/16/business/china-wary-on-stocks.html
1992,1992-10-23T05:00:00Z,,,Akihito Visit Stirring Bitterness Among Chinese,,,,World,,,,,,https://www.nytimes.com/1992/10/23/world/akihito-visit-stirring-bitterness-among-chinese.html
1992,1992-10-25T05:00:00Z,,,"World Markets; Out of China, a Boost for Hong Kong",,,,Business,,,,,,https://www.nytimes.com/1992/10/25/business/world-markets-out-of-china-a-boost-for-hong-kong.html
1992,1992-11-01T05:00:00Z,1990s,Nov-Dec,Allied-Signal's No-Excuses Boss Tries for an Encore,"Lawrence A. Bossidy came in swinging at Allied-Signal in July 1991. In one of the most aggressive jobs of remaking an American corporation, the new chairman and chief executive slashed payrolls, shut plants, unloaded businesses, shrank departments and sawed whole rungs off the corporate ladder. 

And this month the last scene in what the 57-year-old executive calls his ""first act"" plays out when the global conglomerate sells its huge oil and gas interests.",,"Lawrence A. Bossidy came in swinging at Allied-Signal in July 1991. In one of the most aggressive jobs of remaking an American corporation, the new chairman and chief executive slashed payrolls, shut plants, unloaded businesses, shrank departments and sawed whole rungs off the corporate ladder. 

And this month the last scene in what the 57-year-old executive calls his ""first act"" plays out when the global conglomerate sells its huge oil and gas interests.",Business,Financial Desk,Biography,article,1816,"ALLIED-SIGNAL INC; Bossidy, Lawrence A; BOSSIDY, LAWRENCE A (BIOGRAPHICAL SKETCH); Rehfeld, Barry; COMPANY AND ORGANIZATION PROFILES; Biographical Information",https://www.nytimes.com/1992/11/01/business/alliedsignals-noexcuses-boss-tries-for-an-encore.html
1992,1992-11-01T05:00:00Z,1990s,Nov-Dec,China Orders Expulsion of Hong Kong Journalist,,,,World,Foreign Desk,News,article,567,Hong Kong; China; LEUNG WAI-MIN; Deportation; Freedom of the Press; Bribery; GOVERNMENT INFORMATION POLICIES; News and News Media,https://www.nytimes.com/1992/11/01/world/china-orders-expulsion-of-hong-kong-journalist.html
1992,1992-11-01T05:00:00Z,1990s,Nov-Dec,"Chinese Dissident Is Freed, Human Rights Group Says",,,,World,Foreign Desk,News,article,110,China; DEMOCRACY FOR CHINA FUND; QIAN LIYUN; SHEN TONG; QI DAFENG; Deportation; Political Prisoners,https://www.nytimes.com/1992/11/01/world/chinese-dissident-is-freed-human-rights-group-says.html
1992,1992-11-01T05:00:00Z,1990s,Nov-Dec,DINING OUT; A Country Inn's Restaurant in Revival,,,,New York,Connecticut Weekly Desk,Review,article,824,Chester (Conn); INN AT CHESTER; POST ADN BEAM; RESTAURANT REVIEWS,https://www.nytimes.com/1992/11/01/nyregion/dining-out-a-country-inn-s-restaurant-in-revival.html
1992,1992-11-01T05:00:00Z,1990s,Nov-Dec,From Waterloo to Watermelon,,,,Books,Book Review Desk,Review,article,843,"Blackburn, Julia; BOOK REVIEWS; EMPEROR'S LAST ISLAND, THE (BOOK)",https://www.nytimes.com/1992/11/01/books/from-waterloo-to-watermelon.html
1992,1992-11-01T05:00:00Z,1990s,Nov-Dec,General Frustration,"INNER CIRCLES

How America Changed the World: A Memoir.
By Alexander M. Haig Jr. with Charles McCarry.
Illustrated. 610 pp. New York:
Warner Books. $24.95.",,"INNER CIRCLES

How America Changed the World: A Memoir.
By Alexander M. Haig Jr. with Charles McCarry.
Illustrated. 610 pp. New York:
Warner Books. $24.95.",Books,Book Review Desk,Review,article,1130,"Tonelson, Alan; Haig, Alexander M Jr; McCarry, Charles; BOOK REVIEWS; INNER CIRCLES (BOOK)",https://www.nytimes.com/1992/11/01/books/general-frustration.html
1992,1992-11-01T05:00:00Z,1990s,Nov-Dec,Heirs to Mao See Markets Trickle Down,,,,World,Foreign Desk,News,article,777,ANHUI PROVINCE (CHINA); China; SANHE (CHINA); Reform and Reorganization; Economic Conditions and Trends,https://www.nytimes.com/1992/11/01/world/heirs-to-mao-see-markets-trickle-down.html
1992,1992-11-01T05:00:00Z,1990s,Nov-Dec,"LONG ISLAND Q&A;: MICHAEL ZWEIG;
An Economist With an Alternative View of the National Debt","IN an attempt to link economic analysis and moral concerns, Michael Zweig, an economist, compiled a collection of essays by social scientists, theologians and economists, ""Religion and Economic Justice,"" (Temple University Press) last year. The book is used at institutions like Princeton University and the Union Theological Seminary.

He was born in Detroit. He earned undergraduate and doctoral degrees in economics at the University of Michigan at Ann Arbor, where he was an active in the civil rights and antiwar movements. In 1967, Professor Zweig joined the faculty of the State University of at Stony Brook, where he teaches introductory economics, labor and industrial relations, economics in China and Marxist economics. He recently received the SUNY Chancellor's Award for excellence in teaching.",,"IN an attempt to link economic analysis and moral concerns, Michael Zweig, an economist, compiled a collection of essays by social scientists, theologians and economists, ""Religion and Economic Justice,"" (Temple University Press) last year. The book is used at institutions like Princeton University and the Union Theological Seminary.

He was born in Detroit. He earned undergraduate and doctoral degrees in economics at the University of Michigan at Ann Arbor, where he was an active in the civil rights and antiwar movements. In 1967, Professor Zweig joined the faculty of the State University of at Stony Brook, where he teaches introductory economics, labor and industrial relations, economics in China and Marxist economics. He recently received the SUNY Chancellor's Award for excellence in teaching.",New York,Long Island Weekly Desk,Interview,article,1546,"United States; Zweig, Michael; WEBER, SANDRA J; Finances; National Debt (US); Budgets and Budgeting",https://www.nytimes.com/1992/11/01/nyregion/long-island-qa-michael-zweig-an-economist-with-an-alternative-view.html
1992,1992-11-01T05:00:00Z,1990s,Nov-Dec,New & Noteworthy,,,,Books,Book Review Desk,Review,article,897,Books and Literature,https://www.nytimes.com/1992/11/01/books/new-noteworthy.html
1992,1992-11-01T05:00:00Z,1990s,Nov-Dec,"SHOPPER'S WORLD;
Antiques in the Bluegrass","AN antiquing tour through Kentucky Bluegrass Country -- an enticing area of horse farms and small towns surrounding Lexington -- means a chance to unearth some great buys in American antiques and, in the bargain, enjoy some of the most beautiful rural countryside anywhere.

The route my wife, Ruth, and I chose last summer began in Lexington, which has plenty of good hotels and motels, and then took in a dozen ""down home"" towns that are particularly good for antiques. We went from Berea and Lancaster to Frankfort, Paris and Winchester -- all within a circle only 60 miles across. Some of the towns lie along smaller routes and side roads, such as Midway on U.S. Route 62 and Paris on U.S. 68, which afford picturesque views of the horse farms.",,"AN antiquing tour through Kentucky Bluegrass Country -- an enticing area of horse farms and small towns surrounding Lexington -- means a chance to unearth some great buys in American antiques and, in the bargain, enjoy some of the most beautiful rural countryside anywhere.

The route my wife, Ruth, and I chose last summer began in Lexington, which has plenty of good hotels and motels, and then took in a dozen ""down home"" towns that are particularly good for antiques. We went from Berea and Lancaster to Frankfort, Paris and Winchester -- all within a circle only 60 miles across. Some of the towns lie along smaller routes and side roads, such as Midway on U.S. Route 62 and Paris on U.S. 68, which afford picturesque views of the horse farms.",Travel,Travel Desk,News,article,2070,"Kentucky; WILTSEE, JOE; Antiques; Travel and Vacations",https://www.nytimes.com/1992/11/01/travel/shoppers-world-antiques-in-the-bluegrass.html
1992,1992-11-01T05:00:00Z,1990s,Nov-Dec,Scientists Fluff the Answer to a Billion-Dollar Question,,,,Week in Review,Week in Review Desk,News,article,782,"National Institutes of Health; HEALY, BERNADINE; Medicine and Health; Research; Biotechnology",https://www.nytimes.com/1992/11/01/weekinreview/scientists-fluff-the-answer-to-a-billion-dollar-question.html
1992,1992-11-01T05:00:00Z,1990s,Nov-Dec,THE NATION; Cola Coattails Presidential Pop And Circumstance,,,,Week in Review,Week in Review Desk,News,article,480,Pepsico Inc; Coca-Cola Co; Soft Drinks,https://www.nytimes.com/1992/11/01/weekinreview/the-nation-cola-coattails-presidential-pop-and-circumstance.html
1992,1992-11-01T05:00:00Z,1990s,Nov-Dec,"THE VIEW FROM: STAMFORD;
With an Eye to Landmarks, Greenhouse Reflects Seasons","A VISITOR, stepping out of the elevator on the third floor of the Champion Building in Stamford, first sees a landscaped terrace, then, rising from it, a pyramid of glass known as the Champion Greenhouse.

Opened in 1983, the 40-by-40-foot greenhouse offers the company's employees and the community a chance to relax amid seasonal displays of plants and to view a program of exhibitions that is free and open to the public.",,"A VISITOR, stepping out of the elevator on the third floor of the Champion Building in Stamford, first sees a landscaped terrace, then, rising from it, a pyramid of glass known as the Champion Greenhouse.

Opened in 1983, the 40-by-40-foot greenhouse offers the company's employees and the community a chance to relax amid seasonal displays of plants and to view a program of exhibitions that is free and open to the public.",New York,Connecticut Weekly Desk,News,article,908,"Eiseman, Alberta; Flowers and Plants; Agriculture; SHOWS (EXHIBITS); CHAMPION BUILDING (STAMFORD, CONN); Potatoes; Grain; Sugar; QUININE (DRUG); Cotton; Tea",https://www.nytimes.com/1992/11/01/nyregion/the-view-from-stamford-with-an-eye-to-landmarks-greenhouse-reflects.html
1992,1992-11-01T05:00:00Z,1990s,Nov-Dec,THE WORLD; Behind Vietnam's Candor: A Fear of Being Isolated,,,,Week in Review,Week in Review Desk,News,article,904,Vietnam; Vietnam War; United States International Relations; US-INTERNATIONAL RELATIONS-VIETNAM; Economic Conditions and Trends,https://www.nytimes.com/1992/11/01/weekinreview/the-world-behind-vietnam-s-candor-a-fear-of-being-isolated.html
1992,1992-11-01T05:00:00Z,1990s,Nov-Dec,Tech Notes; Hardwood: The Beanstalk Approach,,,,Business,Financial Desk,News,article,249,TREE TECHNOLOGY INTERNATIONAL INC; Forests and Forestry; LICENSES; Genetic Engineering,https://www.nytimes.com/1992/11/01/business/tech-notes-hardwood-the-beanstalk-approach.html
1992,1992-11-02T05:00:00Z,1990s,Nov-Dec,Taipei Notebook: A Foreign Land Where Clinton Has the Edge,"Bill Clinton may be vulnerable to the charge that he has limited foreign policy experience, but there is at least one place where he has an edge on President George Bush: Taiwan. Of the handful of official trips the Arkansas governor has made outside the",,"Bill Clinton may be vulnerable to the charge that he has limited foreign policy experience, but there is at least one place where he has an edge on President George Bush: Taiwan. Of the handful of official trips the Arkansas governor has made outside the",Business,IHT News,,article,5317,,https://www.nytimes.com/1992/11/02/business/worldbusiness/IHT-taipei-notebook-a-foreign-land-where-clinton-has.html
1992,1992-11-03T05:00:00Z,1990s,Nov-Dec,FUTURES/OPTIONS; Grains and Soybeans Surge As Hopes for Exports Rise,,,,Business,Financial Desk,News,article,392,PRICES; FUTURES TRADING; OPTIONS TRADING; Grain; Soybeans,https://www.nytimes.com/1992/11/03/business/futures-options-grains-and-soybeans-surge-as-hopes-for-exports-rise.html
1992,1992-11-03T05:00:00Z,1990s,Nov-Dec,On My Mind; What Did We Learn?,,,,Opinion,Editorial Desk,Op-Ed,article,737,"Bush, George; Clinton, Bill; Presidential Election of 1992",https://www.nytimes.com/1992/11/03/opinion/on-my-mind-what-did-we-learn.html
1992,1992-11-03T05:00:00Z,1990s,Nov-Dec,Top Congressional Races to Watch in Connecticut,,,,New York,Metropolitan Desk,News,article,1116,Connecticut; CONGRESS; Senate; House of Representatives; ELECTION ISSUES; Elections,https://www.nytimes.com/1992/11/03/nyregion/top-congressional-races-to-watch-in-connecticut.html
1992,1992-11-03T05:00:00Z,1990s,Nov-Dec,U.S. SAYS 3 TRIED TO SMUGGLE ALIENS,,,,U.S.,National Desk,News,article,371,"New York City; China; IMMIGRATION AND NATURALIZATION SERVICE; HUANG, GEORGE; CHEN, WILLIAM; ILLEGAL ALIENS; Immigration and Emigration; Smuggling",https://www.nytimes.com/1992/11/03/us/us-says-3-tried-to-smuggle-aliens.html
1992,1992-11-13T05:00:00Z,,,Toys 'R' Us and China,,,,Business,,,,,,https://www.nytimes.com/1992/11/13/business/toys-r-us-and-china.html
1992,1992-11-15T05:00:00Z,,,"You Can Go Home Again, Even to China",,,,World,,,,,,https://www.nytimes.com/1992/11/15/world/you-can-go-home-again-even-to-china.html
1992,1992-11-24T05:00:00Z,,,China Says One of Its Boeing 737's Crashed,,,,World,,,,,,https://www.nytimes.com/1992/11/24/world/china-says-one-of-its-boeing-737-s-crashed.html
1992,1992-11-24T05:00:00Z,,,"China, Too, Knows a Generation Gap",,,,Opinion,,,,,,https://www.nytimes.com/1992/11/24/opinion/l-china-too-knows-a-generation-gap-611892.html
1992,1992-11-26T05:00:00Z,,,Commerce Secretary Is to Travel to China,,,,World,,,,,,https://www.nytimes.com/1992/11/26/world/commerce-secretary-is-to-travel-to-china.html
1992,1992-11-30T05:00:00Z,,,Chinese Premier Making a Rare Visit to Hanoi,,,,World,,,,,,https://www.nytimes.com/1992/11/30/world/chinese-premier-making-a-rare-visit-to-hanoi.html
1992,1992-12-06T05:00:00Z,,,China and Politics,,,,Travel,,,,,,https://www.nytimes.com/1992/12/06/travel/l-china-and-politics-386992.html
1992,1992-12-17T05:00:00Z,,,U.S. CABINET AIDE BEGINS CHINA VISIT,,,,World,,,,,,https://www.nytimes.com/1992/12/17/world/us-cabinet-aide-begins-china-visit.html
1992,1992-12-23T05:00:00Z,,,U.S. WILL RELEASE WEAPONS TO CHINA,,,,World,,,,,,https://www.nytimes.com/1992/12/23/world/us-will-release-weapons-to-china.html
1992,1992-12-24T05:00:00Z,,,CHINA SAYS FRANCE MUST CLOSE OFFICE,,,,World,,,,,,https://www.nytimes.com/1992/12/24/world/china-says-france-must-close-office.html
1992,1992-12-27T05:00:00Z,,,China Leaps Upward,,,,Magazine,,,,,,https://www.nytimes.com/1992/12/27/magazine/china-leaps-upward.html
1992,1992-12-28T05:00:00Z,,,China Above Growth Plan,,,,Business,,,,,,https://www.nytimes.com/1992/12/28/business/china-above-growth-plan.html
1992,1992-12-29T05:00:00Z,,,EXPLOSION IN CHINA SHAKES HONG KONG,,,,World,,,,,,https://www.nytimes.com/1992/12/29/world/explosion-in-china-shakes-hong-kong.html
1992,1992-12-30T05:00:00Z,,,"One China, Plus Democracy",,,,Opinion,,,,,,https://www.nytimes.com/1992/12/30/opinion/one-china-plus-democracy.html
1993,1993-01-01T05:00:00Z,1990s,Jan-Feb,Ling-Ling's Eggs Preserved,,,,U.S.,National Desk,News,article,61,NATIONAL ZOO; Zoos; Reproduction (Biological); Pandas,https://www.nytimes.com/1993/01/01/us/ling-ling-s-eggs-preserved.html
1993,1993-01-01T05:00:00Z,1990s,Jan-Feb,"Timothy S. Healy, 69, Dies; President of Public Library",,,,New York,Metropolitan Desk,Biography; Obituary,article,1839,"New York Public Library; HEALY, TIMOTHY S; Biographical Information; DEATHS",https://www.nytimes.com/1993/01/01/nyregion/timothy-s-healy-69-dies-president-of-public-library.html
1993,1993-01-02T05:00:00Z,1990s,Jan-Feb,Intelligent Guesses for New Year,"The Boom in Asia. John Wakely, brewer and distiller industry analyst, Lehman Bros., London:. China and India could legalize imports of distilled spirits from the West, which are highly in demand in those markets. Governments in those countries have s",,"The Boom in Asia. John Wakely, brewer and distiller industry analyst, Lehman Bros., London:. China and India could legalize imports of distilled spirits from the West, which are highly in demand in those markets. Governments in those countries have s",Your Money,IHT News,,article,817,,https://www.nytimes.com/1993/01/02/your-money/IHT-intelligent-guesses-for-new-year-93530939865.html
1993,1993-01-02T05:00:00Z,1990s,Jan-Feb,Intelligent Guesses for New Year,"The Boom in Asia. William Arah, partner, Marathon Asset Management, London:. Most investors don't realize how much political risk major corporations are taking when they pump cash flow made in mature countries into the Third World.Markets in the Pa",,"The Boom in Asia. William Arah, partner, Marathon Asset Management, London:. Most investors don't realize how much political risk major corporations are taking when they pump cash flow made in mature countries into the Third World.Markets in the Pa",Your Money,IHT News,,article,533,,https://www.nytimes.com/1993/01/02/your-money/IHT-intelligent-guesses-for-new-year-91745795855.html
1993,1993-01-02T05:00:00Z,1990s,Jan-Feb,Paraguay Raises Its Profile As a Center for Investment,,,,Business,Financial Desk,News,article,1298,"Paraguay; BURT, MARTIN; Foreign Investments; United States International Relations; International Trade and World Market; Finances; Economic Conditions and Trends; INVESTMENTS",https://www.nytimes.com/1993/01/02/business/paraguay-raises-its-profile-as-a-center-for-investment.html
1993,1993-01-02T05:00:00Z,1990s,Jan-Feb,Schwinn Ready to Sell Most Assets,,,,Business,Financial Desk,News,article,1429,"ZELL/CHILMARK FUND; SCOTT USA; Schwinn Bicycle Co; Bicycles and Bicycling; Mergers, Acquisitions and Divestitures; Bankruptcies",https://www.nytimes.com/1993/01/02/business/schwinn-ready-to-sell-most-assets.html
1993,1993-01-02T05:00:00Z,1990s,Jan-Feb,Vatican's Secular Treasures On View,,,,Books,Cultural Desk,News,article,1153,VATICAN LIBRARY; Library of Congress; Books and Literature; SHOWS (EXHIBITS); Libraries and Librarians; Nytravel; RARE BOOKS,https://www.nytimes.com/1993/01/02/books/vatican-s-secular-treasures-on-view.html
1993,1993-01-03T05:00:00Z,1990s,Jan-Feb,Business Diary,,,,Business,Financial Desk,News,article,1756,NO INDEX TERMS,https://www.nytimes.com/1993/01/03/business/business-diary.html
1993,1993-01-03T05:00:00Z,1990s,Jan-Feb,Rethinking the Plain Old Telephone,,,,Business,Financial Desk,News,article,2850,AMERICAN TELEPHONE & TELEGRAPH CO INC; Television; TELEPHONES; DATA PROCESSING (COMPUTERS),https://www.nytimes.com/1993/01/03/business/rethinking-the-plain-old-telephone.html
1993,1993-01-03T05:00:00Z,1990s,Jan-Feb,So Unreconciled to So Much,,,,Books,Book Review Desk,Biography; Review,article,1584,"Kennan, George F; BOOK REVIEWS; AROUND THE CRAGGED HILL (BOOK)",https://www.nytimes.com/1993/01/03/books/so-unreconciled-to-so-much.html
1993,1993-01-03T05:00:00Z,1990s,Jan-Feb,Summing Up the Restaurant Hits of 1992,"FOR New Jersey restaurateurs and their patrons, 1992 was a year governed by the recession. 

For upscale restaurants, that meant ""downscaling of prices and even ambience,"" said Deborah Dowdell, director of membership at the New Jersey Restaurant Association. For patrons, said Wendy Webster of the National Restaurant Association, it meant going to less expensive restaurants and demanding greater value for their money, both in food and service.",,"FOR New Jersey restaurateurs and their patrons, 1992 was a year governed by the recession. 

For upscale restaurants, that meant ""downscaling of prices and even ambience,"" said Deborah Dowdell, director of membership at the New Jersey Restaurant Association. For patrons, said Wendy Webster of the National Restaurant Association, it meant going to less expensive restaurants and demanding greater value for their money, both in food and service.",New York,New Jersey Weekly Desk,News,article,2173,"New Jersey; SINCLAIR, VALERIE; SEMMES, ANNE; RESTAURANT REVIEWS",https://www.nytimes.com/1993/01/03/nyregion/summing-up-the-restaurant-hits-of-1992.html
1993,1993-01-03T05:00:00Z,1990s,Jan-Feb,"THE WORLD; In Tune Now, U.N.'s Quintet Plays Themes Penned in '45",,,,Week in Review,Week in Review Desk,News,article,1020,United Nations; United States International Relations; International Relations,https://www.nytimes.com/1993/01/03/weekinreview/the-world-in-tune-now-un-s-quintet-plays-themes-penned-in-45.html
1993,1993-01-03T05:00:00Z,1990s,Jan-Feb,World Markets; Some Opportunities Abroad for 1993,,,,Business,Financial Desk,News,article,877,Foreign Investments; Forecasts; Stocks and Bonds,https://www.nytimes.com/1993/01/03/business/world-markets-some-opportunities-abroad-for-1993.html
1993,1993-01-04T05:00:00Z,1990s,Jan-Feb,Books of The Times; 3 Enduring Journalists and Why They Endured,,,,Books,Cultural Desk,Biography,article,1016,"BIGART, HOMER; Wade, Betsy; White, Theodore H; THOMPSON, EDWARD T; MANNING, ROBERT; BOOK REVIEWS",https://www.nytimes.com/1993/01/04/books/books-of-the-times-3-enduring-journalists-and-why-they-endured.html
1993,1993-01-04T05:00:00Z,1990s,Jan-Feb,China to Expand Stock Plan,,,,Business,Financial Desk,News,article,296,China; Shenzhen Stock Exchange; Shanghai Stock Exchange; Stocks and Bonds,https://www.nytimes.com/1993/01/04/business/china-to-expand-stock-plan.html
1993,1993-01-04T05:00:00Z,1990s,Jan-Feb,HSBC Unit's Growth Plan,,,,Business,Financial Desk,News,article,114,"New York State; MARINE MIDLAND BANKS INC; SOUTH CHINA MORNING POST; Mergers, Acquisitions and Divestitures; Banks and Banking",https://www.nytimes.com/1993/01/04/business/hsbc-unit-s-growth-plan.html
1993,1993-01-04T05:00:00Z,1990s,Jan-Feb,"Jerome Hardy, 74, Life Publisher and a Mutual Funds Executive",,,,New York,Metropolitan Desk,Biography; Obituary,article,417,"HARDY, JEROME S; Biographical Information; DEATHS",https://www.nytimes.com/1993/01/04/nyregion/jerome-hardy-74-life-publisher-and-a-mutual-funds-executive.html
1993,1993-01-05T05:00:00Z,1990s,Jan-Feb,NEWS SUMMARY,,,,New York,Metropolitan Desk,Summary,article,976,NO INDEX TERMS,https://www.nytimes.com/1993/01/05/nyregion/news-summary-287093.html
1993,1993-01-05T05:00:00Z,1990s,Jan-Feb,Sports of The Times; The Fine For Oakley Was Fair,,,,Sports,Sports Desk,News,article,863,"Indiana Pacers; New York Knicks; Miller, Reggie; Oakley, Charles; Fines (Penalties); Violence; Basketball; SPORTS OF THE TIMES (TIMES COLUMN)",https://www.nytimes.com/1993/01/05/sports/sports-of-the-times-the-fine-for-oakley-was-fair.html
1993,1993-01-05T05:00:00Z,1990s,Jan-Feb,"With Hint of Scandal, New Social Values Are Sold",,,,New York,Metropolitan Desk,News,article,853,New York City; POPULATION COMMUNICATIONS INTERNATIONAL; Television; Third World and Developing Countries; Soap Operas; Birth Control and Family Planning,https://www.nytimes.com/1993/01/05/nyregion/with-hint-of-scandal-new-social-values-are-sold.html
1993,1993-03-01T05:00:00Z,1990s,Mar-Apr,BOOKS: THE FATE OF HONG KONG,"By Gerald Segal. 256 pages. £16.99. Simon & Schuster.. Reviewed By Philip Bowring. FOR anyone interested in an apologia for mainstream British Foreign Office policy toward Hong Kong and China up to the appointment of Chris Patten as governor, thi",,"By Gerald Segal. 256 pages. £16.99. Simon & Schuster.. Reviewed By Philip Bowring. FOR anyone interested in an apologia for mainstream British Foreign Office policy toward Hong Kong and China up to the appointment of Chris Patten as governor, thi",Style,IHT News,,article,3835,,https://www.nytimes.com/1993/03/01/style/IHT-books-the-fate-of-hong-kong.html
1993,1993-03-01T05:00:00Z,1990s,Mar-Apr,"East Asia, Too, Needs a Wise Clinton Administration","For those who wish president Bill Clinton and the United States well, there is every reason to be reassured, even satisfied, by his record in office so far. He has kept his most important promise to the American people: to give first priority to reviving",,"For those who wish president Bill Clinton and the United States well, there is every reason to be reassured, even satisfied, by his record in office so far. He has kept his most important promise to the American people: to give first priority to reviving",Opinion,IHT News,,article,4982,,https://www.nytimes.com/1993/03/01/opinion/IHT-east-asia-too-needs-a-wise-clinton-administration.html
1993,1993-03-01T05:00:00Z,1990s,Mar-Apr,"Robert C. Lewis Jr., Red Cross Leader, 82",,,,Obituaries,Obituary,Obituary; Biography,article,150,"LEWIS, ROBERT C JR; Biographical Information; DEATHS",https://www.nytimes.com/1993/03/01/obituaries/robert-c-lewis-jr-red-cross-leader-82.html
1993,1993-03-02T05:00:00Z,1990s,Mar-Apr,"IN OUR PAGES: 100, 75 AND 50 YEARS AGO","1943: Citizen Chiang . NEW YORK - [From our New York edition:] The city gave a warm welcome yesterday [March 1] to the acknowledged heroine of the war, Mrs. Chiang Kai-shek, wife of the Generalissimo of China. The poised Mrs. Chiang, facing a huge throng",,"1943: Citizen Chiang . NEW YORK - [From our New York edition:] The city gave a warm welcome yesterday [March 1] to the acknowledged heroine of the war, Mrs. Chiang Kai-shek, wife of the Generalissimo of China. The poised Mrs. Chiang, facing a huge throng",Opinion,IHT News,,article,553,,https://www.nytimes.com/1993/03/02/opinion/IHT-in-our-pages-100-75-and-50-years-ago-93147023474.html
1993,1993-03-02T05:00:00Z,1990s,Mar-Apr,North Ponders a Senate Run in Virginia,,,,U.S.,National Desk,Biography,article,1151,"Virginia; Senate; North, Oliver L; Wilder, L Douglas; Robb, Charles S; Iran-Contra Affair; Elections",https://www.nytimes.com/1993/03/02/us/north-ponders-a-senate-run-in-virginia.html
1993,1993-03-03T05:00:00Z,1990s,Mar-Apr,"DIALOGUE;
No Such Thing as Free Radio","President Clinton is right to propose that the Government's international broadcasting operations be consolidated. Merging Radio Free Europe and Radio Liberty with the Voice of America would end duplication, save money and create a more effective service. Consolidation would prove that the Government is serious about undertaking the restructuring long under way in the private sector.

Speaking for myself and not for the V.O.A., there is no longer a need for two taxpayer-financed international broadcasting services; the collapse of Communism has seen to that. The Voice of America, based in Washington, broadcasts worldwide in 50 languages. Radio Free Europe and Radio Liberty broadcast from Munich in two dozen languages to post-Communist Europe and the former Soviet Union. Each service costs more than $220 million a year.",,"President Clinton is right to propose that the Government's international broadcasting operations be consolidated. Merging Radio Free Europe and Radio Liberty with the Voice of America would end duplication, save money and create a more effective service. Consolidation would prove that the Government is serious about undertaking the restructuring long under way in the private sector.

Speaking for myself and not for the V.O.A., there is no longer a need for two taxpayer-financed international broadcasting services; the collapse of Communism has seen to that. The Voice of America, based in Washington, broadcasts worldwide in 50 languages. Radio Free Europe and Radio Liberty broadcast from Munich in two dozen languages to post-Communist Europe and the former Soviet Union. Each service costs more than $220 million a year.",Opinion,Editorial Desk,Op-Ed,article,656,"United States; Voice of America; Radio Free Europe; Radio Liberty; WOOD, BARRY D; Clinton, Bill (Pres); Radio; Reform and Reorganization; Law and Legislation",https://www.nytimes.com/1993/03/03/opinion/dialogue-no-such-thing-as-free-radio.html
1993,1993-03-03T05:00:00Z,1990s,Mar-Apr,"IN OUR PAGES: 100, 75 AND 50 YEARS AGO","1893: Paris to Peking?. The construction of the Trans-Siberian Railway is being rapidly advanced, and in 1900 it will be possible to travel by rail from the Ural Mountains to Lake Baikal. As the line across the Ural Mountains will be completed in 1894 we",,"1893: Paris to Peking?. The construction of the Trans-Siberian Railway is being rapidly advanced, and in 1900 it will be possible to travel by rail from the Ural Mountains to Lake Baikal. As the line across the Ural Mountains will be completed in 1894 we",Opinion,IHT News,,article,480,,https://www.nytimes.com/1993/03/03/opinion/IHT-in-our-pages-100-75-and-50-years-ago.html
1993,1993-03-03T05:00:00Z,1990s,Mar-Apr,More Unites Than Divides India and U.S.,,,,Opinion,Editorial Desk,Letter,article,337,"India; Kaul, T N; Hinduism; United States International Relations; LOOT AND LOOTING; FIRES AND FIREMEN; ATROCITIES; Politics and Government; Arson; Islam; Demonstrations and Riots; Torture",https://www.nytimes.com/1993/03/03/opinion/l-more-unites-than-divides-india-and-us-370693.html
1993,1993-03-03T05:00:00Z,1990s,Mar-Apr,Reining In China:It's U.S. vs. East Asia on How to Do It,"As the Clinton administration considers how much pressure to exert on China, officials and policy planners in East Asia are figuring out ways of drawing the Chinese regime into a cooperative security network.. The differing priorities are evidence of a po",,"As the Clinton administration considers how much pressure to exert on China, officials and policy planners in East Asia are figuring out ways of drawing the Chinese regime into a cooperative security network.. The differing priorities are evidence of a po",Archives,IHT News,,article,4701,,https://www.nytimes.com/1993/03/03/IHT-reining-in-chinaits-us-vs-east-asia-on-how-to-do-it.html
1993,1993-03-04T05:00:00Z,1990s,Mar-Apr,A Tough Balancing Act Confronts Seoul's New Man,"For the first time in 30 years, a civilian, Kim Young Sam of the Democratic Liberal Party, has assumed the presidency of South Korea, ending an era of military-controlled politics begun in 1961. The event is a watershed in the country's long and arduous p",,"For the first time in 30 years, a civilian, Kim Young Sam of the Democratic Liberal Party, has assumed the presidency of South Korea, ending an era of military-controlled politics begun in 1961. The event is a watershed in the country's long and arduous p",Opinion,IHT News,,article,6091,,https://www.nytimes.com/1993/03/04/opinion/IHT-a-tough-balancing-act-confronts-seouls-new-man.html
1993,1993-03-04T05:00:00Z,1990s,Mar-Apr,A United Nations Command for a New Force,,,,Opinion,IHT News,,article,5290,,https://www.nytimes.com/1993/03/04/opinion/IHT-a-united-nations-command-for-a-new-force.html
1993,1993-03-04T05:00:00Z,1990s,Mar-Apr,Address the North's Security Concerns,,,,Opinion,IHT News,,article,3939,,https://www.nytimes.com/1993/03/04/opinion/IHT-address-the-norths-security-concerns.html
1993,1993-03-04T05:00:00Z,1990s,Mar-Apr,Garden Q.& A.,,,,Home & Garden,Home Desk,Question,article,704,Gardens and Gardening,https://www.nytimes.com/1993/03/04/garden/garden-q-a.html
1993,1993-03-04T05:00:00Z,1990s,Mar-Apr,"INTERNATIONAL MANAGER: In Affluent Singapore, A Lack of Entrepreneurs","The forebears of today's affluent Singaporeans, many of them impoverished migrants and indentured laborers from China, repeatedly demonstrated entrepreneurial drive by taking risks and building successful businesses in adverse circumstances in Southeast A",,"The forebears of today's affluent Singaporeans, many of them impoverished migrants and indentured laborers from China, repeatedly demonstrated entrepreneurial drive by taking risks and building successful businesses in adverse circumstances in Southeast A",Business,IHT News,,article,3697,,https://www.nytimes.com/1993/03/04/business/worldbusiness/IHT-international-manager-in-affluent-singapore-a-lack.html
1993,1993-03-04T05:00:00Z,1990s,Mar-Apr,"In Philadelphia, A Scottish Spring",,,,Home & Garden,Home Desk,News,article,1249,Philadelphia (Pa); PHILADELPHIA FLOWER SHOW; Flowers and Plants; SHOWS (EXHIBITS),https://www.nytimes.com/1993/03/04/garden/in-philadelphia-a-scottish-spring.html
1993,1993-03-04T05:00:00Z,1990s,Mar-Apr,Jaruzelski Is Now Sorry He Ordered Martial Law,,,,World,Foreign Desk,Biography,article,1745,"USSR (Former Soviet Union); Poland; JARUZEKSKI, WOJCIECH; Martial Law; Politics and Government; Economic Conditions and Trends",https://www.nytimes.com/1993/03/04/world/jaruzelski-is-now-sorry-he-ordered-martial-law.html
1993,1993-03-04T05:00:00Z,1990s,Mar-Apr,Review/Film; 8-Hour Nomadic Trip in Mongolia,,,,Movies,Cultural Desk,Review,article,862,Reviews; MOTION PICTURES; Taiga (Movie),https://www.nytimes.com/1993/03/04/movies/review-film-8-hour-nomadic-trip-in-mongolia.html
1993,1993-03-04T05:00:00Z,1990s,Mar-Apr,The Mohair Toilet Seat,,,,Opinion,Editorial Desk,Editorial,article,406,"Texas; United States; Clinton, Bill; Crop Controls and Subsidies; Editorials; MOHAIR",https://www.nytimes.com/1993/03/04/opinion/the-mohair-toilet-seat.html
1993,1993-03-05T05:00:00Z,1990s,Mar-Apr,Clinton's Greatest Challenge,,,,Opinion,Editorial Desk,Op-Ed,article,1661,"Russia; Clinton, Bill; Yeltsin, Boris N; United States International Relations; United States Economy; PUBLIC OPINION; Russia-International Relations-US; Politics and Government; Economic Conditions and Trends; Foreign Aid",https://www.nytimes.com/1993/03/05/opinion/clinton-s-greatest-challenge.html
1993,1993-03-05T05:00:00Z,1990s,Mar-Apr,LETTERS TO THE EDITOR,"Taiwan Is China. Regarding ""Taiwan Is Not China"" (Letters, Jan. 27) from Mei-chin Chen:. It is factually and historically incorrect to say Taiwan is not a part of China. All Taiwanese, except for the aborigines, who make up about 1 percent of th",,"Taiwan Is China. Regarding ""Taiwan Is Not China"" (Letters, Jan. 27) from Mei-chin Chen:. It is factually and historically incorrect to say Taiwan is not a part of China. All Taiwanese, except for the aborigines, who make up about 1 percent of th",Opinion,IHT News,,article,1616,,https://www.nytimes.com/1993/03/05/opinion/IHT-letters-to-the-editor.html
1993,1993-05-01T05:00:00Z,1990s,May-Jun,NEWS SUMMARY,,,,New York,Metropolitan Desk,Summary,article,1005,NO INDEX TERMS,https://www.nytimes.com/1993/05/01/nyregion/news-summary-746693.html
1993,1993-05-02T05:00:00Z,1990s,May-Jun,"ART REVIEWS;
How Artists' Creations Relate to Society","""The Stationary Store"" 


Renee Fotouhi Fine Art East, 16R Newtown La., East Hampton. Fridays through Mondays 11 A.M. to 6 P.M. Through next Sunday. 


There are times when multiples become the format of choice for an artist. This is especially true when the broadest possible viewer exposure is basic to a work's political agenda, as in Jenny Holzer's pieces, for example. A desire to make art that stands apart from the precious, unique object-marketing system can be another motivation, along with a wish to create easily affordable things.",,"""The Stationary Store"" 


Renee Fotouhi Fine Art East, 16R Newtown La., East Hampton. Fridays through Mondays 11 A.M. to 6 P.M. Through next Sunday. 


There are times when multiples become the format of choice for an artist. This is especially true when the broadest possible viewer exposure is basic to a work's political agenda, as in Jenny Holzer's pieces, for example. A desire to make art that stands apart from the precious, unique object-marketing system can be another motivation, along with a wish to create easily affordable things.",New York,Long Island Weekly Desk,Review,article,1192,"Braff, Phyllis; Art; ART SHOWS; Reviews",https://www.nytimes.com/1993/05/02/nyregion/art-reviews-how-artists-creations-relate-to-society.html
1993,1993-05-02T05:00:00Z,1990s,May-Jun,CHINESE ADOPTIONS,,,,Magazine,Magazine Desk,Letter,article,120,China; United States; Adoptions,https://www.nytimes.com/1993/05/02/magazine/l-chinese-adoptions-984093.html
1993,1993-05-02T05:00:00Z,1990s,May-Jun,Germany's Island Fortresses,"""EVERYTHING here is so settled that one knows exactly everybody's station and standing."" So wrote Annette von Droste-Hulshoff, Germany's pre-eminent 19th-century poet, nearly 160 years ago about the Munsterland. She was born and spent most of her life there in largely self-imposed literary seclusion composing ballads and novellas.

Today her portrait is in millions of wallets on the backside of 20-mark banknotes, and it still seems as if nothing has changed in Munsterland, a small Delaware-sized area on the North German Plain between the Dutch border and the bustling coal-mining, steel-making Ruhr Basin.",,"""EVERYTHING here is so settled that one knows exactly everybody's station and standing."" So wrote Annette von Droste-Hulshoff, Germany's pre-eminent 19th-century poet, nearly 160 years ago about the Munsterland. She was born and spent most of her life there in largely self-imposed literary seclusion composing ballads and novellas.

Today her portrait is in millions of wallets on the backside of 20-mark banknotes, and it still seems as if nothing has changed in Munsterland, a small Delaware-sized area on the North German Plain between the Dutch border and the bustling coal-mining, steel-making Ruhr Basin.",Travel,Travel Desk,News,article,3536,"MUNSTERLAND (GERMANY); Germany; Dornberg, John; Travel and Vacations; Nytravel",https://www.nytimes.com/1993/05/02/travel/germanys-island-fortresses.html
1993,1993-05-02T05:00:00Z,1990s,May-Jun,New & Noteworthy,,,,Books,Book Review Desk,Review,article,844,BOOK REVIEWS,https://www.nytimes.com/1993/05/02/books/new-noteworthy.html
1993,1993-05-02T05:00:00Z,1990s,May-Jun,Political Scandals in Japan Find a Role for Mah-Jongg,,,,World,Foreign Desk,News,article,912,"Japan; Kanemaru, Shin; Tax Evasion; Mah-Jongg (Game); Politics and Government; Ethics",https://www.nytimes.com/1993/05/02/world/political-scandals-in-japan-find-a-role-for-mah-jongg.html
1993,1993-05-02T05:00:00Z,1990s,May-Jun,THE WORLD; For Sale: Creaky Gears Of Chinese Communism,,,,Week in Review,Week in Review Desk,News,article,1072,"China; Foreign Investments; Mergers, Acquisitions and Divestitures; Privatization; Economic Conditions and Trends",https://www.nytimes.com/1993/05/02/weekinreview/the-world-for-sale-creaky-gears-of-chinese-communism.html
1993,1993-05-02T05:00:00Z,1990s,May-Jun,TRAVEL ADVISORY; Seeing Tibet By Bicycle,,,,Travel,Travel Desk,News,article,265,Tibet; Bicycles and Bicycling; Environment; Nytravel; Travel and Vacations,https://www.nytimes.com/1993/05/02/travel/travel-advisory-seeing-tibet-by-bicycle.html
1993,1993-05-02T05:00:00Z,1990s,May-Jun,TRAVEL ADVISORY; The Freer Gallery to Reopen,,,,Travel,Travel Desk,News,article,228,Washington (DC); Freer Gallery of Art; RESTORATION AND REHABILITATION; Finances; Art; Nytravel,https://www.nytimes.com/1993/05/02/travel/travel-advisory-the-freer-gallery-to-reopen.html
1993,1993-05-02T05:00:00Z,1990s,May-Jun,The Pair That Fell to Earth,"FEARLESS

By Rafael Yglesias.
308 pp. New York:
Warner Books. $18.95.",,"FEARLESS

By Rafael Yglesias.
308 pp. New York:
Warner Books. $18.95.",Books,Book Review Desk,Review,article,1029,"Isaacs, Susan; Yglesias, Rafael; BOOK REVIEWS; FEARLESS (BOOK)",https://www.nytimes.com/1993/05/02/books/the-pair-that-fell-to-earth.html
1993,1993-05-02T05:00:00Z,1990s,May-Jun,Vikram Seth's Big Book,,,,Magazine,Magazine Desk,Biography,article,5210,"India; Seth, Vikram; Biographical Information; Books and Literature; SUITABLE BOY, A (BOOK)",https://www.nytimes.com/1993/05/02/magazine/vikram-seth-s-big-book.html
1993,1993-05-02T05:00:00Z,1990s,May-Jun,World Markets; London Flirts With a Gold Flurry,,,,Business,Financial Desk,News,article,981,"Goldsmith, James; Soros, George; Gold",https://www.nytimes.com/1993/05/02/business/world-markets-london-flirts-with-a-gold-flurry.html
1993,1993-05-03T05:00:00Z,1990s,May-Jun,An Old Skill Is Transforming China,,,,Opinion,IHT News,,article,5215,,https://www.nytimes.com/1993/05/03/opinion/IHT-an-old-skill-is-transforming-china.html
1993,1993-05-03T05:00:00Z,1990s,May-Jun,Washington's Emphasis On Human Rights Issues Could Hurt Relations : Value Clash Looms for U.S. and Asia,"The United States and East Asian nations appear headed toward a clash of values that could poison relations between them.. Tommy B. Koh, a former Singapore ambassador to the United States and the United Nations who heads his country's Institute of Policy",,"The United States and East Asian nations appear headed toward a clash of values that could poison relations between them.. Tommy B. Koh, a former Singapore ambassador to the United States and the United Nations who heads his country's Institute of Policy",Archives,IHT News,,article,5236,,https://www.nytimes.com/1993/05/03/IHT-washingtons-emphasis-on-human-rights-issues-could-hurt-relations-value.html
1993,1993-05-04T05:00:00Z,1990s,May-Jun,"China Must Behave, Clinton Tells Patten","President Bill Clinton reassured Governor Chris Patten of Hong Kong on Monday that he had no interest in isolating China but that to avoid U.S. trade penalties Beijing must demonstrate ""responsible behavior."". Mr. Patten told Mr. Clinton that Ho",,"President Bill Clinton reassured Governor Chris Patten of Hong Kong on Monday that he had no interest in isolating China but that to avoid U.S. trade penalties Beijing must demonstrate ""responsible behavior."". Mr. Patten told Mr. Clinton that Ho",Archives,IHT News,,article,3180,,https://www.nytimes.com/1993/05/04/IHT-china-must-behave-clinton-tells-patten.html
1993,1993-05-04T05:00:00Z,1990s,May-Jun,Malaysian Tin Decline,,,,Business,Financial Desk,News,article,111,MALAYSIAN MINING CORP; PRICES; TIN,https://www.nytimes.com/1993/05/04/business/malaysian-tin-decline.html
1993,1993-05-05T05:00:00Z,1990s,May-Jun,Book Notes,,,,Books,Cultural Desk,News,article,1218,"Clinton, Bill; Kennedy, Robert Francis; Books and Literature",https://www.nytimes.com/1993/05/05/books/book-notes-757393.html
1993,1993-05-05T05:00:00Z,1990s,May-Jun,COMPANY NEWS; HUMAN RIGHTS ISSUES PROMPT LEVI STRAUSS CUTS IN CHINA,,,,Business,Financial Desk,News,article,104,China; Levi Strauss & Co; Foreign Investments; International Trade and World Market; Political Prisoners; Jeans (Apparel); Politics and Government; Freedom and Human Rights; APPAREL,https://www.nytimes.com/1993/05/05/business/company-news-human-rights-issues-prompt-levi-strauss-cuts-in-china.html
1993,1993-05-05T05:00:00Z,1990s,May-Jun,China's Oil Appetite Fuels Weapons Sales,China's growing demand for energy to fuel rapid economic growth is likely to result in increased tension with the West as Beijing seeks oil supplies from the Middle East by providing nuclear technology and weapons to the region in defiance of internationa,,China's growing demand for energy to fuel rapid economic growth is likely to result in increased tension with the West as Beijing seeks oil supplies from the Middle East by providing nuclear technology and weapons to the region in defiance of internationa,Archives,IHT News,,article,4444,,https://www.nytimes.com/1993/05/05/IHT-chinas-oil-appetite-fuels-weapons-sales.html
1993,1993-05-05T05:00:00Z,1990s,May-Jun,U.S.-Japan Dispute Looms on Increase In Funds for ADB,"A simmering disagreement between Tokyo and Washington over the future direction of the Asian Development Bank bubbled to the surface on Tuesday, when the bank asked its donor countries to double its authorized capital.. Japan, which is supported by a high",,"A simmering disagreement between Tokyo and Washington over the future direction of the Asian Development Bank bubbled to the surface on Tuesday, when the bank asked its donor countries to double its authorized capital.. Japan, which is supported by a high",Business,IHT News,,article,3095,,https://www.nytimes.com/1993/05/05/business/worldbusiness/IHT-usjapan-dispute-looms-on-increase-in-funds-for-adb.html
1993,1993-07-01T05:00:00Z,1990s,Jul-Aug,COMPANY NEWS; CHASE MANHATTAN IS SEEN OPENING FIRST BRANCH IN CHINA,,,,Business,Financial Desk,News,article,64,China; Tianjin (China); Chase Manhattan Bank; Banks and Banking,https://www.nytimes.com/1993/07/01/business/company-news-chase-manhattan-is-seen-opening-first-branch-in-china.html
1993,1993-07-01T05:00:00Z,1990s,Jul-Aug,Chief Banker For China Is Dismissed,,,,Business,Financial Desk,Biography,article,463,"China; People's Bank of China; LI GUIXIAN; Suspensions, Dismissals and Resignations; Credit; Economic Conditions and Trends",https://www.nytimes.com/1993/07/01/business/chief-banker-for-china-is-dismissed.html
1993,1993-07-01T05:00:00Z,1990s,Jul-Aug,NEWS SUMMARY,,,,New York,Metropolitan Desk,Summary,article,1122,NO INDEX TERMS,https://www.nytimes.com/1993/07/01/nyregion/news-summary-701893.html
1993,1993-07-01T05:00:00Z,1990s,Jul-Aug,"Political Ally Shifts, and A-Tests Halt",,,,World,Foreign Desk,News,article,919,"Energy Department; Defense Department; Clinton, Bill; ATOMIC WEAPONS; Nuclear Tests; Tests and Testing; United States Armament and Defense",https://www.nytimes.com/1993/07/01/world/political-ally-shifts-and-a-tests-halt.html
1993,1993-07-01T05:00:00Z,1990s,Jul-Aug,"Wuhan Journal; Women as Bodyguards: In China, It's All the Rage",,,,World,Foreign Desk,News,article,1107,"China; Social Conditions and Trends; Wages and Salaries; Guards; women; SECURITY, PERSONAL",https://www.nytimes.com/1993/07/01/world/wuhan-journal-women-as-bodyguards-in-china-it-s-all-the-rage.html
1993,1993-07-02T05:00:00Z,1990s,Jul-Aug,ADB Chief Quits Amid Mounting Criticism of Role,"Kimimasa Tarumizu, the president of the Asian Development Bank whose leadership had been criticized as weak and directionless, resigned Thursday, citing health. .He will be succeeded in November by Mitsuo Sato, 60, deputy president of the Tokyo Stock E",,"Kimimasa Tarumizu, the president of the Asian Development Bank whose leadership had been criticized as weak and directionless, resigned Thursday, citing health. .He will be succeeded in November by Mitsuo Sato, 60, deputy president of the Tokyo Stock E",Business,IHT News,,article,3154,,https://www.nytimes.com/1993/07/02/business/worldbusiness/IHT-adb-chief-quits-amid-mounting-criticism-of-role.html
1993,1993-07-02T05:00:00Z,1990s,Jul-Aug,Around Asia : Asian Topics,"Chinese police are cracking down on an intoxicating new variant of the fiery cuisine that originated in the western province of Sichuan - opium hot pot. In a Shanghai restaurant called the ""Chengdu Hot Pot,"" police and health inspectors found t",,"Chinese police are cracking down on an intoxicating new variant of the fiery cuisine that originated in the western province of Sichuan - opium hot pot. In a Shanghai restaurant called the ""Chengdu Hot Pot,"" police and health inspectors found t",Archives,IHT News,,article,463,,https://www.nytimes.com/1993/07/02/IHT-around-asia-asian-topics.html
1993,1993-07-02T05:00:00Z,1990s,Jul-Aug,Around Asia: Asian Topics,"And as the economy quickens, Chinese millionaires - with the national fondness for lists - are developing a list of what they might call the ""Five Essentials,"" according to a New York Times dispatch from Wuhan, China. These are: a Mercedes-Benz",,"And as the economy quickens, Chinese millionaires - with the national fondness for lists - are developing a list of what they might call the ""Five Essentials,"" according to a New York Times dispatch from Wuhan, China. These are: a Mercedes-Benz",Archives,IHT News,,article,407,,https://www.nytimes.com/1993/07/02/IHT-around-asia-asian-topics-90281413374.html
1993,1993-07-02T05:00:00Z,1990s,Jul-Aug,BOXING; Lewis-Morrison Bout Set; Both to Earn $8 Million,,,,Sports,Sports Desk,News,article,581,"Lewis, Lennox; Morrison, Tommy; Boxing",https://www.nytimes.com/1993/07/02/sports/boxing-lewis-morrison-bout-set-both-to-earn-8-million.html
1993,1993-07-02T05:00:00Z,1990s,Jul-Aug,Thinking Ahead Clinton Is Bull-Headed on Japan,"President Bill Clinton has short-sightedly stoked up a confrontation with Japan ahead of next week's Group of Seven summit meeting in Tokyo, raising fresh doubts about his ability to reassert U.S. global leadership. But it is not too late for him to chan",,"President Bill Clinton has short-sightedly stoked up a confrontation with Japan ahead of next week's Group of Seven summit meeting in Tokyo, raising fresh doubts about his ability to reassert U.S. global leadership. But it is not too late for him to chan",Business,IHT News,,article,4419,,https://www.nytimes.com/1993/07/02/business/worldbusiness/IHT-thinking-ahead-clinton-is-bullheaded-on-japan.html
1993,1993-07-04T05:00:00Z,1990s,Jul-Aug,"A Guide to Guidebooks For Who You Are, Not Where You're Going","AS anyone who has ever stayed at the Casablanca Holiday Inn will know, the difference between a traveler and a tourist lies not in the place visited but in the process employed, not in where you go but how. You can be a traveler in Paris -- that most touristy of cities -- if somehow you break through the surface of the cafe and get invited for Sunday dinner with your waiter's family. The distinction has nothing to do with going, as some people have suggested, to a place that can't be found in any guidebook; rather, it implies going without one.

Which, as we suspected all along, makes the great majority of us tourists. Rare, I think, is the travel writer who doesn't use a guidebook, and even rarer is the travel writer who admits that he does. An exception is the English journalist Richard West who, looking for a place to stay in Granada, Nicaragua, in the mid-1980's (""Hurricane in Nicaragua: A Journey in Search of Revolution""), turned to the ""South American Handbook,"" ""that legendary guide that every serious traveler, including Graham Greene, carries about with him in this part of the world."" The Travelers World Guide series editors reciprocated in their ""Mexico and Central American Handbook"" by noting that Belize City's Old Louisville Democratic Bar was recommended by Mr. West. But most writers give the impression that they are above the mundane concerns of cheap hotels and are traveling in an altogether higher, and more trailblazing, sphere. If they mention books at all, they are usually novels, the more incongruous the setting the better. Greene, in this part of the world, talked not of handbooks but of Trollope.",,"AS anyone who has ever stayed at the Casablanca Holiday Inn will know, the difference between a traveler and a tourist lies not in the place visited but in the process employed, not in where you go but how. You can be a traveler in Paris -- that most touristy of cities -- if somehow you break through the surface of the cafe and get invited for Sunday dinner with your waiter's family. The distinction has nothing to do with going, as some people have suggested, to a place that can't be found in any guidebook; rather, it implies going without one.

Which, as we suspected all along, makes the great majority of us tourists. Rare, I think, is the travel writer who doesn't use a guidebook, and even rarer is the travel writer who admits that he does. An exception is the English journalist Richard West who, looking for a place to stay in Granada, Nicaragua, in the mid-1980's (""Hurricane in Nicaragua: A Journey in Search of Revolution""), turned to the ""South American Handbook,"" ""that legendary guide that every serious traveler, including Graham Greene, carries about with him in this part of the world."" The Travelers World Guide series editors reciprocated in their ""Mexico and Central American Handbook"" by noting that Belize City's Old Louisville Democratic Bar was recommended by Mr. West. But most writers give the impression that they are above the mundane concerns of cheap hotels and are traveling in an altogether higher, and more trailblazing, sphere. If they mention books at all, they are usually novels, the more incongruous the setting the better. Greene, in this part of the world, talked not of handbooks but of Trollope.",Books,Book Review Desk,News,article,2234,"SWICK, THOMAS; Travel and Vacations; GUIDEBOOKS",https://www.nytimes.com/1993/07/04/books/a-guide-to-guidebooks-for-who-you-are-not-where-youre-going.html
1993,1993-07-04T05:00:00Z,1990s,Jul-Aug,Always an England,,,,Style,Styles of The Times,News,article,2331,HENLEY-ON-THAMES (ENG); Great Britain; RACES AND REGATTAS; Boats and Boating; Henley Royal Regatta,https://www.nytimes.com/1993/07/04/style/always-an-england.html
1993,1993-07-04T05:00:00Z,1990s,Jul-Aug,China's Peasantry Takes Measure of Its Prosperity,,,,World,Foreign Desk,News,article,1430,PAN SHI (CHINA); China; Politics and Government; Economic Conditions and Trends,https://www.nytimes.com/1993/07/04/world/china-s-peasantry-takes-measure-of-its-prosperity.html
1993,1993-07-04T05:00:00Z,1990s,Jul-Aug,Clinton Asks Nuclear Powers to Join Test Ban,,,,World,Foreign Desk,News,article,563,"Clinton, Bill; ATOMIC WEAPONS; Arms Control and Limitation and Disarmament; Tests and Testing",https://www.nytimes.com/1993/07/04/world/clinton-asks-nuclear-powers-to-join-test-ban.html
1993,1993-07-04T05:00:00Z,1990s,Jul-Aug,MARKET WATCH; From Deadbeat To Darling In Argentina,,,,Business,Financial Desk,News,article,514,Argentina; YPF; Foreign Investments; Oil (Petroleum) and Gasoline; Finances; Credit,https://www.nytimes.com/1993/07/04/business/market-watch-from-deadbeat-to-darling-in-argentina.html
1993,1993-07-04T05:00:00Z,1990s,Jul-Aug,"On the Job: Kenny Morgan;
He Got Into the Game Late, but Now It's a Full-Time Passion","""THIS is the Morgan Academy?"" asked the man in the green shirt and white shorts, tennis racquet in tow.

""This is the Morgan Academy!"" answered the tennis coach, all in white, including an Australian bush hat perched jauntily on his head.",,"""THIS is the Morgan Academy?"" asked the man in the green shirt and white shorts, tennis racquet in tow.

""This is the Morgan Academy!"" answered the tennis coach, all in white, including an Australian bush hat perched jauntily on his head.",New York,Long Island Weekly Desk,Biography,article,1572,"ROSLYN ESTATES TENNIS FACILITY; MORGAN, KENNY; SINGER, CATHY; Tennis",https://www.nytimes.com/1993/07/04/nyregion/on-the-job-kenny-morgan-he-got-into-the-game-late-but-now-its-a.html
1993,1993-07-04T05:00:00Z,1990s,Jul-Aug,Painting Behind Locked Doors,,,,Books,Book Review Desk,Review,article,1819,"SILBERGELD, JEROME; JISUI, GONG; BOOK REVIEWS; CONTRADICTIONS (BOOK)",https://www.nytimes.com/1993/07/04/books/painting-behind-locked-doors.html
1993,1993-07-04T05:00:00Z,1990s,Jul-Aug,The Many Worlds of Fun in Japan,"FOR people who never seem to have time to have fun the Japanese have a lot of amusement options to choose from. In Japan, the landscape is dotted with amusement parks and theme parks, so surely some of this nation's 120 million people must be having at least a little fun. On a recent cross-country trip to five theme parks, I ended up getting a tutorial in cultural osmosis, Japanese style. 

I went to the Kansai region, near Osaka, because ever since reading James Michener's ""Sayonara"" I'd wanted to see Takarazuka Familyland, home of the Takarazuka Revue, the all-female inspiration for the heroine.",,"FOR people who never seem to have time to have fun the Japanese have a lot of amusement options to choose from. In Japan, the landscape is dotted with amusement parks and theme parks, so surely some of this nation's 120 million people must be having at least a little fun. On a recent cross-country trip to five theme parks, I ended up getting a tutorial in cultural osmosis, Japanese style. 

I went to the Kansai region, near Osaka, because ever since reading James Michener's ""Sayonara"" I'd wanted to see Takarazuka Familyland, home of the Takarazuka Revue, the all-female inspiration for the heroine.",Travel,Travel Desk,News,article,1947,"Japan; Hubler, Eric; Travel and Vacations; Amusement Parks; Children and Youth; Nytravel",https://www.nytimes.com/1993/07/04/travel/the-many-worlds-of-fun-in-japan.html
1993,1993-07-04T05:00:00Z,1990s,Jul-Aug,"The View From: New Haven;
How Children's Art Creates Diversions for Hospitalized Children","NO scientific evidence exists that art heals, the chief of pediatrics at Yale-New Haven Hospital, Dr. Joseph B. Warshaw, said. ""I can't give you data that looking at a picture makes a kid get better faster,"" he said, ""but it sure makes them feel better."" Sick children will be able to look at hundreds of art works from many nations at the new children's hospital in New Haven, which will begin accepting young patients this month.

 ""Tales of Courage"" is the name of the art program begun last year to decorate the walls and halls of the new hospital with an international collection of children's art. Participants from 4 to 18 years old could choose as their theme, acts or words of courage, faces or symbols of courage. Each child prepared a visual piece and wrote a short statement or poem on the theme of courage. Pieces grouped on one of the atrium walls will serve as the children's art gallery.",,"NO scientific evidence exists that art heals, the chief of pediatrics at Yale-New Haven Hospital, Dr. Joseph B. Warshaw, said. ""I can't give you data that looking at a picture makes a kid get better faster,"" he said, ""but it sure makes them feel better."" Sick children will be able to look at hundreds of art works from many nations at the new children's hospital in New Haven, which will begin accepting young patients this month.

 ""Tales of Courage"" is the name of the art program begun last year to decorate the walls and halls of the new hospital with an international collection of children's art. Participants from 4 to 18 years old could choose as their theme, acts or words of courage, faces or symbols of courage. Each child prepared a visual piece and wrote a short statement or poem on the theme of courage. Pieces grouped on one of the atrium walls will serve as the children's art gallery.",New York,Connecticut Weekly Desk,News,article,878,"YALE-NEW HAVEN HOSPITAL (CONN); Polk, Nancy; Medicine and Health; Art; Children and Youth",https://www.nytimes.com/1993/07/04/nyregion/the-view-from-new-haven-how-childrens-art-creates-diversions-for.html
1993,1993-07-04T05:00:00Z,1990s,Jul-Aug,The View From: New Haven; How Children's Art Creates Diversions for Hospitalized Children,,,,New York,Connecticut Weekly Desk,News,article,855,Yale-New Haven Hospital; Children and Youth; Art; Medicine and Health,https://www.nytimes.com/1993/07/04/nyregion/view-new-haven-children-s-art-creates-diversions-for-hospitalized-children.html
1993,1993-09-01T05:00:00Z,1990s,Sep-Oct,Australia Asks Sharing of Spy Data to Curb Missile Race,"Australian officials are working out the details of a proposal for relaying secret information on missile launchings in Asia, gathered by a U.S. spy satellite, to nations in the region, provided they adhered to international arms control agreements. .T",,"Australian officials are working out the details of a proposal for relaying secret information on missile launchings in Asia, gathered by a U.S. spy satellite, to nations in the region, provided they adhered to international arms control agreements. .T",Archives,IHT News,,article,4412,,https://www.nytimes.com/1993/09/01/IHT-australia-asks-sharing-of-spy-data-to-curb-missile-race.html
1993,1993-09-01T05:00:00Z,1990s,Sep-Oct,Bridge,,,,New York,Metropolitan Desk,News,article,372,Bridge (Card Game),https://www.nytimes.com/1993/09/01/nyregion/bridge-834893.html
1993,1993-09-01T05:00:00Z,1990s,Sep-Oct,NEWS SUMMARY,,,,New York,Metropolitan Desk,Summary,article,915,NO INDEX TERMS,https://www.nytimes.com/1993/09/01/nyregion/news-summary-468793.html
1993,1993-09-01T05:00:00Z,1990s,Sep-Oct,"Review/Film; A Flight of Fancy, Physical and Historical",,,,Movies,Cultural Desk,Review,article,622,"Hark, Tsui; Reviews; MOTION PICTURES; ONCE UPON A TIME IN CHINA, PART 2 (MOVIE)",https://www.nytimes.com/1993/09/01/movies/review-film-a-flight-of-fancy-physical-and-historical.html
1993,1993-09-02T05:00:00Z,1990s,Sep-Oct,A Pitcher Can Hold a Past as Well as Flowers,,,,Home & Garden,Home Desk,News,article,1270,Memorabilia,https://www.nytimes.com/1993/09/02/garden/a-pitcher-can-hold-a-past-as-well-as-flowers.html
1993,1993-09-02T05:00:00Z,1990s,Sep-Oct,Arms Traffickers Use Latin Nations as Dodge,,,,World,Foreign Desk,News,article,739,"Bosnia and Herzegovina; Latin America; Yugoslavia; Bolivia; United Nations; Arms Sales Abroad; ARMAMENT, DEFENSE AND MILITARY FORCES; International Trade and World Market; CIVIL WAR AND GUERRILLA WARFARE",https://www.nytimes.com/1993/09/02/world/arms-traffickers-use-latin-nations-as-dodge.html
1993,1993-09-02T05:00:00Z,1990s,Sep-Oct,"At Venice's Purist Film Festival, Hollywood Provides the Pizazz",,,,Movies,Cultural Desk,News,article,1306,"Scorsese, Martin; Festivals; MOTION PICTURES; VENICE FILM FESTIVAL; AGE OF INNOCENCE, THE (MOVIE)",https://www.nytimes.com/1993/09/02/movies/at-venice-s-purist-film-festival-hollywood-provides-the-pizazz.html
1993,1993-09-02T05:00:00Z,1990s,Sep-Oct,Bridge,,,,New York,Metropolitan Desk,News,article,432,Bridge (Card Game),https://www.nytimes.com/1993/09/02/nyregion/bridge-678293.html
1993,1993-09-02T05:00:00Z,1990s,Sep-Oct,Of Parquet and Sinatra: A Waldorf Tour,,,,Home & Garden,Home Desk,News,article,1302,Waldorf-Astoria Hotel; New York Landmarks Conservancy; Historic Buildings and Sites; Philanthropy,https://www.nytimes.com/1993/09/02/garden/of-parquet-and-sinatra-a-waldorf-tour.html
1993,1993-09-02T05:00:00Z,1990s,Sep-Oct,The President as Salesman : LETTERS TO THE EDITOR,"Regarding ""Since When Is It the President's Job to Sell Airplanes?"" (Opinion, Aug. 26): .Hobart Rowen does a disservice to American export business. He argues that President Bill Clinton should not ""descend"" to the level of a salesm",,"Regarding ""Since When Is It the President's Job to Sell Airplanes?"" (Opinion, Aug. 26): .Hobart Rowen does a disservice to American export business. He argues that President Bill Clinton should not ""descend"" to the level of a salesm",Opinion,IHT News,,article,1668,,https://www.nytimes.com/1993/09/02/opinion/IHT-the-president-as-salesman-letters-to-the-editor.html
1993,1993-09-03T05:00:00Z,1990s,Sep-Oct,Argentines Say a Sex Cult Enslaved 268 Children,,,,World,Foreign Desk,News,article,882,"Australia; Spain; France; Argentina; Huntington Beach (Calif); CHILDREN OF GOD; FAMILY OF LOVE; Berg, David; MARQUEVICH, ROBERTO; CHILD ABUSE; Sex Crimes; Children and Youth; Religious Cults",https://www.nytimes.com/1993/09/03/world/argentines-say-a-sex-cult-enslaved-268-children.html
1993,1993-09-03T05:00:00Z,1990s,Sep-Oct,Arrest Ends Gang Chief's Rich Life on Run,,,,New York,Metropolitan Desk,News,article,864,New York City; China; United States; GUO LIANG CHI; Murders and Attempted Murders; Organized Crime; Biographical Information; Immigration and Emigration,https://www.nytimes.com/1993/09/03/nyregion/arrest-ends-gang-chief-s-rich-life-on-run.html
1993,1993-09-03T05:00:00Z,1990s,Sep-Oct,Bridge,,,,New York,Metropolitan Desk,News,article,456,Bridge (Card Game),https://www.nytimes.com/1993/09/03/nyregion/bridge-696693.html
1993,1993-09-03T05:00:00Z,1990s,Sep-Oct,"Cannes Prize Film Seen In China, With Editing",,,,Arts,Weekend Desk,News,article,235,"China; MOTION PICTURES; Cannes International Film Festival; Censorship; Awards, Decorations and Honors; FAREWELL TO MY CONCUBINE (MOVIE)",https://www.nytimes.com/1993/09/03/arts/cannes-prize-film-seen-in-china-with-editing.html
1993,1993-09-03T05:00:00Z,1990s,Sep-Oct,China Says Saudis Found No Arms Cargo on Ship,,,,World,Foreign Desk,News,article,819,China; Saudi Arabia; Ships and Shipping; Arms Sales Abroad; United States International Relations; CHEMICAL WARFARE,https://www.nytimes.com/1993/09/03/world/china-says-saudis-found-no-arms-cargo-on-ship.html
1993,1993-09-03T05:00:00Z,1990s,Sep-Oct,METRO DIGEST,,,,New York,Metropolitan Desk,Summary,article,501,METRO DIGEST (NYT),https://www.nytimes.com/1993/09/03/nyregion/metro-digest-478593.html
1993,1993-09-03T05:00:00Z,1990s,Sep-Oct,NEWS SUMMARY,,,,New York,Metropolitan Desk,Summary,article,1096,NO INDEX TERMS,https://www.nytimes.com/1993/09/03/nyregion/news-summary-393293.html
1993,1993-09-03T05:00:00Z,1990s,Sep-Oct,"Seeking Thaw, Vatican Sends Aide to China",,,,World,Foreign Desk,News,article,202,"China; Roman Catholic Church; Etchegaray, Roger",https://www.nytimes.com/1993/09/03/world/seeking-thaw-vatican-sends-aide-to-china.html
1993,1993-09-04T05:00:00Z,1990s,Sep-Oct,"On China, America Misses the Point",Chasing chemical shipments around the world and trailing technology over the Karakoram highway between China and Pakistan may be good sport for the post-Cold War CIA. But there are growing concerns that the U.S. crusade against arms proliferation is coun,,Chasing chemical shipments around the world and trailing technology over the Karakoram highway between China and Pakistan may be good sport for the post-Cold War CIA. But there are growing concerns that the U.S. crusade against arms proliferation is coun,Opinion,IHT News,,article,5056,,https://www.nytimes.com/1993/09/04/opinion/IHT-on-china-america-misses-the-point.html
1993,1993-09-04T05:00:00Z,1990s,Sep-Oct,"When Leaders Fly, Others Fume; Despite Profit, Air-India Is Nagged by Disruptions",,,,Business,Financial Desk,News,article,227,India; Air India; Airlines and Airplanes; Delays (Transportation); Company Reports,https://www.nytimes.com/1993/09/04/business/when-leaders-fly-others-fume-despite-profit-air-india-is-nagged-by-disruptions.html
1993,1993-09-28T05:00:00Z,,,Compaq Deal in China,,,,Business,,,,,,https://www.nytimes.com/1993/09/28/business/compaq-deal-in-china.html
1993,1993-10-02T05:00:00Z,,,China Deal by Amoco,,,,Business,,,,,,https://www.nytimes.com/1993/10/02/business/china-deal-by-amoco.html
1993,1993-10-08T05:00:00Z,,,Coke's China Expansion,,,,Business,,,,,,https://www.nytimes.com/1993/10/08/business/coke-s-china-expansion.html
1993,1993-10-18T05:00:00Z,,,China Investment Data,,,,Business,,,,,,https://www.nytimes.com/1993/10/18/business/china-investment-data.html
1993,1993-10-19T05:00:00Z,,,GE Capital in China,,,,Business,,,,,,https://www.nytimes.com/1993/10/19/business/ge-capital-in-china.html
1993,1993-10-29T05:00:00Z,,,COMPANY NEWS; Texaco in China Pact,,,,Business,,,,,,https://www.nytimes.com/1993/10/29/business/company-news-texaco-in-china-pact.html
1993,1993-11-01T05:00:00Z,1990s,Nov-Dec,BUSINESS DIGEST,,,,Business,Financial Desk,Summary,article,663,NO INDEX TERMS,https://www.nytimes.com/1993/11/01/business/business-digest-632293.html
1993,1993-11-01T05:00:00Z,,,East China Sea Opened to Oil Exploration,,,,Business,,,,,,https://www.nytimes.com/1993/11/01/business/east-china-sea-opened-to-oil-exploration.html
1993,1993-11-01T05:00:00Z,1990s,Nov-Dec,MARATHON; Chinese Women Are 4 for 4 in World Cup Competition,,,,Sports,Sports Desk,News,article,442,"China; Junxia, Wang; Running; WORLD MARATHON CUP; Marathon Running",https://www.nytimes.com/1993/11/01/sports/marathon-chinese-women-are-4-for-4-in-world-cup-competition.html
1993,1993-11-01T05:00:00Z,1990s,Nov-Dec,NEWS SUMMARY,,,,New York,Metropolitan Desk,Summary,article,934,NO INDEX TERMS,https://www.nytimes.com/1993/11/01/nyregion/news-summary-545893.html
1993,1993-11-01T05:00:00Z,1990s,Nov-Dec,President of Harvard Cites Need For Commitment to Social Service,,,,U.S.,National Desk,News,article,620,"Harvard University; Rudenstine, Neil L; Social Conditions and Trends",https://www.nytimes.com/1993/11/01/us/president-of-harvard-cites-need-for-commitment-to-social-service.html
1993,1993-11-01T05:00:00Z,1990s,Nov-Dec,"Q&A: Dalai Lama on Tibet, Anger and Meaning of Reality","The Dalai Lama, recipient of the 1989 Nobel Peace Prize, is the exiled spiritual and political leader of Tibet, which China annexed in 1949. Since 1959, the Dalai Lama, 58, has lived in India and promoted throughout the world his nonviolent protest again",,"The Dalai Lama, recipient of the 1989 Nobel Peace Prize, is the exiled spiritual and political leader of Tibet, which China annexed in 1949. Since 1959, the Dalai Lama, 58, has lived in India and promoted throughout the world his nonviolent protest again",Archives,IHT News,,article,4306,,https://www.nytimes.com/1993/11/01/IHT-qa-dalai-lama-on-tibet-anger-and-meaning-of-reality.html
1993,1993-11-02T05:00:00Z,1990s,Nov-Dec,"1943:Planning for Peace : IN OUR PAGES:100, 75 AND 50 YEARS AGO","WASHINGTON - [From our New York edition:] The story of the Pact of Moscow was unfolded simultaneously at Washington, London and Moscow today [Nov. 1] in five documents which revealed that the United States, Great Britain, Russia and China have arrived at",,"WASHINGTON - [From our New York edition:] The story of the Pact of Moscow was unfolded simultaneously at Washington, London and Moscow today [Nov. 1] in five documents which revealed that the United States, Great Britain, Russia and China have arrived at",Opinion,IHT News,,article,448,,https://www.nytimes.com/1993/11/02/opinion/IHT-1943planning-for-peace-in-our-pages100-75-and-50-years-ago.html
1993,1993-11-02T05:00:00Z,1990s,Nov-Dec,COMPANY NEWS; AUSTIN MCDANIEL ACQUIRES 70% OF CHINESE TV MAKER,,,,Business,Financial Desk,News,article,52,"AUSTIN MCDANIEL CORP; DONGSHU RISHENG ELECTRONIC INDUSTRY CORP; Mergers, Acquisitions and Divestitures",https://www.nytimes.com/1993/11/02/business/company-news-austin-mcdaniel-acquires-70-of-chinese-tv-maker.html
1993,1993-11-02T05:00:00Z,1990s,Nov-Dec,Chinese Herb Remedy Curbs Alcohol Desire,,,,Science,Science Desk,News,article,525,"China; VALLEE, BERT L; KEUNG, WING-MING; Alcohol Abuse; KADZU (HERB); Research",https://www.nytimes.com/1993/11/02/science/chinese-herb-remedy-curbs-alcohol-desire.html
1993,1993-11-02T05:00:00Z,1990s,Nov-Dec,Foreigners Find New Ally in U.S. Industry,,,,U.S.,National Desk,Series,article,2498,United States International Relations; United States Politics and Government; SURVEYS AND SERIES; MULTINATIONAL COMPANIES; Corporations; Lobbying and Lobbyists,https://www.nytimes.com/1993/11/02/us/foreigners-find-new-ally-in-us-industry.html
1993,1993-11-02T05:00:00Z,1990s,Nov-Dec,"Gen. Edwin Walker, 83, Is Dead; Promoted Rightist Causes in 60's",,,,Obituaries,Obituary,Obituary; Biography,article,960,"WALKER, EDWIN A; Biographical Information; DEATHS",https://www.nytimes.com/1993/11/02/obituaries/gen-edwin-walker-83-is-dead-promoted-rightist-causes-in-60-s.html
1993,1993-11-02T05:00:00Z,1990s,Nov-Dec,Pacific Leaders Are Urged Push EC in GATT Talks,"A confidential report to a meeting of Asian-Pacific leaders later this month recommends that the United States, Japan and other countries in the region use their combined economic strength as leverage against Europe to promote global free trade. .The r",,"A confidential report to a meeting of Asian-Pacific leaders later this month recommends that the United States, Japan and other countries in the region use their combined economic strength as leverage against Europe to promote global free trade. .The r",Archives,IHT News,,article,5479,,https://www.nytimes.com/1993/11/02/IHT-pacific-leaders-are-urged-push-ec-in-gatt-talks.html
1993,1993-11-02T05:00:00Z,1990s,Nov-Dec,Poll Finds Deep Pessimism on Global Trends : A New Isolationism Floods America,"Americans have entered the post-Cold War era with a profound sense of isolationism and pessimism about global trends, according to an in-depth survey of U.S. attitudes on America's role abroad. .The survey paints an American populace determined to see",,"Americans have entered the post-Cold War era with a profound sense of isolationism and pessimism about global trends, according to an in-depth survey of U.S. attitudes on America's role abroad. .The survey paints an American populace determined to see",Archives,IHT News,,article,4954,,https://www.nytimes.com/1993/11/02/IHT-poll-finds-deep-pessimism-on-global-trends-a-new-isolationism-floods.html
1993,1993-11-02T05:00:00Z,1990s,Nov-Dec,U.N. Atom Agency Says North Korea Resists Treaty,,,,World,Foreign Desk,News,article,1015,"North Korea; International Atomic Energy Agency; United Nations; Blix, Hans; ATOMIC WEAPONS; Nuclear Nonproliferation Treaty; Treaties",https://www.nytimes.com/1993/11/02/world/un-atom-agency-says-north-korea-resists-treaty.html
1993,1993-11-03T05:00:00Z,1990s,Nov-Dec,COMPANY NEWS; TCBY in China Pact,,,,Business,Financial Desk,News,article,83,China; TOP GREEN INTERNATIONAL; TCBY ENTERPRISES INC; Foreign Investments; Franchises; Yogurt,https://www.nytimes.com/1993/11/03/business/company-news-tcby-in-china-pact.html
1993,1993-11-03T05:00:00Z,1990s,Nov-Dec,"Ho Chi Minh City Journal; The Boat People Fly Back, With Riches to Invest",,,,World,Foreign Desk,News,article,1028,Vietnam; Vietnamese-Americans; Economic Conditions and Trends; REFUGEES AND EXPATRIATES,https://www.nytimes.com/1993/11/03/world/ho-chi-minh-city-journal-the-boat-people-fly-back-with-riches-to-invest.html
1993,1993-11-03T05:00:00Z,1990s,Nov-Dec,NEWS SUMMARY,,,,New York,Metropolitan Desk,Summary,article,1084,NO INDEX TERMS,https://www.nytimes.com/1993/11/03/nyregion/news-summary-815693.html
1993,1993-11-03T05:00:00Z,1990s,Nov-Dec,Playboy Takes On World With Big Video Expansion : MEDIA MARKETS,"Alternately lauded and vilified over its 40 years of existence, Playboy magazine and its parent company, Playboy Enterprises Inc., have embarked on a major global video expansion, including partnerships with Philips Electronics NV and International Busin",,"Alternately lauded and vilified over its 40 years of existence, Playboy magazine and its parent company, Playboy Enterprises Inc., have embarked on a major global video expansion, including partnerships with Philips Electronics NV and International Busin",Business,IHT News,,article,4770,,https://www.nytimes.com/1993/11/03/business/worldbusiness/IHT-playboy-takes-on-world-with-big-video-expansion.html
1993,1993-11-03T05:00:00Z,1990s,Nov-Dec,Review/Fashion; Bringing New Life (and Bamboo Bra Tops) to the Party,,,,Archives,None,Review,article,964,"Tam, Vivienne; HAN FENG; Faturoti, Lola; Reviews; women; SHOWS (EXHIBITS); APPAREL",https://www.nytimes.com/1993/11/03/news/review-fashion-bringing-new-life-and-bamboo-bra-tops-to-the-party.html
1993,1993-11-03T05:00:00Z,1990s,Nov-Dec,"TV SPORTS; For CBX, Figure Skating Is Olympics",,,,Sports,Sports Desk,News,article,799,"Lillehammer (Norway); CBS INC; Sandomir, Richard; Television; Winter Games (Olympics); Olympic Games (1994)",https://www.nytimes.com/1993/11/03/sports/tv-sports-for-cbx-figure-skating-is-olympics.html
1993,1993-11-09T05:00:00Z,,,"Jetliner From China, The Sixth This Year, Hijacked to Taiwan",,,,World,,,,,,https://www.nytimes.com/1993/11/09/world/jetliner-from-china-the-sixth-this-year-hijacked-to-taiwan.html
1993,1993-11-10T05:00:00Z,,,"Ease Curbs, China Urged",,,,Business,,,,,,https://www.nytimes.com/1993/11/10/business/ease-curbs-china-urged.html
1993,1993-11-18T05:00:00Z,,,"Coddling China, Constructively",,,,Opinion,,,,,,https://www.nytimes.com/1993/11/18/opinion/coddling-china-constructively.html
1993,1993-11-19T05:00:00Z,,,De Beers China Venture,,,,Business,,,,,,https://www.nytimes.com/1993/11/19/business/de-beers-china-venture.html
1993,1993-11-21T05:00:00Z,,,TRAVEL ADVISORY; A Bit of China in Kissimmee,,,,Travel,,,,,,https://www.nytimes.com/1993/11/21/travel/travel-advisory-a-bit-of-china-in-kissimmee.html
1993,1993-11-24T05:00:00Z,,,Digital in China Agreement,,,,Business,,,,,,https://www.nytimes.com/1993/11/24/business/digital-in-china-agreement.html
1993,1993-11-25T05:00:00Z,,,China to Build Up Transport,,,,Business,,,,,,https://www.nytimes.com/1993/11/25/business/china-to-build-up-transport.html
1993,1993-11-28T05:00:00Z,,,China Inc.,"THE RISE OF CHINA
How Economic Reform 
is Creating a New Superpower.
By William H. Overholt.
431 pp. New York:
W. W. Norton & Company. $25.",,,Books,,,,,,https://www.nytimes.com/1993/11/28/books/china-inc.html
1993,1993-11-28T05:00:00Z,,,China's Not Preparing To Fight the U.S.,,,,Opinion,,,,,,https://www.nytimes.com/1993/11/28/opinion/l-china-s-not-preparing-to-fight-the-us-808593.html
1993,1993-11-29T05:00:00Z,,,China to End Money Rate,,,,Business,,,,,,https://www.nytimes.com/1993/11/29/business/china-to-end-money-rate.html
1993,1993-12-27T05:00:00Z,,,Preventing 'Inferior' People in China,,,,Opinion,,,,,,https://www.nytimes.com/1993/12/27/opinion/preventing-inferior-people-in-china.html
1993,1993-12-28T05:00:00Z,,,China Sets Export Goal,,,,Business,,,,,,https://www.nytimes.com/1993/12/28/business/china-sets-export-goal.html
1993,1993-12-28T05:00:00Z,,,Chinese Airliner Is Hijacked; 10th Forced to Taipei in '93,,,,World,,,,,,https://www.nytimes.com/1993/12/28/world/chinese-airliner-is-hijacked-10th-forced-to-taipei-in-93.html
1994,1994-01-01T05:00:00Z,1990s,Jan-Feb,INSIDE,,,,New York,Metropolitan Desk,Summary,article,90,NO INDEX TERMS,https://www.nytimes.com/1994/01/01/nyregion/inside-738271.html
1994,1994-01-01T05:00:00Z,1990s,Jan-Feb,NEWS SUMMARY,,,,New York,Metropolitan Desk,Summary,article,849,NO INDEX TERMS,https://www.nytimes.com/1994/01/01/nyregion/news-summary-738263.html
1994,1994-01-01T05:00:00Z,1990s,Jan-Feb,"Rights in China Improve, Envoy Says",,,,World,Foreign Desk,News,article,1307,"China; ROY, J STAPLETON; United States International Relations; International Relations; International Trade and World Market; Biographical Information; Politics and Government; MOST-FAVORED-NATION TREATMENT; China-International Relations-US; Freedom and Human Rights",https://www.nytimes.com/1994/01/01/world/rights-in-china-improve-envoy-says.html
1994,1994-01-02T05:00:00Z,1990s,Jan-Feb,A Coldblooded Cure,"AS A MEDICAL TEAM PREPARES FOR openheart surgery, the starkly furnished operating room in Siberia is eerily quiet. It takes a moment to figure out: the beeping of monitors, so familiar to Western ears, is absent. There is no heart-lung machine to reroute the 12-year-old patient's blood. Instead, doctors have packed the body in ice to block the flow of blood to brain, and stopped the heart with potassium chloride. They have rendered her clinically dead.

The surgeons have only 90 minutes to repair the hole in the child's heart without risking brain damage. As the last stitch is placed, they pour a pitcher of warm water over the heart, pump it with their hands and administer dopamine to restore its function. Relief fills the room as her temperature creeps up from 72 degrees. Over the next three days she will thaw out and wake up.",,"AS A MEDICAL TEAM PREPARES FOR openheart surgery, the starkly furnished operating room in Siberia is eerily quiet. It takes a moment to figure out: the beeping of monitors, so familiar to Western ears, is absent. There is no heart-lung machine to reroute the 12-year-old patient's blood. Instead, doctors have packed the body in ice to block the flow of blood to brain, and stopped the heart with potassium chloride. They have rendered her clinically dead.

The surgeons have only 90 minutes to repair the hole in the child's heart without risking brain damage. As the last stitch is placed, they pour a pitcher of warm water over the heart, pump it with their hands and administer dopamine to restore its function. Relief fills the room as her temperature creeps up from 72 degrees. Over the next three days she will thaw out and wake up.",Magazine,Magazine Desk,News,article,712,"Russia; HUNT, KATHLEEN; MESHALKIN, YEVGENY N (DR); Heart; Surgery and Surgeons",https://www.nytimes.com/1994/01/02/magazine/a-coldblooded-cure.html
1994,1994-01-02T05:00:00Z,1990s,Jan-Feb,A Teacher With a Dream: Multiculturalism,"IN the year and a half that Dr. Janell Drone has been the first director of multicultural education in this school district, she has been a strong and controversial force. ""Wherever I go I make my presence known,"" she said, a striking black woman immaculately groomed in a tailored suit and hair designed into dozens of thin, African-style braids.

""Sometimes we don't agree, but that's O.K.,"" she told a group of admiring teachers on the last day of a 15-week series of seminars featuring national experts. ""I just know I have a mission, a focus and a purpose. If you want to help me, fine. If not, just stay out of my way.""",,"IN the year and a half that Dr. Janell Drone has been the first director of multicultural education in this school district, she has been a strong and controversial force. ""Wherever I go I make my presence known,"" she said, a striking black woman immaculately groomed in a tailored suit and hair designed into dozens of thin, African-style braids.

""Sometimes we don't agree, but that's O.K.,"" she told a group of admiring teachers on the last day of a 15-week series of seminars featuring national experts. ""I just know I have a mission, a focus and a purpose. If you want to help me, fine. If not, just stay out of my way.""",New York,Westchester Weekly Desk,News,article,1772,"Mount Vernon (NY); Aronow, Ina; DRONE, JANELL (DR); Education and Schools; BLACKS (IN US)",https://www.nytimes.com/1994/01/02/nyregion/a-teacher-with-a-dream-multiculturalism.html
1994,1994-01-02T05:00:00Z,1990s,Jan-Feb,"Blue Helmets, Empty Guns",,,,Magazine,Magazine Desk,News,article,10027,,https://www.nytimes.com/1994/01/02/magazine/blue-helmets-empty-guns.html
1994,1994-01-02T05:00:00Z,1990s,Jan-Feb,Business Diary: December 26 - 31,,,,Business,Financial Desk,News,article,1575,,https://www.nytimes.com/1994/01/02/business/business-diary-december-26-31.html
1994,1994-01-02T05:00:00Z,1990s,Jan-Feb,CONNECTICUT GUIDE,,,,New York,Connecticut Weekly Desk,News,article,1209,NO INDEX TERMS,https://www.nytimes.com/1994/01/02/nyregion/connecticut-guide-723320.html
1994,1994-01-02T05:00:00Z,1990s,Jan-Feb,"Hint of Progress, and Warning, From North Korea",,,,World,Foreign Desk,News,article,1103,North Korea; International Atomic Energy Agency; KIM IL SUNG; ATOMIC WEAPONS; United States International Relations; Nuclear Nonproliferation Treaty; Economic Conditions and Trends,https://www.nytimes.com/1994/01/02/world/hint-of-progress-and-warning-from-north-korea.html
1994,1994-01-02T05:00:00Z,1990s,Jan-Feb,Is China Taking a Great Leap Backward?,,,,Opinion,Editorial Desk,Letter,article,381,China; Shanghai (China); Economic Conditions and Trends,https://www.nytimes.com/1994/01/02/opinion/l-is-china-taking-a-great-leap-backward-755958.html
1994,1994-01-02T05:00:00Z,1990s,Jan-Feb,Poor Lands' Success In Cutting Birth Rate Upsets Old Theories,,,,World,Foreign Desk,News,article,1525,Bangladesh; Population; Third World and Developing Countries,https://www.nytimes.com/1994/01/02/world/poor-lands-success-in-cutting-birth-rate-upsets-old-theories.html
1994,1994-01-02T05:00:00Z,1990s,Jan-Feb,THE WORLD; The Dynamic New China Still Races Against Time,,,,Week in Review,Week in Review Desk,News,article,1118,China; Population; Environment; Politics and Government; Economic Conditions and Trends,https://www.nytimes.com/1994/01/02/weekinreview/the-world-the-dynamic-new-china-still-races-against-time.html
1994,1994-01-02T05:00:00Z,1990s,Jan-Feb,"Tentatively, Carriages Enter Streets Of Midtown",,,,New York,Metropolitan Desk,News,article,775,"New York City; Giuliani, Rudolph W; Carriages; Cruelty to Animals; Horses; Regulation and Deregulation of Industry",https://www.nytimes.com/1994/01/02/nyregion/tentatively-carriages-enter-streets-of-midtown.html
1994,1994-01-02T05:00:00Z,1990s,Jan-Feb,Two Kidnapping Victims Freed in Queens,,,,New York,Metropolitan Desk,News,article,211,New York City; WEI-WU ZHENG; AH GIN; Kidnapping,https://www.nytimes.com/1994/01/02/nyregion/two-kidnapping-victims-freed-in-queens.html
1994,1994-01-03T05:00:00Z,1990s,Jan-Feb,"...While a Sluggish Japan Sighs Amid Asia's Roaring Tigers: China; Slower Growth, Still Spectacular",,,,Business,Financial Desk,News,article,520,China; Economic Conditions and Trends,https://www.nytimes.com/1994/01/03/business/while-sluggish-japan-sighs-amid-asia-s-roaring-tigers-china-slower-growth-still.html
1994,1994-01-03T05:00:00Z,1990s,Jan-Feb,"For the Nations of the Western Hemisphere, Renewed Growth: Latin America; Strong Growth Draws Investors",,,,Business,Financial Desk,News,article,459,Latin America; Economic Conditions and Trends,https://www.nytimes.com/1994/01/03/business/for-nations-western-hemisphere-renewed-growth-latin-america-strong-growth-draws.html
1994,1994-01-03T05:00:00Z,1990s,Jan-Feb,"Outlook '94; The New Strategy: Take Risks, Think Globally",,,,Business,Financial Desk,Summary,article,511,NINETEEN HUNDRED NINETY FOUR; Economic Conditions and Trends,https://www.nytimes.com/1994/01/03/business/outlook-94-the-new-strategy-take-risks-think-globally.html
1994,1994-01-03T05:00:00Z,1990s,Jan-Feb,Outlook '94; The Triumph of the Bulls Continues,,,,Business,Financial Desk,News,article,1083,INVESTMENT STRATEGIES; Forecasts; Mutual Funds; Stocks and Bonds,https://www.nytimes.com/1994/01/03/business/outlook-94-the-triumph-of-the-bulls-continues.html
1994,1994-03-01T05:00:00Z,1990s,Mar-Apr,A Hostage to the Olympics,"The reason why the word Olympics is respected all over the world is that it is full of humanitarianism and represents the good and honest nature of mankind. But there are exceptions. Just as many malicious things are committed under the guise of good intentions, the Olympics, a magnificent thing itself, conceals many evil doings contrary to the Olympic spirit.

One such case involves a Chinese citizen, Qin Yongmin, who was arrested and illegally put in a labor camp for opposing the Government's bid to play host to the 2000 Summer Games.",,"The reason why the word Olympics is respected all over the world is that it is full of humanitarianism and represents the good and honest nature of mankind. But there are exceptions. Just as many malicious things are committed under the guise of good intentions, the Olympics, a magnificent thing itself, conceals many evil doings contrary to the Olympic spirit.

One such case involves a Chinese citizen, Qin Yongmin, who was arrested and illegally put in a labor camp for opposing the Government's bid to play host to the 2000 Summer Games.",Opinion,Editorial Desk,Op-Ed,article,351,China; Wei Jingsheng; QIN YONGMIN; Olympic Games (2000); Freedom and Human Rights; SUMMER GAMES (OLYMPICS),https://www.nytimes.com/1994/03/01/opinion/a-hostage-to-the-olympics.html
1994,1994-03-01T05:00:00Z,1990s,Mar-Apr,BUSINESS DIGEST,,,,Business,Financial Desk,Summary,article,634,NO INDEX TERMS,https://www.nytimes.com/1994/03/01/business/business-digest-325821.html
1994,1994-03-01T05:00:00Z,1990s,Mar-Apr,COMPANY NEWS; Ford Motor Creates a Group To Pursue Ventures in China,,,,Business,Financial Desk,News,article,363,"China; Ford Motor Co; PAULSEN, JAMES J; Foreign Investments; Appointments and Executive Changes; Automobiles",https://www.nytimes.com/1994/03/01/business/company-news-ford-motor-creates-a-group-to-pursue-ventures-in-china.html
1994,1994-03-01T05:00:00Z,1990s,Mar-Apr,EU Warns China on U.K. Trade,"Reacting to fresh Chinese attacks on Britain for its pursuit of democratic reforms in Hong Kong, the European Union warned Beijing on Monday that its threats to retaliate against British trade risked a wider confrontation with the European Union..In Be",,"Reacting to fresh Chinese attacks on Britain for its pursuit of democratic reforms in Hong Kong, the European Union warned Beijing on Monday that its threats to retaliate against British trade risked a wider confrontation with the European Union..In Be",Archives,IHT News,,article,4218,,https://www.nytimes.com/1994/03/01/IHT-eu-warns-china-on-uk-trade.html
1994,1994-03-01T05:00:00Z,1990s,Mar-Apr,"Goldman, Sachs in China",,,,Business,Financial Desk,News,article,91,China; Beijing (China); GOLDMAN SACHS & CO,https://www.nytimes.com/1994/03/01/business/goldman-sachs-in-china.html
1994,1994-03-01T05:00:00Z,1990s,Mar-Apr,"HSBC Profit Surges 48%, Led by Asia","HSBC Holdings PLC, the parent company of HongKong & Shanghai Banking Corp., said Monday its profit surged 48 percent last year, to £1.81 billion ($3 billion). But it warned that 1994 could be more difficult in key growth areas..Led by strong g",,"HSBC Holdings PLC, the parent company of HongKong & Shanghai Banking Corp., said Monday its profit surged 48 percent last year, to £1.81 billion ($3 billion). But it warned that 1994 could be more difficult in key growth areas..Led by strong g",Business,IHT News,,article,2422,,https://www.nytimes.com/1994/03/01/business/worldbusiness/IHT-hsbc-profit-surges-48-led-by-asia.html
1994,1994-03-01T05:00:00Z,1990s,Mar-Apr,Sir Harold Acton Is Dead at 89; Prototypic Esthete of the 1920's,,,,Obituaries,Obituary,Obituary; Biography,article,587,"Acton, Harold; Biographical Information; DEATHS",https://www.nytimes.com/1994/03/01/obituaries/sir-harold-acton-is-dead-at-89-prototypic-esthete-of-the-1920-s.html
1994,1994-03-01T05:00:00Z,1990s,Mar-Apr,Tibet Couldn't Lose What It Never Had,,,,Opinion,Editorial Desk,Letter,article,323,"China; Tibet; Seymour, James D; SIGEL, LOUIS T",https://www.nytimes.com/1994/03/01/opinion/l-tibet-couldn-t-lose-what-it-never-had-332046.html
1994,1994-03-01T05:00:00Z,1990s,Mar-Apr,WEST BANK MASSACRE: Diplomacy; Clinton Praises Rabin for His Tough Stance on Militant Settlers,,,,World,Foreign Desk,News,article,981,"HEBRON (ISRAEL); Middle East; Israel; Goldstein, Baruch; Clinton, Bill; Rabin, Yitzhak; United States International Relations; JEWS; Palestinians; Israel-International Relations-US; ISRAELI SETTLEMENTS (OCCUPIED TERRITORIES)",https://www.nytimes.com/1994/03/01/world/west-bank-massacre-diplomacy-clinton-praises-rabin-for-his-tough-stance-militant.html
1994,1994-03-02T05:00:00Z,1990s,Mar-Apr,A Secure Future for East Asians Supposes Collective Tending,"Sustained rapid economic growth in East Asia has major consequences for security. Military spending has been forging ahead more or less in line with economic growth. When economies expand by between 8 and 10 percent a year, very substantial resources bec",,"Sustained rapid economic growth in East Asia has major consequences for security. Military spending has been forging ahead more or less in line with economic growth. When economies expand by between 8 and 10 percent a year, very substantial resources bec",Opinion,IHT News,,article,7334,,https://www.nytimes.com/1994/03/02/opinion/IHT-a-secure-future-for-east-asians-supposes-collective-tending.html
1994,1994-03-02T05:00:00Z,1990s,Mar-Apr,COMPANY NEWS: It Just Wants to Be AT&T; Going a Long Distance Before Shortening a Name,,,,Business,Financial Desk,News,article,312,"AT&T Corp; AMERICAN TELEPHONE & TELEGRAPH CO INC; Names, Organizational; Telephones and Telecommunications",https://www.nytimes.com/1994/03/02/business/company-it-just-wants-be-t-going-long-distance-before-shortening-name.html
1994,1994-03-02T05:00:00Z,1990s,Mar-Apr,COMPANY NEWS; ARCO GETS 50% OF BRITISH GAS PROJECT IN VIETNAM,,,,Business,Financial Desk,News,article,111,Vietnam; South China Sea; British Gas PLC; Atlantic Richfield Co; GAS (FUEL); Oil (Petroleum) and Gasoline; Offshore Exploration and Installations; EXPLORATION OF RESOURCES,https://www.nytimes.com/1994/03/02/business/company-news-arco-gets-50-of-british-gas-project-in-vietnam.html
1994,1994-03-02T05:00:00Z,1990s,Mar-Apr,China Backs Off a Bit on Hong Kong,"Marking a surprising pause in their bitter dispute over democratic reform in the colony, China and Britain agreed Tuesday to reopen talks on financing Hong Kong's new $21 billion airport.The decision to return to the bargaining table contradicted Beiji",,"Marking a surprising pause in their bitter dispute over democratic reform in the colony, China and Britain agreed Tuesday to reopen talks on financing Hong Kong's new $21 billion airport.The decision to return to the bargaining table contradicted Beiji",Archives,IHT News,,article,2776,,https://www.nytimes.com/1994/03/02/IHT-china-backs-off-a-bit-on-hong-kong.html
1994,1994-03-02T05:00:00Z,1990s,Mar-Apr,Eljer Industries reports earnings for Qtr to Jan 2,,,,Business,Financial Desk,Statistics,article,129,COMPANY EARNINGS,https://www.nytimes.com/1994/03/02/business/eljer-industries-reports-earnings-for-qtr-to-jan-2.html
1994,1994-03-02T05:00:00Z,1990s,Mar-Apr,Market Place; Some investors may be overly pessimistic on ARCO's outlook.,,,,Business,Financial Desk,News,article,767,Atlantic Richfield Co; Oil (Petroleum) and Gasoline; INVESTMENT STRATEGIES; MARKET PLACE (TIMES COLUMN),https://www.nytimes.com/1994/03/02/business/market-place-some-investors-may-be-overly-pessimistic-on-arco-s-outlook.html
1994,1994-03-02T05:00:00Z,1990s,Mar-Apr,NEWS SUMMARY,,,,New York,Metropolitan Desk,Summary,article,948,NO INDEX TERMS,https://www.nytimes.com/1994/03/02/nyregion/news-summary-336971.html
1994,1994-03-02T05:00:00Z,1990s,Mar-Apr,"Pu Jie, 87, Dies, Ending Dynasty Of the Manchus",,,,Obituaries,Obituary,Obituary; Biography,article,619,China; PU JIE; Biographical Information; DEATHS,https://www.nytimes.com/1994/03/02/obituaries/pu-jie-87-dies-ending-dynasty-of-the-manchus.html
1994,1994-03-03T05:00:00Z,1990s,Mar-Apr,"Alexei Haieff, 80, A Ballet Composer And Teacher, Dies",,,,Obituaries,Obituary,Obituary; Biography,article,288,"Haieff, Alexei; Biographical Information; DEATHS",https://www.nytimes.com/1994/03/03/obituaries/alexei-haieff-80-a-ballet-composer-and-teacher-dies.html
1994,1994-03-03T05:00:00Z,1990s,Mar-Apr,Caught in a Buyer's Panic? Help Is at Hand,,,,Home & Garden,Home Desk;,News,article,1579,RETAIL STORES AND TRADE; Consumer's World Page (Nyt),https://www.nytimes.com/1994/03/03/garden/caught-in-a-buyer-s-panic-help-is-at-hand.html
1994,1994-03-03T05:00:00Z,1990s,Mar-Apr,"China May Ease Law on Dissent, U.S. Aide Says",,,,World,Foreign Desk,News,article,529,China; Political Prisoners; Politics and Government; Law and Legislation; Freedom and Human Rights,https://www.nytimes.com/1994/03/03/world/china-may-ease-law-on-dissent-us-aide-says.html
1994,1994-05-01T05:00:00Z,1990s,May-Jun,Asian-American Lawsuit Tries to Make a Point: Police Caution,,,,New York,Metropolitan Desk,News,article,523,"Brooklyn (NYC); New York City; China; SUNSET PARK (NYC); Asian American Legal Defense and Education Fund; NG, JOHN; Police Brutality and Misconduct; ILLEGAL ALIENS; IMMIGRATION AND REFUGEES; Search and Seizure; Suits and Claims Against Government; Chinese-Americans; Smuggling",https://www.nytimes.com/1994/05/01/nyregion/asian-american-lawsuit-tries-to-make-a-point-police-caution.html
1994,1994-05-01T05:00:00Z,1990s,May-Jun,"BEST SELLERS: May 1, 1994",,,,Books,Book Review Desk,List,article,1470,NO INDEX TERMS,https://www.nytimes.com/1994/05/01/books/best-sellers-may-1-1994.html
1994,1994-05-01T05:00:00Z,1990s,May-Jun,Connecticut's Link to Salvaging Artifacts From the Titanic,"THE oldest living survivor of the Titanic, 97-year-old Edith Haisman, of Southampton, England, says she never expected to get another look at the gold pocket watch that went down to the bottom of the sea with her father when the ocean liner struck an iceberg and sank off the coast of Newfoundland during its maiden voyage nearly 82 years ago.

But last December, a Connecticut corporation intent on establishing a Titanic museum gave Mrs. Haisman a watch it said was her father's. The corporation, R.M.S. Titanic Inc., with offices in Southport and Manhattan, says it can earn more than $100 million during a 10-year world tour by featuring relics salvaged from a debris field near the wreckage.",,"THE oldest living survivor of the Titanic, 97-year-old Edith Haisman, of Southampton, England, says she never expected to get another look at the gold pocket watch that went down to the bottom of the sea with her father when the ocean liner struck an iceberg and sank off the coast of Newfoundland during its maiden voyage nearly 82 years ago.

But last December, a Connecticut corporation intent on establishing a Titanic museum gave Mrs. Haisman a watch it said was her father's. The corporation, R.M.S. Titanic Inc., with offices in Southport and Manhattan, says it can earn more than $100 million during a 10-year world tour by featuring relics salvaged from a debris field near the wreckage.",New York,Connecticut Weekly Desk,News,article,1864,"RMS Titanic Inc; Weizel, Richard; Salvage; Ships and Shipping; Titanic (Ship)",https://www.nytimes.com/1994/05/01/nyregion/connecticuts-link-to-salvaging-artifacts-from-the-titanic.html
1994,1994-05-01T05:00:00Z,1990s,May-Jun,From China to Wall Street to a Film on China,"THOUGH Ann Hu is just 38, she has lived enough distinct lives to serve as plots for novels. 

But rather than write books, she is now writing and producing films. Her first one, ""Dream and Memory,"" has received such good notices that it will make its American debut on Friday at the Quad Theater in Manhattan, and it was chosen as an entry in the Cannes Film Festival this month.",,"THOUGH Ann Hu is just 38, she has lived enough distinct lives to serve as plots for novels. 

But rather than write books, she is now writing and producing films. Her first one, ""Dream and Memory,"" has received such good notices that it will make its American debut on Friday at the Quad Theater in Manhattan, and it was chosen as an entry in the Cannes Film Festival this month.",New York,New Jersey Weekly Desk,News,article,931,"China; Hu, Ann; TOOLEN, TOM; MOTION PICTURES; Biographical Information; DREAM AND MEMORY (MOVIE)",https://www.nytimes.com/1994/05/01/nyregion/from-china-to-wall-street-to-a-film-on-china.html
1994,1994-05-01T05:00:00Z,1990s,May-Jun,INNOCENT ABROAD; Jean-Bertrand Aristide,,,,Magazine,Magazine Desk,Biography,article,3097,"Haiti; Aristide, Jean-Bertrand; Biographical Information",https://www.nytimes.com/1994/05/01/magazine/innocent-abroad-jean-bertrand-aristide.html
1994,1994-05-01T05:00:00Z,1990s,May-Jun,If and When; From the Pall of Sarajevo to the Shore of Who Knows Where,,,,Week in Review,Week in Review Desk,News,article,1672,"Clinton, Bill; United States International Relations; United States Armament and Defense",https://www.nytimes.com/1994/05/01/weekinreview/if-and-when-from-the-pall-of-sarajevo-to-the-shore-of-who-knows-where.html
1994,1994-05-01T05:00:00Z,1990s,May-Jun,Learning To Stand On Ceremony,"Sondra Snowdon's first lesson in international business diplomacy and global social protocol came in 1982 when, as a liaison for Citicorp, she was sent to meet a sheik at the airport and he assumed that she was his gift for the weekend. It took her quite a while to convince him that she was not a gift, and when she finally did, it was she who had to apologize so as not to offend.

Today, Ms. Snowdon markets that and other protocol lessons by way of Snowdon's Global Trade and Travel Network, an on-line computer data base that provides global-minded executives a comprehensive protocol-oriented overview of 64 countries. She also offers a worldwide business briefing service by fax and has written two books on the subject (her second, ""Snowdon's Official International Protocols,"" will be published in September by Irwin Professional Publishers). And she does seminars; in annual sessions at the Pierre Hotel she teaches the staff the intricacies of dealing with Japanese guests.",,"Sondra Snowdon's first lesson in international business diplomacy and global social protocol came in 1982 when, as a liaison for Citicorp, she was sent to meet a sheik at the airport and he assumed that she was his gift for the weekend. It took her quite a while to convince him that she was not a gift, and when she finally did, it was she who had to apologize so as not to offend.

Today, Ms. Snowdon markets that and other protocol lessons by way of Snowdon's Global Trade and Travel Network, an on-line computer data base that provides global-minded executives a comprehensive protocol-oriented overview of 64 countries. She also offers a worldwide business briefing service by fax and has written two books on the subject (her second, ""Snowdon's Official International Protocols,"" will be published in September by Irwin Professional Publishers). And she does seminars; in annual sessions at the Pierre Hotel she teaches the staff the intricacies of dealing with Japanese guests.",Style,Styles of The Times,News,article,838,"SNOWDON, SONDRA; TAYLOR, B KIMBERLY; Executives and Management; MANNERS AND CUSTOMS; Biographical Information",https://www.nytimes.com/1994/05/01/style/learning-to-stand-on-ceremony.html
1994,1994-05-01T05:00:00Z,1990s,May-Jun,MARKET WATCH; The Workers Are Starting To Win a Few,,,,Business,Financial Desk,News,article,532,LABOR; Wages and Salaries; Stocks and Bonds,https://www.nytimes.com/1994/05/01/business/market-watch-the-workers-are-starting-to-win-a-few.html
1994,1994-05-01T05:00:00Z,1990s,May-Jun,NEIGHBORHOOS REPORT: LOWER MANHATTAN; . . . and the New Poor Dream of Escape,,,,New York,The City Weekly Desk,News,article,456,New York City; BOWERY (NYC); China; ILLEGAL ALIENS; IMMIGRATION AND REFUGEES; Homeless Persons,https://www.nytimes.com/1994/05/01/nyregion/neighborhoos-report-lower-manhattan-and-the-new-poor-dream-of-escape.html
1994,1994-05-01T05:00:00Z,1990s,May-Jun,Olympic Officials Try to Cool Dispute About Homosexuality,,,,U.S.,National Desk,News,article,609,Cobb County (Ga); Atlanta (Ga); Volleyball; Olympic Games (1996); Homosexuality,https://www.nytimes.com/1994/05/01/us/olympic-officials-try-to-cool-dispute-about-homosexuality.html
1994,1994-05-01T05:00:00Z,1990s,May-Jun,"Radio Free Asia, Taiwan Sales Approved",,,,World,Foreign Desk,News,article,186,"United States; Taiwan; Radio Free Asia; Clinton, Bill; Arms Sales Abroad; ARMAMENT, DEFENSE AND MILITARY FORCES; Radio; Law and Legislation",https://www.nytimes.com/1994/05/01/world/radio-free-asia-taiwan-sales-approved.html
1994,1994-05-01T05:00:00Z,1990s,May-Jun,"TELEVISION; It's May, and Mini-Series Season, Again",,,,Arts,Arts & Leisure Desk,News,article,1072,"American Broadcasting Cos Inc; King, Stephen; Television; STAND, THE (TV PROGRAM)",https://www.nytimes.com/1994/05/01/arts/television-it-s-may-and-mini-series-season-again.html
1994,1994-05-01T05:00:00Z,1990s,May-Jun,The Nation; And Landscape Architects Are Tilling the Soil,,,,Week in Review,Week in Review Desk,News,article,859,"JOHNSON, KENNETH; BEALE, CALVIN; LIFE STYLES; POPULATION SHIFTS; Urban Areas; Rural Areas",https://www.nytimes.com/1994/05/01/weekinreview/the-nation-and-landscape-architects-are-tilling-the-soil.html
1994,1994-05-01T05:00:00Z,1990s,May-Jun,The World; A Nixon Legacy Devalued By a Cold War Standard,,,,Week in Review,Week in Review Desk,News,article,829,"United States; Nixon, Richard Milhous; INTERNATIONAL MONETARY SYSTEM; Gold; Currency; Bretton Woods Agreement; Economic Conditions and Trends",https://www.nytimes.com/1994/05/01/weekinreview/the-world-a-nixon-legacy-devalued-by-a-cold-war-standard.html
1994,1994-05-01T05:00:00Z,1990s,May-Jun,U.S. Puts Off Sanctions on China and Japan,,,,World,Foreign Desk,News,article,427,"Japan; China; Clinton, Bill; SANCTIONS (ECONOMIC); International Trade and World Market",https://www.nytimes.com/1994/05/01/world/us-puts-off-sanctions-on-china-and-japan.html
1994,1994-05-01T05:00:00Z,1990s,May-Jun,"VOWS; Bradford Hu, Yuko Kuriyama",,,,Style,Society Desk,News,article,573,"KURIYAMA, YUKO; HU, BRADFORD; Weddings and Engagements",https://www.nytimes.com/1994/05/01/style/vows-bradford-hu-yuko-kuriyama.html
1994,1994-05-02T05:00:00Z,1990s,May-Jun,Abroad at Home; Politics Of Hate,,,,Opinion,Editorial Desk,Op-Ed,article,733,"Clinton, Bill; Clinton, Hillary Rodham; United States Politics and Government; News and News Media",https://www.nytimes.com/1994/05/02/opinion/abroad-at-home-politics-of-hate.html
1994,1994-05-02T05:00:00Z,1990s,May-Jun,Clinton's Call for Pacific Harmony Meets a Chorus of Criticism From Asians,,,,World,Foreign Desk,News,article,1256,"Far East, South and Southeast Asia and Pacific Areas; Clinton, Bill; United States International Relations",https://www.nytimes.com/1994/05/02/world/clinton-s-call-for-pacific-harmony-meets-a-chorus-of-criticism-from-asians.html
1994,1994-05-02T05:00:00Z,1990s,May-Jun,U.S. Delay on China Move,,,,Business,Financial Desk,News,article,222,"China; BENTSEN, LLOYD; Clinton, Bill; COPYRIGHTS; International Trade and World Market; INDUSTRIAL ESPIONAGE AND PIRACY",https://www.nytimes.com/1994/05/02/business/us-delay-on-china-move.html
1994,1994-05-03T05:00:00Z,1990s,May-Jun,The Singapore Debate : LETTERS TO THE EDITOR,"In his letter of April 26, S.R. Nathan, Singapore's ambassador to the United States, states that ""the Singapore government did not introduce caning; the British colonial government of Singapore did."" This is correct insofar as it goes. But it g",,"In his letter of April 26, S.R. Nathan, Singapore's ambassador to the United States, states that ""the Singapore government did not introduce caning; the British colonial government of Singapore did."" This is correct insofar as it goes. But it g",Opinion,IHT News,,article,2262,,https://www.nytimes.com/1994/05/03/opinion/IHT-the-singapore-debate-letters-to-the-editor-92484561143.html
1994,1994-07-01T05:00:00Z,1990s,Jul-Aug,"1894:Corea's Appeal : IN OUR PAGES:100, 75 AND 50 YEARS AGO","NEW YORK - According to a despatch from Washington the state of affairs in Corea is very unsettled, even to the event of pointing to a rupture between China and Japan. The Coreans have addressed an urgent appeal to Secretary Gresham to take such action as",,"NEW YORK - According to a despatch from Washington the state of affairs in Corea is very unsettled, even to the event of pointing to a rupture between China and Japan. The Coreans have addressed an urgent appeal to Secretary Gresham to take such action as",Opinion,IHT News,,article,500,,https://www.nytimes.com/1994/07/01/opinion/IHT-1894coreas-appeal-in-our-pages100-75-and-50-years-ago.html
1994,1994-07-01T05:00:00Z,1990s,Jul-Aug,Art in Review,,,,Arts,Weekend Desk,Review,article,290,"China; ZHU QIZHAN; Cotter, Holland; Reviews; Art; SHOWS (EXHIBITS)",https://www.nytimes.com/1994/07/01/arts/art-in-review-014192.html
1994,1994-07-01T05:00:00Z,1990s,Jul-Aug,BUSINESS DIGEST,,,,Business,Financial Desk,Summary,article,547,,https://www.nytimes.com/1994/07/01/business/business-digest-012726.html
1994,1994-07-01T05:00:00Z,1990s,Jul-Aug,Britain and China Settle Transfer of Hong Kong Bases,Britain and China settled their long dispute over the transfer of Hong Kong military sites Thursday despite Beijing's renewed threats to dismantle a new constitutional system just approved by the colony's legislature..The military lands deal was hailed,,Britain and China settled their long dispute over the transfer of Hong Kong military sites Thursday despite Beijing's renewed threats to dismantle a new constitutional system just approved by the colony's legislature..The military lands deal was hailed,Archives,IHT News,,article,4093,,https://www.nytimes.com/1994/07/01/IHT-britain-and-china-settle-transfer-of-hong-kong-bases.html
1994,1994-07-01T05:00:00Z,1990s,Jul-Aug,COMPANY NEWS;Executive-Suite Shifts at Continental Grain,,,,Business,Financial Desk,Biography,article,546,"Continental Grain Co; STAHELI, DONALDL; FRIBOURG, MICHEL; FRIBOURG, PAUL J; Appointments and Executive Changes",https://www.nytimes.com/1994/07/01/business/company-news-executive-suite-shifts-at-continental-grain.html
1994,1994-07-01T05:00:00Z,1990s,Jul-Aug,China Faces U.S. Sanctions in Electronic Copyright Piracy,,,,Business,Financial Desk,News,article,631,"China; GENERAL AGREEMENT ON TARIFFS AND TRADE; Clinton, Bill; COPYRIGHTS; SANCTIONS (ECONOMIC); International Trade and World Market; Compact Disks; Videotape; DATA PROCESSING (COMPUTERS); INDUSTRIAL ESPIONAGE AND  PIRACY",https://www.nytimes.com/1994/07/01/business/china-faces-us-sanctions-in-electronic-copyright-piracy.html
1994,1994-07-01T05:00:00Z,1990s,Jul-Aug,"New Era, New Pie",,,,Opinion,Editorial Desk,Op-Ed,article,441,Group of Seven; International Trade and World Market,https://www.nytimes.com/1994/07/01/opinion/new-era-new-pie.html
1994,1994-07-02T05:00:00Z,1990s,Jul-Aug,Full-Blown AIDS Cases Estimated at 4 Million,,,,U.S.,National Desk,News,article,531,"Africa; United States; FAR EAST, SOUTH AND SOUTHEAST ASIA ANDPACIFIC AREAS; World Health Organization; Children and Youth; ACQUIRED IMMUNE DEFICIENCY SYNDROME (AIDS)",https://www.nytimes.com/1994/07/02/us/full-blown-aids-cases-estimated-at-4-million.html
1994,1994-07-02T05:00:00Z,1990s,Jul-Aug,Musical Tradition of Acrimony,,,,Arts,Cultural Desk,News,article,1100,"Russia; Lugansky, Nikolai; Koh, Jennifer; Music; Contests and Prizes; Awards, Decorations and Honors; INTERNATIONAL TCHAIKOVSKY COMPETITION",https://www.nytimes.com/1994/07/02/arts/musical-tradition-of-acrimony.html
1994,1994-07-03T05:00:00Z,1990s,Jul-Aug,"ART; American Realism, a 'Persistent Trait'",,,,New York,New Jersey Weekly Desk,Review,article,815,New Jersey; Morris Museum; SHOWS (EXHIBITS); Art,https://www.nytimes.com/1994/07/03/nyregion/art-american-realism-a-persistent-trait.html
1994,1994-07-03T05:00:00Z,1990s,Jul-Aug,All Politics Is Office Politics,"THE HALDEMAN DIARIES
Inside the Nixon White House.
By H. R. Haldeman.
Illustrated. 698 pp. New York:
G. P. Putnam's Sons. $27.50.",,"THE HALDEMAN DIARIES
Inside the Nixon White House.
By H. R. Haldeman.
Illustrated. 698 pp. New York:
G. P. Putnam's Sons. $27.50.",Books,Book Review Desk,Review,article,2056,"Westlake, Donald E; Haldeman, H R; Nixon, Richard Milhous; BOOK REVIEWS; United States Politics and Government; HALDEMAN DIARIES, THE (BOOK)",https://www.nytimes.com/1994/07/03/books/all-politics-is-office-politics.html
1994,1994-07-03T05:00:00Z,1990s,Jul-Aug,Celebrating A Passion For Roses,"IT IS almost always worth the trip to visit a collection founded on passion. The passion of Jules Gravereaux, a late 19th-century millionaire and co-founder of the stylish Bon Marche department store in Paris, was for roses -- and it led to the creation in 1894 of the first garden in Europe designed exclusively for them: La Roseraie Departementale de l'Hay-les-Roses, 20 minutes south of Paris by car or 40 minutes by Metro and bus. Not too long after, in 1904, Mr. Gravereaux donated 6,000 roses from l'Hay to the city of Paris to start the rose garden at Bagatelle in the Bois de Boulogne, the city's vast park of over 2,000 acres. The Bagatelle, an 18th century house surrounded by extensive gardens, includes the sumptuous two-acre rose garden. Planted with 11,000 rosebushes of over 850 varieties, it is in bloom throughout the summer.

Mr. Gravereaux and J. C. N. Forestier, the conservator of parks and gardens of Paris and the landscape architect who designed and executed the garden, aimed to put Bagatelle on a par with the best rose gardens of England and Germany and hoped that it would be of general interest to everyone ""from the most modest amateur to the most qualified rose specialists,"" as Mr. Gravereaux wrote.",,"IT IS almost always worth the trip to visit a collection founded on passion. The passion of Jules Gravereaux, a late 19th-century millionaire and co-founder of the stylish Bon Marche department store in Paris, was for roses -- and it led to the creation in 1894 of the first garden in Europe designed exclusively for them: La Roseraie Departementale de l'Hay-les-Roses, 20 minutes south of Paris by car or 40 minutes by Metro and bus. Not too long after, in 1904, Mr. Gravereaux donated 6,000 roses from l'Hay to the city of Paris to start the rose garden at Bagatelle in the Bois de Boulogne, the city's vast park of over 2,000 acres. The Bagatelle, an 18th century house surrounded by extensive gardens, includes the sumptuous two-acre rose garden. Planted with 11,000 rosebushes of over 850 varieties, it is in bloom throughout the summer.

Mr. Gravereaux and J. C. N. Forestier, the conservator of parks and gardens of Paris and the landscape architect who designed and executed the garden, aimed to put Bagatelle on a par with the best rose gardens of England and Germany and hoped that it would be of general interest to everyone ""from the most modest amateur to the most qualified rose specialists,"" as Mr. Gravereaux wrote.",Travel,Travel Desk,News,article,1775,"Paris (France); France; BOIS DU BOULOGNE (PARIS); DORRA, MARY TONETTI; Gardens and Gardening; Nytravel; ROSES",https://www.nytimes.com/1994/07/03/travel/celebrating-a-passion-for-roses.html
1994,1994-07-03T05:00:00Z,1990s,Jul-Aug,Glen Cove Artist With a Passion for Mongolian Paintings,"MOU-SIEN TSENG made his first impassioned Mongolian man-and-horse paintings with white chalk on a sidewalk when he was 5. 

Fifty-two years later Mou-Sien, now living in Glen Cove, is still deeply involved with painting scenes from Mongolian life. Only now the artist pours his passion into detailed acrylic paintings on large gold-and-silver-leaf canvases, garnering international recognition and praise for his bold renditions -- with sometimes radical departures -- from traditional interpretations of the Mongolian man-and-horse motif.",,"MOU-SIEN TSENG made his first impassioned Mongolian man-and-horse paintings with white chalk on a sidewalk when he was 5. 

Fifty-two years later Mou-Sien, now living in Glen Cove, is still deeply involved with painting scenes from Mongolian life. Only now the artist pours his passion into detailed acrylic paintings on large gold-and-silver-leaf canvases, garnering international recognition and praise for his bold renditions -- with sometimes radical departures -- from traditional interpretations of the Mongolian man-and-horse motif.",New York,Long Island Weekly Desk,News,article,1708,"Raimondo, Lois; TSENG, MOU-SIEN; Art",https://www.nytimes.com/1994/07/03/nyregion/glen-cove-artist-with-a-passion-for-mongolian-paintings.html
1994,1994-07-03T05:00:00Z,1990s,Jul-Aug,Loves of an Aging Cowboy,"BLUE RODEO
By Jo-Ann Mapson.
318 pp. New York:
HarperCollins Publishers. $22.",,"BLUE RODEO
By Jo-Ann Mapson.
318 pp. New York:
HarperCollins Publishers. $22.",Books,Book Review Desk,Review,article,779,"Shreve, Anita; Mapson, Jo-Ann; BOOK REVIEWS; BLUE RODEO (BOOK)",https://www.nytimes.com/1994/07/03/books/loves-of-an-aging-cowboy.html
1994,1994-07-03T05:00:00Z,1990s,Jul-Aug,Nixon's America,"BEYOND PEACE
By Richard Nixon.
262 pp. New York:
Random House. $23.",,"BEYOND PEACE
By Richard Nixon.
262 pp. New York:
Random House. $23.",Books,Book Review Desk,Review,article,1819,"Lukas, J Anthony; Nixon, Richard Milhous; BOOK REVIEWS; BEYOND PEACE (BOOK)",https://www.nytimes.com/1994/07/03/books/nixons-america.html
1994,1994-07-03T05:00:00Z,1990s,Jul-Aug,PLAYING IN THE NEIGHBORHOOD,,,,New York,The City Weekly Desk,News,article,594,New York City,https://www.nytimes.com/1994/07/03/nyregion/playing-in-the-neighborhood-553077.html
1994,1994-07-03T05:00:00Z,1990s,Jul-Aug,Putting Fine China Back Together Again,,,,New York,Connecticut Weekly Desk,News,article,1208,"Essex (Conn); JOHNSON, BATES; Ceramics and Pottery; PORCELAIN",https://www.nytimes.com/1994/07/03/nyregion/putting-fine-china-back-together-again.html
1994,1994-07-03T05:00:00Z,1990s,Jul-Aug,TELEVISION; The Biggest Star You Never Heard Of,,,,Movies,Arts & Leisure Desk,Biography,article,1299,"ROTHROCK, CYNTHIA; MOTION PICTURES; Television; Biographical Information; Martial Arts",https://www.nytimes.com/1994/07/03/movies/television-the-biggest-star-you-never-heard-of.html
1994,1994-07-03T05:00:00Z,1990s,Jul-Aug,Taking a Positive Step on North Korea,,,,Opinion,Editorial Desk,Letter,article,491,"North Korea; Carter, Jimmy; ATOMIC WEAPONS; United States International Relations; North Korea-International Relations-US",https://www.nytimes.com/1994/07/03/opinion/l-taking-a-positive-step-on-north-korea-566829.html
1994,1994-07-03T05:00:00Z,1990s,Jul-Aug,WHAT'S DOING IN; Newport,,,,Travel,Travel Desk,News,article,1873,Newport (RI); Travel and Vacations; What's Doing In...(times Column),https://www.nytimes.com/1994/07/03/travel/what-s-doing-in-newport.html
1994,1994-08-31T05:00:00Z,,,Bankruptcies in China,,,,Business,,,,,,https://www.nytimes.com/1994/08/31/business/bankruptcies-in-china.html
1994,1994-09-01T05:00:00Z,1990s,Sep-Oct,CURRENTS; White With Dash,,,,Home & Garden,Home Desk,News,article,100,HAKUSAN STUDIOS; SARA; MORI; Design; Tableware; Ceramics and Pottery,https://www.nytimes.com/1994/09/01/garden/currents-white-with-dash.html
1994,1994-09-01T05:00:00Z,1990s,Sep-Oct,Corrections,,,,New York,Metropolitan Desk,Correction,article,53,New York City; Heroin; Correction Stories; Drug Abuse and Traffic,https://www.nytimes.com/1994/09/01/nyregion/c-corrections-113808.html
1994,1994-09-01T05:00:00Z,1990s,Sep-Oct,"For Military Suppliers, A Door Opens to Deals",,,,Business,Financial Desk,News,article,883,"Lockheed Corp; Martin Marietta Corp; LEONIS, JOHN M; Mergers, Acquisitions and Divestitures; INDUSTRY PROFILES; United States Armament and Defense",https://www.nytimes.com/1994/09/01/business/for-military-suppliers-a-door-opens-to-deals.html
1994,1994-09-01T05:00:00Z,1990s,Sep-Oct,GARDEN NOTEBOOK; In Mystical Innisfree,,,,Home & Garden,Home Desk,News,article,1839,"INNISFREE (MILLBROOK, NY, GARDEN); Beck, Walter; Gardens and Gardening",https://www.nytimes.com/1994/09/01/garden/garden-notebook-in-mystical-innisfree.html
1994,1994-09-01T05:00:00Z,1990s,Sep-Oct,Police Comb Neighborhood For Source of Fatal Heroin,,,,New York,Metropolitan Desk,News,article,885,New York City; Heroin; Drug Abuse and Traffic,https://www.nytimes.com/1994/09/01/nyregion/police-comb-neighborhood-for-source-of-fatal-heroin.html
1994,1994-09-01T05:00:00Z,1990s,Sep-Oct,Seoul Women Protest Offer By Japanese On War Sex,,,,World,Foreign Desk,News,article,768,Japan; South Korea; KOREA (PRE-1945); Prostitution; women; JAPAN-INTERNATIONAL RELATIONS-SOUTH KOREA; Demonstrations and Riots; World War II (1939-45),https://www.nytimes.com/1994/09/01/world/seoul-women-protest-offer-by-japanese-on-war-sex.html
1994,1994-09-02T05:00:00Z,1990s,Sep-Oct,Awe-Struck U.S. Executives Survey the China Market,,,,Business,Financial Desk,News,article,1013,"China; Clinton, Bill; Deng Xiaoping; Brown, Ronald H; Foreign Investments; United States International Relations; Politics and Government; China-International Relations-US; Economic Conditions and Trends; Freedom and Human Rights",https://www.nytimes.com/1994/09/02/business/awe-struck-us-executives-survey-the-china-market.html
1994,1994-09-02T05:00:00Z,1990s,Sep-Oct,BUSINESS DIGEST,,,,Business,Financial Desk,Summary,article,587,NO INDEX TERMS,https://www.nytimes.com/1994/09/02/business/business-digest-125407.html
1994,1994-09-02T05:00:00Z,1990s,Sep-Oct,COMPANY NEWS: The Snack-Food Frontier; Chinese to Get a Taste Of Cheese-Less Cheetos,,,,Business,Financial Desk,News,article,403,China; Guangdong Province (China); Pepsico Inc; Foreign Investments; JOINT VENTURES AND CONSORTIUMS; Snack Foods; Food,https://www.nytimes.com/1994/09/02/business/company-snack-food-frontier-chinese-get-taste-cheese-less-cheetos.html
1994,1994-09-02T05:00:00Z,1990s,Sep-Oct,Chinese Hit by Tank Is Denied Place in Games,,,,World,Foreign Desk,News,article,425,China; FANG ZHENG; DENG PUFANG; Politics and Government; Biographical Information; Athletics and Sports; Demonstrations and Riots; Special Olympics; Freedom and Human Rights; Handicapped,https://www.nytimes.com/1994/09/02/world/chinese-hit-by-tank-is-denied-place-in-games.html
1994,1994-09-02T05:00:00Z,1990s,Sep-Oct,Crime Bill Bans the Clip Used in Rifle,,,,New York,Metropolitan Desk,News,article,479,"ROCKEFELLER CENTER (NYC); Montgomery, Campbell Theron; Tager, William Emanuel; Murders and Attempted Murders; Gun Control; Firearms",https://www.nytimes.com/1994/09/02/nyregion/crime-bill-bans-the-clip-used-in-rifle.html
1994,1994-09-02T05:00:00Z,1990s,Sep-Oct,FUTURES MARKETS; Fears of Lower Stockpiles Push Wheat Prices Higher,,,,Business,Financial Desk,News,article,426,Livestock; PRICES; HEATING FUEL; FUTURES TRADING; Grain,https://www.nytimes.com/1994/09/02/business/futures-markets-fears-of-lower-stockpiles-push-wheat-prices-higher.html
1994,1994-09-02T05:00:00Z,1990s,Sep-Oct,Officials Lower Death Total Attributed to Powerful Heroin,,,,New York,Metropolitan Desk,News,article,617,New York City; Heroin; COCAINE; Drug Abuse and Traffic,https://www.nytimes.com/1994/09/02/nyregion/officials-lower-death-total-attributed-to-powerful-heroin.html
1994,1994-09-02T05:00:00Z,1990s,Sep-Oct,RESULTS PLUS,,,,Sports,Sports Desk,News,article,284,NO INDEX TERMS,https://www.nytimes.com/1994/09/02/sports/results-plus-129291.html
1994,1994-09-02T05:00:00Z,1990s,Sep-Oct,Women in China's Market : LETTERS TO THE EDITOR,"Regarding the editorial ""China's Gender Balance"" (Aug. 23):.The editorial correctly attributes China's growing shortage of marriageable women to the combined effects of the one-child policy and traditional bias against girls. It points out th",,"Regarding the editorial ""China's Gender Balance"" (Aug. 23):.The editorial correctly attributes China's growing shortage of marriageable women to the combined effects of the one-child policy and traditional bias against girls. It points out th",Opinion,IHT News,,article,2563,,https://www.nytimes.com/1994/09/02/opinion/IHT-women-in-chinas-market-letters-to-the-editor.html
1994,1994-09-02T05:00:00Z,1990s,Sep-Oct,"Women's Advocates Flocking to Cairo, Eager for Gains",,,,World,Foreign Desk,News,article,1220,"Egypt; Cairo (Egypt); United Nations; MUMTAZ, KHAWAR; Population; women; Islam",https://www.nytimes.com/1994/09/02/world/women-s-advocates-flocking-to-cairo-eager-for-gains.html
1994,1994-09-02T05:00:00Z,1990s,Sep-Oct,"Yes, They're Still Eating Dogs in China",,,,Opinion,Editorial Desk,Letter,article,271,"Hong Kong; China; Raddock, David M; Dogs",https://www.nytimes.com/1994/09/02/opinion/l-yes-they-re-still-eating-dogs-in-china-131016.html
1994,1994-09-02T05:00:00Z,1990s,Sep-Oct,"Yes, They're Still Eating Dogs in China; Market in Guangzhou",,,,Opinion,Editorial Desk,Letter,article,146,"Hong Kong; Guangzhou (China); China; Coe, Andrew; Dogs",https://www.nytimes.com/1994/09/02/opinion/l-yes-they-re-still-eating-dogs-in-china-market-in-guangzhou-131024.html
1994,1994-09-03T05:00:00Z,1990s,Sep-Oct,Letters Show Thief Knew Value Of the Quedlinburg Treasures,,,,Arts,Cultural Desk,News,article,1089,"QUEDLINBURG (GERMANY); MEADOR, JOE T; Robberies and Thefts; LOOT AND LOOTING; Art; World War II (1939-45)",https://www.nytimes.com/1994/09/03/arts/letters-show-thief-knew-value-of-the-quedlinburg-treasures.html
1994,1994-09-03T05:00:00Z,1990s,Sep-Oct,NEWS SUMMARY,,,,New York,Metropolitan Desk,Summary,article,912,NO INDEX TERMS,https://www.nytimes.com/1994/09/03/nyregion/news-summary-137359.html
1994,1994-09-29T05:00:00Z,,,11% China Growth Seen,,,,Business,,,,,,https://www.nytimes.com/1994/09/29/business/11-china-growth-seen.html
1994,1994-10-11T05:00:00Z,,,Upjohn China Venture,,,,Business,,,,,,https://www.nytimes.com/1994/10/11/business/upjohn-china-venture.html
1994,1994-10-12T05:00:00Z,,,BellSouth Plans China Joint Venture,,,,Business,,,,,,https://www.nytimes.com/1994/10/12/business/bellsouth-plans-china-joint-venture.html
1994,1994-10-25T05:00:00Z,,,Bank Venture Set For China,,,,Business,,,,,,https://www.nytimes.com/1994/10/25/business/bank-venture-set-for-china.html
1994,1994-10-27T05:00:00Z,,,Intel in China Deal,,,,Business,,,,,,https://www.nytimes.com/1994/10/27/business/intel-in-china-deal.html
1994,1994-11-01T05:00:00Z,1990s,Nov-Dec,"After Crackdown, Smugglers Of Chinese Find New Routes",,,,U.S.,National Desk,News,article,1163,Virgin Islands (US); China; Puerto Rico; Ships and Shipping; ILLEGAL ALIENS; IMMIGRATION AND REFUGEES; Smuggling,https://www.nytimes.com/1994/11/01/us/after-crackdown-smugglers-of-chinese-find-new-routes.html
1994,1994-11-01T05:00:00Z,1990s,Nov-Dec,Changing ABM Treaty Reverses Arms Effort,,,,Opinion,Editorial Desk,Letter,article,314,"Wright, David C; Holum, John D; Clinton, Bill; United States International Relations; ANTIBALLISTIC MISSILE TREATY (1972); Arms Control and Limitation and Disarmament; MISSILES; Treaties",https://www.nytimes.com/1994/11/01/opinion/l-changing-abm-treaty-reverses-arms-effort-694975.html
1994,1994-11-01T05:00:00Z,1990s,Nov-Dec,China Opens Central Bank Books,"In an apparent move to shed more light on the Chinese economy, the central bank said Monday it would begin providing public statistics on the money supply, and it did so for the first time in the Communists' 45 years in power..The move is aimed at allo",,"In an apparent move to shed more light on the Chinese economy, the central bank said Monday it would begin providing public statistics on the money supply, and it did so for the first time in the Communists' 45 years in power..The move is aimed at allo",Business,IHT News,,article,3585,,https://www.nytimes.com/1994/11/01/business/worldbusiness/IHT-china-opens-central-bank-books.html
1994,1994-11-01T05:00:00Z,1990s,Nov-Dec,Thinking Ahead/Commentary : The Race to Still Larger Trade Zones,The United States and the European Union suddenly seem to be racing to sign up partners in new economic megazones that could radically alter the pattern of global trade..Longstanding warnings that the world may break up into three warring blocs based i,,The United States and the European Union suddenly seem to be racing to sign up partners in new economic megazones that could radically alter the pattern of global trade..Longstanding warnings that the world may break up into three warring blocs based i,Business,IHT News,,article,3771,,https://www.nytimes.com/1994/11/01/business/worldbusiness/IHT-thinking-aheadcommentary-the-race-to-still-larger.html
1994,1994-11-02T05:00:00Z,1990s,Nov-Dec,"AT THE GUGGENHEIM WITH: Doris Lessing; A Portrait Unwinds, As in Life",,,,Home & Garden,Living Desk,Biography,article,1846,"Italy; Guggenheim, Solomon R, Museum; Lessing, Doris; Biographical Information; Books and Literature; Art; UNDER MY SKIN: VOLUME ONE OF MY AUTOBIOGRAPHY, TO 1949 (BOOK)",https://www.nytimes.com/1994/11/02/garden/at-the-guggenheim-with-doris-lessing-a-portrait-unwinds-as-in-life.html
1994,1994-11-02T05:00:00Z,1990s,Nov-Dec,Indian Police Free 3 Britons Held Hostage,,,,World,Foreign Desk,News,article,628,Great Britain; India; KASHMIR AND JAMMU; Kidnapping; Travel and Vacations,https://www.nytimes.com/1994/11/02/world/indian-police-free-3-britons-held-hostage.html
1994,1994-11-03T05:00:00Z,1990s,Nov-Dec,"1944: U.S. to Help China : IN OUR PAGES:100, 75 AND 50 YEARS AGO","[From our New York edition:] Donald M. Nelson, former War Production Board chairman, will return to China soon, at the request of Generalissimo Chiang Kai-shek, to organize a ""Chinese W.P.B."" Mr. Nelson will make his second trip to China as Pre",,"[From our New York edition:] Donald M. Nelson, former War Production Board chairman, will return to China soon, at the request of Generalissimo Chiang Kai-shek, to organize a ""Chinese W.P.B."" Mr. Nelson will make his second trip to China as Pre",Opinion,IHT News,,article,407,,https://www.nytimes.com/1994/11/03/opinion/IHT-1944-us-to-help-china-in-our-pages100-75-and-50-years-ago.html
1994,1994-11-03T05:00:00Z,,,China Output Up 26.4%,,,,Business,,,,,,https://www.nytimes.com/1994/11/03/business/china-output-up-26.4.html
1994,1994-11-03T05:00:00Z,1990s,Nov-Dec,FUTURES MARKETS; Coffee Prices Slump as Rain Eases Brazil Drought Fears,,,,Business,Financial Desk,News,article,409,Brazil; Weather; PRICES; FUTURES TRADING; Rain; Coffee,https://www.nytimes.com/1994/11/03/business/futures-markets-coffee-prices-slump-as-rain-eases-brazil-drought-fears.html
1994,1994-11-03T05:00:00Z,1990s,Nov-Dec,Hong Kong Welcomes Its Return to China,,,,Opinion,Editorial Desk,Letter,article,228,"Hong Kong; China; Lee, Martin C M; Politics and Government",https://www.nytimes.com/1994/11/03/opinion/l-hong-kong-welcomes-its-return-to-china-716561.html
1994,1994-11-03T05:00:00Z,1990s,Nov-Dec,Linking Centuries At the Louvre Cafe,,,,Home & Garden,Home Desk,News,article,770,"Paris (France); CAFE MARLY; Louvre; Gagnere, Olivier; Restaurants",https://www.nytimes.com/1994/11/03/garden/linking-centuries-at-the-louvre-cafe.html
1994,1994-11-03T05:00:00Z,1990s,Nov-Dec,Strike Prevents Delivery of San Francisco Daily Newspapers,,,,U.S.,National Desk,News,article,1171,San Francisco (Calif); San Francisco Examiner; San Francisco Chronicle; Newspapers; LABOR; Strikes; News and News Media,https://www.nytimes.com/1994/11/03/us/strike-prevents-delivery-of-san-francisco-daily-newspapers.html
1994,1994-11-03T05:00:00Z,1990s,Nov-Dec,U.S. Embargo of Cuba Violates U.N.'s Wishes,,,,Opinion,Editorial Desk,Letter,article,328,Cuba; United States International Relations; SANCTIONS (ECONOMIC); Cuba-International Relations-US; EMBARGOES,https://www.nytimes.com/1994/11/03/opinion/l-us-embargo-of-cuba-violates-un-s-wishes-716545.html
1994,1994-11-04T05:00:00Z,1990s,Nov-Dec,BUSINESS DIGEST,,,,Business,Financial Desk,Summary,article,593,NO INDEX TERMS,https://www.nytimes.com/1994/11/04/business/business-digest-721190.html
1994,1994-11-04T05:00:00Z,1990s,Nov-Dec,Breakthrough in Hong Kong Airport Talks,"After more than three years of negotiations bedeviled by numerous arguments over Hong Kong's political future, China and Britain agreed to a general formula on Thursday for financing the colony's $20.3 billion airport..The breakthrough on a project tha",,"After more than three years of negotiations bedeviled by numerous arguments over Hong Kong's political future, China and Britain agreed to a general formula on Thursday for financing the colony's $20.3 billion airport..The breakthrough on a project tha",Archives,IHT News,,article,4942,,https://www.nytimes.com/1994/11/04/IHT-breakthrough-in-hong-kong-airport-talks.html
1994,1994-11-04T05:00:00Z,1990s,Nov-Dec,COMPANY NEWS; BRISTOL-MYERS TO BUY CALGON VESTAL FOR $261.5 MILLION,,,,Business,Financial Desk,News,article,95,"Calgon Vestal Laboratories; MERCK & CO INC; Bristol-Myers Squibb Co; Mergers, Acquisitions and Divestitures",https://www.nytimes.com/1994/11/04/business/company-news-bristol-myers-to-buy-calgon-vestal-for-261.5-million.html
1994,1994-11-04T05:00:00Z,1990s,Nov-Dec,Debunking Myths of Modern Asia,"Amid all the hype about Asia, it's as well to keep a sense of proportion - particularly with President Bill Clinton about to head that way in a cloud of extravagant expectations. As Mr. Clinton prepares for the Asia-Pacific Economic Cooperation summit me",,"Amid all the hype about Asia, it's as well to keep a sense of proportion - particularly with President Bill Clinton about to head that way in a cloud of extravagant expectations. As Mr. Clinton prepares for the Asia-Pacific Economic Cooperation summit me",Business,IHT News,,article,4308,,https://www.nytimes.com/1994/11/04/business/worldbusiness/IHT-debunking-myths-of-modern-asia.html
1994,1994-11-04T05:00:00Z,1990s,Nov-Dec,Indonesia's Phony Cleanup,,,,Opinion,Editorial Desk,Editorial,article,331,"Indonesia; Clinton, Bill; Suharto; United States International Relations; Editorials; Politics and Government; Indonesia-International Relations-US; Freedom and Human Rights",https://www.nytimes.com/1994/11/04/opinion/indonesia-s-phony-cleanup.html
1994,1994-11-04T05:00:00Z,1990s,Nov-Dec,"U.S. Is Shifting Trade Emphasis Away From Japan; A Focus on Rest of Asia, Latin Nations",,,,Business,Financial Desk,News,article,1197,"Japan; Latin America; Far East, South and Southeast Asia and Pacific Areas; China; Clinton, Bill; Garten, Jeffrey E; Foreign Investments; International Trade and World Market",https://www.nytimes.com/1994/11/04/business/us-shifting-trade-emphasis-away-japan-focus-rest-asia-latin-nations.html
1994,1994-11-04T05:00:00Z,1990s,Nov-Dec,U.S. Is Shifting Trade Emphasis Away from Japan; More Growth Predicted for New Markets,,,,Business,Financial Desk,News,article,1128,"Japan; Latin America; Far East, South and Southeast Asia and Pacific Areas; Mexico; Kantor, Mickey; Clinton, Bill; International Trade and World Market; Conventions and Conferences",https://www.nytimes.com/1994/11/04/business/us-shifting-trade-emphasis-away-japan-more-growth-predicted-for-new-markets.html
1994,1994-11-08T05:00:00Z,,,Compaq Grows in China,,,,Business,,,,,,https://www.nytimes.com/1994/11/08/business/compaq-grows-in-china.html
1994,1994-11-28T05:00:00Z,,,AT&T China Contract,,,,Business,,,,,,https://www.nytimes.com/1994/11/28/business/at-t-china-contract.html
1994,1994-11-30T05:00:00Z,,,More Ventures in China,,,,Business,,,,,,https://www.nytimes.com/1994/11/30/business/more-ventures-in-china.html
1994,1994-11-30T05:00:00Z,,,New Coke Plant in China,,,,Business,,,,,,https://www.nytimes.com/1994/11/30/business/new-coke-plant-in-china.html
1994,1994-12-01T05:00:00Z,,,China to Investigate Doping,,,,Sports,,,,,,https://www.nytimes.com/1994/12/01/sports/china-to-investigate-doping.html
1994,1994-12-04T05:00:00Z,,,Seeing China Under Your Own Steam,,,,Travel,,,,,,https://www.nytimes.com/1994/12/04/travel/seeing-china-under-your-own-steam.html
1994,1994-12-12T05:00:00Z,,,China Pressed on A-Tests,,,,World,,,,,,https://www.nytimes.com/1994/12/12/world/china-pressed-on-a-tests.html
1994,1994-12-22T05:00:00Z,,,China Takes a Hard Line,,,,Sports,,,,,,https://www.nytimes.com/1994/12/22/sports/china-takes-a-hard-line.html
1994,1994-12-24T05:00:00Z,,,Olympic Coin Deal in China,,,,Business,,,,,,https://www.nytimes.com/1994/12/24/business/olympic-coin-deal-in-china.html
1994,1994-12-28T05:00:00Z,,,Trade Surplus for China,,,,Business,,,,,,https://www.nytimes.com/1994/12/28/business/trade-surplus-for-china.html
1994,1994-12-28T05:00:00Z,,,U.S. Readies China Tariffs,,,,Business,,,,,,https://www.nytimes.com/1994/12/28/business/us-readies-china-tariffs.html
1994,1994-12-29T05:00:00Z,,,China Battles Fake Currency,,,,Business,,,,,,https://www.nytimes.com/1994/12/29/business/china-battles-fake-currency.html
1994,1994-12-30T05:00:00Z,,,China Passes Prison Law,,,,World,,,,,,https://www.nytimes.com/1994/12/30/world/china-passes-prison-law.html
1995,1995-01-01T05:00:00Z,1990s,Jan-Feb,"1994 THE YEAR IN REVIEW; From Archery to Paddleball to Yachting, Winners All",,,,Sports,Sports Desk,List,article,11682,NINETEEN HUNDRED NINETY-FOUR; Athletics and Sports,https://www.nytimes.com/1995/01/01/sports/1994-the-year-in-review-from-archery-to-paddleball-to-yachting-winners-all.html
1995,1995-01-01T05:00:00Z,1990s,Jan-Feb,"A LA CARTE; At the End of a Bountiful Year, 10 of the Best Choices",,,,New York,Long Island Weekly Desk,Review,article,1457,Long Island (NY); Restaurants,https://www.nytimes.com/1995/01/01/nyregion/a-la-carte-at-the-end-of-a-bountiful-year-10-of-the-best-choices.html
1995,1995-01-01T05:00:00Z,1990s,Jan-Feb,Business Diary,,,,Business,Business/Financial Desk,News,article,1410,Terms not available,https://www.nytimes.com/1995/01/01/business/business-diary.html
1995,1995-01-01T05:00:00Z,1990s,Jan-Feb,China Warns It Will Retaliate If U.S. Proceeds With Sanctions,,,,World,Foreign Desk,News,article,295,"China; Kantor, Mickey; SANCTIONS (ECONOMIC); International Trade and World Market; Customs (Tariff)",https://www.nytimes.com/1995/01/01/world/china-warns-it-will-retaliate-if-us-proceeds-with-sanctions.html
1995,1995-01-01T05:00:00Z,1990s,Jan-Feb,Corrections,,,,New York,Metropolitan Desk,Correction,article,94,Long Island (NY); Restaurants; Correction Stories,https://www.nytimes.com/1995/01/01/nyregion/c-corrections-185395.html
1995,1995-01-01T05:00:00Z,1990s,Jan-Feb,INSIDE,,,,New York,Metropolitan Desk,Summary,article,70,NO INDEX TERMS,https://www.nytimes.com/1995/01/01/nyregion/inside-636195.html
1995,1995-01-01T05:00:00Z,1990s,Jan-Feb,"LIVES WELL LIVED: RICHARD NIXON;
We Hardly Knew Ye, Too","1913-1994 The 37th President hoped to be remembered for foreign policy; more often he was fated to be a victim of satire. Daniel Schorr, the senior news analyst for National Public Radio, was a CBS correspondent when he made Nixon's notorious ""Enemies List."" He brings us up to date on some of the alums. Paul Slansky, the co-author of ""Dan Quayle: Airhead Apparent,"" offers a quiz to challenge any Nixon aficionado.
1. What did Nixon's mother say he excelled at as a child?
 a) Singing.",,"1913-1994 The 37th President hoped to be remembered for foreign policy; more often he was fated to be a victim of satire. Daniel Schorr, the senior news analyst for National Public Radio, was a CBS correspondent when he made Nixon's notorious ""Enemies List."" He brings us up to date on some of the alums. Paul Slansky, the co-author of ""Dan Quayle: Airhead Apparent,"" offers a quiz to challenge any Nixon aficionado.
1. What did Nixon's mother say he excelled at as a child?
 a) Singing.",Magazine,Magazine Desk,News,article,359,Terms not available,https://www.nytimes.com/1995/01/01/magazine/lives-well-lived-richard-nixon-we-hardly-knew-ye-too.html
1995,1995-01-01T05:00:00Z,1990s,Jan-Feb,NEIGHBORHOOD REPORT; Caffeine and Crackdowns: Dispatches From '94,,,,New York,The City Weekly Desk,News,article,4125,New York City; Manhattan (NYC); Social Conditions and Trends; NINETEEN HUNDRED NINETY-FOUR; News and News Media,https://www.nytimes.com/1995/01/01/nyregion/neighborhood-report-caffeine-and-crackdowns-dispatches-from-94.html
1995,1995-01-01T05:00:00Z,1990s,Jan-Feb,NEWS SUMMARY,,,,New York,Metropolitan Desk,Summary,article,648,NO INDEX TERMS,https://www.nytimes.com/1995/01/01/nyregion/news-summary-584595.html
1995,1995-01-01T05:00:00Z,1990s,Jan-Feb,"REDISCOVERIES;
More Than Just A Victorian","Three-quarters of a century have slipped away since Bloomsbury last sneered at the British Victorians; fiction's new career, in the form of ""Ulysses,"" began more than 70 years ago. We post-moderns are by now so far from the modernist repudiation of Victorian influence that we can look with an unembarrassed eye -- an eye of one's own, we might say -- at the three-decker Victorian novel's subplots and coincidences, its bloated serializations, its unnaturally heightened and speechifying dialogue. We can see past their potboiler mechanisms into what these baggy old novelists humanly, and sometimes half-divinely, knew.

Anthony Trollope has long been excluded from this percipient, and undeceived, reassessment. He is nearly the only Victorian novelist who has been critically doomed to remain a Victorian. He alone appears to be unforgiven. Dickens and Henry James and George Eliot and Thackeray -- even the colonialist-imperialist Kipling! -- are permitted, and sometimes prodded, to transcend the accident of their chronology and the confines of their mores. Only Trollope is regarded as still mired in his devices -- devices that are, in their pre-video yet cinematic way, archetypes of our present-day story-machines, glowing like colored apothecary globes in rooms where pianos used to stand. Trollope, in brief, is dismissed as a kind of antiquated television set; he is said to be ""undemanding."" Dickens, by contrast, survives in all his greatness as caricaturist; George Eliot as moralist; Thackeray as ironist; Hardy as determinist. (Shorthand, it goes without saying, for the orchestrally manifold.)",,"Three-quarters of a century have slipped away since Bloomsbury last sneered at the British Victorians; fiction's new career, in the form of ""Ulysses,"" began more than 70 years ago. We post-moderns are by now so far from the modernist repudiation of Victorian influence that we can look with an unembarrassed eye -- an eye of one's own, we might say -- at the three-decker Victorian novel's subplots and coincidences, its bloated serializations, its unnaturally heightened and speechifying dialogue. We can see past their potboiler mechanisms into what these baggy old novelists humanly, and sometimes half-divinely, knew.

Anthony Trollope has long been excluded from this percipient, and undeceived, reassessment. He is nearly the only Victorian novelist who has been critically doomed to remain a Victorian. He alone appears to be unforgiven. Dickens and Henry James and George Eliot and Thackeray -- even the colonialist-imperialist Kipling! -- are permitted, and sometimes prodded, to transcend the accident of their chronology and the confines of their mores. Only Trollope is regarded as still mired in his devices -- devices that are, in their pre-video yet cinematic way, archetypes of our present-day story-machines, glowing like colored apothecary globes in rooms where pianos used to stand. Trollope, in brief, is dismissed as a kind of antiquated television set; he is said to be ""undemanding."" Dickens, by contrast, survives in all his greatness as caricaturist; George Eliot as moralist; Thackeray as ironist; Hardy as determinist. (Shorthand, it goes without saying, for the orchestrally manifold.)",Books,Book Review Desk,Series,article,3081,"Ozick, Cynthia; TROLLOPE, ANTHONY (1815-1882); Books and Literature",https://www.nytimes.com/1995/01/01/books/rediscoveries-more-than-just-a-victorian.html
1995,1995-01-01T05:00:00Z,1990s,Jan-Feb,Streetscapes/The Haughwout Building; Restoring a Richly Sculpted Venetian Palace,,,,Real Estate,Real Estate Desk,News,article,827,New York City; SOHO AREA (SOUTH HOUSTON INDUSTRIAL DISTRICT) (NYC); Historic Buildings and Sites; RESTORATION AND REHABILITATION; RETAIL STORES AND TRADE; HAUGHWOUT BUILDING (NYC),https://www.nytimes.com/1995/01/01/realestate/streetscapes-the-haughwout-building-restoring-a-richly-sculpted-venetian-palace.html
1995,1995-01-01T05:00:00Z,1990s,Jan-Feb,THE WORLD; The Tipplers and the Temperate: Drinking Around the World,,,,Week in Review,Week in Review Desk,News,article,239,Cirrhosis; Liver; Alcoholic Beverages; Consumer Behavior,https://www.nytimes.com/1995/01/01/weekinreview/the-world-the-tipplers-and-the-temperate-drinking-around-the-world.html
1995,1995-01-01T05:00:00Z,1990s,Jan-Feb,TRAVEL ADVISORY: CORRESPONDENT'S REPORT; Khmer Rouge Threaten Cambodian Tourism,,,,Travel,Travel Desk,News,article,605,Cambodia; Khmer Rouge; Murders and Attempted Murders; Travel and Vacations; Nytravel,https://www.nytimes.com/1995/01/01/travel/travel-advisory-correspondent-s-report-khmer-rouge-threaten-cambodian-tourism.html
1995,1995-01-01T05:00:00Z,1990s,Jan-Feb,U.S. Threatens $2.8 Billion Of Tariffs on China Exports,,,,World,Foreign Desk,News,article,1538,China; SANCTIONS (ECONOMIC); International Trade and World Market; Customs (Tariff),https://www.nytimes.com/1995/01/01/world/us-threatens-2.8-billion-of-tariffs-on-china-exports.html
1995,1995-01-01T05:00:00Z,1990s,Jan-Feb,Use of Herbalism Increases,,,,New York,Long Island Weekly Desk,News,article,1124,Long Island (NY); Preventive Medicine; Herbs; Medicine and Health,https://www.nytimes.com/1995/01/01/nyregion/use-of-herbalism-increases.html
1995,1995-01-01T05:00:00Z,1990s,Jan-Feb,"Wall Street; With the New Year, New Scams",,,,Business,Business/Financial Desk,News,article,901,Frauds and Swindling; Stocks and Bonds,https://www.nytimes.com/1995/01/01/business/wall-street-with-the-new-year-new-scams.html
1995,1995-01-02T05:00:00Z,1990s,Jan-Feb,'94's Problems Exposed World's Weak Leadership,"In retrospect, the just-ended year seems likely to be viewed as the period that exposed the glaring lack of leaders and institutions capable of coping with the world's new challenges of disorder..A bleak, dispiriting overall scorecard contributed to gr",,"In retrospect, the just-ended year seems likely to be viewed as the period that exposed the glaring lack of leaders and institutions capable of coping with the world's new challenges of disorder..A bleak, dispiriting overall scorecard contributed to gr",Archives,IHT News,,article,4280,,https://www.nytimes.com/1995/01/02/IHT-94s-problems-exposed-worlds-weak-leadership.html
1995,1995-01-02T05:00:00Z,1990s,Jan-Feb,5 Nations Elected to U.N. Security Council,,,,World,Foreign Desk,News,article,193,Germany; Italy; Botswana; Indonesia; Honduras; SECURITY COUNCIL; United Nations,https://www.nytimes.com/1995/01/02/world/5-nations-elected-to-un-security-council.html
1995,1995-01-02T05:00:00Z,1990s,Jan-Feb,China's Central Bank Raises A Rate Linked to Investing,,,,Business,Business/Financial Desk,News,article,330,China; People's Bank of China; PRICES; Interest Rates; Credit; Economic Conditions and Trends; CAPITALINVESTMENT,https://www.nytimes.com/1995/01/02/business/china-s-central-bank-raises-a-rate-linked-to-investing.html
1995,1995-01-02T05:00:00Z,1990s,Jan-Feb,Yeltsin's Next Quagmire?,"Unlike Russia's secessionist crisis in Chechnya, the danger of a collapse of Tajikistan peace talks and renewal of the civil war there-- by far the bloodiest in any of the former Soviet republics -- cannot be dismissed as an internal Russian matter.

United States policy should aim to develop the small Central Asian republic of Tajikistan as an independent member of the world community. Instead, Washington has been surprisingly silent from the time war broke out in May 1992 until a cease-fire took hold in October in the small mountain country of 5.6 million, sandwiched between Afghanistan, China, Kyrgyzstan and Uzbekistan.",,"Unlike Russia's secessionist crisis in Chechnya, the danger of a collapse of Tajikistan peace talks and renewal of the civil war there-- by far the bloodiest in any of the former Soviet republics -- cannot be dismissed as an internal Russian matter.

United States policy should aim to develop the small Central Asian republic of Tajikistan as an independent member of the world community. Instead, Washington has been surprisingly silent from the time war broke out in May 1992 until a cease-fire took hold in October in the small mountain country of 5.6 million, sandwiched between Afghanistan, China, Kyrgyzstan and Uzbekistan.",Opinion,Editorial Desk,Op-Ed,article,1085,"Tajikistan; Russia; Meier, Andrew; CIVIL WAR AND GUERRILLA WARFARE; Politics and Government; United States International Relations; TAJIKISTAN-INTERNATIONAL RELATIONS-US",https://www.nytimes.com/1995/01/02/opinion/yeltsins-next-quagmire.html
1995,1995-03-01T05:00:00Z,1990s,Mar-Apr,Foreign Affairs; The Global Casino,,,,Opinion,Editorial Desk,Op-Ed,article,742,INVESTMENT STRATEGIES; Stocks and Bonds,https://www.nytimes.com/1995/03/01/opinion/foreign-affairs-the-global-casino.html
1995,1995-03-01T05:00:00Z,1990s,Mar-Apr,More Protests in Beijing,,,,World,Foreign Desk,News,article,75,China; Political Prisoners; Politics and Government; Freedom and Human Rights,https://www.nytimes.com/1995/03/01/world/more-protests-in-beijing.html
1995,1995-03-01T05:00:00Z,1990s,Mar-Apr,Tibetan New Year: Offerings and Feasts,,,,Home & Garden,Living Desk,News,article,1142,Tibet; LOSAR (TIBETAN NEW YEAR); Lunar New Year; TIBETAN-AMERICANS,https://www.nytimes.com/1995/03/01/garden/tibetan-new-year-offerings-and-feasts.html
1995,1995-03-01T05:00:00Z,1990s,Mar-Apr,U.S. Must Lead to Curb Global Warming,,,,Opinion,Editorial Desk,Letter,article,216,"Petsonk, Annie; Weather; Greenhouse Effect; Air Pollution",https://www.nytimes.com/1995/03/01/opinion/l-us-must-lead-to-curb-global-warming-392695.html
1995,1995-03-02T05:00:00Z,1990s,Mar-Apr,COMPANY NEWS; WESTINGHOUSE GETS CONTRACTS IN CHINA AND ENGLAND,,,,Business,Business/Financial Desk,News,article,93,Great Britain; China; WESTINGHOUSE ELECTRIC CORP; Electric Light and Power,https://www.nytimes.com/1995/03/02/business/company-news-westinghouse-gets-contracts-in-china-and-england.html
1995,1995-03-02T05:00:00Z,1990s,Mar-Apr,China Firms Learning to Play by Rules Of the Game,"It is not happening in every province or every deal, but all of a sudden China Inc. appears more willing to play by the rules of Western business..Somewhere in the ranks of Beijing's senior decision makers, Western bankers and analysts said, a message",,"It is not happening in every province or every deal, but all of a sudden China Inc. appears more willing to play by the rules of Western business..Somewhere in the ranks of Beijing's senior decision makers, Western bankers and analysts said, a message",Archives,IHT News,,article,4256,,https://www.nytimes.com/1995/03/02/IHT-china-firms-learning-to-play-by-rules-of-the-game.html
1995,1995-03-02T05:00:00Z,1990s,Mar-Apr,Dole Hammers on Yeltsin As U.S. Frustration Grows,,,,World,Foreign Desk,News,article,1015,"Russia; Bush, George; Clinton, Bill; Gorbachev, Mikhail S; Lake, Anthony; Dole, Bob; United States International Relations; Politics and Government; Russia-International Relations-US",https://www.nytimes.com/1995/03/02/world/dole-hammers-on-yeltsin-as-us-frustration-grows.html
1995,1995-03-02T05:00:00Z,1990s,Mar-Apr,Expect China to Stay United and Pro-Growth,"There is debate on what will happen to China after Deng Xiaoping dies. Some say there will be a power struggle followed by a civil war, eventually dividing the country into two or three states..Yet the last 2,000 years of history shows that China has b",,"There is debate on what will happen to China after Deng Xiaoping dies. Some say there will be a power struggle followed by a civil war, eventually dividing the country into two or three states..Yet the last 2,000 years of history shows that China has b",Opinion,IHT News,,article,2619,,https://www.nytimes.com/1995/03/02/opinion/IHT-expect-china-to-stay-united-and-progrowth.html
1995,1995-03-02T05:00:00Z,1990s,Mar-Apr,Is New York Ready for Nice?,,,,Home & Garden,Home Desk,News,article,1351,"New York City; CRATE AND BARREL; SEGAL, GORDON; Home Furnishings; RETAIL STORES AND TRADE",https://www.nytimes.com/1995/03/02/garden/is-new-york-ready-for-nice.html
1995,1995-03-02T05:00:00Z,1990s,Mar-Apr,Lehman Settles China Dispute,,,,Business,Business/Financial Desk,News,article,121,CHINA INTERNATIONAL TRUST & INVESTMENT CORP; CITIC SHANGHAI CO; LEHMAN BROTHERS INC; FUTURES TRADING,https://www.nytimes.com/1995/03/02/business/lehman-settles-china-dispute.html
1995,1995-03-02T05:00:00Z,1990s,Mar-Apr,U.S. and China in a Clash Over Human Rights,,,,World,Foreign Desk,News,article,356,China; United Nations; Politics and Government; China-International Relations-US; Freedom and Human Rights,https://www.nytimes.com/1995/03/02/world/us-and-china-in-a-clash-over-human-rights.html
1995,1995-03-03T05:00:00Z,1990s,Mar-Apr,12 Chinese Intellectuals Call For Limit on Police Powers,,,,World,Foreign Desk,News,article,593,China; Political Prisoners; Politics and Government; Law and Legislation; Police,https://www.nytimes.com/1995/03/03/world/12-chinese-intellectuals-call-for-limit-on-police-powers.html
1995,1995-03-03T05:00:00Z,1990s,Mar-Apr,FUTURES MARKETS; Worries About Textile Mills Push Cotton Prices Lower,,,,Business,Business/Financial Desk,News,article,384,"COTTON EXCHANGE, NY; Cotton; FUTURES TRADING; Textiles",https://www.nytimes.com/1995/03/03/business/futures-markets-worries-about-textile-mills-push-cotton-prices-lower.html
1995,1995-03-03T05:00:00Z,1990s,Mar-Apr,NEWS SUMMARY,,,,New York,Metropolitan Desk,Summary,article,800,NO INDEX TERMS,https://www.nytimes.com/1995/03/03/nyregion/news-summary-190895.html
1995,1995-03-03T05:00:00Z,1990s,Mar-Apr,The Little Museums That Are Big,,,,Arts,Weekend Desk,News,article,2426,"New York City; AFRICAN-AMERICAN WAX MUSEUM; American Numismatic Society; Garibaldi-Meucci Museum; Police Museum; SMITH, ABIGAIL ADAMS, MUSEUM; Coney Island Museum; Museums",https://www.nytimes.com/1995/03/03/arts/the-little-museums-that-are-big.html
1995,1995-03-04T05:00:00Z,1990s,Mar-Apr,A Soaring Fund Shuns Japan and Mexico,"Spectacular market losses in currency-battered Mexico and quake-shaken Japan have decimated many a foreign fund in recent months. Standing tall is GAM International.

 Its manager, John R. Horseman, adroitly dodged the danger zones, kept a significant cash cushion and larded his portfolio with European bonds, especially German ones. For the year, he has logged a total return of more than 9 percent, well ahead of the 7 percent loss for the average foreign stock fund. Although the surge follows a weak showing in 1994, his long-term record is stellar. For the five years ended in February, GAM International's annualized return exceeded 14 percent, adjusted for its 5 percent sales charge.",,"Spectacular market losses in currency-battered Mexico and quake-shaken Japan have decimated many a foreign fund in recent months. Standing tall is GAM International.

 Its manager, John R. Horseman, adroitly dodged the danger zones, kept a significant cash cushion and larded his portfolio with European bonds, especially German ones. For the year, he has logged a total return of more than 9 percent, well ahead of the 7 percent loss for the average foreign stock fund. Although the surge follows a weak showing in 1994, his long-term record is stellar. For the five years ended in February, GAM International's annualized return exceeded 14 percent, adjusted for its 5 percent sales charge.",Archives,Business/Financial Desk;,News,article,1243,"Germany; GAM INTERNATIONAL FUND; Middleton, Timothy; HORSEMAN, JOHN R; Stocks and Bonds; Mutual Funds",https://www.nytimes.com/1995/03/04/archives/a-soaring-fund-shuns-japan-and-mexico.html
1995,1995-03-04T05:00:00Z,1990s,Mar-Apr,New Bids Being Mounted to Enter China and India : Singapore Telecom Going Global,"Facing an erosion of its monopoly in a small home base, state- controlled Singapore Telecommunications Ltd. is intensifying a major push into foreign markets to gain customers and revenue..But analysts say it is still too early to tell whether the list",,"Facing an erosion of its monopoly in a small home base, state- controlled Singapore Telecommunications Ltd. is intensifying a major push into foreign markets to gain customers and revenue..But analysts say it is still too early to tell whether the list",Business,IHT News,,article,5485,,https://www.nytimes.com/1995/03/04/business/worldbusiness/IHT-new-bids-being-mounted-to-enter-china-and-india.html
1995,1995-03-05T05:00:00Z,1990s,Mar-Apr,NEIGHBORHOOD REPORT: UPPER WEST SIDE; Crack Trade Making Way For Heroin,,,,New York,The City Weekly Desk,News,article,591,New York City; Upper West Side (Manhattan); Heroin; CRACK (COCAINE); Drug Abuse and Traffic,https://www.nytimes.com/1995/03/05/nyregion/neighborhood-report-upper-west-side-crack-trade-making-way-for-heroin.html
1995,1995-03-05T05:00:00Z,1990s,Mar-Apr,Uncle Bob,,,,Magazine,Magazine Desk,Biography,article,8112,"Gingrich, Newt; Dole, Bob; Biographical Information; Presidential Election of 1996",https://www.nytimes.com/1995/03/05/magazine/uncle-bob.html
1995,1995-03-05T05:00:00Z,1990s,Mar-Apr,WESTCHESTER GUIDE,,,,New York,Westchester Weekly Desk,News,article,1142,NO INDEX TERMS,https://www.nytimes.com/1995/03/05/nyregion/westchester-guide-381795.html
1995,1995-05-01T05:00:00Z,1990s,May-Jun,An Eclipse for the Group of Seven,,,,Business,Business/Financial Desk,An Analysis; Economic Analysis,article,752,INTERIM COMMITTEE; Group of Seven; Economic Conditions and Trends,https://www.nytimes.com/1995/05/01/business/an-eclipse-for-the-group-of-seven.html
1995,1995-05-01T05:00:00Z,1990s,May-Jun,Composition Award Won by John Adams,,,,Arts,Cultural Desk,News,article,113,"Adams, John; Music; Awards, Decorations and Honors",https://www.nytimes.com/1995/05/01/arts/composition-award-won-by-john-adams.html
1995,1995-05-01T05:00:00Z,1990s,May-Jun,Study Shows Viral Mutation Due to Nutritional Deficiency,,,,U.S.,National Desk,News,article,1131,University of North Carolina; Diet and Nutrition; Viruses; Mice,https://www.nytimes.com/1995/05/01/us/study-shows-viral-mutation-due-to-nutritional-deficiency.html
1995,1995-05-02T05:00:00Z,1990s,May-Jun,A Designer's Careful Leap to Success,,,,Style,Style Desk;,News,article,1014,HAN FENG; Biographical Information; APPAREL,https://www.nytimes.com/1995/05/02/style/a-designer-s-careful-leap-to-success.html
1995,1995-05-02T05:00:00Z,1990s,May-Jun,Appeal Comes After Clinton Cuts Off Trade : U.S. Calls On Allies To Join Ban on Iran,"The United States denounced Iran on Monday and sternly declared to its allies and to Russia and China that there were no longer any ""excuses"" for maintaining commercial ties with Tehran's Islamic regime..The message was delivered at a news br",,"The United States denounced Iran on Monday and sternly declared to its allies and to Russia and China that there were no longer any ""excuses"" for maintaining commercial ties with Tehran's Islamic regime..The message was delivered at a news br",Archives,IHT News,,article,4941,,https://www.nytimes.com/1995/05/02/IHT-appeal-comes-after-clinton-cuts-off-trade-us-calls-on-allies-to-join-ban.html
1995,1995-05-02T05:00:00Z,1990s,May-Jun,"Calling Iran 'Outlaw State,' Christopher Defends U.S. Trade Ban",,,,World,Foreign Desk,News,article,1044,"Russia; Iran; China; Christopher, Warren M; Clinton, Bill; ATOMIC WEAPONS; United States International Relations; SANCTIONS (ECONOMIC); CHINA-INTERNATIONAL RELATIONS-IRAN; IRAN-INTERNATIONAL RELATIONS-RUSSIA; ATOMIC ENERGY; Terrorism; EMBARGOES",https://www.nytimes.com/1995/05/02/world/calling-iran-outlaw-state-christopher-defends-us-trade-ban.html
1995,1995-05-02T05:00:00Z,1990s,May-Jun,"FUTURES MARKETS; Wheat Prices Rise on Prediction Of China Deal, Later Confirmed",,,,Business,Business/Financial Desk,News,article,422,"China; Agriculture Department; Glickman, Dan; International Trade and World Market; PRICES; Crop Controls and Subsidies; FUTURES TRADING; Grain",https://www.nytimes.com/1995/05/02/business/futures-markets-wheat-prices-rise-on-prediction-of-china-deal-later-confirmed.html
1995,1995-05-02T05:00:00Z,1990s,May-Jun,Highway of Drugs -- A special report.; Opium Finding Its Silk Road In the Chaos of Central Asia,,,,World,Foreign Desk,Special Report,article,2753,Europe; United States; OSH (KAZAKHSTAN); Kazakhstan; Afghanistan; Heroin; Opium; Smuggling; Drug Abuse and Traffic,https://www.nytimes.com/1995/05/02/world/highway-drugs-special-report-opium-finding-its-silk-road-chaos-central-asia.html
1995,1995-05-02T05:00:00Z,1990s,May-Jun,INTERNATIONAL BUSINESS; Trade Boycott of Iran by U.S. Appears Unlikely to Succeed,,,,Business,Business/Financial Desk,News,article,778,"Japan; Europe; Iran; Clinton, Bill; ATOMIC WEAPONS; United States International Relations; SANCTIONS (ECONOMIC); International Trade and World Market; Oil (Petroleum) and Gasoline; Iran-International Relations-US; Terrorism",https://www.nytimes.com/1995/05/02/business/international-business-trade-boycott-of-iran-by-us-appears-unlikely-to-succeed.html
1995,1995-05-02T05:00:00Z,1990s,May-Jun,"Koreans, Still Bitter, Recall 1945",,,,World,Foreign Desk,News,article,786,Japan; South Korea; JAPAN-INTERNATIONAL RELATIONS-SOUTH KOREA; World War II (1939-45),https://www.nytimes.com/1995/05/02/world/koreans-still-bitter-recall-1945.html
1995,1995-05-02T05:00:00Z,1990s,May-Jun,Modern Dancer Steps Into China's Past,,,,Arts,Cultural Desk,Biography,article,971,"China; ZHONGMEI CHINA DANCE CO; LI, ZHONGMEI; Biographical Information; Dancing",https://www.nytimes.com/1995/05/02/arts/modern-dancer-steps-into-china-s-past.html
1995,1995-05-02T05:00:00Z,1990s,May-Jun,On My Mind; The Distorting Mirrors,,,,Opinion,Editorial Desk,Op-Ed,article,739,"Iran; Oklahoma City (Okla); Clinton, Bill; United States International Relations; PUBLIC BUILDINGS; BOMBS AND BOMB PLOTS; Iran-International Relations-US; EMBARGOES; Terrorism",https://www.nytimes.com/1995/05/02/opinion/on-my-mind-the-distorting-mirrors.html
1995,1995-05-02T05:00:00Z,1990s,May-Jun,The Iran Embargo,,,,Opinion,Editorial Desk,Editorial,article,459,"Iran; Clinton, Bill; ATOMIC WEAPONS; United States International Relations; SANCTIONS (ECONOMIC); International Trade and World Market; Oil (Petroleum) and Gasoline; Editorials; Terrorism; Iran-International Relations-US; EMBARGOES",https://www.nytimes.com/1995/05/02/opinion/the-iran-embargo.html
1995,1995-05-02T05:00:00Z,1990s,May-Jun,WTO Officer's Global Focus,"Kim Chul Su, who becomes the top Asian official in the World Trade Organization this summer, has yet to meet his boss, Renato Ruggiero, or learn exactly what he will be doing after assuming his post in Geneva..But the former trade minister here is alre",,"Kim Chul Su, who becomes the top Asian official in the World Trade Organization this summer, has yet to meet his boss, Renato Ruggiero, or learn exactly what he will be doing after assuming his post in Geneva..But the former trade minister here is alre",Business,IHT News,,article,2845,,https://www.nytimes.com/1995/05/02/business/worldbusiness/IHT-wto-officers-global-focus.html
1995,1995-05-03T05:00:00Z,1990s,May-Jun,"1895: Japan's Desires : IN OUR PAGES:100, 75 AND 50 YEARS AGO","PARIS - The Figaro this morning [May 3] publishes an interview with Mr. Sone Arasuke, Minister of Japan in Paris, with regard to the existing situation. Mr. Sone Arasuke says: ""What we desire is to obtain the war indemnity and commercial concessions.",,"PARIS - The Figaro this morning [May 3] publishes an interview with Mr. Sone Arasuke, Minister of Japan in Paris, with regard to the existing situation. Mr. Sone Arasuke says: ""What we desire is to obtain the war indemnity and commercial concessions.",Opinion,IHT News,,article,451,,https://www.nytimes.com/1995/05/03/opinion/IHT-1895-japans-desires-in-our-pages100-75-and-50-years-ago.html
1995,1995-05-03T05:00:00Z,1990s,May-Jun,Book Notes,,,,Books,Cultural Desk,News,article,1186,"Great Britain; KNOPF, ALFRED A, & CO; Child, Julia; Mayle, Peter; GOWRIE; Cooking and Cookbooks; Books and Literature; Book Trade",https://www.nytimes.com/1995/05/03/books/book-notes-517395.html
1995,1995-05-03T05:00:00Z,1990s,May-Jun,"Facing Ouster, Top U.S. Spy Plans to Retire",,,,U.S.,National Desk,News,article,350,"Central Intelligence Agency; Deutch, John M; PRICE, HUGH E; Suspensions, Dismissals and Resignations; Reform and Reorganization; Biographical Information",https://www.nytimes.com/1995/05/03/us/facing-ouster-top-us-spy-plans-to-retire.html
1995,1995-05-03T05:00:00Z,1990s,May-Jun,"In Vietnam, the Obsessed West Stood Up to an Inflated Threat","The fuss over Robert McNamara's Vietnam mea culpa book ""In Retrospect"" misses the point. Maybe he should have resigned and spoken out earlier, but so should a lot of other people..If he really was the closet dove he claims, then he was probab",,"The fuss over Robert McNamara's Vietnam mea culpa book ""In Retrospect"" misses the point. Maybe he should have resigned and spoken out earlier, but so should a lot of other people..If he really was the closet dove he claims, then he was probab",Opinion,IHT News,,article,5656,,https://www.nytimes.com/1995/05/03/opinion/IHT-in-vietnam-the-obsessed-west-stood-up-to-an-inflated-threat.html
1995,1995-05-04T05:00:00Z,1990s,May-Jun,DANCE REVIEW; A Choreographic History Lesson,,,,Arts,Cultural Desk,Review,article,592,ZHONGMEI CHINA DANCE CO; Reviews; Dancing,https://www.nytimes.com/1995/05/04/arts/dance-review-a-choreographic-history-lesson.html
1995,1995-05-04T05:00:00Z,1990s,May-Jun,Multilateral Development Banks Work and Ought to Be Supported,"Development financing is a complex subject easily misunderstood. It is a mixture of self-interest and altruism. It involves sensitive economic, social, political and cultural issues..The Asian Development Bank, which has 55 members spanning industriali",,"Development financing is a complex subject easily misunderstood. It is a mixture of self-interest and altruism. It involves sensitive economic, social, political and cultural issues..The Asian Development Bank, which has 55 members spanning industriali",Archives,IHT News,,article,6325,,https://www.nytimes.com/1995/05/04/IHT-multilateral-development-banks-work-and-ought-to-be-supported.html
1995,1995-07-01T05:00:00Z,1990s,Jul-Aug,Bachauer Competition Announces Winners,,,,Arts,Cultural Desk,News,article,88,"Juilliard School; KWON, MIN-KYUNG; BOTKIN, SEAN; Music; BACHAUER, GINA, INTERNATIONAL PIANO COMPETITION; Awards, Decorations and Honors",https://www.nytimes.com/1995/07/01/arts/bachauer-competition-announces-winners.html
1995,1995-07-01T05:00:00Z,1990s,Jul-Aug,Britain and China Reach Airport Deal,"Ending more than four years of dispute over the building of Hong Kong's new airport, Britain and China agreed Friday to final arrangements for financing the huge project. .The airport deal came two years before China regains control of the British colo",,"Ending more than four years of dispute over the building of Hong Kong's new airport, Britain and China agreed Friday to final arrangements for financing the huge project. .The airport deal came two years before China regains control of the British colo",Archives,IHT News,,article,2497,,https://www.nytimes.com/1995/07/01/IHT-britain-and-china-reach-airport-deal.html
1995,1995-07-01T05:00:00Z,1990s,Jul-Aug,Business Digest,,,,Business,Business/Financial Desk,Summary,article,624,NO INDEX TERMS,https://www.nytimes.com/1995/07/01/business/business-digest-344095.html
1995,1995-07-01T05:00:00Z,1990s,Jul-Aug,"Facing Threat in Parliament, Yeltsin Removes 3 Ministers",,,,World,Foreign Desk,News,article,1305,"BUDYONNOVSK (RUSSIA); Russia; Chechnya (Russia); KUZNETSOV, YEVGENY; YERIN, VIKTOR F; Yeltsin, Boris N; Stepashin, Sergei V; Yegorov, Nikolai; Grachev, Pavel S; Gorbachev, Mikhail S; Coups D'Etat and Attempted Coups D'Etat; Suspensions, Dismissals and Resignations; ARMAMENT, DEFENSE AND MILITARY FORCES; Hostages; Biographical Information; Politics and Government",https://www.nytimes.com/1995/07/01/world/facing-threat-in-parliament-yeltsin-removes-3-ministers.html
1995,1995-07-01T05:00:00Z,1990s,Jul-Aug,INTERNATIONAL BUSINESS; Accord for Hong Kong's New Airport,,,,Business,Business/Financial Desk,News,article,567,Hong Kong; Great Britain; China; Airlines and Airplanes; Finances,https://www.nytimes.com/1995/07/01/business/international-business-accord-for-hong-kong-s-new-airport.html
1995,1995-07-01T05:00:00Z,1990s,Jul-Aug,INTERNATIONAL BUSINESS; China Shifts Central Bank Leadership,,,,Business,Business/Financial Desk,Biography,article,494,"People's Bank of China; DAI XIANG-LONG; Zhu Rongji; Suspensions, Dismissals and Resignations; Appointments and Executive Changes; Economic Conditions and Trends",https://www.nytimes.com/1995/07/01/business/international-business-china-shifts-central-bank-leadership.html
1995,1995-07-01T05:00:00Z,1990s,Jul-Aug,No Headline,,,,New York,Metropolitan Desk,News,article,50,QUOTATION OF THE DAY,https://www.nytimes.com/1995/07/01/nyregion/no-headline-556795.html
1995,1995-07-01T05:00:00Z,1990s,Jul-Aug,Pakistan and Missiles,,,,Opinion,Editorial Desk,Letter,article,107,"Pakistan; China; Central Intelligence Agency; Hussain, Syed Rifaat; Arms Sales Abroad; ARMAMENT, DEFENSE AND MILITARY FORCES; MISSILES",https://www.nytimes.com/1995/07/01/opinion/l-pakistan-and-missiles-135495.html
1995,1995-07-01T05:00:00Z,1990s,Jul-Aug,U.S. Lifting Trade Penalties On Taiwan,,,,World,Foreign Desk,News,article,368,Taiwan; SANCTIONS (ECONOMIC); International Trade and World Market; Tigers; Endangered and Extinct Species; Rhinoceroses,https://www.nytimes.com/1995/07/01/world/us-lifting-trade-penalties-on-taiwan.html
1995,1995-07-01T05:00:00Z,1990s,Jul-Aug,"Zhuzhou Journal; On China's Overburdened Highway System, It's the Big Stall",,,,World,Foreign Desk,News,article,884,ZHUZHOU (CHINA); Hunan Province (China); China; Roads and Traffic,https://www.nytimes.com/1995/07/01/world/zhuzhou-journal-on-china-s-overburdened-highway-system-it-s-the-big-stall.html
1995,1995-07-02T05:00:00Z,1990s,Jul-Aug,China Has World's Best Reason to Limit Births,,,,Opinion,Editorial Desk,Letter,article,110,"China; GUNTHER, CARL; Population; Birth Control and Family Planning",https://www.nytimes.com/1995/07/02/opinion/l-china-has-world-s-best-reason-to-limit-births-137695.html
1995,1995-07-02T05:00:00Z,1990s,Jul-Aug,China Has World's Best Reason to Limit Births; Forced Abortions,,,,Opinion,Editorial Desk,Letter,article,132,"China; SAYLOR, ANDY; Abortion; Population; Birth Control and Family Planning",https://www.nytimes.com/1995/07/02/opinion/l-china-has-world-s-best-reason-to-limit-births-forced-abortions-136895.html
1995,1995-07-02T05:00:00Z,1990s,Jul-Aug,Denying History Disables Japan,,,,Magazine,Magazine Desk,News,article,1851,"Japan; Far East, South and Southeast Asia and Pacific Areas; International Relations; World War II (1939-45)",https://www.nytimes.com/1995/07/02/magazine/denying-history-disables-japan.html
1995,1995-07-02T05:00:00Z,1990s,Jul-Aug,Foreign Affairs; Return Mail,,,,Opinion,Editorial Desk,Op-Ed,article,735,"Buchanan, Patrick J; Helms, Jesse; Gingrich, Newt; United States International Relations; ELECTION ISSUES",https://www.nytimes.com/1995/07/02/opinion/foreign-affairs-return-mail.html
1995,1995-07-02T05:00:00Z,1990s,Jul-Aug,June 25 - July 1: Jailed Dissidents; China's Strong Arm Throws A Punch at the U.S.,,,,Week in Review,Week in Review Desk,News,article,228,"China; Wu, Harry; Political Prisoners",https://www.nytimes.com/1995/07/02/weekinreview/june-25-july-1-jailed-dissidents-china-s-strong-arm-throws-a-punch-at-the-us.html
1995,1995-07-02T05:00:00Z,1990s,Jul-Aug,MUTUAL FUNDS; Stalking the World's Elusive Emerging Markets,,,,Business,Money and Business/Financial Desk,Biography,article,1103,"FRANKLIN TEMPLETON GROUP; Mobius, J Mark; Foreign Investments; Stocks and Bonds",https://www.nytimes.com/1995/07/02/business/mutual-funds-stalking-the-world-s-elusive-emerging-markets.html
1995,1995-07-02T05:00:00Z,1990s,Jul-Aug,"SOAPBOX;
A Pox on Their Sidewalk Tables","I CAN always tell when it's summer in the city -- not because flowers are blooming in window boxes, but because tables and chairs are sprouting like weeds on sidewalks all over town.

If there is one thing I hate more than street fairs, it's sidewalk cafes. I harbor this quaint, old-fashioned notion that sidewalks are for strollers, not diners. If I want to dine outside, I'll find an enclosed space, or I'll picnic in a park.",,"I CAN always tell when it's summer in the city -- not because flowers are blooming in window boxes, but because tables and chairs are sprouting like weeds on sidewalks all over town.

If there is one thing I hate more than street fairs, it's sidewalk cafes. I harbor this quaint, old-fashioned notion that sidewalks are for strollers, not diners. If I want to dine outside, I'll find an enclosed space, or I'll picnic in a park.",New York,The City Weekly Desk,News,article,813,"New York City; EAST VILLAGE (NYC); Walter, Kate; Restaurants; Sidewalk Cafes",https://www.nytimes.com/1995/07/02/nyregion/soapbox-a-pox-on-their-sidewalk-tables.html
1995,1995-07-02T05:00:00Z,1990s,Jul-Aug,The China Problem,,,,Opinion,Editorial Desk,Editorial,article,557,China; United States International Relations; Editorials,https://www.nytimes.com/1995/07/02/opinion/the-china-problem.html
1995,1995-07-02T05:00:00Z,1990s,Jul-Aug,The World; Why the U.S. Takes Guff From Weaklings,,,,Week in Review,Week in Review Desk,News,article,992,Japan; Russia; China; United States International Relations; International Relations; International Trade and World Market,https://www.nytimes.com/1995/07/02/weekinreview/the-world-why-the-us-takes-guff-from-weaklings.html
1995,1995-07-02T05:00:00Z,1990s,Jul-Aug,Women's Bridge Teams Vie to Play for U.S.,,,,New York,Metropolitan Desk,News,article,173,"KEARSE, AMALYA; women; Bridge (Card Game)",https://www.nytimes.com/1995/07/02/nyregion/women-s-bridge-teams-vie-to-play-for-us.html
1995,1995-08-23T05:00:00Z,,,Bush Going to China Next Month,,,,World,,,,,,https://www.nytimes.com/1995/08/23/world/bush-going-to-china-next-month.html
1995,1995-08-27T05:00:00Z,,,THE REAL CHINESE THREAT,,,,Magazine,,,,,,https://www.nytimes.com/1995/08/27/magazine/the-real-chinese-threat.html
1995,1995-09-01T05:00:00Z,1990s,Sep-Oct,2005:Odyssey in Virtual Reality,"AIRBORNE between New York and St. Petersburg on a Global Airlines Airbus A-3XX-1000, John Millenniumhas wined and dined and is about to put on the virtual reality headset and recline his ""intelligent"" seat to the full executive sleep position",,"AIRBORNE between New York and St. Petersburg on a Global Airlines Airbus A-3XX-1000, John Millenniumhas wined and dined and is about to put on the virtual reality headset and recline his ""intelligent"" seat to the full executive sleep position",Style,IHT News,,article,6571,,https://www.nytimes.com/1995/09/01/style/IHT-2005odyssey-in-virtual-reality.html
1995,1995-09-01T05:00:00Z,1990s,Sep-Oct,ART REVIEW; Depicting the Multiculturalism of Queens,,,,Arts,Weekend Desk,Review,article,957,Queens Museum of Art; Reviews; Art,https://www.nytimes.com/1995/09/01/arts/art-review-depicting-the-multiculturalism-of-queens.html
1995,1995-09-01T05:00:00Z,1990s,Sep-Oct,ART REVIEW; Where Monkeys Are the Rulers,,,,Arts,Weekend Desk,Review,article,1143,Asia Society; Reviews; Art,https://www.nytimes.com/1995/09/01/arts/art-review-where-monkeys-are-the-rulers.html
1995,1995-09-01T05:00:00Z,1990s,Sep-Oct,CHRONICLE,,,,Style,Style Desk,News,article,280,China; Tibet; International Campaign for Tibet; Dalai Lama; United States International Relations; CHRONICLE (TIMES COLUMN),https://www.nytimes.com/1995/09/01/style/chronicle-115395.html
1995,1995-09-01T05:00:00Z,1990s,Sep-Oct,China and Taiwan : LETTERS TO THE EDITOR,"The Aug. 23 editorial ""China Bullies Taiwan"" states thatTaiwan ""has been under Beijing's direct rule for only four years in the last century."". Actually, during the 20th century, Taiwan has not been ruled by any governmentin Beijin",,"The Aug. 23 editorial ""China Bullies Taiwan"" states thatTaiwan ""has been under Beijing's direct rule for only four years in the last century."". Actually, during the 20th century, Taiwan has not been ruled by any governmentin Beijin",Opinion,IHT News,,article,728,,https://www.nytimes.com/1995/09/01/opinion/IHT-china-and-taiwan-letters-to-the-editor.html
1995,1995-09-01T05:00:00Z,1990s,Sep-Oct,Closer Trade Links With China Await Beijing's Word : Taiwan's 'Offshore' Port Is Ready,"Tensions between Taiwan and China remain high, with the countries trading political barbs regularly..But officials preparing a section of Taiwan's massive southern port for the day when foreign ships can call directly from China, ending a 46-year ban,",,"Tensions between Taiwan and China remain high, with the countries trading political barbs regularly..But officials preparing a section of Taiwan's massive southern port for the day when foreign ships can call directly from China, ending a 46-year ban,",Business,IHT News,,article,6561,,https://www.nytimes.com/1995/09/01/business/worldbusiness/IHT-closer-trade-links-with-china-await-beijings-word.html
1995,1995-09-01T05:00:00Z,1990s,Sep-Oct,Home Video,,,,Arts,Weekend Desk,Review,article,1244,Fox Searchlight Pictures; Recordings (Video),https://www.nytimes.com/1995/09/01/arts/home-video-629595.html
1995,1995-09-01T05:00:00Z,1990s,Sep-Oct,Nuclear Test Plan Tarnishes France's Image in Pacific,,,,World,Foreign Desk,News,article,1046,Australia; France; New Zealand; ATOMIC WEAPONS; FRANCE-INTERNATIONAL RELATIONS-NEW ZEALAND; International Relations; Nuclear Tests; AUSTRALIA-INTERNATIONAL RELATIONS-FRANCE; Boycotts,https://www.nytimes.com/1995/09/01/world/nuclear-test-plan-tarnishes-france-s-image-in-pacific.html
1995,1995-09-01T05:00:00Z,1990s,Sep-Oct,U.N. Forum Hears Speech By Burmese,,,,World,Foreign Desk,News,article,768,"China; Amnesty International; United Nations; AUNG SAN SUU KYI, DAW; Recordings (Video); UNITED NATIONS CONFERENCE ON WOMEN; WORLD CONFERENCE ON WOMEN '95; women; Demonstrations and Riots",https://www.nytimes.com/1995/09/01/world/un-forum-hears-speech-by-burmese.html
1995,1995-09-02T05:00:00Z,1990s,Sep-Oct,FUTURES MARKETS; Cotton Prices Gain as Traders See Shortages in U.S. and China,,,,Business,Business/Financial Desk,News,article,343,"China; Cotton; International Trade and World Market; Shortages; Prices (Fares, Fees and Rates)",https://www.nytimes.com/1995/09/02/business/futures-markets-cotton-prices-gain-as-traders-see-shortages-in-us-and-china.html
1995,1995-09-02T05:00:00Z,1990s,Sep-Oct,International Briefs; Kellogg Opens 2 Plants,,,,Business,Business/Financial Desk,News,article,53,China; Argentina; KELLOGG CO; FACTORIES AND INDUSTRIAL PLANTS; Cereals,https://www.nytimes.com/1995/09/02/business/international-briefs-kellogg-opens-2-plants.html
1995,1995-09-02T05:00:00Z,1990s,Sep-Oct,MEDDLING BY CHINA IS SEEN AS MARRING MEETING ON WOMEN,,,,World,Foreign Desk,News,article,898,HUAIROU (CHINA); China; Beijing (China); Amnesty International; United Nations; UNITED NATIONS CONFERENCE ON WOMEN; women; Freedom and Human Rights; News and News Media,https://www.nytimes.com/1995/09/02/world/meddling-by-china-is-seen-as-marring-meeting-on-women.html
1995,1995-09-02T05:00:00Z,1990s,Sep-Oct,NEWS SUMMARY,,,,New York,Metropolitan Desk,Summary,article,646,NO INDEX TERMS,https://www.nytimes.com/1995/09/02/nyregion/news-summary-297095.html
1995,1995-09-02T05:00:00Z,1990s,Sep-Oct,Observer; A Dirge For a Good Man,,,,Opinion,Editorial Desk,Op-Ed,article,726,Child Labor; LABOR; Slavery; International Trade and World Market; United States Economy; Labor Day,https://www.nytimes.com/1995/09/02/opinion/observer-a-dirge-for-a-good-man.html
1995,1995-09-03T05:00:00Z,1990s,Sep-Oct,A La Carte; Aficionados to Taste World's Greatest Wines,,,,New York,Long Island Weekly Desk,News,article,1273,"PREMIERE WINE FORUM LTD; PENFOLD'S VINEYARDS; JONES, STEPHEN; MATILSKY, MICHAEL; Wines; Alcoholic Beverages",https://www.nytimes.com/1995/09/03/nyregion/a-la-carte-aficionados-to-taste-world-s-greatest-wines.html
1995,1995-09-03T05:00:00Z,1990s,Sep-Oct,Campaign '96,,,,Magazine,Magazine Desk,News,article,5267,,https://www.nytimes.com/1995/09/03/magazine/campaign-96.html
1995,1995-09-03T05:00:00Z,1990s,Sep-Oct,Italy Offers Plan to Expand the U.N. Security Council by 8 Seats,,,,World,Foreign Desk,News,article,586,Italy; SECURITY COUNCIL; United Nations,https://www.nytimes.com/1995/09/03/world/italy-offers-plan-to-expand-the-un-security-council-by-8-seats.html
1995,1995-09-03T05:00:00Z,1990s,Sep-Oct,Liberties; Eustace Silly,,,,Opinion,Editorial Desk,Op-Ed,article,719,"New Yorker; ROSEANNE; Brown, Tina; women",https://www.nytimes.com/1995/09/03/opinion/liberties-eustace-silly.html
1995,1995-09-03T05:00:00Z,1990s,Sep-Oct,"NEIGHBORHOOD REPORT: BROOKLYN UP CLOSE; Deep Pockets, New Try: A Magazine Is Born",,,,New York,The City Weekly Desk,News,article,541,"Brooklyn (NYC); Ennen, Melissa; Magazines; BROOKLYN BRIDGE (PUB)",https://www.nytimes.com/1995/09/03/nyregion/neighborhood-report-brooklyn-up-close-deep-pockets-new-try-a-magazine-is-born.html
1995,1995-09-03T05:00:00Z,1990s,Sep-Oct,NEWS SUMMARY,,,,New York,Metropolitan Desk,Summary,article,767,NO INDEX TERMS,https://www.nytimes.com/1995/09/03/nyregion/news-summary-473095.html
1995,1995-09-11T05:00:00Z,,,"As Women Meet, China Bars Chinese",,,,World,,,,,,https://www.nytimes.com/1995/09/11/world/as-women-meet-china-bars-chinese.html
1995,1995-10-01T05:00:00Z,,,China: The Squall Passes,,,,Opinion,,,,,,https://www.nytimes.com/1995/10/01/opinion/china-the-squall-passes.html
1995,1995-10-25T05:00:00Z,,,China Tightens Drug Penalty,,,,Sports,,,,,,https://www.nytimes.com/1995/10/25/sports/china-tightens-drug-penalty.html
1995,1995-11-01T05:00:00Z,1990s,Nov-Dec,'It's Real! ' New Fans Cheer Tour of China,"Zhao Qing Song, an engineer and marketing official for a software manufacturer, had gone the full and, he now realizes, barren 24 years of his life without seeing a bicycle race live until a few minutes after noon Tuesday at the intersection of Guiping Ro",,"Zhao Qing Song, an engineer and marketing official for a software manufacturer, had gone the full and, he now realizes, barren 24 years of his life without seeing a bicycle race live until a few minutes after noon Tuesday at the intersection of Guiping Ro",Sports,IHT News,,article,5925,,https://www.nytimes.com/1995/11/01/sports/IHT-its-real-new-fans-cheer-tour-of-china.html
1995,1995-11-01T05:00:00Z,1990s,Nov-Dec,SPORTS PEOPLE: BASKETBALL;Chinese Player for Clippers?,,,,Sports,Sports Desk,News,article,74,"LOS ANGELES CLIPPERS LOS ANGELES CLIPPERS; MARONEY, TONY; JAMISON, SHAWN; Basketball; SPORTS PEOPLE (TIMES COLUMN)",https://www.nytimes.com/1995/11/01/sports/sports-people-basketball-chinese-player-for-clippers.html
1995,1995-11-01T05:00:00Z,1990s,Nov-Dec,"With China, Keep a Cool Eye on Economic Interest","What are America's national interests in its relationship with China? So far there is scant sign of a coherent and hardheaded policy..On the one hand there is the usual pleading from special interest groups, be they aircraft salesmen, Taiwan loyal",,"What are America's national interests in its relationship with China? So far there is scant sign of a coherent and hardheaded policy..On the one hand there is the usual pleading from special interest groups, be they aircraft salesmen, Taiwan loyal",Opinion,IHT News,,article,5438,,https://www.nytimes.com/1995/11/01/opinion/IHT-with-china-keep-a-cool-eye-on-economic-interest.html
1995,1995-11-02T05:00:00Z,1990s,Nov-Dec,FUTURES MARKETS;Price of Orange Juice Increases On Big Demand and Low Stocks,,,,Business,Business/Financial Desk,News,article,356,"Futures and Options Trading; Prices (Fares, Fees and Rates); Juices; Oranges",https://www.nytimes.com/1995/11/02/business/futures-markets-price-of-orange-juice-increases-on-big-demand-and-low-stocks.html
1995,1995-11-02T05:00:00Z,1990s,Nov-Dec,Forsaking the Specific To Dive Into Dreams,,,,Books,Cultural Desk,Biography,article,1232,"Ishiguro, Kazuo; Books and Literature; Biographical Information; UNCONSOLED, THE (BOOK)",https://www.nytimes.com/1995/11/02/books/forsaking-the-specific-to-dive-into-dreams.html
1995,1995-11-02T05:00:00Z,1990s,Nov-Dec,NEWS SUMMARY,,,,New York,Metropolitan Desk,Summary,article,858,,https://www.nytimes.com/1995/11/02/nyregion/news-summary-005320.html
1995,1995-11-02T05:00:00Z,1990s,Nov-Dec,"Nongdao Journal;Far From the Mad Whirl, China's Ageless Rhythm",,,,World,Foreign Desk,News,article,998,China; NONGDAO (CHINA); Agriculture; Economic Conditions and Trends; Rural Areas,https://www.nytimes.com/1995/11/02/world/nongdao-journal-far-from-the-mad-whirl-china-s-ageless-rhythm.html
1995,1995-11-02T05:00:00Z,1990s,Nov-Dec,SOCCER;Women's Programs Growing in Popularity,,,,Sports,Sports Desk,News,article,806,Soccer; women,https://www.nytimes.com/1995/11/02/sports/soccer-women-s-programs-growing-in-popularity.html
1995,1995-11-03T05:00:00Z,1990s,Nov-Dec,"ART REVIEW;Discreetly or Scrappily, They Defied the Soviet Line",,,,Arts,Weekend Desk,Review,article,1697,"Russia; ZIMMERLI, JANE VOORHEES, ART MUSEUM; DODGE, NANCY; DODGE, NORTON; Reviews; Art",https://www.nytimes.com/1995/11/03/arts/art-review-discreetly-or-scrappily-they-defied-the-soviet-line.html
1995,1995-11-03T05:00:00Z,1990s,Nov-Dec,Ex-Im Bank's President Is Stepping Down,,,,Business,Business/Financial Desk,Biography,article,561,"TRADE REPRESENTATIVE, OFFICE OF THEUNITED STATES; Export-Import Bank of US; Brody, Kenneth D; Suspensions, Dismissals and Resignations; MERGERS, ACQUISITIONS ANDDIVESTITURES",https://www.nytimes.com/1995/11/03/business/ex-im-bank-s-president-is-stepping-down.html
1995,1995-11-03T05:00:00Z,1990s,Nov-Dec,Fish Poisoning Has an Ancient History,,,,Opinion,Editorial Desk,Letter,article,190,China; Pacific Ocean; Water Pollution; Poisoning and Poisons; Fish and Other Marine Life,https://www.nytimes.com/1995/11/03/opinion/l-fish-poisoning-has-an-ancient-history-008044.html
1995,1995-11-03T05:00:00Z,1990s,Nov-Dec,THE ARTS GUIDE,"BELGIUM. Tervuren. Musée Royal de l'Afrique Centrale, tel: (2) 769-52-11, closed Mondays.Continuing/To Nov. 26: ""Trésors Cachés du Musée de Tervuren."" A selection of more than 250 masterpieces of African art. On view are m",,"BELGIUM. Tervuren. Musée Royal de l'Afrique Centrale, tel: (2) 769-52-11, closed Mondays.Continuing/To Nov. 26: ""Trésors Cachés du Musée de Tervuren."" A selection of more than 250 masterpieces of African art. On view are m",Style,IHT News,,article,7707,,https://www.nytimes.com/1995/11/03/style/IHT-the-arts-guide.html
1995,1995-11-03T05:00:00Z,1990s,Nov-Dec,"Take a Puff, It's the Tour of China!","A Western traveler who passed blithely into the airport at Shanghai smoking a cigarette on Thursday was stopped by an old woman who tried to hand him a green slip while showing him a bulging wallet. ""No, no,"" he said, thinking the slip was for",,"A Western traveler who passed blithely into the airport at Shanghai smoking a cigarette on Thursday was stopped by an old woman who tried to hand him a green slip while showing him a bulging wallet. ""No, no,"" he said, thinking the slip was for",Business,IHT News,,article,6216,,https://www.nytimes.com/1995/11/03/business/worldbusiness/IHT-take-a-puff-its-the-tour-of-china.html
1995,1995-11-03T05:00:00Z,1990s,Nov-Dec,U.N. Urges U.S. to End Ban on Cuba,,,,World,Foreign Desk,News,article,318,Cuba; Israel; United States; Uzbekistan; UNITED NATIONS GENERALASSEMBLY; United Nations; United States International Relations; CUBA-INTERNATIONALRELATIONS-US; EMBARGOES,https://www.nytimes.com/1995/11/03/world/un-urges-us-to-end-ban-on-cuba.html
1995,1995-11-04T05:00:00Z,1990s,Nov-Dec,A Worried Mood at Hong Kong Sales,"Seldom did the art market send back such an instant echo of the political worries of the moment as did this week's sales of Chinese art, with a heavy emphasis on porcelain, put together by Christie's and Sotheby's.. For years, the ascent of the Chinese co",,"Seldom did the art market send back such an instant echo of the political worries of the moment as did this week's sales of Chinese art, with a heavy emphasis on porcelain, put together by Christie's and Sotheby's.. For years, the ascent of the Chinese co",Style,IHT News,,article,7172,,https://www.nytimes.com/1995/11/04/style/IHT-a-worried-mood-at-hong-kong-sales.html
1995,1995-11-04T05:00:00Z,1990s,Nov-Dec,Play It Again Wins Again,,,,Sports,Sports Desk,News,article,169,"MILLAR, IAN; Horse Shows; NATIONAL HORSE SHOW",https://www.nytimes.com/1995/11/04/sports/play-it-again-wins-again.html
1995,1995-11-04T05:00:00Z,1990s,Nov-Dec,SPORTS,". With Monday's editions, the International Herald Tribune expands its coverage of sports.. Every Monday, the back page of the newspaper will be given over to sports, and the section enlarged so as to bring readers the fullest account of a weekend of",,". With Monday's editions, the International Herald Tribune expands its coverage of sports.. Every Monday, the back page of the newspaper will be given over to sports, and the section enlarged so as to bring readers the fullest account of a weekend of",Archives,IHT News,,article,1131,,https://www.nytimes.com/1995/11/04/IHT-sports.html
1995,1995-11-04T05:00:00Z,1990s,Nov-Dec,"Typhoon Hits the Philippines; Dozens Die, Damage Is Wide",,,,World,Foreign Desk,News,article,433,Philippines; Luzon (Philippines); Typhoons; TYPHOON ANGELA,https://www.nytimes.com/1995/11/04/world/typhoon-hits-the-philippines-dozens-die-damage-is-wide.html
1995,1995-11-05T05:00:00Z,1990s,Nov-Dec,"DANCE;For Him, Change Is a Double-Edged Sword","UNLIKE THE BIOLOGY TEACHER IN Edward Albee's play ""Who's Afraid of Virginia Woolf?,"" Christopher House voiced no ambition to become an inevitability. And yet, when David Earle decided to step down as artistic director of Toronto Dance Theater last year, nothing seemed more obvious to observers inside and outside the modern-dance company than the choice of his successor. 

     ""It was more or less a fait accompli,"" Mr. House admitted smilingly as he took a rehearsal break amid preparations for the Tuesday opening of his troupe's current season at the Joyce Theater in Manhattan. ""But I am first of all a choreographer, and I felt that taking over the company could only happen if I could continue being one.""",,"UNLIKE THE BIOLOGY TEACHER IN Edward Albee's play ""Who's Afraid of Virginia Woolf?,"" Christopher House voiced no ambition to become an inevitability. And yet, when David Earle decided to step down as artistic director of Toronto Dance Theater last year, nothing seemed more obvious to observers inside and outside the modern-dance company than the choice of his successor. 

     ""It was more or less a fait accompli,"" Mr. House admitted smilingly as he took a rehearsal break amid preparations for the Tuesday opening of his troupe's current season at the Joyce Theater in Manhattan. ""But I am first of all a choreographer, and I felt that taking over the company could only happen if I could continue being one.""",Arts,Arts and Leisure Desk,Biography,article,885,"TORONTO DANCE THEATER; Littler, William; House, Christopher; Dancing; Biographical Information",https://www.nytimes.com/1995/11/05/arts/dancefor-him-change-is-a-doubleedged-sword.html
1995,1995-11-05T05:00:00Z,1990s,Nov-Dec,IDEAS & TRENDS;The Road From Yunnanozoon to You,,,,Week in Review,Week in Review Desk,News,article,1067,China; Paleontology,https://www.nytimes.com/1995/11/05/weekinreview/ideas-trends-the-road-from-yunnanozoon-to-you.html
1995,1995-11-11T05:00:00Z,,,China Warns U.S. Again On Taiwan,,,,World,,,,,,https://www.nytimes.com/1995/11/11/world/china-warns-us-again-on-taiwan.html
1995,1995-11-18T05:00:00Z,,,China-U.S. Ties Warm a Bit as China-Taiwan Relations Chill,,,,World,,,,,,https://www.nytimes.com/1995/11/18/world/china-us-ties-warm-a-bit-as-china-taiwan-relations-chill.html
1995,1995-11-23T05:00:00Z,,,The Misrule of Law in China,,,,Opinion,,,,,,https://www.nytimes.com/1995/11/23/opinion/the-misrule-of-law-in-china.html
1995,1995-11-27T05:00:00Z,,,Editorial Notebook;China's Golden Shovels,,,,Opinion,,,,,,https://www.nytimes.com/1995/11/27/opinion/editorial-notebook-china-s-golden-shovels.html
1995,1995-11-28T05:00:00Z,,,INTERNATIONAL BRIEFS;Chinese Breweries Stake,,,,Business,,,,,,https://www.nytimes.com/1995/11/28/business/international-briefs-chinese-breweries-stake.html
1995,1995-11-28T05:00:00Z,,,INTERNATIONAL BUSINESS;China Sets Goals for 1996,,,,Business,,,,,,https://www.nytimes.com/1995/11/28/business/international-business-china-sets-goals-for-1996.html
1995,1995-11-30T05:00:00Z,,,Chinese Court Denies Appeal of Australian,,,,Business,,,,,,https://www.nytimes.com/1995/11/30/business/chinese-court-denies-appeal-of-australian.html
1995,1995-12-10T05:00:00Z,,,China to Start Trial of Top Dissident This Week,,,,World,,,,,,https://www.nytimes.com/1995/12/10/world/china-to-start-trial-of-top-dissident-this-week.html
1995,1995-12-10T05:00:00Z,,,Made in China,CHINA HANDS The Adventures and Ordeals of the American Journalists Who Joined Forces With the Great Chinese Revolution. By Peter Rand. Illustrated. 384 pp. New York: Simon & Schuster. $25.,,,Books,,,,,,https://www.nytimes.com/1995/12/10/books/made-in-china.html
1995,1995-12-12T05:00:00Z,,,Show Trial in China,,,,Opinion,,,,,,https://www.nytimes.com/1995/12/12/opinion/show-trial-in-china.html
1995,1995-12-15T05:00:00Z,,,China Circles The Wagons,,,,World,,,,,,https://www.nytimes.com/1995/12/15/world/china-circles-the-wagons.html
1995,1995-12-18T05:00:00Z,,,China's Challenge to Washington,,,,Opinion,,,,,,https://www.nytimes.com/1995/12/18/opinion/china-s-challenge-to-washington.html
1995,1995-12-21T05:00:00Z,,,"Currents;From China, Country Antiques","IN its simplicity and purity, Chinese country furniture is ""the Oriental equivalent of Mission furniture,"" George Jevremovic said. He and his partner, Teddy Sumner, have been scouring China, buying pieces from villagers updating their homes (like the woman at right). 

     Most of the items they have bought for their new company, Material Culture, are up to 400 years old. What distinguishes these from traditional Chinese antiques is the wood rather than the fabrication, Mr. Jevremovic said. ""You can  see from the way the pieces have been handled, the craftsmen who made them also  did the more expensive antique collectors' pieces,"" he said. For daily use, the  furniture was made of elm, not tropical woods.",,,Home & Garden,,,,,,https://www.nytimes.com/1995/12/21/garden/currentsfrom-china-country-antiques.html
1995,1995-12-25T05:00:00Z,,,U.S. and China Sign Accord on Flights,,,,Business,,,,,,https://www.nytimes.com/1995/12/25/business/us-and-china-sign-accord-on-flights.html
1995,1995-12-29T05:00:00Z,,,INTERNATIONAL BRIEFS;Chinese Import Tax,,,,Business,,,,,,https://www.nytimes.com/1995/12/29/business/international-briefs-chinese-import-tax.html
1996,1996-01-01T05:00:00Z,1990s,Jan-Feb,A Chinese Edition of Elle Draws Ads and Readers,,,,Business,Business/Financial Desk,News,article,964,China; ELLE; HACHETTE FILIPACCHI MAGAZINES; Chinese Language; Magazines; APPAREL,https://www.nytimes.com/1996/01/01/business/a-chinese-edition-of-elle-draws-ads-and-readers.html
1996,1996-01-01T05:00:00Z,1990s,Jan-Feb,BUSINESS DIGEST,,,,Business,Business/Financial Desk,Summary,article,503,,https://www.nytimes.com/1996/01/01/business/business-digest-037311.html
1996,1996-01-01T05:00:00Z,1990s,Jan-Feb,With Respect to the New;Three Fish,Duc Thanh brought me three fish,,Duc Thanh brought me three fish,Opinion,Editorial Desk,Op-Ed,article,196,"Weigl, Bruce; New Year",https://www.nytimes.com/1996/01/01/opinion/with-respect-to-the-newthree-fish.html
1996,1996-01-01T05:00:00Z,1990s,Jan-Feb,Women Seeking Asylum End Hunger Strike,,,,U.S.,National Desk,News,article,498,China; California; Kern County Jail; Hunger Strikes; ILLEGAL ALIENS; Asylum (Political); IMMIGRATION AND REFUGEES; GOLDENVENTURE (FREIGHTER),https://www.nytimes.com/1996/01/01/us/women-seeking-asylum-end-hunger-strike.html
1996,1996-01-01T05:00:00Z,1990s,Jan-Feb,World News Briefs;Britain Takes Over Security Council Post,,,,World,Foreign Desk,News,article,147,Egypt; SOUTHKOREA; Great Britain; Chile; Guinea-Bissau; United Kingdom; Poland; SECURITY COUNCIL; United Nations,https://www.nytimes.com/1996/01/01/world/world-news-briefs-britain-takes-over-security-council-post.html
1996,1996-01-02T05:00:00Z,1990s,Jan-Feb,Ego Is the Rationale for France's Nuclear Tests,,,,Opinion,Editorial Desk,Letter,article,286,"MURUROA ATOLL; France; Kim, Elizabeth E; ATOMIC WEAPONS; Nuclear Tests",https://www.nytimes.com/1996/01/02/opinion/l-ego-is-the-rationale-for-france-s-nuclear-tests-039993.html
1996,1996-01-02T05:00:00Z,1990s,Jan-Feb,OUTLOOK '96: THE ECONOMY;Modest Forecasts for U.S. Shift Focus Overseas,,,,Business,Business/Financial Desk,News,article,1015,United States; Foreign Investments; SURVEYS AND SERIES; United States Economy; NINETEEN HUNDRED NINETY-FIVE; NINETEEN HUNDRED NINETY-SIX; Productivity; Corporations; Forecasts; Stocks and Bonds,https://www.nytimes.com/1996/01/02/business/outlook-96-the-economy-modest-forecasts-for-us-shift-focus-overseas.html
1996,1996-01-02T05:00:00Z,1990s,Jan-Feb,OUTLOOK '96: THE ECONOMY;Why China Is Ready To Cool Off,,,,Business,Business/Financial Desk,News,article,874,China,https://www.nytimes.com/1996/01/02/business/outlook-96-the-economy-why-china-is-ready-to-cool-off.html
1996,1996-01-02T05:00:00Z,1990s,Jan-Feb,"On Hong Kong, a Softening of Tone","The senior Chinese official with responsibility for Hong Kong affairs, Lu Ping, called Monday for a ""new dawn in cooperation"" with Britain over the colony's return to Beijing's rule in less than 18 months' time..After a rocky past year in Ch",,"The senior Chinese official with responsibility for Hong Kong affairs, Lu Ping, called Monday for a ""new dawn in cooperation"" with Britain over the colony's return to Beijing's rule in less than 18 months' time..After a rocky past year in Ch",,IHT News,,article,3297,,https://www.nytimes.com/1996/01/02/IHT-on-hong-kong-a-softening-of-tone.html
1996,1996-01-02T05:00:00Z,1990s,Jan-Feb,PERSONAL COMPUTERS;About Freedom of the Virtual Press,,,,Science,Science Desk,News,article,996,PERSONAL COMPUTERS TELECOMMUNICATIONS (69%); DATA PROCESSING (COMPUTERS),https://www.nytimes.com/1996/01/02/science/personal-computers-about-freedom-of-the-virtual-press.html
1996,1996-01-02T05:00:00Z,1990s,Jan-Feb,The Third American Empire,,,,Opinion,Editorial Desk,Op-Ed,article,1159,"Bosnia and Herzegovina; Yugoslavia; Middle East; United States; BOSNIA &HERZEGOVINA; North Atlantic Treaty Organization; Clinton, Bill; United States International Relations; CIVIL WAR AND GUERRILLA WARFARE",https://www.nytimes.com/1996/01/02/opinion/the-third-american-empire.html
1996,1996-01-02T05:00:00Z,1990s,Jan-Feb,Tokyo's Lights Lure the Young To Forsake Rural Way of Life,,,,World,Foreign Desk,Series,article,2286,Japan; OMIYA (JAPAN); Agriculture; Social Conditions and Trends; LIFE STYLES; International Trade and World Market; SURVEYS AND SERIES; Children and Youth; Rural Areas; Families and Family Life,https://www.nytimes.com/1996/01/02/world/tokyo-s-lights-lure-the-young-to-forsake-rural-way-of-life.html
1996,1996-01-02T05:00:00Z,1990s,Jan-Feb,"Wyllis Bandler, 79, Who Sought Application of Abstract Algebra",,,,U.S.,National Desk,Obituary; Biography,article,305,"Bandler, Wyllis; Biographical Information; DEATHS",https://www.nytimes.com/1996/01/02/us/wyllis-bandler-79-who-sought-application-of-abstract-algebra.html
1996,1996-01-03T05:00:00Z,1990s,Jan-Feb,Anti-Immigrant Mood Moves Asians to Organize,,,,U.S.,National Desk,News,article,1340,United States; Reform and Reorganization; IMMIGRATION AND REFUGEES; Law and Legislation; Demonstrations and Riots; Asian-Americans,https://www.nytimes.com/1996/01/03/us/anti-immigrant-mood-moves-asians-to-organize.html
1996,1996-01-03T05:00:00Z,1990s,Jan-Feb,Kuwait-China Oil Project,,,,Business,Business/Financial Desk,News,article,72,Kuwait; China; CHINA PETROLEUM ENGINEERING CONSTRUCTION CORP; Oil (Petroleum) and Gasoline,https://www.nytimes.com/1996/01/03/business/kuwait-china-oil-project.html
1996,1996-01-04T05:00:00Z,1990s,Jan-Feb,Central Asia Should Win the New 'Great Game',,,,Opinion,Editorial Desk,Letter,article,486,"Russia; Sea, Geoffrey; INTERNATIONAL TRADE AND WORLDMARKET; Oil (Petroleum) and Gasoline; Editorials",https://www.nytimes.com/1996/01/04/opinion/l-central-asia-should-win-the-new-great-game-044121.html
1996,1996-01-04T05:00:00Z,1990s,Jan-Feb,G.M.'s Chief Sets a Target For Asia Sales,,,,Business,Business/Financial Desk,News,article,528,"Far East, South and Southeast Asia and Pacific Areas; China; SMITH, JOHN F JR JOHN F SMITH JR; SALES; Automobiles; International Trade and World Market",https://www.nytimes.com/1996/01/04/business/gm-s-chief-sets-a-target-for-asia-sales.html
1996,1996-01-04T05:00:00Z,1990s,Jan-Feb,HOUSE PROUD;Little House On the Brownstone,,,,Home & Garden,Home Desk,News,article,1649,"New York City; Shachat, Abigail; LOG HOUSES; HOUSING",https://www.nytimes.com/1996/01/04/garden/house-proud-little-house-on-the-brownstone.html
1996,1996-01-04T05:00:00Z,1990s,Jan-Feb,Market Place;HFS is a fast-moving company whose share price has soared.,,,,Business,Business/Financial Desk,News,article,795,"Hfs Inc; Mergers, Acquisitions and Divestitures; MARKET PLACE (TIMES COLUMN)",https://www.nytimes.com/1996/01/04/business/market-place-hfs-is-a-fast-moving-company-whose-share-price-has-soared.html
1996,1996-01-04T05:00:00Z,1990s,Jan-Feb,"Sarila Journal;Serenely, Maharajah Strolls the Democratic Land",,,,World,Foreign Desk,Biography,article,1212,"India; Sarila, Narendra Singh; Social Conditions and Trends; POLITICS ANDGOVERNMENT; Biographical Information; Elections",https://www.nytimes.com/1996/01/04/world/sarila-journal-serenely-maharajah-strolls-the-democratic-land.html
1996,1996-03-01T05:00:00Z,1990s,Mar-Apr,ART REVIEW;Colonial Latin America: Sleeping Beauty Awakes,,,,Arts,Weekend Desk,Review,article,1447,Latin America; Brooklyn Museum; Reviews; Art,https://www.nytimes.com/1996/03/01/arts/art-review-colonial-latin-america-sleeping-beauty-awakes.html
1996,1996-03-01T05:00:00Z,1990s,Mar-Apr,An Asian-European Encounter of the Third Kind,"The summit meeting between the 15 leaders of the European Union and the 10 leaders of East Asia, which begins Friday, is an encounter of historic importance..Europe's engagement with Asia can be divided into three phases. In the year 1271, Marco Polo o",,"The summit meeting between the 15 leaders of the European Union and the 10 leaders of East Asia, which begins Friday, is an encounter of historic importance..Europe's engagement with Asia can be divided into three phases. In the year 1271, Marco Polo o",Opinion,IHT News,,article,5764,,https://www.nytimes.com/1996/03/01/opinion/IHT-an-asianeuropean-encounter-of-the-third-kind.html
1996,1996-03-01T05:00:00Z,1990s,Mar-Apr,Asia and Europe:Shifting Balance : Hong Kong Officials Assured (folo),"Prime Minister John Major of Britain, after meeting with Mr. Li, said Friday that Beijing would not come into Hong Kong in mid-1997 ""picking away senior jobs from Hong Kong officials,"" The Associated Press reported from Bangkok. .But he said",,"Prime Minister John Major of Britain, after meeting with Mr. Li, said Friday that Beijing would not come into Hong Kong in mid-1997 ""picking away senior jobs from Hong Kong officials,"" The Associated Press reported from Bangkok. .But he said",,IHT News,,article,638,,https://www.nytimes.com/1996/03/01/IHT-asia-and-europeshifting-balance-hong-kong-officials-assured-folo.html
1996,1996-03-01T05:00:00Z,1990s,Mar-Apr,Chirac Sets a Decisive Tone On Widening EU Influence : Asia and Europe:Shifting Balance,"Leaders of East Asia and Europe, who will meet formally for the first time Friday, plan to lay the groundwork for a new economic and strategic partnership between the two regions to strengthen global growth and stability as the relative power of the Unit",,"Leaders of East Asia and Europe, who will meet formally for the first time Friday, plan to lay the groundwork for a new economic and strategic partnership between the two regions to strengthen global growth and stability as the relative power of the Unit",,IHT News,,article,3825,,https://www.nytimes.com/1996/03/01/IHT-chirac-sets-a-decisive-tone-on-widening-eu-influence-asia-and.html
1996,1996-03-01T05:00:00Z,1990s,Mar-Apr,Do Rights or Economic Growth Come First? Asia and Europe Clash,,,,World,Foreign Desk,News,article,881,"Europe; Far East, South and Southeast Asia and Pacific Areas; Social Conditions and Trends; LABOR; International Relations; International Trade and World Market; Environment; Economic Conditions and Trends; Freedom and Human Rights",https://www.nytimes.com/1996/03/01/world/do-rights-or-economic-growth-come-first-asia-and-europe-clash.html
1996,1996-03-01T05:00:00Z,1990s,Mar-Apr,INTERNATIONAL BRIEFS;Chinese Aircraft Maker Said to Visit Fokker,,,,Business,Business/Financial Desk,News,article,121,"China; Netherlands; AVIATION INDUSTRY GENERAL CORP; FOKKER NV; Airlines and Airplanes; Mergers, Acquisitions and Divestitures",https://www.nytimes.com/1996/03/01/business/international-briefs-chinese-aircraft-maker-said-to-visit-fokker.html
1996,1996-03-01T05:00:00Z,1990s,Mar-Apr,Metro Digest,,,,New York,Metropolitan Desk,Summary,article,732,"NEW YORK, NY, USA",https://www.nytimes.com/1996/03/01/nyregion/metro-digest-081507.html
1996,1996-03-01T05:00:00Z,1990s,Mar-Apr,NYC;Helping Hand In the Quest For Refuge,,,,New York,Metropolitan Desk,News,article,801,New York City; United States; MEDICINE ANDHEALTH; Asylum (Political); IMMIGRATION AND REFUGEES; Law and Legislation; Torture,https://www.nytimes.com/1996/03/01/nyregion/nyc-helping-hand-in-the-quest-for-refuge.html
1996,1996-03-01T05:00:00Z,1990s,Mar-Apr,POLITICS: LOOKING ABROAD;Forbes Offers View of His Foreign Policy Stands,,,,U.S.,National Desk,News,article,1303,"United Nations; Forbes, Steve; ELECTION ISSUES; Presidential Election of 1996",https://www.nytimes.com/1996/03/01/us/politics-looking-abroad-forbes-offers-view-of-his-foreign-policy-stands.html
1996,1996-03-01T05:00:00Z,1990s,Mar-Apr,This Recently Backwards Region Has Jumped to the Fore,"Once upon a time, in Asia, there came one John Gunther..As a result of his extensive travels, in 1942 he published a well-regarded book called ""Inside Asia."".Asia, he noted, was a ""land of illiteracy and disease."" Asian peoples we",,"Once upon a time, in Asia, there came one John Gunther..As a result of his extensive travels, in 1942 he published a well-regarded book called ""Inside Asia."".Asia, he noted, was a ""land of illiteracy and disease."" Asian peoples we",Opinion,IHT News,,article,3706,,https://www.nytimes.com/1996/03/01/opinion/IHT-this-recently-backwards-region-has-jumped-to-the-fore.html
1996,1996-03-01T05:00:00Z,1990s,Mar-Apr,U.N. Mission To Haiti Is Reprieved,,,,World,Foreign Desk,News,article,730,Canada; China; Haiti; Taiwan; United Nations; International Relations; Finances; Budgets and Budgeting,https://www.nytimes.com/1996/03/01/world/un-mission-to-haiti-is-reprieved.html
1996,1996-03-02T05:00:00Z,1990s,Mar-Apr,BEHIND THE BADGE: A special report.;A Portrait of the Detective in the 'O. J. Whirlpool',,,,U.S.,National Desk,Biography; Special Report,article,3462,"Los Angeles (Calif); Fuhrman, Mark; GOLDMAN, RONALD LYLE ORENTHAL JAMES 'O J' SIMPSON; Simpson, O J; Simpson, Nicole Brown; Murders and Attempted Murders; BIOGRAPHICALINFORMATION; Simpson Murder Case",https://www.nytimes.com/1996/03/02/us/behind-badge-special-report-portrait-detective-o-j-whirlpool.html
1996,1996-03-02T05:00:00Z,1990s,Mar-Apr,China Thaw Will Carry High Price For Taiwan,,,,World,News,News,article,1299,,https://www.nytimes.com/1996/03/02/news/china-thaw-will-carry-high-price-for-taiwan.html
1996,1996-03-02T05:00:00Z,1990s,Mar-Apr,China Thaw Will Carry High Price For Taiwan,"In optimists' forecasts, the stormy political weather currently blowing into Taiwan from China should lift by the end of March..By then, according to some diplomats and investors, Taiwan's first direct presidential elections will be over and the Chines",,"In optimists' forecasts, the stormy political weather currently blowing into Taiwan from China should lift by the end of March..By then, according to some diplomats and investors, Taiwan's first direct presidential elections will be over and the Chines",,IHT News,,article,4447,,https://www.nytimes.com/1996/03/02/IHT-china-thaw-will-carry-high-price-for-taiwan.html
1996,1996-03-02T05:00:00Z,1990s,Mar-Apr,INTERNATIONAL BRIEFS;China Puts Restrictions On Futures Speculation,,,,Business,Business/Financial Desk,News,article,97,China; Futures and Options Trading; Regulation and Deregulation of Industry,https://www.nytimes.com/1996/03/02/business/international-briefs-china-puts-restrictions-on-futures-speculation.html
1996,1996-03-02T05:00:00Z,1990s,Mar-Apr,Old Disputes Yield to Calls For Progress : Bangkok Summit Redefines Links,"Asia and Europe, opening a wide-ranging dialogue, largely set aside contentious differences Friday and took what appeared to be serious steps toward closer political and economic cooperation..Leaders of the 25 countries taking part in the first summit",,"Asia and Europe, opening a wide-ranging dialogue, largely set aside contentious differences Friday and took what appeared to be serious steps toward closer political and economic cooperation..Leaders of the 25 countries taking part in the first summit",,IHT News,,article,4980,,https://www.nytimes.com/1996/03/02/IHT-old-disputes-yield-to-calls-for-progress-bangkok-summit-redefines-links.html
1996,1996-03-03T05:00:00Z,1990s,Mar-Apr,"BEST SELLERS: March 3, 1996",,,,Books,Book Review Desk,List,article,1048,,https://www.nytimes.com/1996/03/03/books/best-sellers-march-3-1996.html
1996,1996-03-03T05:00:00Z,1990s,Mar-Apr,DIARY,"THE LAST FRONTIER Feet First Aggressively pursuing the market for connecting people to the Internet, AT&T; announced ambitious programs that include unlimited Internet access, electronic  mail and nationwide directory service for under $20 a month. It also said its telephone customers could have five hours of free Internet access each month. The plan puts strong pressure on all other players and would-be competitors -- and on AT&T; to keep its lines and technical support unclogged.",,"THE LAST FRONTIER Feet First Aggressively pursuing the market for connecting people to the Internet, AT&T; announced ambitious programs that include unlimited Internet access, electronic  mail and nationwide directory service for under $20 a month. It also said its telephone customers could have five hours of free Internet access each month. The plan puts strong pressure on all other players and would-be competitors -- and on AT&T; to keep its lines and technical support unclogged.",Business,Money and Business/Financial Desk,News,article,1019,,https://www.nytimes.com/1996/03/03/business/diary.html
1996,1996-03-03T05:00:00Z,1990s,Mar-Apr,FOOD;A Little Lamb Eats Ivy,,,,,But surely that is just pouring more fuel on the fire. The big men will adjust,News,article,1661,Cooking and Cookbooks; Recipes,https://www.nytimes.com/1996/03/03/news/food-a-little-lamb-eats-ivy.html
1996,1996-03-03T05:00:00Z,1990s,Mar-Apr,"GARDENING;Hail the Speedy Radish, in All Its Forms",,,,New York,Westchester Weekly Desk,News,article,840,Vegetables; Radishes; Gardens and Gardening,https://www.nytimes.com/1996/03/03/nyregion/gardening-hail-the-speedy-radish-in-all-its-forms.html
1996,1996-05-01T05:00:00Z,1990s,May-Jun,BUSINESS DIGEST,,,,Business,Business/Financial Desk,Summary,article,513,China,https://www.nytimes.com/1996/05/01/business/business-digest-015644.html
1996,1996-05-01T05:00:00Z,1990s,May-Jun,Boxer Is Dead After Collapse,,,,Sports,Sports Desk,News,article,83,"Melbourne (Australia); Chass, Murray; Hobson, Lance; Boxing; Accidents and Safety",https://www.nytimes.com/1996/05/01/sports/boxer-is-dead-after-collapse.html
1996,1996-05-01T05:00:00Z,1990s,May-Jun,Business Travel;Tables at Atlanta's top restaurants are filling up as the Olympics near.,,,,Business,Business/Financial Desk,News,article,822,"Northeastern States (US); BEIJING(CHINA); ATLANTA, GA, USA; China; Atlanta (Ga); Executives and Management; Restaurants; High-Speed Rail Projects; HOTELS AND MOTELS; Corporations; Railroads; Olympic Games (1996)",https://www.nytimes.com/1996/05/01/business/business-travel-tables-atlanta-s-top-restaurants-are-filling-up-olympics-near.html
1996,1996-05-01T05:00:00Z,1990s,May-Jun,"COMPANY REPORTS;Pepsico's First-Quarter Net Rose 23%, to $394 Million",,,,Business,Business/Financial Desk,Statistics,article,570,Pepsico Inc; Company Reports,https://www.nytimes.com/1996/05/01/business/company-reports-pepsico-s-first-quarter-net-rose-23-to-394-million.html
1996,1996-05-01T05:00:00Z,1990s,May-Jun,FUTURES MARKETS;Oil and Gasoline Prices Plunge On Clinton Move to Ease Supply,,,,Business,Business/Financial Desk,News,article,368,"Clinton, Bill; Oil (Petroleum) and Gasoline; Prices (Fares, Fees and Rates); Futures and Options Trading; STRATEGICPETROLEUM RESERVE",https://www.nytimes.com/1996/05/01/business/futures-markets-oil-and-gasoline-prices-plunge-on-clinton-move-to-ease-supply.html
1996,1996-05-01T05:00:00Z,1990s,May-Jun,"INTERNATIONAL BUSINESS;Inflation Lower, China Cuts Interest Rates",,,,Business,Business/Financial Desk,News,article,681,"China; Prices (Fares, Fees and Rates); Interest Rates; Credit; Economic Conditions and Trends",https://www.nytimes.com/1996/05/01/business/international-business-inflation-lower-china-cuts-interest-rates.html
1996,1996-05-01T05:00:00Z,1990s,May-Jun,Mason Is Sued In Club Fracas,,,,Sports,Sports Desk,News,article,154,"New York City; China Club; NEW YORK KNICKERBOCKERS; Mason, Anthony; Assaults; Suits and Litigation",https://www.nytimes.com/1996/05/01/sports/mason-is-sued-in-club-fracas.html
1996,1996-05-01T05:00:00Z,1990s,May-Jun,THE MEDIA BUSINESS: ADVERTISING -- ADDENDA;Agency Expands Operations in Asia,,,,Business,Business/Financial Desk,News,article,94,"SHANGHAI(CHINA); Malaysia; Far East, South and Southeast Asia and Pacific Areas; Guangdong Province (China); Singapore; Draft Direct Worldwide; Mergers, Acquisitions and Divestitures; ADVERTISING (TIMES COLUMN)",https://www.nytimes.com/1996/05/01/business/the-media-business-advertising-addenda-agency-expands-operations-in-asia.html
1996,1996-05-01T05:00:00Z,1990s,May-Jun,"The Secrets to a Good Cup: Beans, Proportions, Crema",,,,Home & Garden,Living Desk,News,article,1461,Coffee,https://www.nytimes.com/1996/05/01/garden/the-secrets-to-a-good-cup-beans-proportions-crema.html
1996,1996-05-01T05:00:00Z,1990s,May-Jun,The Success of a Small Company May Ultimately Be the City's Loss,,,,New York,Metropolitan Desk,News,article,703,"New York City; MUSIC PEN INC; Wu, Yee-Peng; Lui, Philip Y F; Relocation of Business; COMPUTERS ANDINFORMATION SYSTEMS; Computer and Video Games; Economic Conditions and Trends",https://www.nytimes.com/1996/05/01/nyregion/the-success-of-a-small-company-may-ultimately-be-the-city-s-loss.html
1996,1996-05-01T05:00:00Z,1990s,May-Jun,U.S. Cites China for Failing to Curb Piracy in Trade,,,,Business,Business/Financial Desk,News,article,662,"Portugal; India; Pakistan; China; Turkey; World Trade Organization; Clinton, Bill; International Trade and World Market; Embargoes and Economic Sanctions; Trademarks and Trade Names; INDUSTRIAL ESPIONAGE AND PIRACY",https://www.nytimes.com/1996/05/01/business/us-cites-china-for-failing-to-curb-piracy-in-trade.html
1996,1996-05-02T05:00:00Z,1990s,May-Jun,China's Duck and Cover (Comet Division),,,,Opinion,Editorial Desk,Letter,article,181,"China; Lane, Philip K; ATOMIC WEAPONS; Arms Control and Limitation and Disarmament; Treaties",https://www.nytimes.com/1996/05/02/opinion/l-china-s-duck-and-cover-comet-division-016357.html
1996,1996-05-02T05:00:00Z,1990s,May-Jun,Essay;The Biggest Election,,,,Opinion,Editorial Desk,Op-Ed,article,674,India; United States International Relations; Politics and Government; Elections; INDIA-INTERNATIONALRELATIONS-US,https://www.nytimes.com/1996/05/02/opinion/essay-the-biggest-election.html
1996,1996-05-02T05:00:00Z,1990s,May-Jun,INTERNATIONAL BUSINESS: Airbus Tries to Fly in a New Formation;Consortium's Chief Hopes a Revamping Could Aid Its Challenge to Boeing,,,,Business,Business/Financial Desk,News,article,1744,"Germany; Great Britain; Spain; France; Aerospatiale; Daimler-Benz AG; Boeing Co; Airbus Industrie; CONSTRUCCIONES AERONAUTICASSA; BRITISH AEROSPACE; Pierson, Jean; Airlines and Airplanes; COMPANY AND ORGANIZATION PROFILES; INDUSTRYPROFILES",https://www.nytimes.com/1996/05/02/business/international-business-airbus-tries-fly-new-formation-consortium-s-chief-hopes.html
1996,1996-05-02T05:00:00Z,1990s,May-Jun,Kodak Chief Assails Japan's Refusal to Discuss Trade Complaint,,,,Business,Business/Financial Desk,News,article,463,"Japan; China; Eastman Kodak Co; FISHER, GEORGE M C GEORGE M C FISHER; International Trade and World Market; Photography",https://www.nytimes.com/1996/05/02/business/kodak-chief-assails-japan-s-refusal-to-discuss-trade-complaint.html
1996,1996-05-02T05:00:00Z,1990s,May-Jun,"Kuala Lumpur Journal;Malaysia Looks Down on World From 1,483 Feet",,,,World,Foreign Desk,News,article,943,Kuala Lumpur (Malaysia); Malaysia; United States; Records and Achievements; PETRONAS TOWERS (KUALA LUMPUR); Sears Tower (Chicago); OFFICE BUILDINGS,https://www.nytimes.com/1996/05/02/world/kuala-lumpur-journal-malaysia-looks-down-on-world-from-1483-feet.html
1996,1996-05-02T05:00:00Z,1990s,May-Jun,Mexico's Leader Quietly Adopts A Warmer Approach to the U.S.,,,,World,Foreign Desk,News,article,1274,"United States; Mexico; Clinton, Bill; ZEDILLO PONCE DE LEON, ERNESTO; Extradition; United States International Relations; Mexico-International Relations-US; ILLEGAL ALIENS; North American Free Trade Agreement; International Trade and World Market; IMMIGRATION AND REFUGEES; Politics and Government; Freedom and Human Rights; United States Armament and Defense",https://www.nytimes.com/1996/05/02/world/mexico-s-leader-quietly-adopts-a-warmer-approach-to-the-us.html
1996,1996-05-02T05:00:00Z,1990s,May-Jun,"Research Adds 100,000 Years to Peking Man",,,,U.S.,National Desk,News,article,366,University of Southern California; UNIVERSITY OF GUIZHOU; Archeology and Anthropology; PEKING MAN; Fossils; Evolution,https://www.nytimes.com/1996/05/02/us/research-adds-100000-years-to-peking-man.html
1996,1996-05-02T05:00:00Z,1990s,May-Jun,The War on Polio Reaches Final Stages,MEDICAL experts attending a World Health Organization meeting on poliomyelitis eradication in Geneva Wednesday said Wednesday that they were optimistic that the disease could be eliminated by the end of this century..It is likely to be the second time &,,MEDICAL experts attending a World Health Organization meeting on poliomyelitis eradication in Geneva Wednesday said Wednesday that they were optimistic that the disease could be eliminated by the end of this century..It is likely to be the second time &,Style,IHT News,,article,4552,,https://www.nytimes.com/1996/05/02/style/IHT-the-war-on-polio-reaches-final-stages.html
1996,1996-05-03T05:00:00Z,1990s,May-Jun,Trial of the Vanquished by the Victors,"The cherry blossoms, once the symbol of Japan's kamikaze pilots, had almost all fallen from the few remaining trees in the bombed-out wreckage around the former War Ministry building in Tokyo on May 3, 1946, when 26 of Japan's Class A war criminals got o",,"The cherry blossoms, once the symbol of Japan's kamikaze pilots, had almost all fallen from the few remaining trees in the bombed-out wreckage around the former War Ministry building in Tokyo on May 3, 1946, when 26 of Japan's Class A war criminals got o",Opinion,IHT News,,article,6562,,https://www.nytimes.com/1996/05/03/opinion/IHT-trial-of-the-vanquished-by-the-victors.html
1996,1996-07-01T05:00:00Z,1990s,Jul-Aug,Corrections,,,,New York,Metropolitan Desk,Correction,article,36,China; Correction Stories; Legal Profession,https://www.nytimes.com/1996/07/01/nyregion/c-corrections-056928.html
1996,1996-07-01T05:00:00Z,1990s,Jul-Aug,Economic Summit Subplot: Do French Walls Have Ears?,,,,Business,Business/Financial Desk,News,article,1043,"LYONS (FRANCE); Clinton, Bill; INDUSTRIAL ESPIONAGE AND PIRACY; Conventions and Conferences; Economic Conditions and Trends",https://www.nytimes.com/1996/07/01/business/economic-summit-subplot-do-french-walls-have-ears.html
1996,1996-07-01T05:00:00Z,1990s,Jul-Aug,Few Little Empresses,,,,Opinion,Editorial Desk,Letter,article,217,"China; Bickel, Annette M; Social Conditions and Trends; CHILDREN ANDYOUTH; Families and Family Life",https://www.nytimes.com/1996/07/01/opinion/l-few-little-empresses-055786.html
1996,1996-07-01T05:00:00Z,1990s,Jul-Aug,"For Hong Kong, a Bleak Future Under Beijing","A year from today, on July 1, 1997, two red flags will fly over Hong Kong — one with the five yellow stars of China, the other with the single bauhinia flower of the Hong Kong Special Administrative Region. The lowering of the British flag on 30 Ju",,"A year from today, on July 1, 1997, two red flags will fly over Hong Kong — one with the five yellow stars of China, the other with the single bauhinia flower of the Hong Kong Special Administrative Region. The lowering of the British flag on 30 Ju",Opinion,IHT News,,article,4756,,https://www.nytimes.com/1996/07/01/opinion/IHT-for-hong-kong-a-bleak-future-under-beijing.html
1996,1996-07-01T05:00:00Z,1990s,Jul-Aug,"Gray Skies and a Smaller Crowd, but High Spirits at Gay Pride March",,,,New York,Metropolitan Desk,News,article,679,New York City; Parades; Homosexuality,https://www.nytimes.com/1996/07/01/nyregion/gray-skies-and-a-smaller-crowd-but-high-spirits-at-gay-pride-march.html
1996,1996-07-01T05:00:00Z,1990s,Jul-Aug,"Hong Kong, Takeover Near, In Wary Dance With Destiny",,,,World,Foreign Desk,News,article,1943,Hong Kong; Great Britain; HONG KONG (UK); China; UNITEDKINGDOM; Politics and Government; Economic Conditions and Trends; CHINA-INTERNATIONAL RELATIONS-GREAT BRITAIN,https://www.nytimes.com/1996/07/01/world/hong-kong-takeover-near-in-wary-dance-with-destiny.html
1996,1996-07-01T05:00:00Z,1990s,Jul-Aug,NEWS SUMMARY,,,,New York,Metropolitan Desk,Summary,article,717,,https://www.nytimes.com/1996/07/01/nyregion/news-summary-056847.html
1996,1996-07-01T05:00:00Z,1990s,Jul-Aug,Q&A : Test Ban Pact Is Doable,"After more than two years of hard bargaining, the 61-nation Disarmament Conference missed last week's deadline for a treaty to outlaw nuclear test explosions — mainly over India's insistence on a time-bound commitment by the five nuclear powers to",,"After more than two years of hard bargaining, the 61-nation Disarmament Conference missed last week's deadline for a treaty to outlaw nuclear test explosions — mainly over India's insistence on a time-bound commitment by the five nuclear powers to",,IHT News,,article,4939,,https://www.nytimes.com/1996/07/01/IHT-qa-test-ban-pact-is-doable.html
1996,1996-07-02T05:00:00Z,1990s,Jul-Aug,Anti-Sub Seabed Grid Thrown Open To Research Uses,,,,Science,Science Desk,News,article,1883,Ships and Shipping; WHALES; SOUND; MICROPHONES; Oceans; SOUND SURVEILLANCE SYSTEM (SOSUS); Research; Submarines; United States Armament and Defense; Fish and Other Marine Life,https://www.nytimes.com/1996/07/02/science/anti-sub-seabed-grid-thrown-open-to-research-uses.html
1996,1996-07-02T05:00:00Z,1990s,Jul-Aug,Hanoi Names More Military Officers to Politburo,,,,World,Foreign Desk,News,article,642,Vietnam,https://www.nytimes.com/1996/07/02/world/hanoi-names-more-military-officers-to-politburo.html
1996,1996-07-02T05:00:00Z,1990s,Jul-Aug,Iranians Pose a Real Threat to Mideast Security;China and Cuba,,,,Opinion,Editorial Desk,Letter,article,158,"Cuba; China; Wagenheim, Kal; Freedom and Human Rights",https://www.nytimes.com/1996/07/02/opinion/l-iranians-pose-a-real-threat-to-mideast-security-china-and-cuba-059323.html
1996,1996-07-02T05:00:00Z,1990s,Jul-Aug,Q & A /John B. Ritch 3d : UN's Nuclear Watchdog Is Sharpening Its Teeth,,,,World,News,News,article,1293,,https://www.nytimes.com/1996/07/02/news/q-a-john-b-ritch-3d-uns-nuclear-watchdog-is-sharpening-its-teeth.html
1996,1996-07-02T05:00:00Z,1990s,Jul-Aug,Q & A /John B. Ritch 3d : UN's Nuclear Watchdog Is Sharpening Its Teeth,"Ahead of talks aimed at setting new powers for the International Atomic Energy Agency, or IAEA, to detect clandestine nuclear activities, John B. Ritch 3d, U.S. ambassador to United Nations organizations in Vienna, talked with Joseph Fitchett of the Inte",,"Ahead of talks aimed at setting new powers for the International Atomic Energy Agency, or IAEA, to detect clandestine nuclear activities, John B. Ritch 3d, U.S. ambassador to United Nations organizations in Vienna, talked with Joseph Fitchett of the Inte",,IHT News,,article,4766,,https://www.nytimes.com/1996/07/02/IHT-q-a-john-b-ritch-3d-uns-nuclear-watchdog-is-sharpening-its-teeth.html
1996,1996-07-02T05:00:00Z,1990s,Jul-Aug,"Shanghai Journal;In 75 Years, a Party's Long March to Irrelevance",,,,World,Foreign Desk,News,article,936,China; Shanghai (China); Mao Zedong; Communism (Theory and Philosophy),https://www.nytimes.com/1996/07/02/world/shanghai-journal-in-75-years-a-party-s-long-march-to-irrelevance.html
1996,1996-07-03T05:00:00Z,1990s,Jul-Aug,ATLANTA 1996: OLYMPIC PROFILE;Tulu Is Running for Herself and Millions of Sisters,,,,Sports,Sports Desk,Biography,article,1546,"Atlanta (Ga); Tulu, Derartu; Olympic Games (1992); Biographical Information; SUMMER GAMES (OLYMPICS); Olympic Games (1996)",https://www.nytimes.com/1996/07/03/sports/atlanta-1996-olympic-profile-tulu-is-running-for-herself-and-millions-of-sisters.html
1996,1996-07-03T05:00:00Z,1990s,Jul-Aug,CHRONICLE,,,,Style,Style Desk,News,article,227,"Czech Republic; ALDA, ALAN ALAN ALDA; MOTION PICTURES; KARLOVY VARY INTERNATIONAL FILM FESTIVAL; CHRONICLE (TIMES COLUMN)",https://www.nytimes.com/1996/07/03/style/chronicle-060267.html
1996,1996-07-03T05:00:00Z,1990s,Jul-Aug,China Joining G-7 : LETTERS TO THE EDITOR,"Regarding ""The Group of Seven Should Invite China to Join the Club"" (Opinion, June 26) by Robert B. Zoellick:. Mr. Zoellick must be dreaming to think that inviting China to the Group of Seven ""might strengthen the hand of the reforming mode",,"Regarding ""The Group of Seven Should Invite China to Join the Club"" (Opinion, June 26) by Robert B. Zoellick:. Mr. Zoellick must be dreaming to think that inviting China to the Group of Seven ""might strengthen the hand of the reforming mode",Opinion,IHT News,,article,1846,,https://www.nytimes.com/1996/07/03/opinion/IHT-china-joining-g7-letters-to-the-editor.html
1996,1996-07-03T05:00:00Z,1990s,Jul-Aug,Diners Get More Discounts As Card Competition Rises,,,,Home & Garden,Living Desk,News,article,1368,New York City; DINING A LA CARD; TRANSMEDIA SERVICE CO; Restaurants; Discount Selling,https://www.nytimes.com/1996/07/03/garden/diners-get-more-discounts-as-card-competition-rises.html
1996,1996-07-03T05:00:00Z,1990s,Jul-Aug,Foreign Affairs;The Oil Factor,,,,Opinion,Editorial Desk,Op-Ed,article,761,Saudi Arabia; Group of Seven; United States International Relations; International Relations; BOMBS AND BOMB PLOTS; Oil (Petroleum) and Gasoline; Terrorism,https://www.nytimes.com/1996/07/03/opinion/foreign-affairs-the-oil-factor.html
1996,1996-07-03T05:00:00Z,1990s,Jul-Aug,World News Briefs;Fireworks Explosion Kills 36 in China,,,,World,Foreign Desk,News,article,154,Sichuan Province (China); China; Accidents and Safety; Explosions; Fireworks,https://www.nytimes.com/1996/07/03/world/world-news-briefs-fireworks-explosion-kills-36-in-china.html
1996,1996-09-01T05:00:00Z,1990s,Sep-Oct,CONNECTUCUT GUIDE,,,,New York,Connecticut Weekly Desk,News,article,971,,https://www.nytimes.com/1996/09/01/nyregion/connectucut-guide.html
1996,1996-09-01T05:00:00Z,1990s,Sep-Oct,Developing Nations Rely on Our Investment,Richard Phillips letter on Stephan-Gotz Richter's Aug 27 article on United States foreign aid to developing nations (S),,Richard Phillips letter on Stephan-Gotz Richter's Aug 27 article on United States foreign aid to developing nations (S),Opinion,Editorial Desk,Letter,article,161,"Richter, Stephan-Gotz; Phillips, Richard; Economic Conditions and Trends; Foreign Aid",https://www.nytimes.com/1996/09/01/opinion/l-developing-nations-rely-on-our-investment-139475.html
1996,1996-09-01T05:00:00Z,1990s,Sep-Oct,Is This Man Dangerous?,"Artists who sketch people on New York streets must engage in nightly cat-and-mouse game with police, and they are appealing a Federal court decision upholding city's policy that treats them like unlicensed street vendors; case is gathering wide attention as a collision between quality-of-life issues dear to Giuliani administration and First Amendment protection; photo; drawings (L)",,"Artists who sketch people on New York streets must engage in nightly cat-and-mouse game with police, and they are appealing a Federal court decision upholding city's policy that treats them like unlicensed street vendors; case is gathering wide attention as a collision between quality-of-life issues dear to Giuliani administration and First Amendment protection; photo; drawings (L)",New York,The City Weekly Desk,News,article,2590,"New York City; Giuliani, Rudolph W; Vendors, Street; Art; Freedom of Speech",https://www.nytimes.com/1996/09/01/nyregion/is-this-man-dangerous.html
1996,1996-09-01T05:00:00Z,1990s,Sep-Oct,Perfect Role Model For Sports in 90's,"Robert Lipsyte comment says football 'player' to watch this season is Arliss Michaels, charming sleazy superagent who is fictional hero of HBO sitcom Arliss; photo of Robert Wuhl in role (S)",,"Robert Lipsyte comment says football 'player' to watch this season is Arliss Michaels, charming sleazy superagent who is fictional hero of HBO sitcom Arliss; photo of Robert Wuhl in role (S)",Sports,Sports Desk,News,article,768,"Wuhl, Robert; Television; Football; ARLISS (TV PROGRAM)",https://www.nytimes.com/1996/09/01/sports/perfect-role-model-for-sports-in-90-s.html
1996,1996-09-01T05:00:00Z,1990s,Sep-Oct,Study Faults Procedures For Choosing U.N. Chief,"Study by two former United Nations officials gives new life to old debate: is there better way to choose leader of United Nations than through back-room deals among influential governments; study recommends that Secretary General be chosen for one nonrenewable seven-year term; they argue this would give Secretary General greater freedom of action and would eliminate misuses of incumbency; study was done by Sir Brian Urquhart and Erskine Childers, who just died (M)",,"Study by two former United Nations officials gives new life to old debate: is there better way to choose leader of United Nations than through back-room deals among influential governments; study recommends that Secretary General be chosen for one nonrenewable seven-year term; they argue this would give Secretary General greater freedom of action and would eliminate misuses of incumbency; study was done by Sir Brian Urquhart and Erskine Childers, who just died (M)",World,Foreign Desk,News,article,624,"United Nations; Urquhart, Brian; Childers, Erskine",https://www.nytimes.com/1996/09/01/world/study-faults-procedures-for-choosing-un-chief.html
1996,1996-09-02T05:00:00Z,1990s,Sep-Oct,Airbus Pins Hopes on 'Super-Jumbo',,,,World,News,News,article,1688,,https://www.nytimes.com/1996/09/02/news/airbus-pins-hopes-on-superjumbo.html
1996,1996-09-02T05:00:00Z,1990s,Sep-Oct,Airbus Pins Hopes on 'Super-Jumbo',"Believing that its use of state-of-the-art technology gives it an important edge over the Boeing 747, an aircraft based on an original 1960s concept, the European Airbus consortium seems set to press ahead to build a ""super-jumbo"" that will sea",,"Believing that its use of state-of-the-art technology gives it an important edge over the Boeing 747, an aircraft based on an original 1960s concept, the European Airbus consortium seems set to press ahead to build a ""super-jumbo"" that will sea",,IHT News,,article,6648,,https://www.nytimes.com/1996/09/02/IHT-airbus-pins-hopes-on-superjumbo.html
1996,1996-09-02T05:00:00Z,1990s,Sep-Oct,Asians Join Scramble To Build Regional Jet,,,,World,News,News,article,1205,,https://www.nytimes.com/1996/09/02/news/asians-join-scramble-to-build-regional-jet.html
1996,1996-09-02T05:00:00Z,1990s,Sep-Oct,Asians Join Scramble To Build Regional Jet,"At least three rival groups based in Asia aim to begin assembling regional jetliners, but analysts warn that the market is already crowded and growth potential limited..They say that the competition for sales in the category of jets that seat between 9",,"At least three rival groups based in Asia aim to begin assembling regional jetliners, but analysts warn that the market is already crowded and growth potential limited..They say that the competition for sales in the category of jets that seat between 9",,IHT News,,article,4185,,https://www.nytimes.com/1996/09/02/IHT-asians-join-scramble-to-build-regional-jet.html
1996,1996-09-02T05:00:00Z,1990s,Sep-Oct,Bridge,Alan Truscott Bridge column on how Chinese Under-25 team gained record 76 imps during 1994 Far East Championships (S),,Alan Truscott Bridge column on how Chinese Under-25 team gained record 76 imps during 1994 Far East Championships (S),New York,Metropolitan Desk,News,article,406,China; Bridge (Card Game),https://www.nytimes.com/1996/09/02/nyregion/bridge-147672.html
1996,1996-09-02T05:00:00Z,1990s,Sep-Oct,"Gingerly, EU and U.S. Move Toward Open Skies","The European Union and the United States will sit down for the first time this fall to begin discussing mutual access to each other's aviation markets..Some observers say that talks could eventually lead to a multilateral ""open skies"" agreeme",,"The European Union and the United States will sit down for the first time this fall to begin discussing mutual access to each other's aviation markets..Some observers say that talks could eventually lead to a multilateral ""open skies"" agreeme",,IHT News,,article,7511,,https://www.nytimes.com/1996/09/02/IHT-gingerly-eu-and-us-move-toward-open-skies.html
1996,1996-09-02T05:00:00Z,1990s,Sep-Oct,IATA Chief Calls Bid for Open Skies A Divide-and-Rule Tactic in Europe,"Pierre Jeanniot, director-general of the International Air Transport Association, representing most of the world's major airlines, discussed the state of the global aviation industry with Barry James of the International Herald Tribune.. Q. How do you ass",,"Pierre Jeanniot, director-general of the International Air Transport Association, representing most of the world's major airlines, discussed the state of the global aviation industry with Barry James of the International Herald Tribune.. Q. How do you ass",,IHT News,,article,5701,,https://www.nytimes.com/1996/09/02/IHT-iata-chief-calls-bid-for-open-skies-a-divideandrule-tactic-in-europe.html
1996,1996-09-02T05:00:00Z,1990s,Sep-Oct,Is Golden Age Ending For World's Fighters?,"Manufacturers from the United States, Europe and Russia are presenting a strong lineup of warplanes at the Farnborough Air Show this year, but there is a glaring absence of any strikingly original fighters or technological breakthroughs..There is nothi",,"Manufacturers from the United States, Europe and Russia are presenting a strong lineup of warplanes at the Farnborough Air Show this year, but there is a glaring absence of any strikingly original fighters or technological breakthroughs..There is nothi",,IHT News,,article,8856,,https://www.nytimes.com/1996/09/02/IHT-is-golden-age-ending-for-worlds-fighters.html
1996,1996-09-02T05:00:00Z,1990s,Sep-Oct,"Perot Begins Campaign, on TV, With Charts","Ross Perot begins Presidential campaign with folksy television 'infomercial' calling for privatization of Social Security, reorganization of Medicare and end to 'one-sided trade deals'; displays trademark charts in first of series of broadcasts financed largely with $29 million in Federal election capaign funds (S)",,"Ross Perot begins Presidential campaign with folksy television 'infomercial' calling for privatization of Social Security, reorganization of Medicare and end to 'one-sided trade deals'; displays trademark charts in first of series of broadcasts financed largely with $29 million in Federal election capaign funds (S)",U.S.,National Desk,News,article,554,"Perot, Ross; Television; ELECTION ISSUES; Presidential Election of 1996",https://www.nytimes.com/1996/09/02/us/perot-begins-campaign-on-tv-with-charts.html
1996,1996-09-02T05:00:00Z,1990s,Sep-Oct,"With Ship's Hull Back on the Ocean Floor, Titanic Buffs Return to New York","Symbolic arrival in New York of Titanic fails to take place as salvage crews are unable to bring up portion of hull from Atlantic floor; cruise ship Island Breeze arrives in port with about 600 passengers who had signed on to escort famous relic; passengers include 99-year-old Edith Brown Haisman, who last saw her father on April 14, 1912, when he put her and mother and sister in lifeboat; photo; map (S)",,"Symbolic arrival in New York of Titanic fails to take place as salvage crews are unable to bring up portion of hull from Atlantic floor; cruise ship Island Breeze arrives in port with about 600 passengers who had signed on to escort famous relic; passengers include 99-year-old Edith Brown Haisman, who last saw her father on April 14, 1912, when he put her and mother and sister in lifeboat; photo; map (S)",New York,Metropolitan Desk,News,article,906,"Haisman, Edith; Ships and Shipping; Biographical Information; Salvage",https://www.nytimes.com/1996/09/02/nyregion/with-ship-s-hull-back-on-the-ocean-floor-titanic-buffs-return-to-new-york.html
1996,1996-09-03T05:00:00Z,1990s,Sep-Oct,A Ban on Chemical Weapons,"Editorial urges US Senate to ratify Chemical Weapons Convention, negotiated during Reagan and Bush Administrations and signed by US and 129 other nations (M)",,"Editorial urges US Senate to ratify Chemical Weapons Convention, negotiated during Reagan and Bush Administrations and signed by US and 129 other nations (M)",Opinion,Editorial Desk,Editorial,article,514,"Bush, George; Reagan, Ronald Wilson; Biological and Chemical Warfare; United States International Relations; Editorials; Treaties",https://www.nytimes.com/1996/09/03/opinion/a-ban-on-chemical-weapons.html
1996,1996-09-03T05:00:00Z,1990s,Sep-Oct,A Traipse Through Summer's Business Folly,Brief descriptions of some economic happenings this summer; drawing (M),,Brief descriptions of some economic happenings this summer; drawing (M),Business,Business/Financial Desk,News,article,1290,United States Economy,https://www.nytimes.com/1996/09/03/business/a-traipse-through-summer-s-business-folly.html
1996,1996-09-03T05:00:00Z,1990s,Sep-Oct,Clinton's World Vision,Morton H Halperin Op-Ed article disputes contentions of Republicans that Clinton Administration's foreign-policy record has focused on peripheral national security issues; says critics do not understand importance of consistency or need to honor commitments; drawing (M),,Morton H Halperin Op-Ed article disputes contentions of Republicans that Clinton Administration's foreign-policy record has focused on peripheral national security issues; says critics do not understand importance of consistency or need to honor commitments; drawing (M),Opinion,Editorial Desk,Op-Ed,article,581,"Clinton, Bill (Pres); Halperin, Morton; United States International Relations; ELECTION ISSUES; Presidential Election of 1996",https://www.nytimes.com/1996/09/03/opinion/clintons-world-vision.html
1996,1996-09-03T05:00:00Z,1990s,Sep-Oct,Projects Abroad Prepare Utility for Dimmer Domestic Demand : China Light Is Switching Its Strategy,"Shivering in summer air conditioning or wandering down streets lit by signs for everything from topless dancers to birds' nest soup, Hong Kong's appetite for electricity appears to know no bounds.. But at Hong Kong's dominant electrical utility, China Li",,"Shivering in summer air conditioning or wandering down streets lit by signs for everything from topless dancers to birds' nest soup, Hong Kong's appetite for electricity appears to know no bounds.. But at Hong Kong's dominant electrical utility, China Li",Business,IHT News,,article,6305,,https://www.nytimes.com/1996/09/03/business/worldbusiness/IHT-projects-abroad-prepare-utility-for-dimmer.html
1996,1996-09-04T05:00:00Z,1990s,Sep-Oct,Candidacy Widens Unusual Race : Top Hong Kong Judge Seeks Executive Post,"The unusual race to become Hong Kong's first chief executive under Chinese rule widened Tuesday as the British colony's chief justice, Sir Ti Liang Yang, added his name to a short list of candidates vying for the post..Sir Ti Liang confirmed Tuesday th",,"The unusual race to become Hong Kong's first chief executive under Chinese rule widened Tuesday as the British colony's chief justice, Sir Ti Liang Yang, added his name to a short list of candidates vying for the post..Sir Ti Liang confirmed Tuesday th",,IHT News,,article,3375,,https://www.nytimes.com/1996/09/04/IHT-candidacy-widens-unusual-race-top-hong-kong-judge-seeks-executive-post.html
1996,1996-09-26T05:00:00Z,,,Chinese Artists Exalt Their Yesterdays,"Alan Riding reviews Reckoning With the Past, exhibition of 64 works by 15 contemporary Chinese artists, at Fruitmarket Gallery in Edinburgh, Scotland; art looks back to recent past as a form of political dissent; photo (L)",,,Arts,,,,,,https://www.nytimes.com/1996/09/26/arts/chinese-artists-exalt-their-yesterdays.html
1996,1996-10-12T05:00:00Z,,,Swiss Insurer Cleared To Sell in China,"Swiss Pres Jean-Pascal Delamuraz says that Winterthur Insurance had obtained preliminary approval to sell insurance in China, first European company to do so (S)",,,Business,,,,,,https://www.nytimes.com/1996/10/12/business/swiss-insurer-cleared-to-sell-in-china.html
1996,1996-10-22T05:00:00Z,,,P.& G.'s Crest in China,Procter & Gamble Co begins selling Crest toothpaste in 500 cities throughout China (S),,,Business,,,,,,https://www.nytimes.com/1996/10/22/business/p-g-s-crest-in-china.html
1996,1996-10-28T05:00:00Z,,,No 'Greater China',Benjamin Huang letter disputes James R Lilley's Oct 24 Op-Ed article on resurgence of nationalism in China (S),,,Opinion,,,,,,https://www.nytimes.com/1996/10/28/opinion/l-no-greater-china-022004.html
1996,1996-11-01T05:00:00Z,1990s,Nov-Dec,Glitter and Flash From the Provinces,Jack Anderson reviews performance by Zhongmei Dance Company of China; photo (S),,Jack Anderson reviews performance by Zhongmei Dance Company of China; photo (S),Arts,Weekend Desk,Review,article,347,Zhongmei Dance Company; Reviews; Dancing,https://www.nytimes.com/1996/11/01/arts/glitter-and-flash-from-the-provinces.html
1996,1996-11-01T05:00:00Z,1990s,Nov-Dec,"Isolate the Mullahs' Regime, and the People Will Do the Rest","The writer, minister of education in Iran from 1976 to 1979, is founder and secretary-general of the Flag of Freedom Organization of Iran. He contributed this comment to the International Herald Tribune..Millions of Iran-ians, many of them professional",,"The writer, minister of education in Iran from 1976 to 1979, is founder and secretary-general of the Flag of Freedom Organization of Iran. He contributed this comment to the International Herald Tribune..Millions of Iran-ians, many of them professional",Opinion,IHT News,,article,4429,,https://www.nytimes.com/1996/11/01/opinion/IHT-isolate-the-mullahs-regime-and-the-people-will-do-the-rest.html
1996,1996-11-01T05:00:00Z,1990s,Nov-Dec,Munich in Washington,A M Rosenthal Op-Ed column criticizes Pres Clinton for not applying economic pressure on China for its human-rights abuses; contends that Bob Dole has supported Clinton's policy of appeasement (M),,A M Rosenthal Op-Ed column criticizes Pres Clinton for not applying economic pressure on China for its human-rights abuses; contends that Bob Dole has supported Clinton's policy of appeasement (M),Opinion,Editorial Desk,Op-Ed,article,695,"China; Clinton, Bill; Dole, Bob; United States International Relations; ELECTION ISSUES; Politics and Government; China-International Relations-US; Economic Conditions and Trends; Presidential Election of 1996; Freedom and Human Rights",https://www.nytimes.com/1996/11/01/opinion/munich-in-washington.html
1996,1996-11-01T05:00:00Z,1990s,Nov-Dec,U.S. vs. China in Bridge Play,"US women's bridge team begins play against China in final of World Team Championship in Rhodes, Greece (S)",,"US women's bridge team begins play against China in final of World Team Championship in Rhodes, Greece (S)",Arts,Weekend Desk,News,article,185,China; United States; Bridge (Card Game),https://www.nytimes.com/1996/11/01/arts/us-vs-china-in-bridge-play.html
1996,1996-11-02T05:00:00Z,1990s,Nov-Dec,"1921: Chinese Default : IN OUR PAGES:100, 75 AND 50 YEARS AGO","NEW YORK — The Chicago Continental and Commercial Trust and Savings Bank announced to-day [Nov. 1] that the Republic of China had defaulted on $5,500,000 dueto-day. The Chinese Minister of Finance is resigning. The bank has appealed to Washington, a",,"NEW YORK — The Chicago Continental and Commercial Trust and Savings Bank announced to-day [Nov. 1] that the Republic of China had defaulted on $5,500,000 dueto-day. The Chinese Minister of Finance is resigning. The bank has appealed to Washington, a",Opinion,IHT News,,article,333,,https://www.nytimes.com/1996/11/02/opinion/IHT-1921-chinese-default-in-our-pages100-75-and-50-years-ago.html
1996,1996-11-02T05:00:00Z,1990s,Nov-Dec,"BRIEFCASE : Oil-Market Bears, Licking Wounds, Keep Hoping",Putting money on falling oil prices seemed a sure-fire bet for investors before the summer when the market supposedly peaked at around $20 a barrel.Increased political tension in the Middle East and the failure of an agreement that would have brought Ir,,Putting money on falling oil prices seemed a sure-fire bet for investors before the summer when the market supposedly peaked at around $20 a barrel.Increased political tension in the Middle East and the failure of an agreement that would have brought Ir,Your Money,IHT News,,article,2861,,https://www.nytimes.com/1996/11/02/your-money/IHT-briefcase-oilmarket-bears-licking-wounds-keep-hoping.html
1996,1996-11-02T05:00:00Z,1990s,Nov-Dec,Bridge,"American women's contract bridge team wins world title in Rhodes, Greece, defeating China by 70 imps; Canada wins bronze medal in women's series, defeating Austria in playoff for third place; diagram (M)",,"American women's contract bridge team wins world title in Rhodes, Greece, defeating China by 70 imps; Canada wins bronze medal in women's series, defeating Austria in playoff for third place; diagram (M)",New York,Metropolitan Desk,News,article,346,Canada; China; Austria; Bridge (Card Game); women; BRIDGE (TIMES COLUMN),https://www.nytimes.com/1996/11/02/nyregion/bridge-094366.html
1996,1996-11-02T05:00:00Z,1990s,Nov-Dec,"Mickey Kantor, Gutsy Campaigner, Has Smoothed Clinton's Path","Mickey Kantor's tireless, enthusiastic campaigning for Pres Clinton, and strong advocacy of US trade positions, discussed; one day's appearances in Ohio related; photos; Kantor has been Commerce Secretary since death of Ron Brown last spring, although he relished more informal role as aggressive trade negotiator; some of his major achievements on behalf of US industries and Clinton Administration reviewed (M)",,"Mickey Kantor's tireless, enthusiastic campaigning for Pres Clinton, and strong advocacy of US trade positions, discussed; one day's appearances in Ohio related; photos; Kantor has been Commerce Secretary since death of Ron Brown last spring, although he relished more informal role as aggressive trade negotiator; some of his major achievements on behalf of US industries and Clinton Administration reviewed (M)",Business,Business/Financial Desk,News,article,1896,"Ohio; Commerce Department; Kantor, Mickey; Clinton, Bill; International Trade and World Market; ELECTION ISSUES; Biographical Information; Presidential Election of 1996",https://www.nytimes.com/1996/11/02/business/mickey-kantor-gutsy-campaigner-has-smoothed-clinton-s-path.html
1996,1996-11-02T05:00:00Z,1990s,Nov-Dec,Sun Sets On Gurkhas Guarding Hong Kong,"Retreat ceremonies are held in Hong Kong for Royal Gurkha Rifles battalion, which is leaving Hong Kong for a base in England ahead of British colony's return to Chinese sovereignty; photo (M)",,"Retreat ceremonies are held in Hong Kong for Royal Gurkha Rifles battalion, which is leaving Hong Kong for a base in England ahead of British colony's return to Chinese sovereignty; photo (M)",World,Foreign Desk,News,article,874,Hong Kong; Great Britain; China; Nepal; Gurkhas (Ethnic Group),https://www.nytimes.com/1996/11/02/world/sun-sets-on-gurkhas-guarding-hong-kong.html
1996,1996-11-02T05:00:00Z,1990s,Nov-Dec,The 'Red Chip' Danger,"WHO would want to invest in companies that are expensive compared to the rest of their market, have untested or mediocre managers, and are buying all sorts of unspecified assets whose value will not be public knowledge until next year? .Lots of peop",,"WHO would want to invest in companies that are expensive compared to the rest of their market, have untested or mediocre managers, and are buying all sorts of unspecified assets whose value will not be public knowledge until next year? .Lots of peop",Your Money,IHT News,,article,4159,,https://www.nytimes.com/1996/11/02/your-money/IHT-the-red-chip-danger.html
1996,1996-11-03T05:00:00Z,1990s,Nov-Dec,A Move and a Makeover for the State Historical Society,"New Jersey Historical Society is moving into new building after 66 years at 230 Broadway in Newark's North Ward; renovations are under way to convert former Essex Club into museum and research library; when new building opens its doors to public in June 1997, society will reach out beyond its traditional audience of historians to attract broader audience with exhibits that focus on what everday life used to be like in New Jersey; photos (M)",,"New Jersey Historical Society is moving into new building after 66 years at 230 Broadway in Newark's North Ward; renovations are under way to convert former Essex Club into museum and research library; when new building opens its doors to public in June 1997, society will reach out beyond its traditional audience of historians to attract broader audience with exhibits that focus on what everday life used to be like in New Jersey; photos (M)",New York,New Jersey Weekly Desk,News,article,1066,"New Jersey Historical Society; Stover, Mark",https://www.nytimes.com/1996/11/03/nyregion/a-move-and-a-makeover-for-the-state-historical-society.html
1996,1996-11-03T05:00:00Z,1990s,Nov-Dec,BENEFITS,,,,Style,Style Desk,News,article,1240,,https://www.nytimes.com/1996/11/03/style/benefits-093394.html
1996,1996-11-03T05:00:00Z,1990s,Nov-Dec,Extra!,Thomas Mallon reviews book Tabloid Dreams: Stories by Robert Olen Butler (L),,Thomas Mallon reviews book Tabloid Dreams: Stories by Robert Olen Butler (L),Books,Book Review Desk,Review,article,669,"Butler, Robert Olen; Reviews; Books and Literature; TABLOID DREAMS: STORIES (BOOK)",https://www.nytimes.com/1996/11/03/books/extra.html
1996,1996-11-03T05:00:00Z,1990s,Nov-Dec,In His Own Words,"Excerpts from Ross Perot's remarks at campaign rally, Allen Park, Mich (M)(",,"Excerpts from Ross Perot's remarks at campaign rally, Allen Park, Mich (M)(",U.S.,National Desk,Text,article,346,"Michigan; ALLEN PARK (MICH); Perot, Ross; Presidential Election of 1996",https://www.nytimes.com/1996/11/03/us/in-his-own-words-120847.html
1996,1996-11-03T05:00:00Z,1990s,Nov-Dec,Perot Continues Attack on Clinton's Morality and Ethics,"Ross Perot, campaigning in Allen Park, Mich, continues scathing attack on Pres Clinton's ethics; also accuses Clinton of pandering to women, who are considered major bloc of support for him; photo (M)",,"Ross Perot, campaigning in Allen Park, Mich, continues scathing attack on Pres Clinton's ethics; also accuses Clinton of pandering to women, who are considered major bloc of support for him; photo (M)",U.S.,National Desk,News,article,830,"Michigan; ALLEN PARK (MICH); Perot, Ross; Clinton, Bill; ELECTION ISSUES; Ethics; women; Presidential Election of 1996",https://www.nytimes.com/1996/11/03/us/perot-continues-attack-on-clinton-s-morality-and-ethics.html
1996,1996-11-03T05:00:00Z,1990s,Nov-Dec,The Man Behind The Scowl,New York Knicks home opener also marks first time since Anthony Mason's trade to Charlotte that he will scowl in another uniform at Madison Square Garden; his mother and longtime associates in his native New York discuss controversies that swirl around Mason (S),,New York Knicks home opener also marks first time since Anthony Mason's trade to Charlotte that he will scowl in another uniform at Madison Square Garden; his mother and longtime associates in his native New York discuss controversies that swirl around Mason (S),Sports,Sports Desk,Biography,article,1703,"Charlotte Hornets; New York Knicks; Mason, Anthony; Biographical Information; Basketball",https://www.nytimes.com/1996/11/03/sports/the-man-behind-the-scowl.html
1996,1996-11-03T05:00:00Z,1990s,Nov-Dec,Treaty Banning Chemical Arms Worldwide Is Set for Spring,"Treaty banning chemical weapons worldwide is set to go into force next spring, having attained needed 65 ratifications with approval by Hungary; treaty bars development, production, stockpiling or use of such arms and calls for destruction of existing stocks and factories that produce them; treaty applies to United States, Russia, China and other nations which have signed but not ratified it (M)7",,"Treaty banning chemical weapons worldwide is set to go into force next spring, having attained needed 65 ratifications with approval by Hungary; treaty bars development, production, stockpiling or use of such arms and calls for destruction of existing stocks and factories that produce them; treaty applies to United States, Russia, China and other nations which have signed but not ratified it (M)7",World,Foreign Desk,News,article,562,Russia; Hungary; China; Arms Control and Limitation and Disarmament; Treaties; CHEMICAL WARFARE,https://www.nytimes.com/1996/11/03/world/treaty-banning-chemical-arms-worldwide-is-set-for-spring.html
1996,1996-11-03T05:00:00Z,1990s,Nov-Dec,When Builders Take Wing,Paul Goldberger reviews exhibition on airport and aircraft design at Art Institute of Chicago; photos (M),,Paul Goldberger reviews exhibition on airport and aircraft design at Art Institute of Chicago; photos (M),Arts,Arts and Leisure Desk,News,article,1315,Art Institute of Chicago; Airlines and Airplanes; Reviews; Airports; Architecture,https://www.nytimes.com/1996/11/03/arts/when-builders-take-wing.html
1996,1996-11-03T05:00:00Z,1990s,Nov-Dec,When the Best Policy May Be No Policy at All,"Advice on growing range of special-purchase insurance policies offered to individuals; such insurance, as whole, offers consumers little value for their money; table; drawings (M)",,"Advice on growing range of special-purchase insurance policies offered to individuals; such insurance, as whole, offers consumers little value for their money; table; drawings (M)",Business,Money and Business/Financial Desk,News,article,2612,Insurance,https://www.nytimes.com/1996/11/03/business/when-the-best-policy-may-be-no-policy-at-all.html
1996,1996-11-03T05:00:00Z,,,Why China Has No Ears For American Demands,United States failure to influence Chinese policies discussed; Chinese leaders have come to believe that intransigence is rewarded when dealing with United States; photo (M),,,Week in Review,,,,,,https://www.nytimes.com/1996/11/03/weekinreview/why-china-has-no-ears-for-american-demands.html
1996,1996-11-04T05:00:00Z,,,Arrested Progress in China,Editorial on need for political reform in China; deplores China's plans to stiffle open political dissent in Hong Kong (M),,,Opinion,,,,,,https://www.nytimes.com/1996/11/04/opinion/arrested-progress-in-china.html
1996,1996-11-05T05:00:00Z,,,A Stronger China Is No Threat to Peace,"Letter by Chen Ranfeng, Chinese Mission to United Nations Press Officer, responds to A M Rosenthal Oct 29 and Nov 1 Op-Ed columns on China",,,Opinion,,,,,,https://www.nytimes.com/1996/11/05/opinion/l-a-stronger-china-is-no-threat-to-peace-136034.html
1996,1996-11-17T05:00:00Z,,,The China We Left Behind,"Article on photographer Mark Leong's visit to family's ancestral home, Soon Wall, China; town and Toisan County have been heavily depopulated by migration abroad and to China's coastal cities; photos (M)",,,Magazine,,,,,,https://www.nytimes.com/1996/11/17/magazine/the-china-we-left-behind.html
1996,1996-11-26T05:00:00Z,,,What China Wants,Prof Lucian W Pye Op-Ed article discusses China's xenophobic nationalism and combative political pragmatism he holds will continue to complicate its ties with United States; urges US to arrive at set of coherent and firm policies toward China; drawing (M),,,Opinion,,,,,,https://www.nytimes.com/1996/11/26/opinion/what-china-wants.html
1996,1996-12-04T05:00:00Z,,,China Turns the Tables,"Op-Ed article by Freedom House president Adrian Karatnycky accuses China of exercising form of reverse linkage in trade relations with US, and is seeking to impose its anti-democratic standards after insisting loudly that US decouple human rights and trade; says Pres Clinton and Congress should support new legislation that mandates annual review of conduct of trading partners, and should inform China that its entry into World Trade Organization will depend partly on its behavior toward American companies (M)",,,Opinion,,,,,,https://www.nytimes.com/1996/12/04/opinion/china-turns-the-tables.html
1996,1996-12-05T05:00:00Z,,,China Accuses Pope Of Internal Meddling,China responds to appeal from Pope John Paul II to legalize Roman Catholic Church by accusing him of meddling in its internal affairs (S),,,World,,,,,,https://www.nytimes.com/1996/12/05/world/china-accuses-pope-of-internal-meddling.html
1996,1996-12-05T05:00:00Z,,,China Already Entrenched As a Hong Kong Capitalist,"Article focuses on China's capitalist invasion of Hong Kong as its prepares to regain sovereignty in July 1997; even though seven months remain before end of British rule, China's politics and business practices have permeated territory to extent that, even without flutter of Chinese flag, colony has become part of China; although baldest forms of mainland business dealings are still largely absent, commercial and political clout wielded by mainland companies is formidable and interests of Beijing are paramount; cozy business relationship has developed between mainland and Hong Kong's business tycoons, who have eagerly signed on as official advisers to Beijing and have taken seats on various committees appointed by China that are moulding post-colonial government; not only have business deals been smoothed in Beijing, but major projects that currently require both China's and colonial government's go-ahead have been redrawn to favor local tycoons; colony, where handful of Chinese companies have done business for decades as Beijing's pipelines to global economy, has been flooded over past five years by mainland companies, eyeing Hong Kong as much as for what has changed as for what will change after return of sovereignty in July 1998; photo (M)",,,World,,,,,,https://www.nytimes.com/1996/12/05/world/china-already-entrenched-as-a-hong-kong-capitalist.html
1996,1996-12-06T05:00:00Z,,,On Learning Chinese,Letter by Taiwan official T K Lee says Nov 29 article on learning Chinese language uncritically repeats mainland China's contention that simplified characters were adopted to eliminate illiteracy,,,Opinion,,,,,,https://www.nytimes.com/1996/12/06/opinion/l-on-learning-chinese-609900.html
1996,1996-12-06T05:00:00Z,,,Pakistan Will Allow 2d Chinese Nuclear Plant,China will build second nuclear power plant in Pakistan; US has been concerned that China is selling Pakistan sensitive technology that could be used to build nuclear weapons (S),,,World,,,,,,https://www.nytimes.com/1996/12/06/world/pakistan-will-allow-2d-chinese-nuclear-plant.html
1996,1996-12-08T05:00:00Z,,,"Touring China's Past, and a Bit of America's","Frugal Traveler article on five-day visit to Chongqing, mountain city in eastern Sichuan Province at confluence of Yangtze and Jialing Rivers, where most Three Gorges cruises begin; describes independent excursions to nearby sites; photos; map (M)",,,Travel,,,,,,https://www.nytimes.com/1996/12/08/travel/touring-china-s-past-and-a-bit-of-america-s.html
1996,1996-12-09T05:00:00Z,,,Hollywood Feels Chill Of Chinese Warning To Disney,"Article contends that when Chinese Government recently warned Walt Disney Company that release of new film Kundun about Dalai Lama could cripple Disney's efforts to expand into China, company officials responded with terse statement in support of movie; while Beijing Government did not manage to crush this particular movie, consensus in Hollywood is that it did succeed in casting chilll over any other projects that may offend its sensibilities (M)",,,Movies,,,,,,https://www.nytimes.com/1996/12/09/movies/hollywood-feels-chill-of-chinese-warning-to-disney.html
1996,1996-12-13T05:00:00Z,,,Motorola in Chinese Deal,Motorola Inc receives three contracts worth total of $108 million for equipment to expand cellular networks in Fujian province of China (S),,,Business,,,,,,https://www.nytimes.com/1996/12/13/business/motorola-in-chinese-deal.html
1996,1996-12-18T05:00:00Z,,,China's the Game,Thomas L Friedman Op Ed article holds fate of Hong Kong is linked to fate of Deng Xiaoping's policy of allowing broad economic freedom in return for acceptance of Communist Party's political monopoly; holds pressure to liberalize politically must come from within because rapid economic growth has given China enough economic leverage to buy off external pressure (M),,,Opinion,,,,,,https://www.nytimes.com/1996/12/18/opinion/china-s-the-game.html
1996,1996-12-22T05:00:00Z,,,China's Last Eunuch,Death of China's last eunuch reviewed; photo (S),,,Week in Review,,,,,,https://www.nytimes.com/1996/12/22/weekinreview/china-s-last-eunuch.html
1996,1996-12-28T05:00:00Z,,,China Reports a Surge In Foreign Investment,China reports $36.9 billion in foreign investments in first eleven months of 1996 (S),,,Business,,,,,,https://www.nytimes.com/1996/12/28/business/china-reports-a-surge-in-foreign-investment.html
1997,1997-01-01T05:00:00Z,1990s,Jan-Feb,China to Alter Export Tariff on 18 Items,"China will remove or reduce export tariffs on 18 products, including raw cashmere, next year in move that may increase costs for world's largest cashmere producer, Inner Mongolia Erdos Cashmere Products Company (S)",,"China will remove or reduce export tariffs on 18 products, including raw cashmere, next year in move that may increase costs for world's largest cashmere producer, Inner Mongolia Erdos Cashmere Products Company (S)",Business,Business/Financial Desk,News,article,112,China; Inner Mongolia Erdos Cashmere Products Company; CASHMERE; International Trade and World Market; Customs (Tariff); Textiles,https://www.nytimes.com/1997/01/01/business/china-to-alter-export-tariff-on-18-items.html
1997,1997-01-01T05:00:00Z,1990s,Jan-Feb,Copyright Pacts Are Still Facing Foes in Congress,"Battle is looming in Congress over two international copyright treaties governing digital copying and transmission of art and information over computer networks; Clinton Administration won international approval of the two treaties in Geneva in December, 1996, buts concedes that Congressional approval is far from assured (M)",,"Battle is looming in Congress over two international copyright treaties governing digital copying and transmission of art and information over computer networks; Clinton Administration won international approval of the two treaties in Geneva in December, 1996, buts concedes that Congressional approval is far from assured (M)",Business,Business/Financial Desk,News,article,1080,"Clinton, Bill; COPYRIGHTS; Computers and Information Systems; Treaties; Art",https://www.nytimes.com/1997/01/01/business/copyright-pacts-are-still-facing-foes-in-congress.html
1997,1997-01-01T05:00:00Z,1990s,Jan-Feb,North Korea's New Message,"Editorial on North Korea's expression of 'deep regret' for attempting to infiltrate South Korea by submarine-borne commandoes last September, holding its apology and promise to make sure that such infiltrations will not be repeated promises to be part of an even broader and more promising diplomatic breakthrough",,"Editorial on North Korea's expression of 'deep regret' for attempting to infiltrate South Korea by submarine-borne commandoes last September, holding its apology and promise to make sure that such infiltrations will not be repeated promises to be part of an even broader and more promising diplomatic breakthrough",Opinion,Editorial Desk,Editorial,article,605,South Korea; North Korea; Editorials; Submarines,https://www.nytimes.com/1997/01/01/opinion/north-korea-s-new-message.html
1997,1997-01-01T05:00:00Z,1990s,Jan-Feb,U.S. Chain Buying Global Hotel Group,"Doubletree Corp agrees to acquire Renaissance Hotel Group for $780 million in cash and stock; Doubletree's second deal in last two months would bring its lodging roster to 101,000 rooms in 382 hotels worldwide, putting it in same league as Hilton Hotels Corp and Marriott International Inc (M)",,"Doubletree Corp agrees to acquire Renaissance Hotel Group for $780 million in cash and stock; Doubletree's second deal in last two months would bring its lodging roster to 101,000 rooms in 382 hotels worldwide, putting it in same league as Hilton Hotels Corp and Marriott International Inc (M)",Business,Business/Financial Desk,News,article,647,"Doubletree Corp; Renaissance Hotel Group Nv; Mergers, Acquisitions and Divestitures; HOTELS AND MOTELS",https://www.nytimes.com/1997/01/01/business/us-chain-buying-global-hotel-group.html
1997,1997-01-01T05:00:00Z,1990s,Jan-Feb,Use Satellite TV for U.S. Broadcasts to China,Alvin Snyder letter on limited effectiveness of United States Government's Radio Free Asia (Dec 27 news article); holds new independent governing board for United States international broadcasting should re-evaluate viability of Radio Free Asia and seek ways in which satellite television may play a more prominent role in telling America's story in Asia and elsewhere,,Alvin Snyder letter on limited effectiveness of United States Government's Radio Free Asia (Dec 27 news article); holds new independent governing board for United States international broadcasting should re-evaluate viability of Radio Free Asia and seek ways in which satellite television may play a more prominent role in telling America's story in Asia and elsewhere,Opinion,Editorial Desk,Letter,article,310,"Far East, South and Southeast Asia and Pacific Areas; China; Radio Free Asia; Snyder, Alvin; Satellites",https://www.nytimes.com/1997/01/01/opinion/l-use-satellite-tv-for-us-broadcasts-to-china-980536.html
1997,1997-01-02T05:00:00Z,1990s,Jan-Feb,'Democracy' List Excluded Group of Nations : Clinton's Stance on Rights Challenges Ties With Asia,"On a recent visit to Thailand, President Bill Clinton took a backhanded swipe at a large group of East Asian countries by excluding them from a list he named to illustrate ""democracy's march across Asia."".Speaking at Chulalongkorn University",,"On a recent visit to Thailand, President Bill Clinton took a backhanded swipe at a large group of East Asian countries by excluding them from a list he named to illustrate ""democracy's march across Asia."".Speaking at Chulalongkorn University",,IHT News,,article,6062,,https://www.nytimes.com/1997/01/02/IHT-democracy-list-excluded-group-of-nations-clintons-stance-on-rights.html
1997,1997-01-02T05:00:00Z,1990s,Jan-Feb,A Prison Term in Tibet,"Editorial scores China for imposing harsh, 18-year prison sentence on 30-year-old Tibetan scholar Ngawang Choepel for espionage (M)",,"Editorial scores China for imposing harsh, 18-year prison sentence on 30-year-old Tibetan scholar Ngawang Choepel for espionage (M)",Opinion,Editorial Desk,Editorial,article,473,"China; Tibet; CHOEPEL, NGAWANG; Espionage; Editorials; Sentences (Criminal); Politics and Government; Freedom and Human Rights",https://www.nytimes.com/1997/01/02/opinion/a-prison-term-in-tibet.html
1997,1997-01-02T05:00:00Z,1990s,Jan-Feb,BOOKS : CHRISTOPHER ISHERWOOD,,,,Style,IHT News,,article,6272,,https://www.nytimes.com/1997/01/02/style/IHT-books-christopher-isherwood.html
1997,1997-01-02T05:00:00Z,1990s,Jan-Feb,China's Demand for Control Pits Ethics Against Profits,China is using its huge size and rapid growth rate in dictating terms under which it will open its markets to specific foreign businesses; Clinton Administration is unsure whther it is willing to confront political curbs China is imposing on trade and foreign investments; photo (M),,China is using its huge size and rapid growth rate in dictating terms under which it will open its markets to specific foreign businesses; Clinton Administration is unsure whther it is willing to confront political curbs China is imposing on trade and foreign investments; photo (M),Business,Business/Financial Desk,News,article,992,"China; Clinton, Bill; Foreign Investments; United States International Relations; International Trade and World Market; Politics and Government; China-International Relations-US; Economic Conditions and Trends",https://www.nytimes.com/1997/01/02/business/china-s-demand-for-control-pits-ethics-against-profits.html
1997,1997-01-02T05:00:00Z,1990s,Jan-Feb,Hong Kong Isn't on Edge Despite China Takeover,"Hong Kong's economy seems unperturbed by planned Chinese takeover, continuing to grow at 4.7 percent annual rate; foreign investors are generally bullish on Hong Kong's short-term outlook (M)",,"Hong Kong's economy seems unperturbed by planned Chinese takeover, continuing to grow at 4.7 percent annual rate; foreign investors are generally bullish on Hong Kong's short-term outlook (M)",Business,Business/Financial Desk,News,article,840,Hong Kong; Great Britain; China; Foreign Investments; Economic Conditions and Trends,https://www.nytimes.com/1997/01/02/business/hong-kong-isn-t-on-edge-despite-china-takeover.html
1997,1997-01-02T05:00:00Z,1990s,Jan-Feb,I Remember Larry,William Safire Op-Ed column examines some new politico-economic aspects of Clinton Administration's Asian money scandal (M),,William Safire Op-Ed column examines some new politico-economic aspects of Clinton Administration's Asian money scandal (M),Opinion,Editorial Desk,Op-Ed,article,667,"United States; Clinton, Bill; Finances; Ethics; Elections; Presidential Election of 1996",https://www.nytimes.com/1997/01/02/opinion/i-remember-larry.html
1997,1997-01-02T05:00:00Z,1990s,Jan-Feb,INSIDE,,,,Business,Business/Financial Desk,Summary,article,164,,https://www.nytimes.com/1997/01/02/business/inside-993530.html
1997,1997-01-02T05:00:00Z,1990s,Jan-Feb,"Republican Fund-Raisers Found Asian Money, Too",Jerome M Garchik letter disputes December 28 article on fund-raising efforts by Pres Clinton's re-election campaign among Asian-Americans (S),,Jerome M Garchik letter disputes December 28 article on fund-raising efforts by Pres Clinton's re-election campaign among Asian-Americans (S),Opinion,Editorial Desk,Letter,article,189,"Clinton, Bill; Garchik, Jerome M; Finances; Elections; Presidential Election of 1996; Asian-Americans",https://www.nytimes.com/1997/01/02/opinion/l-republican-fund-raisers-found-asian-money-too-980935.html
1997,1997-01-02T05:00:00Z,1990s,Jan-Feb,Sellers in Search of Buyers in a Global Marketplace,,,,Business,Business/Financial Desk,News,article,445,,https://www.nytimes.com/1997/01/02/business/sellers-in-search-of-buyers-in-a-global-marketplace.html
1997,1997-01-02T05:00:00Z,1990s,Jan-Feb,Some Big Rewards and Some Letdowns Overseas,Foreign stock performance in 1996 reviewed; poor performance of Japanese stocks for dollar-based investors obscures stronger results in other markets (M)ï,,Foreign stock performance in 1996 reviewed; poor performance of Japanese stocks for dollar-based investors obscures stronger results in other markets (M)ï,Business,Business/Financial Desk,News,article,1168,Japan; Foreign Investments; Currency; Stocks and Bonds,https://www.nytimes.com/1997/01/02/business/some-big-rewards-and-some-letdowns-overseas.html
1997,1997-01-02T05:00:00Z,1990s,Jan-Feb,Specs: An Expense of Spirit and Cash,Olivia Goldsmith article details unexpected costs involved in renovating her 1803 house; photo (M),,Olivia Goldsmith article details unexpected costs involved in renovating her 1803 house; photo (M),Home & Garden,Home Desk,News,article,899,"Goldsmith, Olivia; HOUSING",https://www.nytimes.com/1997/01/02/garden/specs-an-expense-of-spirit-and-cash.html
1997,1997-01-02T05:00:00Z,1990s,Jan-Feb,WHAT'S AHEAD: Hong Kong's New Owner,,,,Business,Business/Financial Desk,News,article,55,,https://www.nytimes.com/1997/01/02/business/what-s-ahead-hong-kong-s-new-owner.html
1997,1997-01-02T05:00:00Z,1990s,Jan-Feb,What's Behind CITIC's Insider Share Sale?,"What in the world is CITIC up to?. The mainland Chinese company and its Hong Kong offspring, CITIC Pacific Ltd., are supposed to set the standard for transparency and corporate governance in this colony — so the announcement Monday that CITIC Pacif",,"What in the world is CITIC up to?. The mainland Chinese company and its Hong Kong offspring, CITIC Pacific Ltd., are supposed to set the standard for transparency and corporate governance in this colony — so the announcement Monday that CITIC Pacif",Business,IHT News,,article,4353,,https://www.nytimes.com/1997/01/02/business/worldbusiness/IHT-whats-behind-citics-insider-share-sale.html
1997,1997-01-02T05:00:00Z,1990s,Jan-Feb,"Where a Dog Can Be a Pet, or a Dining Experience","Even though many middle-class South Koreans currently keep dogs as pets, others still regard them as old-fashioned delicacy, butchering them for meat; some Government officials dislike custom of eating dogs out of fear that it may harm nation's image, while many young people sometimes object simply because they see dogs as animals to be petted, rather than sold as meat; photo (M)",,"Even though many middle-class South Koreans currently keep dogs as pets, others still regard them as old-fashioned delicacy, butchering them for meat; some Government officials dislike custom of eating dogs out of fear that it may harm nation's image, while many young people sometimes object simply because they see dogs as animals to be petted, rather than sold as meat; photo (M)",World,Foreign Desk,News,article,997,South Korea; Dogs; Meat; Cruelty to Animals,https://www.nytimes.com/1997/01/02/world/where-a-dog-can-be-a-pet-or-a-dining-experience.html
1997,1997-01-02T05:00:00Z,1990s,Jan-Feb,White Sales: Luxury Minus the Usual Green,Number of New York stores offer luxury linens at Jan white sales; photo (S),,Number of New York stores offer luxury linens at Jan white sales; photo (S),Home & Garden,Home Desk,News,article,246,New York City; LINEN AND LINEN SUPPLIES,https://www.nytimes.com/1997/01/02/garden/white-sales-luxury-minus-the-usual-green.html
1997,1997-03-01T05:00:00Z,1990s,Mar-Apr,"As Fish Farming Goes, It Faces Mounting Environmental Challenges","Aquaculture, or fish farming, is one of world's fastest-growing food industries, with demand for seafood far outpacing production capacity of oceans and streams; globally, sales have reached $33.5 billion; expansion of the industry, however, has come at substantial cost to environment, giving rise to experiments like huge enclosed tanks for raising salmon used by Mariculture Systems Inc of Seattle; photos; chart (M)",,"Aquaculture, or fish farming, is one of world's fastest-growing food industries, with demand for seafood far outpacing production capacity of oceans and streams; globally, sales have reached $33.5 billion; expansion of the industry, however, has come at substantial cost to environment, giving rise to experiments like huge enclosed tanks for raising salmon used by Mariculture Systems Inc of Seattle; photos; chart (M)",Business,Business/Financial Desk,News,article,1636,Mariculture Systems Inc; AQUACULTURE; Salmon; Fish Farming; Fish and Other Marine Life,https://www.nytimes.com/1997/03/01/business/as-fish-farming-goes-it-faces-mounting-environmental-challenges.html
1997,1997-03-01T05:00:00Z,1990s,Mar-Apr,Democrats Say They'll Return About $1.5 Million More in Questionable Gifts,"Democratic Party, after three-month internal audit, announces it will return nearly $1.5 million in additional contributions that it now believes may have been illegal or improper; most of money was raised by three Asian-American businessmen whose fund-raising practices have come under sharp scrutiny by Federal prosecutors and Congressional investigators; they are John Huang, Charles Yah Lin Trie and Johnny Chung (M)",,"Democratic Party, after three-month internal audit, announces it will return nearly $1.5 million in additional contributions that it now believes may have been illegal or improper; most of money was raised by three Asian-American businessmen whose fund-raising practices have come under sharp scrutiny by Federal prosecutors and Congressional investigators; they are John Huang, Charles Yah Lin Trie and Johnny Chung (M)",U.S.,National Desk,Text,article,1292,"United States; Chung, Johnny; Trie, Charles Yah Lin; Huang, John; Finances; Elections; Presidential Election of 1996",https://www.nytimes.com/1997/03/01/us/democrats-say-they-ll-return-about-1.5-million-more-in-questionable-gifts.html
1997,1997-03-01T05:00:00Z,1990s,Mar-Apr,Hong Kong Stock Issue Thwarted And a Beijing Role Is Suspected,"World of Hong Kong business--which has boasted of immunity from territory's political tremors as China prepares to resume sovereignty in four months--is jolted out of its reverie; leading investment banking concern abruptly withdraws as underwriter for local magazine and newspaper company that was on verge of issuing shares for first time on Hong Kong Stock Exchange; company, Next Media Group Ltd, publishes some of harshest criticism of China, and decision to drop stock sale is seen as result of political pressure from Beijing; Next Media is owned by Jimmy Lai, retail clothing entrepreneur and vociferous critic of China; Next Media had chosen Sun Hung Kai International Ltd as underwriter for deal (M)",,"World of Hong Kong business--which has boasted of immunity from territory's political tremors as China prepares to resume sovereignty in four months--is jolted out of its reverie; leading investment banking concern abruptly withdraws as underwriter for local magazine and newspaper company that was on verge of issuing shares for first time on Hong Kong Stock Exchange; company, Next Media Group Ltd, publishes some of harshest criticism of China, and decision to drop stock sale is seen as result of political pressure from Beijing; Next Media is owned by Jimmy Lai, retail clothing entrepreneur and vociferous critic of China; Next Media had chosen Sun Hung Kai International Ltd as underwriter for deal (M)",Business,Business/Financial Desk,News,article,1043,"Hong Kong; China; NEXT MEDIA GROUP LTD; Sun Hung Kai International Ltd; Lai, Jimmy; Stocks and Bonds",https://www.nytimes.com/1997/03/01/business/hong-kong-stock-issue-thwarted-and-a-beijing-role-is-suspected.html
1997,1997-03-01T05:00:00Z,1990s,Mar-Apr,Japanese Fears Give Boost to Nationalists,Mark Mason letter lauds Edward J Lincoln's perceptive commentary on Japanese economy (Feb 22),,Mark Mason letter lauds Edward J Lincoln's perceptive commentary on Japanese economy (Feb 22),Opinion,Editorial Desk,Letter,article,103,"Japan; Mason, Mark; Lincoln, Edward J; Economic Conditions and Trends",https://www.nytimes.com/1997/03/01/opinion/l-japanese-fears-give-boost-to-nationalists-874213.html
1997,1997-03-01T05:00:00Z,1990s,Mar-Apr,Lipinski Continues To Land At the Top,"Tara Lipinski, new threat to defending world champion Michelle Kwan, skates into first place in short program in field of six at Champion Series Final, Hamilton, Ontario; photo of Elvis Tojko, who takes first place in short-program performance (M)",,"Tara Lipinski, new threat to defending world champion Michelle Kwan, skates into first place in short program in field of six at Champion Series Final, Hamilton, Ontario; photo of Elvis Tojko, who takes first place in short-program performance (M)",Sports,Sports Desk,News,article,764,"Kwan, Michelle; Lipinski, Tara; Stojko, Elvis; Ice Skating; Figure Skating",https://www.nytimes.com/1997/03/01/sports/lipinski-continues-to-land-at-the-top.html
1997,1997-03-01T05:00:00Z,1990s,Mar-Apr,On Deng's Demise,"Eugene Alkema letter on passing of Deng Xiaoping; comments on irony of 93-year-old confirmed, lifelong smoker who finally dies of old age",,"Eugene Alkema letter on passing of Deng Xiaoping; comments on irony of 93-year-old confirmed, lifelong smoker who finally dies of old age",Opinion,Editorial Desk,Letter,article,70,"China; Alkema, Eugene; Deng Xiaoping; Smoking and Tobacco",https://www.nytimes.com/1997/03/01/opinion/l-on-deng-s-demise-874221.html
1997,1997-03-01T05:00:00Z,1990s,Mar-Apr,Religious Right Assails China Trade Status,"Several leaders of religious right say that they will oppose extending most-favored-nation trade status to China because of human-rights abuses; Gary Bauer, president of Family Research Council, asserts that human rights abuses in China have reached point where Congress should reconsider renewing China's special trading status (S)",,"Several leaders of religious right say that they will oppose extending most-favored-nation trade status to China because of human-rights abuses; Gary Bauer, president of Family Research Council, asserts that human rights abuses in China have reached point where Congress should reconsider renewing China's special trading status (S)",World,Foreign Desk,News,article,171,"China; Bauer, Gary; United States International Relations; International Trade and World Market; MOST-FAVORED-NATION TREATMENT; Freedom and Human Rights",https://www.nytimes.com/1997/03/01/world/religious-right-assails-china-trade-status.html
1997,1997-03-02T05:00:00Z,1990s,Mar-Apr,Brooklyn Trees Fall as Saws Take on Another Bug,"New York City parks employees begin cutting down trees in rush to eradicate beetle that has infested hundreds of hardwood trees in Greenpoint, Brooklyn, just weeks before dormant larvae are expected to wake up;Asian long-horned beetles, pest native to China, Japan and two Koreas, has capacity to spread to trees thoughout East Coast unless they are controlled; photo (M)",,"New York City parks employees begin cutting down trees in rush to eradicate beetle that has infested hundreds of hardwood trees in Greenpoint, Brooklyn, just weeks before dormant larvae are expected to wake up;Asian long-horned beetles, pest native to China, Japan and two Koreas, has capacity to spread to trees thoughout East Coast unless they are controlled; photo (M)",New York,Metropolitan Desk,News,article,454,New York City; Trees and Shrubs; Beetles,https://www.nytimes.com/1997/03/02/nyregion/brooklyn-trees-fall-as-saws-take-on-another-bug.html
1997,1997-03-02T05:00:00Z,1990s,Mar-Apr,CHINA FACES TEST OF RESOLVE TO JOIN GLOBAL ECONOMY,"First of two articles, The China Business, on challenges faced by Chinese Government as it seeks to open country's economy; Chinese officials will soon make their strongest case for their long-desired entry into World Trade Orgn at upcoming meeting with American and European officials in Geneva; they will describe how far they are willing to go in dismantling layers of protection from competition for state industries; they are expected to reveal how many billions of dollars Government spends propping up enterprises which employ nearly two-thirds of urban population, and which are mainstay of Communist Party's control of country; Chinese leaders must decide whether they have traveled too fast on road to reform, or not nearly fast enough to join global economy; they must judge whether economic benefits of joining club of trading nations are worth potential upheaval and political risks at home; photo; charts (L)",,"First of two articles, The China Business, on challenges faced by Chinese Government as it seeks to open country's economy; Chinese officials will soon make their strongest case for their long-desired entry into World Trade Orgn at upcoming meeting with American and European officials in Geneva; they will describe how far they are willing to go in dismantling layers of protection from competition for state industries; they are expected to reveal how many billions of dollars Government spends propping up enterprises which employ nearly two-thirds of urban population, and which are mainstay of Communist Party's control of country; Chinese leaders must decide whether they have traveled too fast on road to reform, or not nearly fast enough to join global economy; they must judge whether economic benefits of joining club of trading nations are worth potential upheaval and political risks at home; photo; charts (L)",World,Foreign Desk,Series,article,3294,China; World Trade Organization; Reform and Reorganization; International Trade and World Market; SURVEYS AND SERIES; Politics and Government; Economic Conditions and Trends,https://www.nytimes.com/1997/03/02/world/china-faces-test-of-resolve-to-join-global-economy.html
1997,1997-03-02T05:00:00Z,1990s,Mar-Apr,China and Red Cross Agree To New Talks on Jail Visits,China reaches agreement with International Committee of Red Cross to reopen negotiations on unfettered access to thousands of political and religious prisoners; Chinese officials have long argued that China's sovereignty demands that no outside agency be given unsupervised access to country's prisoners (M),,China reaches agreement with International Committee of Red Cross to reopen negotiations on unfettered access to thousands of political and religious prisoners; Chinese officials have long argued that China's sovereignty demands that no outside agency be given unsupervised access to country's prisoners (M),World,Foreign Desk,News,article,698,China; International Committee of the Red Cross; Freedom of Religion; Political Prisoners; Freedom and Human Rights,https://www.nytimes.com/1997/03/02/world/china-and-red-cross-agree-to-new-talks-on-jail-visits.html
1997,1997-03-02T05:00:00Z,1990s,Mar-Apr,China's Congress Pursues a Hard Line,"Prime Min Li Peng tells nearly 3,000 delegates to National People's Congress that China would proceed cautiously after death of Deng Xiaoping with heightened security against crime and ethnic instability, tight controls over economy and more government intrusion into almost every sector of social and cultural life (S)",,"Prime Min Li Peng tells nearly 3,000 delegates to National People's Congress that China would proceed cautiously after death of Deng Xiaoping with heightened security against crime and ethnic instability, tight controls over economy and more government intrusion into almost every sector of social and cultural life (S)",World,Foreign Desk,News,article,195,China; Deng Xiaoping; Li Peng; Politics and Government,https://www.nytimes.com/1997/03/02/world/china-s-congress-pursues-a-hard-line.html
1997,1997-03-02T05:00:00Z,1990s,Mar-Apr,Coffee Nerves,"William Safire On Language column discusses use of 'coffee' to mean meeting at which coffee is served, misuse of 'clearly,' 'basically,' and 'actually' as attention-demanding words and emergence of 'absolutely' as popular affirmative; drawing (L)",,"William Safire On Language column discusses use of 'coffee' to mean meeting at which coffee is served, misuse of 'clearly,' 'basically,' and 'actually' as attention-demanding words and emergence of 'absolutely' as popular affirmative; drawing (L)",Magazine,Magazine Desk,News,article,933,English Language; ON LANGUAGE (TIMES COLUMN),https://www.nytimes.com/1997/03/02/magazine/coffee-nerves.html
1997,1997-03-02T05:00:00Z,1990s,Mar-Apr,Deng Had Role in Anti-Intellectual Campaign,Michael Schreiber letter says Alice Amsden's Feb 26 letter slights pro-democracy advocates in China,,Michael Schreiber letter says Alice Amsden's Feb 26 letter slights pro-democracy advocates in China,Opinion,Editorial Desk,Letter,article,73,"China; Schreiber, Michael; Amsden, Alice H; Freedom and Human Rights",https://www.nytimes.com/1997/03/02/opinion/l-deng-had-role-in-anti-intellectual-campaign-888109.html
1997,1997-03-02T05:00:00Z,1990s,Mar-Apr,Fund-Raiser Helped Members of Congress,"Federal Election Commission records show that John Huang and his wife gave several thousand dollars to Congressional candidates in last election, including $5,000 donation to Democratic Congressional Campaign Committee; Democratic National Committee has returned $324,550 of the $3.4 million raised by Huang, bringing to $1.6 million the total of donations solicited by Huang and rejected by party; Huang, naturalized citizen of Chinese descent, is former top Democratic fund-raiser who raised several million dollars from Asian-American groups for Pres Clinton's campaign; photo (M)",,"Federal Election Commission records show that John Huang and his wife gave several thousand dollars to Congressional candidates in last election, including $5,000 donation to Democratic Congressional Campaign Committee; Democratic National Committee has returned $324,550 of the $3.4 million raised by Huang, bringing to $1.6 million the total of donations solicited by Huang and rejected by party; Huang, naturalized citizen of Chinese descent, is former top Democratic fund-raiser who raised several million dollars from Asian-American groups for Pres Clinton's campaign; photo (M)",U.S.,National Desk,News,article,1128,"United States; Federal Election Commission; Clinton, Bill; Huang, John; Finances; Elections; Presidential Election of 1996",https://www.nytimes.com/1997/03/02/us/fund-raiser-helped-members-of-congress.html
1997,1997-03-02T05:00:00Z,1990s,Mar-Apr,"Goodbye, Takeover Pain: The Spin Doctor Is In","Financial public relations firms are riding trillion-dollar merger wave inundating American industry; duties range from writing press releases and coordinating conference calls for analysts to advising on strategy and proper spin for layoffs and corporate raids and providing reporters with data to strengthen client's case; George Sard (Sard Verbinnen & Co) discussed field, interview; table; photo (L)",,"Financial public relations firms are riding trillion-dollar merger wave inundating American industry; duties range from writing press releases and coordinating conference calls for analysts to advising on strategy and proper spin for layoffs and corporate raids and providing reporters with data to strengthen client's case; George Sard (Sard Verbinnen & Co) discussed field, interview; table; photo (L)",Business,Money and Business/Financial Desk,News,article,3813,"SARD VERBINNEN & CO; Sard, George; LABOR; Mergers, Acquisitions and Divestitures; Biographical Information; INDUSTRY PROFILES; Layoffs and Job Reductions; Public Relations and Publicity",https://www.nytimes.com/1997/03/02/business/goodbye-takeover-pain-the-spin-doctor-is-in.html
1997,1997-03-02T05:00:00Z,1990s,Mar-Apr,"IN LONDON, BALM FOR BODY AND SOUL",,,,Magazine,Sophisticated Traveler Magazine,News,article,350,,https://www.nytimes.com/1997/03/02/magazine/in-london-balm-for-body-and-soul.html
1997,1997-03-02T05:00:00Z,1990s,Mar-Apr,"Money, Money, Money","Analysis: newly released files of Harold M Ickes, former White House deputy chief of staff, show that Pres Clinton was personally involved in campaign fund-raising; files serve to tear down walls that White House sought to erect between itself and Democratic National Committee (M)",,"Analysis: newly released files of Harold M Ickes, former White House deputy chief of staff, show that Pres Clinton was personally involved in campaign fund-raising; files serve to tear down walls that White House sought to erect between itself and Democratic National Committee (M)",U.S.,National Desk,An Analysis; News Analysis,article,1118,"United States; Clinton, Bill; Ickes, Harold M; Finances; Ethics; Elections; Presidential Election of 1996",https://www.nytimes.com/1997/03/02/us/money-money-money.html
1997,1997-03-02T05:00:00Z,1990s,Mar-Apr,NEWS SUMMARY,,,,New York,Metropolitan Desk,Summary,article,831,,https://www.nytimes.com/1997/03/02/nyregion/news-summary-884294.html
1997,1997-03-02T05:00:00Z,1990s,Mar-Apr,On Tibet's Friendship Highway Potholes and All,"Mark Stevens article on traveling from Katmandu, Nepal, to Lhasa, Tibet, driving over Himalayas; map; photos (special section, The Sophisticated Traveler) (part 2 of 2-part section) (L)ï",,"Mark Stevens article on traveling from Katmandu, Nepal, to Lhasa, Tibet, driving over Himalayas; map; photos (special section, The Sophisticated Traveler) (part 2 of 2-part section) (L)ï",T Magazine,Sophisticated Traveler Magazine,News,article,3439,"Nepal; Tibet; Katmandu (Nepal); Lhasa (Tibet); Himalayas; Stevens, Mark; Travel and Vacations",https://www.nytimes.com/1997/03/02/t-magazine/on-tibets-friendship-highway-potholes-and-all.html
1997,1997-03-02T05:00:00Z,1990s,Mar-Apr,"On the Neptune, Three Years Under Sail","Bicentennial of voyage to China by the Neptune, the largest sailing ship ever built in New Haven, is marked by New Haven Colony Historical Society with an exhibition based on four first-hand accounts written by members of the crew; photos; drawings (M)",,"Bicentennial of voyage to China by the Neptune, the largest sailing ship ever built in New Haven, is marked by New Haven Colony Historical Society with an exhibition based on four first-hand accounts written by members of the crew; photos; drawings (M)",New York,Connecticut Weekly Desk,News,article,1037,New Haven (Conn); Women's Seamen's Friend Society of Connecticut; New Haven Colony Historical Society; Ships and Shipping; History; NEPTUNE (SAILING SHIP),https://www.nytimes.com/1997/03/02/nyregion/on-the-neptune-three-years-under-sail.html
1997,1997-05-01T05:00:00Z,1990s,May-Jun,CHRONICLE,"CBS Evening News anchor Dan Rather will give keynote address in observance of World Press Freedom Day at United Nations General Assembly on May 2; Rather, who is founding member of Committee to Protect Journalists, says committee reported 185 journalists were imprisoned in 24 countries in 1996, and 27 were killed because of their work (Chronicle column) (S)",,"CBS Evening News anchor Dan Rather will give keynote address in observance of World Press Freedom Day at United Nations General Assembly on May 2; Rather, who is founding member of Committee to Protect Journalists, says committee reported 185 journalists were imprisoned in 24 countries in 1996, and 27 were killed because of their work (Chronicle column) (S)",Style,Style Desk,News,article,269,"Committee to Protect Journalists; United Nations; Rather, Dan; Murders and Attempted Murders; News and News Media; CHRONICLE (TIMES COLUMN)",https://www.nytimes.com/1997/05/01/style/chronicle-882780.html
1997,1997-05-01T05:00:00Z,1990s,May-Jun,Clinton and Gingrich View Hong Kong as Test for China,"Pres Clinton says he is 'quite satisfied' with assurances on future of Hong Kong he received from Chinese Foreign Min Qian Qichen, but says he is waiting to see if China's words match its actions; House Speaker Newt Gingrich says China's favorable trading status depends upon how it handles British colony's transition to Chinese rule (M)s",,"Pres Clinton says he is 'quite satisfied' with assurances on future of Hong Kong he received from Chinese Foreign Min Qian Qichen, but says he is waiting to see if China's words match its actions; House Speaker Newt Gingrich says China's favorable trading status depends upon how it handles British colony's transition to Chinese rule (M)s",World,Foreign Desk,News,article,767,"Hong Kong; China; Clinton, Bill; Gingrich, Newt; QIAN QICHEN; United States International Relations; International Trade and World Market; China-International Relations-US",https://www.nytimes.com/1997/05/01/world/clinton-and-gingrich-view-hong-kong-as-test-for-china.html
1997,1997-05-01T05:00:00Z,1990s,May-Jun,Giuliani Chooses Democrat to Run With Him,New York City Mayor Rudolph Giuliani decides to ask Democratic Assemblyman from Coney Island Jules Polonetsky to run with him on political ticket; Polonetsky will run for Public Advocate on Republican and Liberal lines (M),,New York City Mayor Rudolph Giuliani decides to ask Democratic Assemblyman from Coney Island Jules Polonetsky to run with him on political ticket; Polonetsky will run for Public Advocate on Republican and Liberal lines (M),New York,Metropolitan Desk,News,article,617,"New York City; Giuliani, Rudolph W; Polonetsky, Jules; Mayors; PUBLIC ADVOCATE; Elections",https://www.nytimes.com/1997/05/01/nyregion/giuliani-chooses-democrat-to-run-with-him.html
1997,1997-05-01T05:00:00Z,1990s,May-Jun,Prodigy in China,"Prodigy Inc becomes first Government-approved foreign Internet provider in China, which closely controls access to global computer network (S)",,"Prodigy Inc becomes first Government-approved foreign Internet provider in China, which closely controls access to global computer network (S)",Business,Business/Financial Desk,News,article,74,China; Prodigy Inc; Computers and Information Systems; Censorship; Internet and World Wide Web,https://www.nytimes.com/1997/05/01/business/prodigy-in-china.html
1997,1997-05-01T05:00:00Z,1990s,May-Jun,"Russia Is True to West, in Its Fashion","Michael R Gordon analysis contends that Russia's talk of new strategic partnership with East is more theater than substance; maintains that Russia looks mostly to West and its financial institutions, like International Monetary Fund and World Bank for money, technology and acceptance (M)",,"Michael R Gordon analysis contends that Russia's talk of new strategic partnership with East is more theater than substance; maintains that Russia looks mostly to West and its financial institutions, like International Monetary Fund and World Bank for money, technology and acceptance (M)",World,Foreign Desk,An Analysis; News Analysis,article,771,Russia; International Monetary Fund; International Bank for Reconstruction and Development; International Relations; Economic Conditions and Trends,https://www.nytimes.com/1997/05/01/world/russia-is-true-to-west-in-its-fashion.html
1997,1997-05-02T05:00:00Z,1990s,May-Jun,Australian to Head U.N. Effort To Monitor Curbs on Iraqi Arms,"Richard Butler, Australia's representative at United Nations, is named chairman of UN Special Commission in charge of locating and destroying Iraq's offensive weapons; he succeeds Rolf Ekeus, who is leaving UN to become Sweden's Ambassador to US on July 1 (M)û",,"Richard Butler, Australia's representative at United Nations, is named chairman of UN Special Commission in charge of locating and destroying Iraq's offensive weapons; he succeeds Rolf Ekeus, who is leaving UN to become Sweden's Ambassador to US on July 1 (M)û",World,Foreign Desk,News,article,456,"Iraq; Australia; Sweden; United Nations; Ekeus, Rolf; Butler, Richard J; ARMAMENT, DEFENSE AND MILITARY FORCES; Foreign Service",https://www.nytimes.com/1997/05/02/world/australian-to-head-un-effort-to-monitor-curbs-on-iraqi-arms.html
1997,1997-05-02T05:00:00Z,1990s,May-Jun,"West Should Support, Not Demonize, Hong Kong's New Chief","Advisers to the man designated to become Hong Kong's first non-British ruler in more than 150 years, Tung Chee-hwa, have apparently convinced him not to travel to the United States in May ahead of the territory's handover to China on June 30. This is pro",,"Advisers to the man designated to become Hong Kong's first non-British ruler in more than 150 years, Tung Chee-hwa, have apparently convinced him not to travel to the United States in May ahead of the territory's handover to China on June 30. This is pro",Opinion,IHT News,,article,5167,,https://www.nytimes.com/1997/05/02/opinion/IHT-west-should-support-not-demonize-hong-kongs-new-chief.html
1997,1997-05-03T05:00:00Z,1990s,May-Jun,A Toy Maker in Search of a New Blockbuster,"Bandai Company hopes that its electronic game/key chain Tamagotchi, in which goal is to properly care for and feed a 'virtual chicken,' is as successful in United States as it has been in Japan, where five million have been sold since last November; photos (M)",,"Bandai Company hopes that its electronic game/key chain Tamagotchi, in which goal is to properly care for and feed a 'virtual chicken,' is as successful in United States as it has been in Japan, where five million have been sold since last November; photos (M)",Business,Business/Financial Desk,News,article,1622,Japan; Bandai Co; International Trade and World Market; Toys,https://www.nytimes.com/1997/05/03/business/a-toy-maker-in-search-of-a-new-blockbuster.html
1997,1997-05-03T05:00:00Z,1990s,May-Jun,"Briefcase : Nation by Nation, Easy Isn't Best","For those international investors looking country by country for equities, some of the easiest markets to play in get poor reviews from Marvin Zonis, a professor at the University of Chicago's business school and a consultant on international economics, p",,"For those international investors looking country by country for equities, some of the easiest markets to play in get poor reviews from Marvin Zonis, a professor at the University of Chicago's business school and a consultant on international economics, p",Your Money,IHT News,,article,3185,,https://www.nytimes.com/1997/05/03/your-money/IHT-briefcase-nation-by-nation-easy-isnt-best.html
1997,1997-05-03T05:00:00Z,1990s,May-Jun,"Emerging With a Long, Great Return","FEW LONG-TERM investments are as promising as emerging markets. Russia and the former Soviet republics, known for good reason as the ""Wild East,"" the embryonic markets of Vietnam and Burma and what Paddington Bear described as ""darkest Peru",,"FEW LONG-TERM investments are as promising as emerging markets. Russia and the former Soviet republics, known for good reason as the ""Wild East,"" the embryonic markets of Vietnam and Burma and what Paddington Bear described as ""darkest Peru",Your Money,IHT News,,article,5022,,https://www.nytimes.com/1997/05/03/your-money/IHT-emerging-with-a-long-great-return.html
1997,1997-05-03T05:00:00Z,1990s,May-Jun,"North Korea's Famine Is a Product of Its System, Not Nature","To feed or not to feed, that is the question. The famine in parts of North Korea presents the rest of the world, and South Korea and the United States in particular, with one of the foremost moral dilemmas of our time..This is not a ""normal""",,"To feed or not to feed, that is the question. The famine in parts of North Korea presents the rest of the world, and South Korea and the United States in particular, with one of the foremost moral dilemmas of our time..This is not a ""normal""",Opinion,IHT News,,article,4801,,https://www.nytimes.com/1997/05/03/opinion/IHT-north-koreas-famine-is-a-product-of-its-system-not-nature.html
1997,1997-05-03T05:00:00Z,1990s,May-Jun,Question After Hong Kong: Is Taiwan Next for Beijing?,"Article, Waiting for China: Jitters in Taiwan, discusses possibility that China may set deadline for return of Taiwan, following return of Hong Kong this July and Macao in 1999; Wesley J D Yu, whose family built political dynasty under rule of Chiang Kai-shek's Nationalist party, discusses frankly the possibility of some sort of confederation with mainland; says Taiwan would have to have own military, foreign policy and officials, and China would have to promise not to use force to reunify; long-deferred question has suddenbly become one of Asia's major secuirty concerns; on Taiwan itself, Nationalist party supremacy is being undermined by growing independence movement; Pres Lee Teng-hui, first native Taiwanese leader, has allied himself with separatists to straddle island's politics; army of Taiwan business executives is investing on mainland despite Government efforts to curb interdependence; photo; map; tables (M)",,"Article, Waiting for China: Jitters in Taiwan, discusses possibility that China may set deadline for return of Taiwan, following return of Hong Kong this July and Macao in 1999; Wesley J D Yu, whose family built political dynasty under rule of Chiang Kai-shek's Nationalist party, discusses frankly the possibility of some sort of confederation with mainland; says Taiwan would have to have own military, foreign policy and officials, and China would have to promise not to use force to reunify; long-deferred question has suddenbly become one of Asia's major secuirty concerns; on Taiwan itself, Nationalist party supremacy is being undermined by growing independence movement; Pres Lee Teng-hui, first native Taiwanese leader, has allied himself with separatists to straddle island's politics; army of Taiwan business executives is investing on mainland despite Government efforts to curb interdependence; photo; map; tables (M)",World,Foreign Desk,Series,article,1813,"China; Taiwan; Lee Teng-Hui; Yu, Wesley J D; Chiang Kai-shek; International Relations; GEOGRAPHIC PROFILES; Politics and Government; Economic Conditions and Trends",https://www.nytimes.com/1997/05/03/world/question-after-hong-kong-is-taiwan-next-for-beijing.html
1997,1997-05-04T05:00:00Z,1990s,May-Jun,A Literary Tour of Small-Town Maine,"Stephen May article on visits to coastal Maine towns associated with turn-of-the-century fiction of Sarah Orne Jewett; Jewett's lifelong home in South Berwick is maintained by Society for the Preservation of New England Antiquities, along with three others in South Berwick, York and Exeter, New Hampshire, home of author's mother; photos; map (M)",,"Stephen May article on visits to coastal Maine towns associated with turn-of-the-century fiction of Sarah Orne Jewett; Jewett's lifelong home in South Berwick is maintained by Society for the Preservation of New England Antiquities, along with three others in South Berwick, York and Exeter, New Hampshire, home of author's mother; photos; map (M)",Travel,Travel Desk,News,article,1771,"YORK (MAINE); New England States (US); SOUTH BERWICK (MAINE); Maine; EXETER (NH); Society for the Preservation of New England Antiquities; Jewett, Sarah Orne; Historic Buildings and Sites; Books and Literature; Biographical Information; Travel and Vacations",https://www.nytimes.com/1997/05/04/travel/a-literary-tour-of-small-town-maine.html
1997,1997-05-04T05:00:00Z,1990s,May-Jun,Doctor in Forefront of Overseas Adoptions,"Interview with Dr Jane Ellen Aronson, head of Winthrop-University Hospital International Adoption Medical Consultation Services; she is only East Coast doctor who screens children brought from abroad for adoption in United States; cites special medical needs of children brought from China and Russia; photo (M)",,"Interview with Dr Jane Ellen Aronson, head of Winthrop-University Hospital International Adoption Medical Consultation Services; she is only East Coast doctor who screens children brought from abroad for adoption in United States; cites special medical needs of children brought from China and Russia; photo (M)",New York,Long Island Weekly Desk,News,article,1202,"China; Russia; Winthrop-University Hospital (Mineola, NY); Lane, Barbara Kaplan; Aronson, Jane Ellen (Dr); Adoptions; Biographical Information; Medicine and Health; Children and Youth",https://www.nytimes.com/1997/05/04/nyregion/doctor-in-forefront-of-overseas-adoptions.html
1997,1997-05-04T05:00:00Z,1990s,May-Jun,Latest Tensions Recede In Spratly Island Dispute,China abandons hut-like structure in Spratly Islands after Philippines protests that it is trespassing (S),,China abandons hut-like structure in Spratly Islands after Philippines protests that it is trespassing (S),World,Foreign Desk,News,article,151,China; Philippines; Spratly Islands; CHINA-INTERNATIONAL RELATIONS-PHILIPPINES,https://www.nytimes.com/1997/05/04/world/latest-tensions-recede-in-spratly-island-dispute.html
1997,1997-05-04T05:00:00Z,1990s,May-Jun,Q and A,"Travel Q&A column on driving to Maya ruins in Mexico, visiting Potteries region of England and 1998 Sundance Film Festival (S)",,"Travel Q&A column on driving to Maya ruins in Mexico, visiting Potteries region of England and 1998 Sundance Film Festival (S)",Travel,Travel Desk,Question,article,1059,Great Britain; POTTERIES (ENGLAND); Mexico,https://www.nytimes.com/1997/05/04/travel/q-and-a-842028.html
1997,1997-05-04T05:00:00Z,1990s,May-Jun,"Smiling Batman, Killer Dinos",Roundup of 113 movies set for summer release; photos (L),,Roundup of 113 movies set for summer release; photos (L),Movies,Arts and Leisure Desk,List; Review,article,4142,MOTION PICTURES,https://www.nytimes.com/1997/05/04/movies/smiling-batman-killer-dinos.html
1997,1997-05-04T05:00:00Z,1990s,May-Jun,"The Asian Con, Part 2",,,,Magazine,Magazine Desk,News,article,986,,https://www.nytimes.com/1997/05/04/magazine/the-asian-con-part-2.html
1997,1997-05-04T05:00:00Z,1990s,May-Jun,The Stronger Dollar Chases Fewer Bargains Abroad,US dollar in last year has risen sharply against most of world's major currencies offering some bargains and savings for Americans abroad; says benefits of strong dollar could be erased by inflation in some countries and rise in prices at hotels and restaurants; tables; photo (L),,US dollar in last year has risen sharply against most of world's major currencies offering some bargains and savings for Americans abroad; says benefits of strong dollar could be erased by inflation in some countries and rise in prices at hotels and restaurants; tables; photo (L),Business,Money and Business/Financial Desk,News,article,775,"Americans Abroad; Currency; Prices (Fares, Fees and Rates); Travel and Vacations",https://www.nytimes.com/1997/05/04/business/the-stronger-dollar-chases-fewer-bargains-abroad.html
1997,1997-05-04T05:00:00Z,1990s,May-Jun,WESTCHESTER GUIDE,,,,New York,Westchester Weekly Desk,Summary,article,929,,https://www.nytimes.com/1997/05/04/nyregion/westchester-guide-873250.html
1997,1997-07-01T05:00:00Z,1990s,Jul-Aug,"After a Night of Parties, Nothing Feels Different",Vignettes of scenes in Hong Kong in final hours leading up to transfer of power to China after 156 years of British colonial rule; photos (M),,Vignettes of scenes in Hong Kong in final hours leading up to transfer of power to China after 156 years of British colonial rule; photos (M),World,Foreign Desk,News,article,1004,Hong Kong; Great Britain; China; Politics and Government,https://www.nytimes.com/1997/07/01/world/after-a-night-of-parties-nothing-feels-different.html
1997,1997-07-01T05:00:00Z,1990s,Jul-Aug,"At Tiananmen Square, Exuberance Is Reined In","Exuberance is reined in by Chinese authorities in Beijing, where select crowd of approximately 70,000 workers, students, police families and Communist Party members are bused to Tiananmen Square for celebration marking return of Hong Kong to Chinese rule; square is closed to general public for elaborate fireworks display and scripted entertainment extravaganza; photo (M)",,"Exuberance is reined in by Chinese authorities in Beijing, where select crowd of approximately 70,000 workers, students, police families and Communist Party members are bused to Tiananmen Square for celebration marking return of Hong Kong to Chinese rule; square is closed to general public for elaborate fireworks display and scripted entertainment extravaganza; photo (M)",World,Foreign Desk,News,article,787,Hong Kong; Great Britain; China; Beijing (China); Politics and Government; Fireworks,https://www.nytimes.com/1997/07/01/world/at-tiananmen-square-exuberance-is-reined-in.html
1997,1997-07-01T05:00:00Z,1990s,Jul-Aug,Auld Lang Syne,Thomas L Friedman Op-Ed article on outlook for Hong Kong now that it has reverted to Chinese rule after 156 years of British colonial domination; drawing (M),,Thomas L Friedman Op-Ed article on outlook for Hong Kong now that it has reverted to Chinese rule after 156 years of British colonial domination; drawing (M),Opinion,Editorial Desk,Op-Ed,article,1240,Hong Kong; Great Britain; China; Politics and Government,https://www.nytimes.com/1997/07/01/opinion/auld-lang-syne.html
1997,1997-07-01T05:00:00Z,1990s,Jul-Aug,BUSINESS DIGEST,,,,Business,Business/Financial Desk,Summary,article,473,,https://www.nytimes.com/1997/07/01/business/business-digest-911216.html
1997,1997-07-01T05:00:00Z,1990s,Jul-Aug,Cashing In On Hoopla: A Colony Of Kitsch,"Celebration marking transfer of rule in Hong Kong to China may be moment of patriotic pride, but is also business opportunity for merchants who can profit by selling mementos commemmorating event (M)",,"Celebration marking transfer of rule in Hong Kong to China may be moment of patriotic pride, but is also business opportunity for merchants who can profit by selling mementos commemmorating event (M)",World,Foreign Desk,News,article,751,Hong Kong; Great Britain; China; Politics and Government,https://www.nytimes.com/1997/07/01/world/cashing-in-on-hoopla-a-colony-of-kitsch.html
1997,1997-07-01T05:00:00Z,1990s,Jul-Aug,"Chinese-Americans Rejoice, Dropping Politics for a Party","Chinese-Americans in New York celebrate return of Hong Kong to China; for many, event was chance to swell with pride and to identify with land from which they came (M)",,"Chinese-Americans in New York celebrate return of Hong Kong to China; for many, event was chance to swell with pride and to identify with land from which they came (M)",World,Foreign Desk,News,article,685,Hong Kong; Great Britain; China; Politics and Government; Chinese-Americans,https://www.nytimes.com/1997/07/01/world/chinese-americans-rejoice-dropping-politics-for-a-party.html
1997,1997-07-01T05:00:00Z,1990s,Jul-Aug,Clinton Administration Tightens Rules on Supercomputer Sales to 13 Foreign Groups,"Clinton Administration, addressing concerns over sale of American supercomputers to Russia and China, adds 13 foreign organizations to list of groups involved in secretly producing nuclear weapons that will require special Federal approval to buy American technology; Commerce Under Sec William A Reinsch says six organizations in Russia and China will be listed and that additional names will soon be added (M)",,"Clinton Administration, addressing concerns over sale of American supercomputers to Russia and China, adds 13 foreign organizations to list of groups involved in secretly producing nuclear weapons that will require special Federal approval to buy American technology; Commerce Under Sec William A Reinsch says six organizations in Russia and China will be listed and that additional names will soon be added (M)",World,Foreign Desk,News,article,586,"Russia; China; Clinton, Bill; Reinsch, William A; ATOMIC WEAPONS; United States International Relations; Computers and Information Systems; International Trade and World Market; Supercomputers",https://www.nytimes.com/1997/07/01/world/clinton-administration-tightens-rules-supercomputer-sales-13-foreign-groups.html
1997,1997-07-01T05:00:00Z,1990s,Jul-Aug,INSIDE,,,,New York,Metropolitan Desk,Summary,article,118,,https://www.nytimes.com/1997/07/01/nyregion/inside-907316.html
1997,1997-07-01T05:00:00Z,1990s,Jul-Aug,LETTERS TO THE EDITOR,"I am a Chinese-American who visits Hong Kong once or twice a year. The article ""China Wants an Even More Successful Hong Kong"" (Opinion, June 16) caught my eye. I wish there were more leaders as statesmanlike as the writer, David K.P. Li, the ch",,"I am a Chinese-American who visits Hong Kong once or twice a year. The article ""China Wants an Even More Successful Hong Kong"" (Opinion, June 16) caught my eye. I wish there were more leaders as statesmanlike as the writer, David K.P. Li, the ch",Opinion,IHT News,,article,682,,https://www.nytimes.com/1997/07/01/opinion/IHT-letters-to-the-editor-91380105336.html
1997,1997-07-01T05:00:00Z,1990s,Jul-Aug,NEWS SUMMARY,,,,New York,Metropolitan Desk,Summary,article,1185,,https://www.nytimes.com/1997/07/01/nyregion/news-summary-911291.html
1997,1997-07-01T05:00:00Z,1990s,Jul-Aug,No Headline,,,,New York,Metropolitan Desk,News,article,80,QUOTATION OF THE DAY,https://www.nytimes.com/1997/07/01/nyregion/no-headline-907375.html
1997,1997-07-01T05:00:00Z,1990s,Jul-Aug,North Korea Agrees to Join 4-Party Talks,"North Korea, 44-years after Korean War ended with bitter, tenuous cease-fire, agrees to hold talks with South Korea, US and China in effort to negotiate lasting peace; agreement represents breakthrough in effforts to forge peace on Korean Peninsula (M)",,"North Korea, 44-years after Korean War ended with bitter, tenuous cease-fire, agrees to hold talks with South Korea, US and China in effort to negotiate lasting peace; agreement represents breakthrough in effforts to forge peace on Korean Peninsula (M)",World,Foreign Desk,News,article,725,South Korea; North Korea; China; United States International Relations; Korean War,https://www.nytimes.com/1997/07/01/world/north-korea-agrees-to-join-4-party-talks.html
1997,1997-07-01T05:00:00Z,1990s,Jul-Aug,Protesters Test China's Pledge On Freedoms With Marches,"Defying Beijing even as it celebrated its resumption of sovereignty over Hong Kong, the democratic activist Martin Lee, vowing to remain the ""voice of Hong Kong,"" called on the new rulers to scrap the Beijing-appointed legislature..In a half-",,"Defying Beijing even as it celebrated its resumption of sovereignty over Hong Kong, the democratic activist Martin Lee, vowing to remain the ""voice of Hong Kong,"" called on the new rulers to scrap the Beijing-appointed legislature..In a half-",,IHT News,,article,3441,,https://www.nytimes.com/1997/07/01/IHT-protesters-test-chinas-pledge-on-freedoms-with-marches.html
1997,1997-07-01T05:00:00Z,1990s,Jul-Aug,Sports Take Pride of Place Over Loss of Pride in Asia,"Britons greet loss of Hong Kong to China with relative indifference, finding stronger reason for national pride in current successes of tennis players at Wimbledon and rugby team in South Africa than for nostalgia over imperial past; commemmoration of event was marked mainly by people with direct ties to Hong Kong, such as residents and businessmen whose livelihood depends on good relations with new rulers (M)",,"Britons greet loss of Hong Kong to China with relative indifference, finding stronger reason for national pride in current successes of tennis players at Wimbledon and rugby team in South Africa than for nostalgia over imperial past; commemmoration of event was marked mainly by people with direct ties to Hong Kong, such as residents and businessmen whose livelihood depends on good relations with new rulers (M)",World,Foreign Desk,News,article,703,Hong Kong; Great Britain; China; Rugby (Game); Politics and Government; Tennis; Wimbledon Tennis Tournament,https://www.nytimes.com/1997/07/01/world/sports-take-pride-of-place-over-loss-of-pride-in-asia.html
1997,1997-07-01T05:00:00Z,1990s,Jul-Aug,Taiwan Vows It Won't Be Absorbed,"Taiwan Government urges China to protect freedom in Hong Kong, but reiterates that Taiwan will not be absorbed by Beijing in same manner (S)",,"Taiwan Government urges China to protect freedom in Hong Kong, but reiterates that Taiwan will not be absorbed by Beijing in same manner (S)",World,Foreign Desk,News,article,146,Hong Kong; Great Britain; China; Taiwan; Politics and Government; China-International Relations-Taiwan; Freedom and Human Rights,https://www.nytimes.com/1997/07/01/world/taiwan-vows-it-won-t-be-absorbed.html
1997,1997-07-01T05:00:00Z,1990s,Jul-Aug,U.S. Should Quit Bossing Its Friends,The writer is the Netherlands' minister for foreign trade..Over the past 50 years the United States and Europe have established a political and economic partnership unique in history. Trans-Atlantic trade and investment have brought immense benefits to,,The writer is the Netherlands' minister for foreign trade..Over the past 50 years the United States and Europe have established a political and economic partnership unique in history. Trans-Atlantic trade and investment have brought immense benefits to,Opinion,IHT News,,article,5330,,https://www.nytimes.com/1997/07/01/opinion/IHT-us-should-quit-bossing-its-friends.html
1997,1997-07-01T05:00:00Z,1990s,Jul-Aug,Watching Hong Kong : LETTERS TO THE EDITOR,"Regarding ""Hong Kong Will Need Stable and Improving U.S.-China Ties"" (Opinion, June 24) by Charles W. Freeman Jr.:.Mr. Freeman suggests that in 1989 ""Beijing and London solemnly agreed that, within a year of the July 1 transfer, Hong Kong",,"Regarding ""Hong Kong Will Need Stable and Improving U.S.-China Ties"" (Opinion, June 24) by Charles W. Freeman Jr.:.Mr. Freeman suggests that in 1989 ""Beijing and London solemnly agreed that, within a year of the July 1 transfer, Hong Kong",Opinion,IHT News,,article,2344,,https://www.nytimes.com/1997/07/01/opinion/IHT-watching-hong-kong-letters-to-the-editor.html
1997,1997-07-01T05:00:00Z,1990s,Jul-Aug,Wayne Wang Films a Tale of Love and Loss Set Amid Real-Life Uncertainties,"Interview with director Wayne Wang, who is filming Chinese Box in Hong Kong against backdrop of British handover of colony to China; photo (M)",,"Interview with director Wayne Wang, who is filming Chinese Box in Hong Kong against backdrop of British handover of colony to China; photo (M)",Movies,Cultural Desk,Biography,article,1192,"Hong Kong; Great Britain; China; Wang, Wayne; MOTION PICTURES; Biographical Information; Chinese Box (Movie)",https://www.nytimes.com/1997/07/01/movies/wayne-wang-films-a-tale-of-love-and-loss-set-amid-real-life-uncertainties.html
1997,1997-07-01T05:00:00Z,1990s,Jul-Aug,"Words of a Prince and a President: Continuity, Change and Assurances",Text of remarks by Prince Charles of Britain and Chinese Pres Jiang Zemin at ceremonies in Hong Kong marking transfer of power to China after 156 years of British colonial rule; photo (M),,Text of remarks by Prince Charles of Britain and Chinese Pres Jiang Zemin at ceremonies in Hong Kong marking transfer of power to China after 156 years of British colonial rule; photo (M),World,Foreign Desk,Text,article,956,"Hong Kong; Great Britain; China; Jiang Zemin; Charles, Prince of Wales; Politics and Government; Biographical Information",https://www.nytimes.com/1997/07/01/world/words-of-a-prince-and-a-president-continuity-change-and-assurances.html
1997,1997-07-01T05:00:00Z,1990s,Jul-Aug,Year of the Trojan Horse,News analysis of China's resumption of sovereignty over Hong Kong after 156 years of British colonial rule; most important question is not how China will change Hong Kong but how Hong Kong will change China--and world beyond; Hong Kong could end up being colossal Trojan horse that could threaten life style and leadership of Chinese Communist Party leaders (M),,News analysis of China's resumption of sovereignty over Hong Kong after 156 years of British colonial rule; most important question is not how China will change Hong Kong but how Hong Kong will change China--and world beyond; Hong Kong could end up being colossal Trojan horse that could threaten life style and leadership of Chinese Communist Party leaders (M),World,Foreign Desk,An Analysis; News Analysis,article,1665,Hong Kong; Great Britain; China; Politics and Government,https://www.nytimes.com/1997/07/01/world/year-of-the-trojan-horse.html
1997,1997-08-17T05:00:00Z,,,Plan for China's Migrants,China to begin testing program to grant once-elusive permanent urban status to some of its 100 million migrant workers; test focuses on 400 towns (S),,,World,,,,,,https://www.nytimes.com/1997/08/17/world/plan-for-china-s-migrants.html
1997,1997-08-27T05:00:00Z,,,China Next In the War To Depose Cigarettes,"Health experts from around world are gathering for conference on smoking, Beijing, as China emerges as world's next and largest battleground between tobacco companies and anti-smoking campaigners; China's vast and increasing smoking population poses daunting challenge to health experts and offers hugely lucrative market for tobacco companies; Chinese tobacco companies are virtually all state-owned and provide about 10 percent of Government's revenue (M)",,,World,,,,,,https://www.nytimes.com/1997/08/27/world/china-next-in-the-war-to-depose-cigarettes.html
1997,1997-09-01T05:00:00Z,1990s,Sep-Oct,Showcase for Immigrants as Composers,"Allan Kozinn reviews Museum of Modern Art's closing Summergarden concert featuring pianist Albert Tiu, clarinetist David Gresham and violinist Tom Chiu; photo (M)",,"Allan Kozinn reviews Museum of Modern Art's closing Summergarden concert featuring pianist Albert Tiu, clarinetist David Gresham and violinist Tom Chiu; photo (M)",Arts,Cultural Desk,Review,article,517,"Museum of Modern Art; Tiu, Albert; Chiu, Tom; Gresham, David; SUMMERGARDEN (CONCERT SERIES); Music; Reviews",https://www.nytimes.com/1997/09/01/arts/showcase-for-immigrants-as-composers.html
1997,1997-09-02T05:00:00Z,1990s,Sep-Oct,America's Bureaucracy Keeps Adoptions Down,Patricia Sette letter disputes Deborah R Wells' August 26 letter on adoption of foreign children by Americans (S),,Patricia Sette letter disputes Deborah R Wells' August 26 letter on adoption of foreign children by Americans (S),Opinion,Editorial Desk,Letter,article,133,"Sette, Patricia; Wells, Deborah R; Children and Youth; Adoptions",https://www.nytimes.com/1997/09/02/opinion/l-america-s-bureaucracy-keeps-adoptions-down-907421.html
1997,1997-09-02T05:00:00Z,1990s,Sep-Oct,BUSINESS DIGEST,,,,Business,Business/Financial Desk,Summary,article,676,,https://www.nytimes.com/1997/09/02/business/business-digest-907235.html
1997,1997-09-02T05:00:00Z,1990s,Sep-Oct,Chinese Bank May Buy Stake in Jardine Unit,"Jardine Fleming Group, brokerage firm closely identified with 156 years of British colonial rule in Hong Kong, is negotiating to sell stake in its banking unit to Ka Wah Bank, which is controlled by Chinese government (M)",,"Jardine Fleming Group, brokerage firm closely identified with 156 years of British colonial rule in Hong Kong, is negotiating to sell stake in its banking unit to Ka Wah Bank, which is controlled by Chinese government (M)",Business,Business/Financial Desk,News,article,445,"Jardine Fleming Group Ltd; Ka Wah Bank; Mergers, Acquisitions and Divestitures; Banks and Banking",https://www.nytimes.com/1997/09/02/business/chinese-bank-may-buy-stake-in-jardine-unit.html
1997,1997-09-02T05:00:00Z,1990s,Sep-Oct,Door to Tolerance Opens Partway As Gay Life Is Emerging in China,"Homosexuals are taking first steps toward openness in China as tolerance of gay men and lesbians has increased in past few years, especially in urban areas; until recently, gay life in Communist China existed only behind closed doors, almost uniformly considered social disgrace or form of mental illness, sometimes treated with electro-shock therapy; gay people now gather and socialize in gay hangouts, largely unafraid of kinds of police roundups that were common few years ago; many complain, however, that they still face harsh discrimination; say Chinese society is still so closed that overwhelming majority of homosexuals keep sexual orientation secret from families and co-workers; photo (M)",,"Homosexuals are taking first steps toward openness in China as tolerance of gay men and lesbians has increased in past few years, especially in urban areas; until recently, gay life in Communist China existed only behind closed doors, almost uniformly considered social disgrace or form of mental illness, sometimes treated with electro-shock therapy; gay people now gather and socialize in gay hangouts, largely unafraid of kinds of police roundups that were common few years ago; many complain, however, that they still face harsh discrimination; say Chinese society is still so closed that overwhelming majority of homosexuals keep sexual orientation secret from families and co-workers; photo (M)",World,Foreign Desk,News,article,1489,China; Social Conditions and Trends; Discrimination; Urban Areas; Homosexuality,https://www.nytimes.com/1997/09/02/world/door-to-tolerance-opens-partway-as-gay-life-is-emerging-in-china.html
1997,1997-09-02T05:00:00Z,1990s,Sep-Oct,East Asians Caution Japan on Taiwan's Role in U.S. Pact,,,,World,News,News,article,1453,,https://www.nytimes.com/1997/09/02/news/east-asians-caution-japan-on-taiwans-role-in-us-pact.html
1997,1997-09-02T05:00:00Z,1990s,Sep-Oct,East Asians Caution Japan on Taiwan's Role in U.S. Pact,"As Prime Minister Ryutaro Hashimoto of Japan prepares for a sensitive visit to China this week, other countries in East Asia have told Tokyo that they are deeply concerned by moves to have the strengthened U.S.-Japan alliance cover Taiwan..Southeast As",,"As Prime Minister Ryutaro Hashimoto of Japan prepares for a sensitive visit to China this week, other countries in East Asia have told Tokyo that they are deeply concerned by moves to have the strengthened U.S.-Japan alliance cover Taiwan..Southeast As",,IHT News,,article,5103,,https://www.nytimes.com/1997/09/02/IHT-east-asians-caution-japan-on-taiwans-role-in-us-pact.html
1997,1997-09-02T05:00:00Z,1990s,Sep-Oct,"Ernest Schwarcz, 76, Dean at Queens College","Ernest Schwarcz, 76, Dean at Queens College**Dr *Ernest Schwarcz, dean emeritus at Queens College of City University, died on Aug 26 after being struck by car near his home in Fresh Meadows, Queens; he was 76; photo (L)",,"Ernest Schwarcz, 76, Dean at Queens College**Dr *Ernest Schwarcz, dean emeritus at Queens College of City University, died on Aug 26 after being struck by car near his home in Fresh Meadows, Queens; he was 76; photo (L)",New York,Metropolitan Desk,Obituary; Biography,article,411,"Schwarcz, Ernest; Accidents and Safety; Roads and Traffic; Biographical Information; Deaths (Obituaries)",https://www.nytimes.com/1997/09/02/nyregion/ernest-schwarcz-76-dean-at-queens-college.html
1997,1997-09-02T05:00:00Z,1990s,Sep-Oct,Hong Kong Bears Pounce On China-Linked Stocks,"Local investors joined the panic to exit the Hong Kong stock market Monday, driving China-linked stocks down along with the already battered blue-chip shares, and sending the benchmark Hang Seng Index to below where it was when the year began. .Shaken",,"Local investors joined the panic to exit the Hong Kong stock market Monday, driving China-linked stocks down along with the already battered blue-chip shares, and sending the benchmark Hang Seng Index to below where it was when the year began. .Shaken",,IHT News,,article,4763,,https://www.nytimes.com/1997/09/02/IHT-hong-kong-bears-pounce-on-chinalinked-stocks.html
1997,1997-09-02T05:00:00Z,1990s,Sep-Oct,"Hong Kong Stocks Extend Plunge, Falling 6.5% More","Hong Kong's benchmark Hang Seng fell 709.60 points on Sept 1 and by noon in Hong Kong on Sept 2, dropped further 195.93 points to stand at 13,229.72 (L)",,"Hong Kong's benchmark Hang Seng fell 709.60 points on Sept 1 and by noon in Hong Kong on Sept 2, dropped further 195.93 points to stand at 13,229.72 (L)",Business,Business/Financial Desk,News,article,801,Hong Kong; Hang Seng Index (Hong Kong); Stocks and Bonds,https://www.nytimes.com/1997/09/02/business/hong-kong-stocks-extend-plunge-falling-6.5-more.html
1997,1997-09-02T05:00:00Z,1990s,Sep-Oct,NEWS SUMMARY,,,,New York,Metropolitan Desk,Summary,article,1687,,https://www.nytimes.com/1997/09/02/nyregion/news-summary-907839.html
1997,1997-09-02T05:00:00Z,1990s,Sep-Oct,Patterns,Patterns column on latest developments in fashion retailing (M),,Patterns column on latest developments in fashion retailing (M),Style,Style Desk,News,article,684,APPAREL; RETAIL STORES AND TRADE,https://www.nytimes.com/1997/09/02/style/patterns-858331.html
1997,1997-09-02T05:00:00Z,1990s,Sep-Oct,Tribute to Diana at Land-Mine Talks,"Delegates attending global conference on land mines in Oslo, Norway, pay tribute to late Princess Diana of Wales, who was world's most visible advocate of banning explosives (S)",,"Delegates attending global conference on land mines in Oslo, Norway, pay tribute to late Princess Diana of Wales, who was world's most visible advocate of banning explosives (S)",World,Foreign Desk,News,article,199,"Great Britain; Diana, Princess of Wales; Accidents and Safety; Mines, Explosive; Roads and Traffic; Royal Family; Biographical Information",https://www.nytimes.com/1997/09/02/world/tribute-to-diana-at-land-mine-talks.html
1997,1997-09-03T05:00:00Z,1990s,Sep-Oct,Finally Starting to Own Up to the Crimes of Imperial Japan,"The recent decision of Japan's Supreme Court to throw out decades of bureaucratic censorship on wartime imperialism is welcome. Tokyo's friends in the region, and the West, must hope that further official recognition of past barbarism will follow..The",,"The recent decision of Japan's Supreme Court to throw out decades of bureaucratic censorship on wartime imperialism is welcome. Tokyo's friends in the region, and the West, must hope that further official recognition of past barbarism will follow..The",Opinion,IHT News,,article,5143,,https://www.nytimes.com/1997/09/03/opinion/IHT-finally-starting-to-own-up-to-the-crimes-of-imperial-japan.html
1997,1997-09-03T05:00:00Z,1990s,Sep-Oct,School Lunches: When They Love Even the Greens,"School lunch programs are becoming more innovative and imaginative across United States; schools are showing that by getting chilren involved and interested in food and cooking, they eat more, and more wisely, than their parents would think possible; in the process, students in programs that encourage them to cook and eat new foods are broadening their understanding of world; examples cited; Agriculture Dept's creation of Team Nutrition to improve eating habits noted; Team Nutrition now provides curriculum guides and classrooms kits to 20,000 public and private schools, about fifth of those in Federal lunch programs; photos (M)",,"School lunch programs are becoming more innovative and imaginative across United States; schools are showing that by getting chilren involved and interested in food and cooking, they eat more, and more wisely, than their parents would think possible; in the process, students in programs that encourage them to cook and eat new foods are broadening their understanding of world; examples cited; Agriculture Dept's creation of Team Nutrition to improve eating habits noted; Team Nutrition now provides curriculum guides and classrooms kits to 20,000 public and private schools, about fifth of those in Federal lunch programs; photos (M)",Home & Garden,Living Desk,News,article,1623,Education and Schools; Children and Youth; Lunch and Breakfast Programs; Food,https://www.nytimes.com/1997/09/03/garden/school-lunches-when-they-love-even-the-greens.html
1997,1997-09-03T05:00:00Z,1990s,Sep-Oct,South Korea Extols Some of the Benefits of Land Mines,"Verdant fields and forests around Munsan, South Korea, are salted with mines to deter North Korean attack; even though international attention is focused on banning antipersonnel mines by end of 1997, Clinton Administration is seeking exception for Korean Peninsula, so that in areas such as Munsan new mines could continue to be laid indefinitely; photo; map (M)",,"Verdant fields and forests around Munsan, South Korea, are salted with mines to deter North Korean attack; even though international attention is focused on banning antipersonnel mines by end of 1997, Clinton Administration is seeking exception for Korean Peninsula, so that in areas such as Munsan new mines could continue to be laid indefinitely; photo; map (M)",World,Foreign Desk,News,article,1512,"South Korea; Clinton, Bill; Mines, Explosive; United States Armament and Defense",https://www.nytimes.com/1997/09/03/world/south-korea-extols-some-of-the-benefits-of-land-mines.html
1997,1997-09-03T05:00:00Z,1990s,Sep-Oct,U.S. Gymnasts in Team Final,"US women's gymnastics team qualifies for world team championships, Lausanne, Switzerland (S)",,"US women's gymnastics team qualifies for world team championships, Lausanne, Switzerland (S)",Sports,Sports Desk,News,article,180,Gymnastics,https://www.nytimes.com/1997/09/03/sports/us-gymnasts-in-team-final.html
1997,1997-09-04T05:00:00Z,1990s,Sep-Oct,Extending the Meaning of 'Classical' Beyond the European Tradition,"World Music Institute, founded and operated by Robert and Helene Browning, brings distant musical forms and unusual domestic folk forms to American listeners at 70 to 90 concerts a year; listing of upcoming concerts; photos (M)",,"World Music Institute, founded and operated by Robert and Helene Browning, brings distant musical forms and unusual domestic folk forms to American listeners at 70 to 90 concerts a year; listing of upcoming concerts; photos (M)",Arts,Cultural Desk,News,article,2235,"World Music Institute; Browning, Robert; Browning, Helene; Music; COMPANY AND ORGANIZATION PROFILES",https://www.nytimes.com/1997/09/04/arts/extending-the-meaning-of-classical-beyond-the-european-tradition.html
1997,1997-09-04T05:00:00Z,1990s,Sep-Oct,Planned Women's Series Could Aid U.S. Runners,"Avon to sponsor 16-nation road race circuit for women, with most of races being staged in US (M)",,"Avon to sponsor 16-nation road race circuit for women, with most of races being staged in US (M)",Sports,Sports Desk,News,article,388,Avon Products Inc; Track and Field,https://www.nytimes.com/1997/09/04/sports/planned-women-s-series-could-aid-us-runners.html
1997,1997-09-04T05:00:00Z,1990s,Sep-Oct,Things the Japanese Visitor Could Tell China,"Will the visit to China by Japan's Prime Minister Ryutaro Hashimoto that starts this Thursday be congenial or acrimonious? Probably a bit of both, perhaps with President Jiang Zemin and Prime Minister Li Peng playing good cop and bad cop..Mr. Li has ce",,"Will the visit to China by Japan's Prime Minister Ryutaro Hashimoto that starts this Thursday be congenial or acrimonious? Probably a bit of both, perhaps with President Jiang Zemin and Prime Minister Li Peng playing good cop and bad cop..Mr. Li has ce",Opinion,IHT News,,article,5473,,https://www.nytimes.com/1997/09/04/opinion/IHT-things-the-japanese-visitor-could-tell-china.html
1997,1997-09-09T05:00:00Z,,,China Telecom Offering Could Be Delayed,"China Telecom (HK) Ltd may be forced to delay its $2 billion sale of shares, one of biggest in Hong Kong history, as regulators try to reassert their authority over a market whipsawed by rumor (S)",,,Business,,,,,,https://www.nytimes.com/1997/09/09/business/china-telecom-offering-could-be-delayed.html
1997,1997-10-03T05:00:00Z,,,Too Soon to Sell Reactors to China,Editorial urges Pres Clinton to resist pleas of diplomats and exporters to lift restrictions on exporting civilian nuclear reactor technology to China; contends that China is only nuclear-weapons state selling material and technology to countries that close their nuclear installations to international inspectors (M),,,Opinion,,,,,,https://www.nytimes.com/1997/10/03/opinion/too-soon-to-sell-reactors-to-china.html
1997,1997-10-06T05:00:00Z,,,China's Nuclear Goals,"Letter from Robert Newman on Oct 3 editorial on selling reactors to China; says it would be counterproductive to pile additional requirements onto bargaining table, having engaged China this far (S)",,,Opinion,,,,,,https://www.nytimes.com/1997/10/06/opinion/l-china-s-nuclear-goals-434574.html
1997,1997-10-06T05:00:00Z,,,PLUS: TENNIS -- CHINA OPEN; Courier Defeats Gustafsson in China,Jim Courier defeats Magnus Gustafsson to win China Open (S),,,Sports,,,,,,https://www.nytimes.com/1997/10/06/sports/plus-tennis-china-open-courier-defeats-gustafsson-in-china.html
1997,1997-10-14T05:00:00Z,,,Ericsson China Contracts,"Ericsson AB, Swedish telecommunications equipment maker, wins three network expansion contracts totaling $223 million from China (S)",,,Business,,,,,,https://www.nytimes.com/1997/10/14/business/ericsson-china-contracts.html
1997,1997-10-18T05:00:00Z,,,Motorola Plans Bigger Investment in China,Motorola Inc to double its investments in China to $2.5 billion over next three years to increase manufacturing capacity (S),,,Business,,,,,,https://www.nytimes.com/1997/10/18/business/motorola-plans-bigger-investment-in-china.html
1997,1997-10-23T05:00:00Z,,,China's Trade Status,"Dick Locke letter contends that if China were to lose its most-favored-nation status, duties on major imports from Beijing would jump from about 3 percent to almost 30 percent; says loss of this status is trade equivalent of open war and threats should not be made lightly",,,Opinion,,,,,,https://www.nytimes.com/1997/10/23/opinion/l-china-s-trade-status-743860.html
1997,1997-10-25T05:00:00Z,,,Clinton Defends Engagement With China,"Pres Clinton says isolation of China is 'unworkable, counterproductive and potentially dangerous'; defends policy of engagement as vital to US economic and security interests; speaks to group of Asia experts in advance of Pres Jiang Zemin's visit to US; notes that major problems continue between two countries, despite summit meeting, but insists US cannot afford to contain or isolate Beijing (S)",,,World,,,,,,https://www.nytimes.com/1997/10/25/world/clinton-defends-engagement-with-china.html
1997,1997-10-28T05:00:00Z,,,Next Asian 'Domino' Won't Be China,"Letter from Chu-Yuan Cheng says Gregory Fossedal, in his Oct 24 Op-Ed, fails to recognize fundamental differences between China and Southeast Asian countries that are suffering financial turmoil (S)",,,Opinion,,,,,,https://www.nytimes.com/1997/10/28/opinion/l-next-asian-domino-won-t-be-china-823988.html
1997,1997-10-30T05:00:00Z,,,The China Summit,Editorial holds Pres Jiang Zemin's United States visit shows difficulty of trying to build stable ties with China; holds Pres Clinton has devised sound policy that stresses engagement; lauds him for addressing human rights issues bluntly (M),,,Opinion,,,,,,https://www.nytimes.com/1997/10/30/opinion/the-china-summit.html
1997,1997-11-01T05:00:00Z,1990s,Nov-Dec,"As Goes the World, So Does Not Go Bermuda","INVESTORS SEEKING a safe haven in a turbulent world could consider the isolated islands of Bermuda. In an increasingly global market dominated by Wall Street, Bermuda stands apart. Indeed, Bermuda Stock Exchange officials say their market is the bourse le",,"INVESTORS SEEKING a safe haven in a turbulent world could consider the isolated islands of Bermuda. In an increasingly global market dominated by Wall Street, Bermuda stands apart. Indeed, Bermuda Stock Exchange officials say their market is the bourse le",Your Money,IHT News,,article,5639,,https://www.nytimes.com/1997/11/01/your-money/IHT-as-goes-the-world-so-does-not-go-bermuda.html
1997,1997-11-01T05:00:00Z,1990s,Nov-Dec,BRIDGE; French Team Takes a Lead At the World Championship,,,,Arts,Arts & Ideas/Cultural Desk,News,article,393,,https://www.nytimes.com/1997/11/01/arts/bridge-french-team-takes-a-lead-at-the-world-championship.html
1997,1997-11-01T05:00:00Z,1990s,Nov-Dec,BUSINESS DIGEST,,,,Business,Business/Financial Desk,Summary,article,586,,https://www.nytimes.com/1997/11/01/business/business-digest-911305.html
1997,1997-11-01T05:00:00Z,1990s,Nov-Dec,"DANCE REVIEW; The Person, the Group: Reflections From China",,,,Arts,Arts & Ideas/Cultural Desk,Review,article,796,,https://www.nytimes.com/1997/11/01/arts/dance-review-the-person-the-group-reflections-from-china.html
1997,1997-11-01T05:00:00Z,1990s,Nov-Dec,Forgotten in the Hoopla: Tibet's Young Torture Victims,"Addressing an audience of Asia experts last Thursday, President Jiang Zemin of China contended that his country's occupation of Tibet had accomplished something ''similar to the liberation of black slaves in American history.'' China, he maintained, had freed the Tibetan people. It would be hard to find a more dishonest piece of historical revisionism.

 In November 1996, I took part in a fact-finding mission to the Tibetan refugee community in Dharamsala, India, sponsored by Physicians for Human Rights. Our goal was to document the treatment of Tibetans by the Chinese, and we ultimately interviewed 258 refugees at a reception center, a school and a Buddhist monastery.",,"Addressing an audience of Asia experts last Thursday, President Jiang Zemin of China contended that his country's occupation of Tibet had accomplished something ''similar to the liberation of black slaves in American history.'' China, he maintained, had freed the Tibetan people. It would be hard to find a more dishonest piece of historical revisionism.

 In November 1996, I took part in a fact-finding mission to the Tibetan refugee community in Dharamsala, India, sponsored by Physicians for Human Rights. Our goal was to document the treatment of Tibetans by the Chinese, and we ultimately interviewed 258 refugees at a reception center, a school and a Buddhist monastery.",Opinion,Editorial Desk,Op-Ed,article,677,,https://www.nytimes.com/1997/11/01/opinion/forgotten-in-the-hoopla-tibets-young-torture-victims.html
1997,1997-11-01T05:00:00Z,1990s,Nov-Dec,Guess Who Wasn't Invited to Dinner?,"Among the celebrity names on the list of those invited to the White House dinner for President Jiang Zemin of China, there were prominent members of the Clinton Administration, senators and representatives, television anchors and print journalists, plus numberless chief executive officers. 

 All too conspicuous by their absence, however, were the China scholars -- the community that plies its trade in the nation's universities and colleges, at research organizations and in law firms.",,"Among the celebrity names on the list of those invited to the White House dinner for President Jiang Zemin of China, there were prominent members of the Clinton Administration, senators and representatives, television anchors and print journalists, plus numberless chief executive officers. 

 All too conspicuous by their absence, however, were the China scholars -- the community that plies its trade in the nation's universities and colleges, at research organizations and in law firms.",Opinion,Editorial Desk,Op-Ed,article,441,,https://www.nytimes.com/1997/11/01/opinion/guess-who-wasnt-invited-to-dinner.html
1997,1997-11-01T05:00:00Z,1990s,Nov-Dec,"IMF Deal, Linked to Reforms, Aims to Reassure the Markets : Indonesia to Get Aid of $23 Billion",,,,World,News,News,article,1622,,https://www.nytimes.com/1997/11/01/news/imf-deal-linked-to-reforms-aims-to-reassure-the-markets-indonesia-to.html
1997,1997-11-01T05:00:00Z,1990s,Nov-Dec,"IMF Deal, Linked to Reforms, Aims to Reassure the Markets : Indonesia to Get Aid of $23 Billion","The Indonesian government and the International Monetary Fund agreed Friday on an emergency economic-stabilization package for Indonesia that will be backed by loans of at least $23 billion, provided that Jakarta carries out wide-ranging reforms..Offic",,"The Indonesian government and the International Monetary Fund agreed Friday on an emergency economic-stabilization package for Indonesia that will be backed by loans of at least $23 billion, provided that Jakarta carries out wide-ranging reforms..Offic",,IHT News,,article,5857,,https://www.nytimes.com/1997/11/01/IHT-imf-deal-linked-to-reforms-aims-to-reassure-the-markets-indonesia-to-get.html
1997,1997-11-01T05:00:00Z,1990s,Nov-Dec,Liberties; My Scoop: The Pumpkin Tapes,,,,Opinion,Editorial Desk,Op-Ed,article,735,,https://www.nytimes.com/1997/11/01/opinion/liberties-my-scoop-the-pumpkin-tapes.html
1997,1997-11-01T05:00:00Z,1990s,Nov-Dec,NEWS SUMMARY,,,,New York,Metropolitan Desk,Summary,article,1554,,https://www.nytimes.com/1997/11/01/nyregion/news-summary-915386.html
1997,1997-11-01T05:00:00Z,1990s,Nov-Dec,Port of Los Angeles to Build Huge Terminal,,,,Business,Business/Financial Desk,News,article,203,,https://www.nytimes.com/1997/11/01/business/port-of-los-angeles-to-build-huge-terminal.html
1997,1997-11-01T05:00:00Z,1990s,Nov-Dec,"Q & A / Marc Faber : The 'Gloom' Manager Who Can Say, 'I Told You So'","THE steep decline of world markets in the past week has raised the specter that, globally, stock may be overpriced. Ann Brocklehurst and Peter Green spoke with Marc Faber, a Hong Kong-based investment adviser and editor of The Gloom, Boom & Doom Repor",,"THE steep decline of world markets in the past week has raised the specter that, globally, stock may be overpriced. Ann Brocklehurst and Peter Green spoke with Marc Faber, a Hong Kong-based investment adviser and editor of The Gloom, Boom & Doom Repor",Your Money,IHT News,,article,6617,,https://www.nytimes.com/1997/11/01/your-money/IHT-q-a-marc-faber-the-gloom-manager-who-can-say-i-told-you-so.html
1997,1997-11-01T05:00:00Z,1990s,Nov-Dec,"THE JIANG VISIT: IN WASHINGTON; After Jiang Moves On, Albright Appoints New Coordinator to Focus on Tibet",,,,World,Foreign Desk,News,article,563,,https://www.nytimes.com/1997/11/01/world/jiang-visit-washington-after-jiang-moves-albright-appoints-new-coordinator-focus.html
1997,1997-11-01T05:00:00Z,1990s,Nov-Dec,"THE JIANG VISIT: THE CHINESE-AMERICANS; Welcome, A Bit Blase, For Fellow Traveler",,,,World,Foreign Desk,News,article,765,,https://www.nytimes.com/1997/11/01/world/the-jiang-visit-the-chinese-americans-welcome-a-bit-blase-for-fellow-traveler.html
1997,1997-11-01T05:00:00Z,1990s,Nov-Dec,THE JIANG VISIT: THE OVERVIEW; Mao's Heir Finds Path: Wall Street,,,,World,Foreign Desk,News,article,1292,,https://www.nytimes.com/1997/11/01/world/the-jiang-visit-the-overview-mao-s-heir-finds-path-wall-street.html
1997,1997-11-01T05:00:00Z,1990s,Nov-Dec,THE JIANG VISIT: THE PROTESTERS; Tibetans and Christians Speak Out,,,,World,Foreign Desk,News,article,577,,https://www.nytimes.com/1997/11/01/world/the-jiang-visit-the-protesters-tibetans-and-christians-speak-out.html
1997,1997-11-02T05:00:00Z,1990s,Nov-Dec,DIARY,,,,Business,Money and Business/Financial Desk,News,article,1181,,https://www.nytimes.com/1997/11/02/business/diary-913553.html
1997,1997-11-02T05:00:00Z,1990s,Nov-Dec,DINING OUT; Having a Go at Noodle Dishes From Asia,"Patricia Brooks reviews Char Koon, restaurant and noodle house offering Pacific Rim cuisine, in South Glastonbury, Connecticut (M)",,"Patricia Brooks reviews Char Koon, restaurant and noodle house offering Pacific Rim cuisine, in South Glastonbury, Connecticut (M)",New York,Connecticut Weekly Desk,Review,article,635,Char Koon; Restaurants,https://www.nytimes.com/1997/11/02/nyregion/dining-out-having-a-go-at-noodle-dishes-from-asia.html
1997,1997-11-02T05:00:00Z,1990s,Nov-Dec,Democracies That Take Liberties,"Op-Ed article by Fareed Zakaria, Foreign Affairs managing editor, deplores rise around world of democratically elected regimes that routinely ignore constitutional limits on their power and deprive citizens of basic rights and freedoms; warns constitutional liberalism that is part of Western political fabric is not flourishing in rest of world; urges international community to spur gradual development of constitutional liberalism around world; drawing (M)",,"Op-Ed article by Fareed Zakaria, Foreign Affairs managing editor, deplores rise around world of democratically elected regimes that routinely ignore constitutional limits on their power and deprive citizens of basic rights and freedoms; warns constitutional liberalism that is part of Western political fabric is not flourishing in rest of world; urges international community to spur gradual development of constitutional liberalism around world; drawing (M)",Opinion,Editorial Desk,Op-Ed,article,1158,Politics and Government; Freedom and Human Rights,https://www.nytimes.com/1997/11/02/opinion/democracies-that-take-liberties.html
1997,1997-11-02T05:00:00Z,1990s,Nov-Dec,Ever Since Gondwanaland,Michael Lind reviews book The Myth of Continents: A Critique of Metageography by Martin W Lewis and Karen E Wigen (M),,Michael Lind reviews book The Myth of Continents: A Critique of Metageography by Martin W Lewis and Karen E Wigen (M),Books,Book Review Desk,Review,article,1036,"Lewis, Martin W; Wigen, Karen E; Reviews; Books and Literature; MYTH OF CONTINENTS, THE (BOOK)",https://www.nytimes.com/1997/11/02/books/ever-since-gondwanaland.html
1997,1997-11-16T05:00:00Z,,,Chinese Puzzle,"Lucian W Pye reviews book Understanding China. A Guide to China's Economy, History, and Political Structure by John Bryan Starr (M)",,,Books,,,,,,https://www.nytimes.com/1997/11/16/books/chinese-puzzle.html
1997,1997-11-17T05:00:00Z,,,"OUT OF CHINA: ANALYSIS; China Loses, China Wins","News Analysis: China, by releasing leading dissident Wei Jingsheng and sending him into exile in US, made major concession to international pressure while ridding itself of its most potent political martyr (M)",,,World,,,,,,https://www.nytimes.com/1997/11/17/world/out-of-china-analysis-china-loses-china-wins.html
1997,1997-11-18T05:00:00Z,,,Chinese Dissident Is Called 'Fair and Stable',"Chinese dissident Wei Jingsheng remains in hospital in Detroit, two days after release from Chinese prison; is being treated for high blood pressure and evaluated for other ailments that developed during nearly 18 years in prison; condition is called fair and stable (M)",,,World,,,,,,https://www.nytimes.com/1997/11/18/world/chinese-dissident-is-called-fair-and-stable.html
1997,1997-11-19T05:00:00Z,,,A Chorus of Silence From China's Few Dissenters,Wei Jingsheng's departure from China leaves behind small band of dissidents who are powerless to speak publicly or organize; other dissidents continue to languish in prison; political atmosphere is so tight now that there is no public debate of issues (M),,,World,,,,,,https://www.nytimes.com/1997/11/19/world/a-chorus-of-silence-from-china-s-few-dissenters.html
1997,1997-11-19T05:00:00Z,,,China Feels the Pressure,Prof Vincent Wei-Cheng Wang letter on Nov 16 article on China's release of dissident Wei Jingsheng (S),,,Opinion,,,,,,https://www.nytimes.com/1997/11/19/opinion/l-china-feels-the-pressure-194654.html
1997,1997-12-01T05:00:00Z,,,"China Won't Reduce Value Of Currency, Official Says","Deputy Prime Min Zhu Rongji says China will not devalue its currency, despite growing pressure to do so, but will try other steps to counter fresh competition from its Southeast Asian neighbors (S)",,,World,,,,,,https://www.nytimes.com/1997/12/01/world/china-won-t-reduce-value-of-currency-official-says.html
1997,1997-12-27T05:00:00Z,,,Legal Experts' Group Says China Is Clamping Down on Tibetans,Report by International Commission of Jurists says rights of Tibetans have deteriorated sharply in last three years (S),,,World,,,,,,https://www.nytimes.com/1997/12/27/world/legal-experts-group-says-china-is-clamping-down-on-tibetans.html
1997,1997-12-31T05:00:00Z,,,China Cracks Down on Dissent in Cyberspace,"China adopts elaborate new rules restricting use of World Wide Web, which is fast fraying Government's monopoly on information; new rules spell out in more detail Government's definition of computer crimes, which include use of Internet to defame Government agencies, to promote separatist movements or to divulge state secrets; officials cite need to safeguard national security and social stability (M)",,,World,,,,,,https://www.nytimes.com/1997/12/31/world/china-cracks-down-on-dissent-in-cyberspace.html
1998,1998-01-01T05:00:00Z,1990s,Jan-Feb,Balloons Launched in Global Race,"Steve Fossett, 53-year-old Colorado commodities broker and sportsman, ascends from Busch Stadium in St Louis in his balloon Solo Spirit on what he hopes will be round-the-world voyage; photo; rival Kevin Uliassi ascends in Illinois, but is expected to be forced down in Indiana because of burst helium container; Anheuser-Busch is offering $1-million prize (S)",,"Steve Fossett, 53-year-old Colorado commodities broker and sportsman, ascends from Busch Stadium in St Louis in his balloon Solo Spirit on what he hopes will be round-the-world voyage; photo; rival Kevin Uliassi ascends in Illinois, but is expected to be forced down in Indiana because of burst helium container; Anheuser-Busch is offering $1-million prize (S)",U.S.,National Desk,News,article,828,"ANHEUSER-BUSCH COMPANIES INC; Fossett, Steve; Uliassi, Kevin; Contests and Prizes; Balloons; Biographical Information; AROUND-THE-WORLD TRIPS",https://www.nytimes.com/1998/01/01/us/balloons-launched-in-global-race.html
1998,1998-01-01T05:00:00Z,1990s,Jan-Feb,"Bridge; Shooting for the Olympics, The Asian Games a Start",Alan Truscott's Bridge column on efforts of International Olympic Committee vice president Marc Hodler to make bridge part of Winter Olympics one day; diagram (M),,Alan Truscott's Bridge column on efforts of International Olympic Committee vice president Marc Hodler to make bridge part of Winter Olympics one day; diagram (M),Arts,The Arts/Cultural Desk,News,article,419,"International Olympic Committee; Hodler, Marc; Olympic Games; Bridge (Card Game); BRIDGE (TIMES COLUMN)",https://www.nytimes.com/1998/01/01/arts/bridge-shooting-for-the-olympics-the-asian-games-a-start.html
1998,1998-01-01T05:00:00Z,1990s,Jan-Feb,Buddhists in Hong Kong Pray for Chickens,Buddhist monks and nuns in Hong Kong begin seven days of prayer and meditation for souls of 1.3 million chickens slaughtered in effort to suppress avian influenza that has spread to humans (S),,Buddhist monks and nuns in Hong Kong begin seven days of prayer and meditation for souls of 1.3 million chickens slaughtered in effort to suppress avian influenza that has spread to humans (S),World,Foreign Desk,News,article,227,Hong Kong; Influenza; Livestock Diseases; Poultry; Buddhism,https://www.nytimes.com/1998/01/01/world/buddhists-in-hong-kong-pray-for-chickens.html
1998,1998-01-02T05:00:00Z,1990s,Jan-Feb,ART GUIDE,,,,Arts,Leisure/Weekend Desk,Schedule,article,6135,,https://www.nytimes.com/1998/01/02/arts/art-guide.html
1998,1998-01-02T05:00:00Z,1990s,Jan-Feb,Energy for a Power Source; Coal May Become A Better Choice,"Coal has been labeled prime villain in debates over pollution and global warming; coal could be dealt severe blow if proposals to cut carbon dioxide emissions made at recent talks on global warming in Kyoto, Japan, are eventually adopted; some in coal industry remain bullish; they argue that coal is too deeply entrenched to allow any quick, drastic changes; coal-fired plants produce 57 percent of nation's electricity; many coal plants have been upgraded with expensive pollution controls, and new processes promise to cut pollution further; map; photo (L)",,"Coal has been labeled prime villain in debates over pollution and global warming; coal could be dealt severe blow if proposals to cut carbon dioxide emissions made at recent talks on global warming in Kyoto, Japan, are eventually adopted; some in coal industry remain bullish; they argue that coal is too deeply entrenched to allow any quick, drastic changes; coal-fired plants produce 57 percent of nation's electricity; many coal plants have been upgraded with expensive pollution controls, and new processes promise to cut pollution further; map; photo (L)",Business,Business/Financial Desk,News,article,1778,Kyoto (Japan); Carbon Dioxide; Weather; Coal; Greenhouse Effect; Electric Light and Power,https://www.nytimes.com/1998/01/02/business/energy-for-a-power-source-coal-may-become-a-better-choice.html
1998,1998-01-02T05:00:00Z,1990s,Jan-Feb,Energy for a Power Source; The Keys to Electricity: Cost and Cleanliness,"Emission of greenhouse gases from power plants is likely to be cut at least in part by retiring inefficient coal plants, because coal burned in those plants emits most carbon dioxide; question then becomes what most cost-effective approach is; nuclear reactors produce no carbon dioxide, but they are expenisve and pose environmental risks; experts say it might be preferable to build much larger number of plants running on natural gas, which produce little carbon dioxide; coal remains most widely used fuel for producing electricity, despite some limited inroads by nuclear power; use of oil and gas has declined; chart (L)",,"Emission of greenhouse gases from power plants is likely to be cut at least in part by retiring inefficient coal plants, because coal burned in those plants emits most carbon dioxide; question then becomes what most cost-effective approach is; nuclear reactors produce no carbon dioxide, but they are expenisve and pose environmental risks; experts say it might be preferable to build much larger number of plants running on natural gas, which produce little carbon dioxide; coal remains most widely used fuel for producing electricity, despite some limited inroads by nuclear power; use of oil and gas has declined; chart (L)",Business,Business/Financial Desk,News,article,1221,Kyoto (Japan); GAS (FUEL); Carbon Dioxide; Weather; Oil (Petroleum) and Gasoline; Coal; Greenhouse Effect; Electric Light and Power; ATOMIC ENERGY,https://www.nytimes.com/1998/01/02/business/energy-for-a-power-source-the-keys-to-electricity-cost-and-cleanliness.html
1998,1998-01-02T05:00:00Z,1990s,Jan-Feb,HOME VIDEO; The Year's Small Treasures,Home Video column on better videos of 1997 that in no way resembled major motion pictures; photo (M),,Home Video column on better videos of 1997 that in no way resembled major motion pictures; photo (M),Movies,"Movies, Performing Arts/Weekend Desk",Review,article,873,"Recordings (Video); MOTION PICTURES; Documentary Films and Programs; NINETEEN HUNDRED NINETY-SEVEN; Fly Away Home (Movie); Paradise Lost: The Child Murders at Robin Hood Hills (Movie); ROYAL OPERA HOUSE, THE (TV PROGRAM); Cannes Man (Movie); LUMIERE AND COMPANY (MOVIE); Walkabout (Movie)",https://www.nytimes.com/1998/01/02/movies/home-video-the-year-s-small-treasures.html
1998,1998-01-02T05:00:00Z,1990s,Jan-Feb,"KIDS : Breast-Feeding Mores In France, O.K., but in England...","When Emily Adair was walking through the tea fields north of Nairobi with a fussy two-and-a-half-month-old baby, one of the local children made a suggestion: ""Give him the milk,"" the child said, pointing at the American woman's breast. ""I",,"When Emily Adair was walking through the tea fields north of Nairobi with a fussy two-and-a-half-month-old baby, one of the local children made a suggestion: ""Give him the milk,"" the child said, pointing at the American woman's breast. ""I",Style,IHT News,,article,5342,,https://www.nytimes.com/1998/01/02/style/IHT-kids-breastfeeding-mores-in-france-ok-but-in-england.html
1998,1998-01-02T05:00:00Z,1990s,Jan-Feb,Kabila Pledges He Will Hold Congo Election in Early 1999,"Pres Laurent Kabila says Congo will hold national elections early in 1999; faces persistent internal opposition, widespread popular disenchantment with his rule and dearth of foreign investment and international aid (M)",,"Pres Laurent Kabila says Congo will hold national elections early in 1999; faces persistent internal opposition, widespread popular disenchantment with his rule and dearth of foreign investment and international aid (M)",World,Foreign Desk,News,article,709,"CONGO (FORMERLY ZAIRE); Kabila, Laurent; Foreign Investments; Politics and Government; Elections; Economic Conditions and Trends; Foreign Aid",https://www.nytimes.com/1998/01/02/world/kabila-pledges-he-will-hold-congo-election-in-early-1999.html
1998,1998-01-02T05:00:00Z,1990s,Jan-Feb,"Year of Tiger, Japanese Days of Calm","Article on celebrations in New York City metropolitan area for Japanese New Year, which runs through first week of January; photos (L)",,"Article on celebrations in New York City metropolitan area for Japanese New Year, which runs through first week of January; photos (L)",Arts,Leisure/Weekend Desk,News,article,1931,Japan; NEW YORK CITY METROPOLITAN AREA; Nineteen Hundred Ninety-Eight; New Year,https://www.nytimes.com/1998/01/02/arts/year-of-tiger-japanese-days-of-calm.html
1998,1998-01-03T05:00:00Z,1990s,Jan-Feb,Hong Kong: A Risk-Taker's Blend That Runs Heavy of Ex-Colony's Equities,"HONG KONG investors pride themselves on taking risks, and their typical portfolios are more heavily weighted in equities than are those of investors outside of Asia..""In this part of the world, because of the very high inflation, people have to hav",,"HONG KONG investors pride themselves on taking risks, and their typical portfolios are more heavily weighted in equities than are those of investors outside of Asia..""In this part of the world, because of the very high inflation, people have to hav",Your Money,IHT News,,article,8172,,https://www.nytimes.com/1998/01/03/your-money/IHT-hong-kong-a-risktakers-blend-that-runs-heavy-of-excolonys.html
1998,1998-01-03T05:00:00Z,1990s,Jan-Feb,"TELEVISION REVIEW; Light on the Music, Heavy on the Gunfire",Will Joyner reviews new CBS series The Magnificent Seven (M),,Will Joyner reviews new CBS series The Magnificent Seven (M),Arts,Arts & Ideas/Cultural Desk,Review,article,787,"CBS INC; Television; MAGNIFICENT SEVEN, THE (TV PROGRAM)",https://www.nytimes.com/1998/01/03/arts/television-review-light-on-the-music-heavy-on-the-gunfire.html
1998,1998-01-03T05:00:00Z,1990s,Jan-Feb,THINK TANK; An Essay Contest? It Used to Work,"International essay contest is announced in Weimar, Germany, in which world's best minds are invited to address subject 'Liberating the Past from the Future? Liberating the Future from the Past?'; Weimar will hold rotating title of European Cultural Capital in 1999 and would like world to take note; organizers of contest are Weimar 1999 and Lettre International, European literary magazine; participants have until Nov 30, 1998 to submit their papers; photo of Jean Jacques Rousseau, who was 'discovered' in 1749 when he won an essay contest; drawing",,"International essay contest is announced in Weimar, Germany, in which world's best minds are invited to address subject 'Liberating the Past from the Future? Liberating the Future from the Past?'; Weimar will hold rotating title of European Cultural Capital in 1999 and would like world to take note; organizers of contest are Weimar 1999 and Lettre International, European literary magazine; participants have until Nov 30, 1998 to submit their papers; photo of Jean Jacques Rousseau, who was 'discovered' in 1749 when he won an essay contest; drawing",Arts,Arts & Ideas/Cultural Desk,News,article,712,"Weimar (Germany); Lettre International; Rousseau, Jean Jacques; Contests and Prizes; ESSAY CONTESTS",https://www.nytimes.com/1998/01/03/arts/think-tank-an-essay-contest-it-used-to-work.html
1998,1998-01-04T05:00:00Z,1990s,Jan-Feb,Black-White: Everyday Slights,"Timothy Tung letter commentrs on December 14 City section article on perceived slights, such as stares and offhand remarks, that adversely affect everyday relations between blacks and whites in New York City (S)",,"Timothy Tung letter commentrs on December 14 City section article on perceived slights, such as stares and offhand remarks, that adversely affect everyday relations between blacks and whites in New York City (S)",New York,The City Weekly Desk,Letter,article,128,"New York City; Tung, Timothy; Social Conditions and Trends; Blacks",https://www.nytimes.com/1998/01/04/nyregion/l-black-white-everyday-slights-908908.html
1998,1998-01-04T05:00:00Z,1990s,Jan-Feb,Here Comes Everyman,William Ferguson reviews book Pursuit of a Woman on the Hinge of History by Hans Koning; drawing (L)4,,William Ferguson reviews book Pursuit of a Woman on the Hinge of History by Hans Koning; drawing (L)4,Books,Book Review Desk,Review,article,831,"Koning, Hans; Reviews; Books and Literature; PURSUIT OF A WOMAN ON THE HINGE OF HISTORY (BOOK)",https://www.nytimes.com/1998/01/04/books/here-comes-everyman.html
1998,1998-01-04T05:00:00Z,1990s,Jan-Feb,Taking a Break From the Games,"Travel article by Alexander Zabusky on cultural and historical attractions in Japanese towns of Matsumoto, Obuse and Narai-juku near Nagano city, site of 1998 Winter Olympic Games; map; photos (L)",,"Travel article by Alexander Zabusky on cultural and historical attractions in Japanese towns of Matsumoto, Obuse and Narai-juku near Nagano city, site of 1998 Winter Olympic Games; map; photos (L)",Travel,Travel Desk,News,article,2843,Japan; NARAI-JUKU (JAPAN); OBUSE (JAPAN); Matsumoto (Japan); Nagano (Japan); Winter Games (Olympics); OLYMPIC GAMES (1998); Travel and Vacations,https://www.nytimes.com/1998/01/04/travel/taking-a-break-from-the-games.html
1998,1998-01-04T05:00:00Z,1990s,Jan-Feb,"The Lives They Lived: Woolworth's et al.; Icons Die, Too",Richard Reeves article on 1997 demise of Woolworth's and other corporate icons; photo (M),,Richard Reeves article on 1997 demise of Woolworth's and other corporate icons; photo (M),Magazine,Magazine Desk,Biography,article,1313,"Woolworth, F W, Corp; Reeves, Richard; RETAIL STORES AND TRADE; Corporations",https://www.nytimes.com/1998/01/04/magazine/the-lives-they-lived-woolworths-et-al-icons-die-too.html
1998,1998-01-04T05:00:00Z,1990s,Jan-Feb,U.N. Discord Is Music to Iraq and a Threat To Security Council Credibility.,"Barbara Crossette analysis contends that with United Nations' chief weapons inspector, Richard Butler, going to Iraq in two weeks for another round of negotiations over Baghdad's refusal to allow full access to suspect sites, Security Council appears to be more paralyzed than it has been on any other issue since end of cold war (M)",,"Barbara Crossette analysis contends that with United Nations' chief weapons inspector, Richard Butler, going to Iraq in two weeks for another round of negotiations over Baghdad's refusal to allow full access to suspect sites, Security Council appears to be more paralyzed than it has been on any other issue since end of cold war (M)",World,Foreign Desk,An Analysis; News Analysis,article,1002,"Iraq; SECURITY COUNCIL; United Nations; Butler, Richard; Biological and Chemical Warfare; ARMAMENT, DEFENSE AND MILITARY FORCES",https://www.nytimes.com/1998/01/04/world/un-discord-is-music-to-iraq-and-a-threat-to-security-council-credibility.html
1998,1998-01-04T05:00:00Z,1990s,Jan-Feb,"WEDDINGS; Wendy Hu, Daniel Frost",,,,Style,Society Desk,News,article,146,"Hu, Wenlan; Frost, Daniel Allen; Weddings and Engagements",https://www.nytimes.com/1998/01/04/style/weddings-wendy-hu-daniel-frost.html
1998,1998-01-04T05:00:00Z,1990s,Jan-Feb,"Yuji Yoshimura, 76, a Master Of the Ancient Art of Bonsai","Yuji Yoshimura, master bonsai grower who taught and nurtured classical Japanese art in US, dies at age 76; photo (M)",,"Yuji Yoshimura, master bonsai grower who taught and nurtured classical Japanese art in US, dies at age 76; photo (M)",New York,Metropolitan Desk,Obituary; Biography,article,521,"Yoshimura, Yuji; Biographical Information; Deaths (Obituaries)",https://www.nytimes.com/1998/01/04/nyregion/yuji-yoshimura-76-a-master-of-the-ancient-art-of-bonsai.html
1998,1998-03-01T05:00:00Z,1990s,Mar-Apr,A Burst of Renewal Sweeps Old Beijing Into the Dumpsters,"Much of Beijing is being cleared by real-estate developers to make way for high-rise apartments, office buildings and shopping centers; familiar syndrome of urban renewal, long delayed by China's isolation and poverty, is unfolding fast, changing face of ancient city; single-story compounds and narrow alleys that made up much of Beijing are nearly all scheduled for demolition--their condition deemed beyond repair and their use of space too extravagant for modernizing metropolis; photos of artist Deng Haifan's paintings of life in old Beijing (M)",,"Much of Beijing is being cleared by real-estate developers to make way for high-rise apartments, office buildings and shopping centers; familiar syndrome of urban renewal, long delayed by China's isolation and poverty, is unfolding fast, changing face of ancient city; single-story compounds and narrow alleys that made up much of Beijing are nearly all scheduled for demolition--their condition deemed beyond repair and their use of space too extravagant for modernizing metropolis; photos of artist Deng Haifan's paintings of life in old Beijing (M)",World,Foreign Desk,News,article,1474,China; Beijing (China); DENG HAIFAN; HOUSING; Area Planning and Renewal; SHOPPING CENTERS; Real Estate; Economic Conditions and Trends; OFFICE BUILDINGS,https://www.nytimes.com/1998/03/01/world/a-burst-of-renewal-sweeps-old-beijing-into-the-dumpsters.html
1998,1998-03-01T05:00:00Z,1990s,Mar-Apr,ART REVIEW; A Mother and Son's Divergent Paths And Contemporary Black Artists,"Helen A Harrison reviews art exhibits Two Generations at South Huntington Public Library, Annual Contemporary Black Artists in America show at Great Neck Library and Chanoyu: Objects From the Tea Ceremony at Hillwood Art Museum, Brookville; photos (L)",,"Helen A Harrison reviews art exhibits Two Generations at South Huntington Public Library, Annual Contemporary Black Artists in America show at Great Neck Library and Chanoyu: Objects From the Tea Ceremony at Hillwood Art Museum, Brookville; photos (L)",New York,Long Island Weekly Desk,Review,article,892,Reviews; Art,https://www.nytimes.com/1998/03/01/nyregion/art-review-a-mother-and-son-s-divergent-paths-and-contemporary-black-artists.html
1998,1998-03-01T05:00:00Z,1990s,Mar-Apr,Chinese Official's Visit Bolsters Mount Vernon,"Recent visit to Mount Vernon, New York, by Chinese officials encourages hopes for joint international development project; Mayor Ernest D Davis reports on meeting with Deyu Liu; details on financing of proposed 20-story Sino-American Hotel remain unclear (S)",,"Recent visit to Mount Vernon, New York, by Chinese officials encourages hopes for joint international development project; Mayor Ernest D Davis reports on meeting with Deyu Liu; details on financing of proposed 20-story Sino-American Hotel remain unclear (S)",New York,Westchester Weekly Desk,News,article,496,"Mount Vernon (NY); China; DEYU LIU; Davis, Ernest D; Foreign Investments; International Trade and World Market; HOTELS AND MOTELS; Area Planning and Renewal; Economic Conditions and Trends",https://www.nytimes.com/1998/03/01/nyregion/chinese-official-s-visit-bolsters-mount-vernon.html
1998,1998-03-01T05:00:00Z,1990s,Mar-Apr,City of Gold,"Diana Jean Schemo article on attractions of Ouro Preto, Brazil; map; photos (special section, The Sophisticated Traveler) (part 2 of 2-part section) (L)",,"Diana Jean Schemo article on attractions of Ouro Preto, Brazil; map; photos (special section, The Sophisticated Traveler) (part 2 of 2-part section) (L)",Magazine,Sophisticated Traveler Magazine,News,article,3257,Brazil; Ouro Preto (Brazil); Travel and Vacations,https://www.nytimes.com/1998/03/01/magazine/city-of-gold.html
1998,1998-03-01T05:00:00Z,1990s,Mar-Apr,FROM THE DESK OF; Vernon Jordan's Resume: Is Too Much Too Much?,Dan R Dalton article defends Vernon E Jordan against complaints he sits on too many corporate boards and that there is undercurrent of impropriety surrounding his service; holds his long tenure on most boards attests to his positive contributions; holds there is nothing unsavory about expertise he brings as Washington insider; drawing (M),,Dan R Dalton article defends Vernon E Jordan against complaints he sits on too many corporate boards and that there is undercurrent of impropriety surrounding his service; holds his long tenure on most boards attests to his positive contributions; holds there is nothing unsavory about expertise he brings as Washington insider; drawing (M),Business,Money and Business/Financial Desk,News,article,895,"Dalton, Dan R; Jordan, Vernon E Jr; Corporations; Boards of Directors; Ethics",https://www.nytimes.com/1998/03/01/business/from-the-desk-of-vernon-jordans-resume-is-too-much-too-much.html
1998,1998-03-01T05:00:00Z,1990s,Mar-Apr,FRUGAL TRAVELER; Hong Kong at Down-to-Earth Prices,Practical Traveler article on negotiating discounted prices for trip to Hong Kong; photos; map (M),,Practical Traveler article on negotiating discounted prices for trip to Hong Kong; photos; map (M),Travel,Travel Desk,News,article,2559,Hong Kong; Travel and Vacations,https://www.nytimes.com/1998/03/01/travel/frugal-traveler-hong-kong-at-down-to-earth-prices.html
1998,1998-03-01T05:00:00Z,1990s,Mar-Apr,February 22-28; A Grim Trade in Organs From Chinese Prisoners,,,,Week in Review,Week in Review Desk,News,article,130,,https://www.nytimes.com/1998/03/01/weekinreview/february-22-28-a-grim-trade-in-organs-from-chinese-prisoners.html
1998,1998-03-01T05:00:00Z,1990s,Mar-Apr,NEIGHBORHOOD REPORT: BAY RIDGE; Tempest in a Boccie Court,Elderly Italian-American men who play boccie in Dyker Beach Park in Brooklyn are furious at Parks Comr Henry J Stern for turning down proposed shelter that would enable them to play in bad weather; game explained; photo; Stern says issue is not closed and he will look for private funding (S),,Elderly Italian-American men who play boccie in Dyker Beach Park in Brooklyn are furious at Parks Comr Henry J Stern for turning down proposed shelter that would enable them to play in bad weather; game explained; photo; Stern says issue is not closed and he will look for private funding (S),New York,The City Weekly Desk,News,article,455,"New York City; DYKER BEACH PARK (NYC); BAY RIDGE (NYC); Stern, Henry J; Italian-Americans; BOCCIE; Finances; Parks and Other Recreation Areas; Budgets and Budgeting",https://www.nytimes.com/1998/03/01/nyregion/neighborhood-report-bay-ridge-tempest-in-a-boccie-court.html
1998,1998-03-01T05:00:00Z,1990s,Mar-Apr,New Shape To Triangle Tying U.S. And Koreas,Some South Korean politicians say that US recognition of North Korea would help stabilize Korean Peninsula; US appears committed to its policy of applying economic sanctions against North Korea and limiting official contacts (M),,Some South Korean politicians say that US recognition of North Korea would help stabilize Korean Peninsula; US appears committed to its policy of applying economic sanctions against North Korea and limiting official contacts (M),World,Foreign Desk,News,article,731,South Korea; North Korea; United States International Relations; Embargoes and Economic Sanctions; North Korea-International Relations-US; North Korea-International Relations-South Korea,https://www.nytimes.com/1998/03/01/world/new-shape-to-triangle-tying-us-and-koreas.html
1998,1998-03-01T05:00:00Z,1990s,Mar-Apr,QUICK BITE/JERSEY CITY; Where Bagels Are Just the Beginning,Quick Bite review of Hot Bagels Deli in Jersey City (S),,Quick Bite review of Hot Bagels Deli in Jersey City (S),New York,New Jersey Weekly Desk,Review,article,356,Hot Bagels Deli; Reviews; Restaurants,https://www.nytimes.com/1998/03/01/nyregion/quick-bite-jersey-city-where-bagels-are-just-the-beginning.html
1998,1998-03-01T05:00:00Z,1990s,Mar-Apr,"Ready, Set, Grammy!",Grammy award week parties in New York described; photos (S),,Grammy award week parties in New York described; photos (S),Style,Style Desk,News,article,1289,"New York City; Music; Grammy Awards; Parties (Social); Awards, Decorations and Honors",https://www.nytimes.com/1998/03/01/style/ready-set-grammy.html
1998,1998-03-01T05:00:00Z,1990s,Mar-Apr,THE GUIDE,,,,New York,Connecticut Weekly Desk,News,article,918,,https://www.nytimes.com/1998/03/01/nyregion/the-guide-754056.html
1998,1998-03-01T05:00:00Z,1990s,Mar-Apr,The World; The Front-Runner in India Is Deep Doubt,"Comment on India's 12th general election and close scrutiny of nation's democratic system; photos; campaign produced dominant personality, Sonia Gandhi, and compelling issue, whether voters will turn to Hindu nationalists or renew fraying loyalties to Congress party of Gandhi family (S)",,"Comment on India's 12th general election and close scrutiny of nation's democratic system; photos; campaign produced dominant personality, Sonia Gandhi, and compelling issue, whether voters will turn to Hindu nationalists or renew fraying loyalties to Congress party of Gandhi family (S)",Week in Review,Week in Review Desk,News,article,1150,"India; Gandhi, Sonia; Politics and Government; Elections",https://www.nytimes.com/1998/03/01/weekinreview/the-world-the-front-runner-in-india-is-deep-doubt.html
1998,1998-03-01T05:00:00Z,1990s,Mar-Apr,What's New? A Lot; Beijing,"New Beijing tourist attractions include Mao Zedong Mausoleum; drawing (special section, The Sophisticated Traveler) (part 2 of 2-part section) (S)",,"New Beijing tourist attractions include Mao Zedong Mausoleum; drawing (special section, The Sophisticated Traveler) (part 2 of 2-part section) (S)",Magazine,Sophisticated Traveler Magazine,News,article,288,China; Beijing (China); Mao Zedong; Travel and Vacations,https://www.nytimes.com/1998/03/01/magazine/what-s-new-a-lot-beijing.html
1998,1998-03-02T05:00:00Z,1990s,Mar-Apr,Bangkok Targets River For Tourism and Trade : Mekong Gives Hope To Thailand,"Emerging from the mountains of Tibet to snake 4,200 kilometers through six nations before reaching the sea, the Mekong River has long been touted as a river road linking Southeast Asia to the wealth of landlocked southern China.. But the flow of goods an",,"Emerging from the mountains of Tibet to snake 4,200 kilometers through six nations before reaching the sea, the Mekong River has long been touted as a river road linking Southeast Asia to the wealth of landlocked southern China.. But the flow of goods an",Business,IHT News,,article,5711,,https://www.nytimes.com/1998/03/02/business/worldbusiness/IHT-bangkok-targets-river-for-tourism-and-trade-mekong.html
1998,1998-03-02T05:00:00Z,1990s,Mar-Apr,Lessons From Afghanistan,"Op-Ed article by Milt Bearden, former CIA officer, says covert action in Iraq to oust Pres Saddam Hussein would not be feasible, despite call by those who envision operation conceived along lines of agency's successful operation in Afghanistan that led to withdrawal of Soviet Army in 1989; says current policy of containing Hussein has been effective and should be maintained, and that agency should work with counterparts in other countries, developing strategies that can achieve long-term US goals in Iraq; drawings (M)",,"Op-Ed article by Milt Bearden, former CIA officer, says covert action in Iraq to oust Pres Saddam Hussein would not be feasible, despite call by those who envision operation conceived along lines of agency's successful operation in Afghanistan that led to withdrawal of Soviet Army in 1989; says current policy of containing Hussein has been effective and should be maintained, and that agency should work with counterparts in other countries, developing strategies that can achieve long-term US goals in Iraq; drawings (M)",Opinion,Editorial Desk,Op-Ed,article,901,"Iraq; Afghanistan; Central Intelligence Agency; Hussein, Saddam; Coups D'Etat and Attempted Coups D'Etat; United States International Relations; Intelligence Services; Afghanistan-International Relations-US; Iraq-International Relations-US; AFGHANISTAN-INTERNATIONAL RELATIONS-RUSSIA; United States Armament and Defense",https://www.nytimes.com/1998/03/02/opinion/lessons-from-afghanistan.html
1998,1998-03-02T05:00:00Z,1990s,Mar-Apr,"On South Korea's Horizon, More Trade With North","South Korea is on the verge of lowering the barriers that have blocked South Korean companies from investing in more than minor projects in North Korea, officials said Sunday..The government ""plans to radically simplify administrative procedures o",,"South Korea is on the verge of lowering the barriers that have blocked South Korean companies from investing in more than minor projects in North Korea, officials said Sunday..The government ""plans to radically simplify administrative procedures o",Business,IHT News,,article,3856,,https://www.nytimes.com/1998/03/02/business/worldbusiness/IHT-on-south-koreas-horizon-more-trade-with-north.html
1998,1998-03-02T05:00:00Z,1990s,Mar-Apr,Rupert Murdoch's Publishing Principles,"Editorial scores as contemptible, decision by publisher Rupert Murdoch cancelling book contract with former Hong Kong Gov Chris Patten because manuscript of book East and West submitted to HarperCollins criticized China's human rights abuses and expressed concern about how China will govern Hong Kong (M)",,"Editorial scores as contemptible, decision by publisher Rupert Murdoch cancelling book contract with former Hong Kong Gov Chris Patten because manuscript of book East and West submitted to HarperCollins criticized China's human rights abuses and expressed concern about how China will govern Hong Kong (M)",Opinion,Editorial Desk,Editorial,article,299,"Hong Kong; China; HarperCollins Publishers; Patten, Christopher F; Murdoch, Rupert; Censorship; Editorials; Politics and Government; Books and Literature; Freedom and Human Rights; EAST AND WEST (BOOK)",https://www.nytimes.com/1998/03/02/opinion/rupert-murdoch-s-publishing-principles.html
1998,1998-03-02T05:00:00Z,1990s,Mar-Apr,Updates/Media and Technology; 3 Authors Put Murdoch On Notice,"Three prominent authors threaten to quit HarperCollins, publishing house owned by Rupert Murdoch, after it drops plans to publish memoirs of Chris Patten, former Governor of Hong Kong; Murdoch is said to fear that publishing book critical of China might damage his business interests in Chinese market; three authors are Doris Lessing, Penelope Fitzgerald and Peter Hennessey (S)",,"Three prominent authors threaten to quit HarperCollins, publishing house owned by Rupert Murdoch, after it drops plans to publish memoirs of Chris Patten, former Governor of Hong Kong; Murdoch is said to fear that publishing book critical of China might damage his business interests in Chinese market; three authors are Doris Lessing, Penelope Fitzgerald and Peter Hennessey (S)",Business,Business/Financial Desk,News,article,305,"Hong Kong; China; HarperCollins Publishers; Fitzgerald, Penelope; Patten, Christopher F; Lessing, Doris; Murdoch, Rupert; Hennessey, Peter; Books and Literature; EAST AND WEST (BOOK)",https://www.nytimes.com/1998/03/02/business/updates-media-and-technology-3-authors-put-murdoch-on-notice.html
1998,1998-03-03T05:00:00Z,1990s,Mar-Apr,Atom Chief Of Russia Is Removed From Post,"Viktor N Mikhailov, Russia's powerful and pugnacious Atomic Energy Minister, is abruptly relieved of duties in move that has startled Russian and Western experts; Kremlin says Mikhailov was ssked to leave to concentrate more on scientific research; explanation is discounted by Western officials, who speculate action may be related to disputes over nuclear cooperation with Iran or suspicions of corruption in connection with sale of uranium to US (M)",,"Viktor N Mikhailov, Russia's powerful and pugnacious Atomic Energy Minister, is abruptly relieved of duties in move that has startled Russian and Western experts; Kremlin says Mikhailov was ssked to leave to concentrate more on scientific research; explanation is discounted by Western officials, who speculate action may be related to disputes over nuclear cooperation with Iran or suspicions of corruption in connection with sale of uranium to US (M)",World,Foreign Desk,News,article,690,"Russia; Iran; Mikhailov, Viktor N; ATOMIC WEAPONS; Uranium; IRAN-INTERNATIONAL RELATIONS-RUSSIA; Biographical Information; Russia-International Relations-US",https://www.nytimes.com/1998/03/03/world/atom-chief-of-russia-is-removed-from-post.html
1998,1998-05-01T05:00:00Z,1990s,May-Jun,China and the Law,Henry Perritt Jr letter on Chinese legal system and growing tendency of Chinese people to seek relief in courts (April 27 article),,Henry Perritt Jr letter on Chinese legal system and growing tendency of Chinese people to seek relief in courts (April 27 article),Opinion,Editorial Desk,Letter,article,163,"China; Perritt, Henry H Jr; Courts; Suits and Claims Against Government; Law and Legislation; Freedom and Human Rights; Legal Profession",https://www.nytimes.com/1998/05/01/opinion/l-china-and-the-law-740241.html
1998,1998-05-01T05:00:00Z,1990s,May-Jun,Dalai Lama Notes Shifts in China; Backs Clinton's Softer Line,"Tibet's spiritual leader, Dalai Lama, distances himself from militant Tibetans and some international human rights organizations by saying that Clinton Adm is on right track in muting public criticism of China, interview (S)",,"Tibet's spiritual leader, Dalai Lama, distances himself from militant Tibetans and some international human rights organizations by saying that Clinton Adm is on right track in muting public criticism of China, interview (S)",World,Foreign Desk,News,article,487,"China; Tibet; Clinton, Bill; Dalai Lama; United States International Relations; Freedom and Human Rights",https://www.nytimes.com/1998/05/01/world/dalai-lama-notes-shifts-in-china-backs-clinton-s-softer-line.html
1998,1998-05-01T05:00:00Z,1990s,May-Jun,Fees From Friends Bring Fresh Woes for Hubbell,"Help that Webster L Hubbell received from his friends in high places, expecially the more than $500,000 he earned from clients who were steered to him from influential Clintonites, led to new indictment that is returned against Hubbell, his wife and two financial advisers by Whitewater independent counsel Kenneth W Starr; Hubbell's friends include Pres and Hillary Rodham Clinton, Thomas F McLarty 3d, White House adviser, and lawyers Vernon E Jordan Jr and Mickey Kantor (M)",,"Help that Webster L Hubbell received from his friends in high places, expecially the more than $500,000 he earned from clients who were steered to him from influential Clintonites, led to new indictment that is returned against Hubbell, his wife and two financial advisers by Whitewater independent counsel Kenneth W Starr; Hubbell's friends include Pres and Hillary Rodham Clinton, Thomas F McLarty 3d, White House adviser, and lawyers Vernon E Jordan Jr and Mickey Kantor (M)",U.S.,National Desk,News,article,1007,"Arkansas; Whitewater Development Corp; Madison Guaranty Savings & Loan Assn; Mclarty, Thomas F 3d; Kantor, Mickey; Clinton, Bill; Jordan, Vernon E Jr; Starr, Kenneth W; Hubbell, Sue; Clinton, Hillary Rodham; Hubbell, Webster L; Tax Evasion; Ethics; Whitewater Case",https://www.nytimes.com/1998/05/01/us/fees-from-friends-bring-fresh-woes-for-hubbell.html
1998,1998-05-01T05:00:00Z,1990s,May-Jun,INTERNATIONAL BUSINESS; Shoppers Are Starting to See Lower Prices on Asian Goods,"American shoppers see price savings in many goods as result of protracted financial crisis in Asia; prices have dropped as much as 20 percent from year ago in some categories; domestic purchase deflator--which tracks prices paid by consumers for goods sold in United States, both imported and American-made--fell one-tenth of percent for first time since 1959; biggest bargains are at lower-priced or midpriced stores, which tend to buy more products from Asia; collapse of currencies throughout much of Asia means dollar buys much more in countries producing everything from mascara wands to Barbie dolls; desperate manufacturers in Asia are cutting prices to unload goods that otherwise would go unsold; graph (M)",,"American shoppers see price savings in many goods as result of protracted financial crisis in Asia; prices have dropped as much as 20 percent from year ago in some categories; domestic purchase deflator--which tracks prices paid by consumers for goods sold in United States, both imported and American-made--fell one-tenth of percent for first time since 1959; biggest bargains are at lower-priced or midpriced stores, which tend to buy more products from Asia; collapse of currencies throughout much of Asia means dollar buys much more in countries producing everything from mascara wands to Barbie dolls; desperate manufacturers in Asia are cutting prices to unload goods that otherwise would go unsold; graph (M)",Business,Business/Financial Desk,News,article,1157,"Far East, South and Southeast Asia and Pacific Areas; International Trade and World Market; Currency; Prices (Fares, Fees and Rates); Economic Conditions and Trends; RETAIL STORES AND TRADE",https://www.nytimes.com/1998/05/01/business/international-business-shoppers-are-starting-to-see-lower-prices-on-asian-goods.html
1998,1998-05-01T05:00:00Z,1990s,May-Jun,NEWS SUMMARY,,,,New York,Metropolitan Desk,Summary,article,1343,,https://www.nytimes.com/1998/05/01/nyregion/news-summary-749893.html
1998,1998-05-01T05:00:00Z,1990s,May-Jun,On My Mind; Clinton's Fudge Factory,"A M Rosenthal Op-Ed column charges that Clinton Administration is evading carrying out an obligation at heart of certain important Congressional laws: obligation for Govt to impose penalties specified by Congress against nations that sell forbidden materials and techniques of mass destruction, fail to cooperate against narcotics or commit major violations of human rights, such as religious persecution of Christians, and other worshippers, where they are minorities (M)",,"A M Rosenthal Op-Ed column charges that Clinton Administration is evading carrying out an obligation at heart of certain important Congressional laws: obligation for Govt to impose penalties specified by Congress against nations that sell forbidden materials and techniques of mass destruction, fail to cooperate against narcotics or commit major violations of human rights, such as religious persecution of Christians, and other worshippers, where they are minorities (M)",Opinion,Editorial Desk,Op-Ed,article,687,"Clinton, Bill; United States International Relations; International Trade and World Market; Christians and Christianity; Freedom and Human Rights",https://www.nytimes.com/1998/05/01/opinion/on-my-mind-clinton-s-fudge-factory.html
1998,1998-05-01T05:00:00Z,1990s,May-Jun,SPARE TIMES,,,,Arts,Leisure/Weekend Desk,Schedule,article,2513,,https://www.nytimes.com/1998/05/01/arts/spare-times-738298.html
1998,1998-05-01T05:00:00Z,1990s,May-Jun,U.S.-China Talks Make Little Progress on Summit Agenda,"American officials say that after two days of talks with Chinese leaders, there has been only limited progress on agreeing on key isues for Pres Clinton's summit meeting in China in eight weeks; photo of State Sec Madeleine K Albright with Pres Jiang Zemin (M)",,"American officials say that after two days of talks with Chinese leaders, there has been only limited progress on agreeing on key isues for Pres Clinton's summit meeting in China in eight weeks; photo of State Sec Madeleine K Albright with Pres Jiang Zemin (M)",World,Foreign Desk,News,article,760,"China; Albright, Madeleine K; Clinton, Bill; Jiang Zemin; United States International Relations; SUMMIT CONFERENCES",https://www.nytimes.com/1998/05/01/world/us-china-talks-make-little-progress-on-summit-agenda.html
1998,1998-05-02T05:00:00Z,1990s,May-Jun,"Briefcase : After the Deluge, Surprises in Asia","Incredible as it may seem, there is a stock in Southeast Asia that has nearly doubled since the region's financial crisis began last year. Li & Fung Ltd., one of Asia's largest trading companies and a specialist in finding manufacturers in Asia for A",,"Incredible as it may seem, there is a stock in Southeast Asia that has nearly doubled since the region's financial crisis began last year. Li & Fung Ltd., one of Asia's largest trading companies and a specialist in finding manufacturers in Asia for A",Your Money,IHT News,,article,1942,,https://www.nytimes.com/1998/05/02/your-money/IHT-briefcase-after-the-deluge-surprises-in-asia.html
1998,1998-05-02T05:00:00Z,1990s,May-Jun,Hong Kong Jails 24 in New Piracy Raid,"Just days after making the largest-ever seizure of pirated software and equipment in Hong Kong, the authorities here said Friday that they had arrested 24 more people and seized 2.2 million pirated compact disks and production equipment worth $15 million",,"Just days after making the largest-ever seizure of pirated software and equipment in Hong Kong, the authorities here said Friday that they had arrested 24 more people and seized 2.2 million pirated compact disks and production equipment worth $15 million",Business,IHT News,,article,2994,,https://www.nytimes.com/1998/05/02/business/worldbusiness/IHT-hong-kong-jails-24-in-new-piracy-raid.html
1998,1998-05-03T05:00:00Z,1990s,May-Jun,A LA CARTE; Creative Chinese for the Discerning Diner,"Richard Jay Scholem reviews several restaurants including David's China Garden restaurant in Massapequa, NY (M)",,"Richard Jay Scholem reviews several restaurants including David's China Garden restaurant in Massapequa, NY (M)",New York,Long Island Weekly Desk,News,article,1363,David's China Garden; Reviews; Restaurants,https://www.nytimes.com/1998/05/03/nyregion/a-la-carte-creative-chinese-for-the-discerning-diner.html
1998,1998-05-03T05:00:00Z,1990s,May-Jun,ARTS/ARTIFACTS; The Tao of a Scholar: How China's Literati Lived,"Paula Deitz reviews exhibition Beyond the Screen: Chinese Furniture of the 16th and 17th Centuries, on view at Museum of Fine Arts, Boston; photos (L)",,"Paula Deitz reviews exhibition Beyond the Screen: Chinese Furniture of the 16th and 17th Centuries, on view at Museum of Fine Arts, Boston; photos (L)",Arts,Arts and Leisure Desk,News,article,875,China; MUSEUM OF FINE ARTS; Antiques; Furniture,https://www.nytimes.com/1998/05/03/arts/arts-artifacts-the-tao-of-a-scholar-how-china-s-literati-lived.html
1998,1998-05-03T05:00:00Z,1990s,May-Jun,Albright Finds Unalloyed Love in a Newly Minted Democracy,"State Sec Madeleine K Albright visits Mongolia, basking in attention of nation's plucky young democratic reformers; meets with Prime Min Tsahiagiyn Elbegdorj, who says Monglia implements both political and economic changes, while cherishing human rights; photo (M)",,"State Sec Madeleine K Albright visits Mongolia, basking in attention of nation's plucky young democratic reformers; meets with Prime Min Tsahiagiyn Elbegdorj, who says Monglia implements both political and economic changes, while cherishing human rights; photo (M)",World,Foreign Desk,News,article,895,"Mongolia; Albright, Madeleine K; ELBEGDORJ, TSAHIAGIYN; United States International Relations; Reform and Reorganization; Politics and Government; Economic Conditions and Trends; MONGOLIA-INTERNATIONAL RELATIONS-US; Freedom and Human Rights",https://www.nytimes.com/1998/05/03/world/albright-finds-unalloyed-love-in-a-newly-minted-democracy.html
1998,1998-05-03T05:00:00Z,1990s,May-Jun,American Empire,Walter A McDougall reviews book From Wealth to Power: The Unusual Origins of America's World Role by Fareed Zakaria (M),,Walter A McDougall reviews book From Wealth to Power: The Unusual Origins of America's World Role by Fareed Zakaria (M),Books,Book Review Desk,Review,article,1425,"Zakaria, Fareed; Reviews; Books and Literature; FROM WEALTH TO POWER (BOOK)",https://www.nytimes.com/1998/05/03/books/american-empire.html
1998,1998-05-03T05:00:00Z,1990s,May-Jun,Gingrich Sees Echo of Ancient Rome in America Today,"House Speaker Newt Gingrich attacks Pres Clinton for apparently withholding information about his campaign finances and relationship with Monica S Lewinsky, speech at 'national town meeting' organized by Republicans, Sun City West, Ariz; photos (M)",,"House Speaker Newt Gingrich attacks Pres Clinton for apparently withholding information about his campaign finances and relationship with Monica S Lewinsky, speech at 'national town meeting' organized by Republicans, Sun City West, Ariz; photos (M)",U.S.,National Desk,News,article,1037,"SUN CITY WEST (ARIZ); United States; Clinton, Bill; Gingrich, Newt; Lewinsky, Monica S; Finances; Ethics; Elections; Presidential Election of 1996",https://www.nytimes.com/1998/05/03/us/gingrich-sees-echo-of-ancient-rome-in-america-today.html
1998,1998-05-03T05:00:00Z,1990s,May-Jun,Nuclear Fallout; A Whole New World of Arms Races to Contain,"Technology and post-cold-war arms market have made it easier for third-world countries to acquire means to wage war with terror weapons--category no longer limited to nuclear bombs; missiles, poison gas and germs, for example, have become poor man's nukes; newly available combination of fast-flying missile and chemical warhead is by itself dangerous threat, especially given fact that nations like Iraq have breached old taboos against use of poison gas; new watchwords for those who would slow proliferation of arms are containment and playing for time (M)",,"Technology and post-cold-war arms market have made it easier for third-world countries to acquire means to wage war with terror weapons--category no longer limited to nuclear bombs; missiles, poison gas and germs, for example, have become poor man's nukes; newly available combination of fast-flying missile and chemical warhead is by itself dangerous threat, especially given fact that nations like Iraq have breached old taboos against use of poison gas; new watchwords for those who would slow proliferation of arms are containment and playing for time (M)",Week in Review,Week In Review Desk,News,article,1194,Biological and Chemical Warfare,https://www.nytimes.com/1998/05/03/weekinreview/nuclear-fallout-a-whole-new-world-of-arms-races-to-contain.html
1998,1998-05-03T05:00:00Z,1990s,May-Jun,"PRACTICAL TRAVELER; Group Tours, Pro and Con",Betsy Wade Practical Traveler column on advantages and disadvantages of group tours; drawing (M)/,,Betsy Wade Practical Traveler column on advantages and disadvantages of group tours; drawing (M)/,Travel,Travel Desk,News,article,1569,Travel and Vacations,https://www.nytimes.com/1998/05/03/travel/practical-traveler-group-tours-pro-and-con.html
1998,1998-05-03T05:00:00Z,1990s,May-Jun,Report Says U.S. Is Lax in Screening Foreign Drug Ingredients,"General Accounting Office reports United States has failed to police safety and purity of imported chemical ingredients that make up nearly 80 percent of prescription drugs sold in US; finds US lacks complete, accurate lists of foreign companies supplying chemicals to US drug makers; finds foreign suppliers are inspected much less frequently than domestic firms and seem to get more lenient treatment from Food and Drug Administration; Rep Joe L Barton requested study (M)",,"General Accounting Office reports United States has failed to police safety and purity of imported chemical ingredients that make up nearly 80 percent of prescription drugs sold in US; finds US lacks complete, accurate lists of foreign companies supplying chemicals to US drug makers; finds foreign suppliers are inspected much less frequently than domestic firms and seem to get more lenient treatment from Food and Drug Administration; Rep Joe L Barton requested study (M)",U.S.,National Desk,News,article,848,"Food and Drug Administration; GENERAL ACCOUNTING OFFICE; Barton, Joe L; International Trade and World Market; Chemicals; Drugs (Pharmaceuticals)",https://www.nytimes.com/1998/05/03/us/report-says-us-is-lax-in-screening-foreign-drug-ingredients.html
1998,1998-05-03T05:00:00Z,1990s,May-Jun,WEEKEND GETAWAYS; Newport's Great Indoors,"NARRAGANSETT BAY glowed cornflower blue as I crossed the bridge to Newport, R.I., one windy April weekend. In summer, the city is a mecca for sailors and swimmers, but because it was too early to enjoy the beaches and ocean, I would be exploring Newport indoors before the crowds arrived. 

 I had made reservations at the Sanford-Covell Villa Marina, a three-story stick style house with a decorative arts interior on Narragansett Bay in the gaslighted colonial Point neighborhood, less than a mile from the center of town. The house, on the National Register of Historic Places, has a magnificent three-story entryway, open from floor to ceiling and stenciled in floral and geometric designs. The bayside parlor contained two baby grand pianos and crystal decanters of port and sherry. I felt comfortable right away, as if I were visiting my grandmother's house -- if my grandmother had been rich.",,"NARRAGANSETT BAY glowed cornflower blue as I crossed the bridge to Newport, R.I., one windy April weekend. In summer, the city is a mecca for sailors and swimmers, but because it was too early to enjoy the beaches and ocean, I would be exploring Newport indoors before the crowds arrived. 

 I had made reservations at the Sanford-Covell Villa Marina, a three-story stick style house with a decorative arts interior on Narragansett Bay in the gaslighted colonial Point neighborhood, less than a mile from the center of town. The house, on the National Register of Historic Places, has a magnificent three-story entryway, open from floor to ceiling and stenciled in floral and geometric designs. The bayside parlor contained two baby grand pianos and crystal decanters of port and sherry. I felt comfortable right away, as if I were visiting my grandmother's house -- if my grandmother had been rich.",Travel,Travel Desk,News,article,2744,,https://www.nytimes.com/1998/05/03/travel/weekend-getaways-newports-great-indoors.html
1998,1998-05-03T05:00:00Z,1990s,May-Jun,World News Briefs; Bishop Greets a Synod China Kept Him From,"Bishop Mathias Duan Yinming, barred by China from attending Vatican synod on Asia, faxes message to synod saying ban pains him (S)",,"Bishop Mathias Duan Yinming, barred by China from attending Vatican synod on Asia, faxes message to synod saying ban pains him (S)",World,Foreign Desk,News,article,163,"China; Roman Catholic Church; Duan Yinming, Mathias; Politics and Government; Church-State Relations",https://www.nytimes.com/1998/05/03/world/world-news-briefs-bishop-greets-a-synod-china-kept-him-from.html
1998,1998-07-01T05:00:00Z,1990s,Jul-Aug,Big Casino in Malaysia Keeps Drawing Them In : High Rollers Not Folding In Asia Crisis,"In Kuala Lumpur, down the steep and winding road, there is talk of a regional economic crisis, but someone better tell that to the thousands of cash-carrying, camera-toting visitors to this misty mountain..At one of Southeast Asia's largest casino reso",,"In Kuala Lumpur, down the steep and winding road, there is talk of a regional economic crisis, but someone better tell that to the thousands of cash-carrying, camera-toting visitors to this misty mountain..At one of Southeast Asia's largest casino reso",Business,IHT News,,article,2729,,https://www.nytimes.com/1998/07/01/business/worldbusiness/IHT-big-casino-in-malaysia-keeps-drawing-them-in-high.html
1998,1998-07-01T05:00:00Z,1990s,Jul-Aug,"CLINTON IN CHINA: AIRWAVES; Clinton Enjoys Radio Stint: No Violence, Drugs or Sex","Pres Clinton appears on radio talk show in Shanghai, fielding questions from callers who are polite and not confrontational; photo (M)",,"Pres Clinton appears on radio talk show in Shanghai, fielding questions from callers who are polite and not confrontational; photo (M)",World,Foreign Desk,News,article,1117,"China; Shanghai (China); Clinton, Bill; United States International Relations; Radio; China-International Relations-US",https://www.nytimes.com/1998/07/01/world/clinton-in-china-airwaves-clinton-enjoys-radio-stint-no-violence-drugs-or-sex.html
1998,1998-07-01T05:00:00Z,1990s,Jul-Aug,CLINTON IN CHINA: HONG KONG; Hong Kong Surprise: Politics Steady but Economy Falters,"Hong Kong is marking first anniversary of its return to China with flurry of events on July 1, but many people feel little reason for celebrating with city feeling effects of Asian economic crisis; Britain's exit from Hong Kong has little to do with economic downturn of its former colony, which has been ravaged by rising unemployment, 20 percent drop in stock market and 40 percent decline in property market in last six months; Government has scrapped gaudier elements of last year's celebration because they seem ill-suited to hard times; politically, Hong Kong has scarcely changed in year since it became part of Communist empire; Beijing, defying predictions by experts, has left Hong Kong largely untouched; photo (M)",,"Hong Kong is marking first anniversary of its return to China with flurry of events on July 1, but many people feel little reason for celebrating with city feeling effects of Asian economic crisis; Britain's exit from Hong Kong has little to do with economic downturn of its former colony, which has been ravaged by rising unemployment, 20 percent drop in stock market and 40 percent decline in property market in last six months; Government has scrapped gaudier elements of last year's celebration because they seem ill-suited to hard times; politically, Hong Kong has scarcely changed in year since it became part of Communist empire; Beijing, defying predictions by experts, has left Hong Kong largely untouched; photo (M)",World,Foreign Desk,News,article,1668,"Hong Kong; Great Britain; Far East, South and Southeast Asia and Pacific Areas; China; Unemployment and Job Market; LABOR; Politics and Government; Real Estate; Stocks and Bonds; Economic Conditions and Trends",https://www.nytimes.com/1998/07/01/world/clinton-china-hong-kong-hong-kong-surprise-politics-steady-but-economy-falters.html
1998,1998-07-01T05:00:00Z,1990s,Jul-Aug,CLINTON IN CHINA: THE DRAMA; Bitter Festival Chief Says It's Definite: Shanghai Opera Won't Appear,Lincoln Center Festival dir Nigel Redden announces in Shanghai that his struggle with local culture authorities over how to produce The Peony Pavilion has ended in failure; says it is impossible to perform classic Chinese opera in New York on July 7 because officials will not permit members of Shanghai Kunju Opera Co to depart; photo (M),,Lincoln Center Festival dir Nigel Redden announces in Shanghai that his struggle with local culture authorities over how to produce The Peony Pavilion has ended in failure; says it is impossible to perform classic Chinese opera in New York on July 7 because officials will not permit members of Shanghai Kunju Opera Co to depart; photo (M),World,Foreign Desk,News,article,789,"China; Lincoln Center Festival; SHANGHAI KUNJU OPERA CO; Redden, Nigel; Opera; PEONY PAVILION, THE (OPERA)",https://www.nytimes.com/1998/07/01/world/clinton-china-drama-bitter-festival-chief-says-it-s-definite-shanghai-opera-won.html
1998,1998-07-01T05:00:00Z,1990s,Jul-Aug,CLINTON IN CHINA: THE OVERVIEW; Clinton Tells Of Hopes and Risks On Trade,"Pres Clinton, in address to American Chamber of Commerce in Shanghai, says corruption, environmental neglect, weak financial regulation and restrictive trade practices threaten China's growth and full entry into global economic system; says he hopes that China will make difficult decisions needed to bring it into World Trade Organization on same terms that govern other members (M)",,"Pres Clinton, in address to American Chamber of Commerce in Shanghai, says corruption, environmental neglect, weak financial regulation and restrictive trade practices threaten China's growth and full entry into global economic system; says he hopes that China will make difficult decisions needed to bring it into World Trade Organization on same terms that govern other members (M)",World,Foreign Desk,News,article,715,"China; World Trade Organization; AMERICAN CHAMBER OF COMMERCE; Clinton, Bill; United States International Relations; International Trade and World Market; China-International Relations-US; Economic Conditions and Trends",https://www.nytimes.com/1998/07/01/world/clinton-in-china-the-overview-clinton-tells-of-hopes-and-risks-on-trade.html
1998,1998-07-01T05:00:00Z,1990s,Jul-Aug,CLINTON IN CHINA; President Sees Risks To Growth for China,,,,World,Foreign Desk,Summary,article,154,,https://www.nytimes.com/1998/07/01/world/clinton-in-china-president-sees-risks-to-growth-for-china.html
1998,1998-07-01T05:00:00Z,1990s,Jul-Aug,FILM REVIEW; Henny Penny Gets the President's Ear,"Oil driller and team of mavericks out to save Earth from asteroid. Director's cut: expensive bombast, expanded.",,"Janet Maslin reviews Armageddon, movie directed by Michael Bay; photo (M)",Movies,The Arts/Cultural Desk,Review,article,1034,"Bay, Michael; Buckheimer, Jerry; MOTION PICTURES; Reviews; Armageddon (Movie)",https://www.nytimes.com/1998/07/01/movies/film-review-henny-penny-gets-the-president-s-ear.html
1998,1998-07-01T05:00:00Z,1990s,Jul-Aug,"Franny Murray, 82, Major Figure in Penn's Sports, Dies","Franny Murray, who starred in football and basketball for University of Pennsylvania in mid-1930's, then became embroiled in major controversy over his ambitious football program as Penn's athletic director in early 1950's, dies at age 82; photo (M)",,"Franny Murray, who starred in football and basketball for University of Pennsylvania in mid-1930's, then became embroiled in major controversy over his ambitious football program as Penn's athletic director in early 1950's, dies at age 82; photo (M)",Sports,Sports Desk,Obituary; Biography,article,611,"Murray, Franny; Biographical Information; Deaths (Obituaries)",https://www.nytimes.com/1998/07/01/sports/franny-murray-82-major-figure-in-penn-s-sports-dies.html
1998,1998-07-01T05:00:00Z,1990s,Jul-Aug,Glimpses of Change in China,"Editorial says Pres Clinton's trip to China has given Americans extended look at political life in complex and changing country, and that signs of unexpected openness may be most encouraging development of visit; says whether change is temporary relaxation or harbinger of greater freedom remains unclear, noting that China, for most part, remains represive dictatorship (M)",,"Editorial says Pres Clinton's trip to China has given Americans extended look at political life in complex and changing country, and that signs of unexpected openness may be most encouraging development of visit; says whether change is temporary relaxation or harbinger of greater freedom remains unclear, noting that China, for most part, remains represive dictatorship (M)",Opinion,Editorial Desk,Editorial,article,419,"China; Clinton, Bill; United States International Relations; Editorials; China-International Relations-US; Freedom and Human Rights",https://www.nytimes.com/1998/07/01/opinion/glimpses-of-change-in-china.html
1998,1998-07-01T05:00:00Z,1990s,Jul-Aug,Glitches Snarl Malaysia's New Airport,"Kuala Lumpur's new airport opened Tuesday with glitches in its central computer causing the baggage and check-in systems to shut, bringing chaos to Southeast Asia's biggest airport..After waiting several hours for their luggage, hundreds of angry passe",,"Kuala Lumpur's new airport opened Tuesday with glitches in its central computer causing the baggage and check-in systems to shut, bringing chaos to Southeast Asia's biggest airport..After waiting several hours for their luggage, hundreds of angry passe",,IHT News,,article,3974,,https://www.nytimes.com/1998/07/01/IHT-glitches-snarl-malaysias-new-airport.html
1998,1998-07-01T05:00:00Z,1990s,Jul-Aug,Glitches Snarl Malaysia's New Airport,,,,World,News,News,article,1199,,https://www.nytimes.com/1998/07/01/news/glitches-snarl-malaysias-new-airport.html
1998,1998-07-01T05:00:00Z,1990s,Jul-Aug,INTERNATIONAL BRIEFS; China Cuts Rates To Stimulate Economy,China cuts bank lending rates average of 1.12 percentage points to help spur economic growth (S),,China cuts bank lending rates average of 1.12 percentage points to help spur economic growth (S),Business,Business/Financial Desk,News,article,92,China; Credit; Economic Conditions and Trends,https://www.nytimes.com/1998/07/01/business/international-briefs-china-cuts-rates-to-stimulate-economy.html
1998,1998-07-01T05:00:00Z,1990s,Jul-Aug,Jail for Leader And Advisers In Bribery Case At Police Union,"Ronald Reale, former head of New York City transit police union, and top union lawyers and advisers are sentenced to prison for their roles in kickback scheme involving millions of dollars in union funds; Reale is sentenced to 7 years and Richard Hartman, leading negotiator for union, is sentenced to 5 years; they were convicted in January in racketeering conspiracy that involved payment of more than $400,000 in bribes to transit union officials in return for more than $2 million in union money paid to law firm of Lysaght, Lysaght & Kramer; former firm partners James J Lysaght and Peter Kramer received terms of 27 months each (M)",,"Ronald Reale, former head of New York City transit police union, and top union lawyers and advisers are sentenced to prison for their roles in kickback scheme involving millions of dollars in union funds; Reale is sentenced to 7 years and Richard Hartman, leading negotiator for union, is sentenced to 5 years; they were convicted in January in racketeering conspiracy that involved payment of more than $400,000 in bribes to transit union officials in return for more than $2 million in union money paid to law firm of Lysaght, Lysaght & Kramer; former firm partners James J Lysaght and Peter Kramer received terms of 27 months each (M)",New York,Metropolitan Desk,News,article,744,"New York City; LYSAGHT LYSAGHT & KRAMER; Lysaght, James J; Reale, Ronald; Hartman, Richard; Kramer, Peter; Sentences (Criminal); Bribery; Police",https://www.nytimes.com/1998/07/01/nyregion/jail-for-leader-and-advisers-in-bribery-case-at-police-union.html
1998,1998-07-01T05:00:00Z,1990s,Jul-Aug,"Linda Tripp, Who Taped Lewinsky, Goes Before Grand Jury",Linda R Tripp testifies before grand jury investigating Pres Clinton's relationship with Monica S Lewinsky; Tripp's taping of Lewinsky's conversations began independent counsel Kenneth W Starr's investigation into Clinton's relationship with Lewinsky; Tripp photo (M),,Linda R Tripp testifies before grand jury investigating Pres Clinton's relationship with Monica S Lewinsky; Tripp's taping of Lewinsky's conversations began independent counsel Kenneth W Starr's investigation into Clinton's relationship with Lewinsky; Tripp photo (M),U.S.,National Desk,News,article,945,"Clinton, Bill; Tripp, Linda R; Starr, Kenneth W; Lewinsky, Monica S; RECORDINGS (AUDIO); Ethics",https://www.nytimes.com/1998/07/01/us/linda-tripp-who-taped-lewinsky-goes-before-grand-jury.html
1998,1998-07-01T05:00:00Z,1990s,Jul-Aug,"Mongols, Told to Use Surnames Again, Are Trying to Remember","Sipping a bowl of fermented mare's milk inside his tent on the windswept plains of central Mongolia, D. Shatar proudly tells of the traditions he will pass down to the next generation..Like his father and grandfather before him, he will teach his son h",,"Sipping a bowl of fermented mare's milk inside his tent on the windswept plains of central Mongolia, D. Shatar proudly tells of the traditions he will pass down to the next generation..Like his father and grandfather before him, he will teach his son h",,IHT News,,article,5229,,https://www.nytimes.com/1998/07/01/IHT-mongols-told-to-use-surnames-again-are-trying-to-remember.html
1998,1998-07-01T05:00:00Z,1990s,Jul-Aug,"Mongols, Told to Use Surnames Again, Are Trying to Remember",,,,World,News,News,article,1626,,https://www.nytimes.com/1998/07/01/news/mongols-told-to-use-surnames-again-are-trying-to-remember.html
1998,1998-07-01T05:00:00Z,1990s,Jul-Aug,NEWS SUMMARY,,,,New York,Metropolitan Desk,Summary,article,1160,,https://www.nytimes.com/1998/07/01/nyregion/news-summary-674958.html
1998,1998-07-01T05:00:00Z,1990s,Jul-Aug,The Democracy Gap,"Former Deputy Trade Rep Robert E Lighthizer Op-Ed article contends that trade is central issue in debate over US policy toward China; maintains that US politicians cannot expect trade to promote human rights in China or to insure that China does not harm our national interest; asserts that these problems must be solved by statesmen, not entrepreneurs; drawing (M)",,"Former Deputy Trade Rep Robert E Lighthizer Op-Ed article contends that trade is central issue in debate over US policy toward China; maintains that US politicians cannot expect trade to promote human rights in China or to insure that China does not harm our national interest; asserts that these problems must be solved by statesmen, not entrepreneurs; drawing (M)",Opinion,Editorial Desk,Op-Ed,article,797,"China; Lighthizer, Robert E; International Trade and World Market; United States International Relations; China-International Relations-US; Freedom and Human Rights",https://www.nytimes.com/1998/07/01/opinion/the-democracy-gap.html
1998,1998-07-01T05:00:00Z,1990s,Jul-Aug,U.S. F-16 Fires A Missile After Iraqi Radar Locks on Jets,"A U.S. fighter jet fired a missile at a radar site in southern Iraq on Tuesday after the Iraqi ground radar locked on to four British fighters on a routine patrol, American and British military officials said..It was the first time that forces of the G",,"A U.S. fighter jet fired a missile at a radar site in southern Iraq on Tuesday after the Iraqi ground radar locked on to four British fighters on a routine patrol, American and British military officials said..It was the first time that forces of the G",,IHT News,,article,4158,,https://www.nytimes.com/1998/07/01/IHT-us-f16-fires-a-missile-after-iraqi-radar-locks-on-jets.html
1998,1998-07-01T05:00:00Z,1990s,Jul-Aug,"Watermelon Drinks: Cool, Sweet, Colorful",Florence Fabricant column on preparing summertime drinks from watermelon; recipes (M),,Florence Fabricant column on preparing summertime drinks from watermelon; recipes (M),Food,"Dining In, Dining Out/Style Desk",News,article,793,Watermelons; Recipes; Beverages,https://www.nytimes.com/1998/07/01/dining/watermelon-drinks-cool-sweet-colorful.html
1998,1998-09-01T05:00:00Z,1990s,Sep-Oct,A Spectacular Tale In Its Mythic Home; 'Turandot' Enters the Forbidden City,"Rehearsals are underway in Beijing for first presentation of Turandot in the Forbidden City, the very setting Puccini imagined for his Orientalist fantasy; Zubin Mehta will conduct Maggio Musicale Fiorentino/Florence Opera orchestra, chorus of 200, and various divas; cast will approach 1,000 in grand finale; production is directed by Zhang Yimou; photos (M)",,"Rehearsals are underway in Beijing for first presentation of Turandot in the Forbidden City, the very setting Puccini imagined for his Orientalist fantasy; Zubin Mehta will conduct Maggio Musicale Fiorentino/Florence Opera orchestra, chorus of 200, and various divas; cast will approach 1,000 in grand finale; production is directed by Zhang Yimou; photos (M)",Arts,The Arts/Cultural Desk,News,article,1457,"China; Beijing (China); Maggio Musicale Fiorentino; Mehta, Zubin; Puccini, Giacomo; Zhang Yimou; Opera; Turandot (Opera)",https://www.nytimes.com/1998/09/01/arts/a-spectacular-tale-in-its-mythic-home-turandot-enters-the-forbidden-city.html
1998,1998-09-01T05:00:00Z,1990s,Sep-Oct,ESSAY; Mathematical Metaphors Abound in Art and Fiction,"Essay by Dan Rockmore, associate professor of mathematics at Dartmouth College, describes subtle pervasiveness of mathematics in culture and consciousness, observing that life and experience mainly present us with apparent manifestations of mathematical laws underpinning reality; discusses three current pieces of artwork, from movies, visual arts and literature, that act as powerful metaphor for complex and important mathematical ideas; illustration of self-portrait by artist Chuck Close (M)",,"Essay by Dan Rockmore, associate professor of mathematics at Dartmouth College, describes subtle pervasiveness of mathematics in culture and consciousness, observing that life and experience mainly present us with apparent manifestations of mathematical laws underpinning reality; discusses three current pieces of artwork, from movies, visual arts and literature, that act as powerful metaphor for complex and important mathematical ideas; illustration of self-portrait by artist Chuck Close (M)",Science,Science Desk,News,article,1249,"Rockmore, Dan; Mathematics",https://www.nytimes.com/1998/09/01/science/essay-mathematical-metaphors-abound-in-art-and-fiction.html
1998,1998-09-01T05:00:00Z,1990s,Sep-Oct,"GRADING THE SECRETARY: A special report.; Albright, a Bold Voice Abroad, Finds Her Role Limited at Home",,,,World,Foreign Desk,Biography,article,3117,,https://www.nytimes.com/1998/09/01/world/grading-secretary-special-report-albright-bold-voice-abroad-finds-her-role.html
1998,1998-09-01T05:00:00Z,1990s,Sep-Oct,Government Slows Buying; S&P Cuts Ratings : Hong Kong Retreats And Hang Seng Slides,"Stocks plunged Monday after a battered Hong Kong government stood down from its two-week, $12.5 billion intervention in the market and switched its attention to supporting the Hong Kong dollar in the currency markets, traders said..The benchmark Hang S",,"Stocks plunged Monday after a battered Hong Kong government stood down from its two-week, $12.5 billion intervention in the market and switched its attention to supporting the Hong Kong dollar in the currency markets, traders said..The benchmark Hang S",Business,IHT News,,article,6508,,https://www.nytimes.com/1998/09/01/business/worldbusiness/IHT-government-slows-buying-sp-cuts-ratings-hong-kong.html
1998,1998-09-01T05:00:00Z,1990s,Sep-Oct,THE MARKET TURMOIL: INVESTORS ON LINE; Misery Loves Cybercompany but Has Little Sympathy for Market Losers,"Fearful investors mob cyberspace, checking their stock prices and then commiserating with others on various investment Web sites (M)",,"Fearful investors mob cyberspace, checking their stock prices and then commiserating with others on various investment Web sites (M)",Business,Business/Financial Desk,News,article,727,Computers and Information Systems; Internet and World Wide Web; Stocks and Bonds,https://www.nytimes.com/1998/09/01/business/market-turmoil-investors-line-misery-loves-cybercompany-but-has-little-sympathy.html
1998,1998-09-01T05:00:00Z,1990s,Sep-Oct,The Doctor's World; Dr. DeBakey at 90: Stringent Standards And a Steady Hand,"Profile of renowned heart surgeon Dr Michael E DeBakey, who at 90 is still performing operations; DeBakey, pioneer in aneurysm repairs and bypass surgery, is celebrating his 50th year at Baylor College of Medicine in Houston; he says only a disability will make him retire; photos (L)",,"Profile of renowned heart surgeon Dr Michael E DeBakey, who at 90 is still performing operations; DeBakey, pioneer in aneurysm repairs and bypass surgery, is celebrating his 50th year at Baylor College of Medicine in Houston; he says only a disability will make him retire; photos (L)",Science,Science Desk,Biography,article,2200,"Baylor College of Medicine; DeBakey, Michael E; Heart; Biographical Information; Surgery and Surgeons",https://www.nytimes.com/1998/09/01/science/the-doctor-s-world-dr-debakey-at-90-stringent-standards-and-a-steady-hand.html
1998,1998-09-01T05:00:00Z,1990s,Sep-Oct,Too Much Faith in the Fed?,"Sander Vanocur letter, responding to Aug 30 article on lack of political leadership in world economic crises, comments on Winston Churchill's poor economic leadership",,"Sander Vanocur letter, responding to Aug 30 article on lack of political leadership in world economic crises, comments on Winston Churchill's poor economic leadership",Opinion,Editorial Desk,Letter,article,172,"Great Britain; Vanocur, Sander; Churchill, Winston Leonard Spencer; Economic Conditions and Trends",https://www.nytimes.com/1998/09/01/opinion/l-too-much-faith-in-the-fed-630624.html
1998,1998-09-01T05:00:00Z,1990s,Sep-Oct,World News Briefs; Latest Wave of Flooding Adds to Asia's Misery,"Chinese flood workers, weary, tormented by disease and shortages of clothes and building materials, are battling another surge on Yangtze River, which threatens central Hubei Province (S)",,"Chinese flood workers, weary, tormented by disease and shortages of clothes and building materials, are battling another surge on Yangtze River, which threatens central Hubei Province (S)",World,Foreign Desk,News,article,285,Yangtze River (China); China; Hubei Province (China); Weather; Floods,https://www.nytimes.com/1998/09/01/world/world-news-briefs-latest-wave-of-flooding-adds-to-asia-s-misery.html
1998,1998-09-02T05:00:00Z,1990s,Sep-Oct,INTERNATIONAL BUSINESS; Is It Morning in Indonesia Or the End of an Eclipse?,"Interview with Indonesia's Finance Minister, Ginandjar Kartasasmita, who expresses guarded optimism about one of world's bleakest economies; he says rupiah, country's currency, has strengthened more quickly than expected and that economy could show positive growth rate in two years (M)",,"Interview with Indonesia's Finance Minister, Ginandjar Kartasasmita, who expresses guarded optimism about one of world's bleakest economies; he says rupiah, country's currency, has strengthened more quickly than expected and that economy could show positive growth rate in two years (M)",Business,Business/Financial Desk,News,article,864,"Indonesia; Kartasasmita, Ginanadjar; Currency; Economic Conditions and Trends",https://www.nytimes.com/1998/09/02/business/international-business-is-it-morning-in-indonesia-or-the-end-of-an-eclipse.html
1998,1998-09-02T05:00:00Z,1990s,Sep-Oct,Malaysia Clamps Down On Currency Trading,,,,World,News,News,article,1526,,https://www.nytimes.com/1998/09/02/news/malaysia-clamps-down-on-currency-trading.html
1998,1998-09-02T05:00:00Z,1990s,Sep-Oct,Malaysia Clamps Down On Currency Trading,"Malaysia effectively turned its back on the free market Tuesday, becoming the first Southeast Asian country hit by the regional economic crisis to clamp down on currency trading..The government said Tuesday that the measures, including restrictions on",,"Malaysia effectively turned its back on the free market Tuesday, becoming the first Southeast Asian country hit by the regional economic crisis to clamp down on currency trading..The government said Tuesday that the measures, including restrictions on",,IHT News,,article,5417,,https://www.nytimes.com/1998/09/02/IHT-malaysia-clamps-down-on-currency-trading.html
1998,1998-09-02T05:00:00Z,1990s,Sep-Oct,NEWS SUMMARY,,,,New York,Metropolitan Desk,Summary,article,1286,,https://www.nytimes.com/1998/09/02/nyregion/news-summary-648620.html
1998,1998-09-02T05:00:00Z,1990s,Sep-Oct,SUMMIT IN MOSCOW; Excerpts From Clinton's Remarks: 'You Have to Play by the Rules',Excerpts from remarks by Pres Clinton at Moscow State University; photo (M),,Excerpts from remarks by Pres Clinton at Moscow State University; photo (M),World,Foreign Desk,Text,article,3374,"Russia; Moscow State University; Clinton, Bill; United States International Relations; Politics and Government; Russia-International Relations-US; Economic Conditions and Trends",https://www.nytimes.com/1998/09/02/world/summit-in-moscow-excerpts-from-clinton-s-remarks-you-have-to-play-by-the-rules.html
1998,1998-09-02T05:00:00Z,1990s,Sep-Oct,Taiwan Chief Sees Separate Identity,"Taiwan Pres Lee Teng-hui, resisting pressure to forge closer ties with mainland China, says he is seeking to break out of isolation imposed by Beijing; ridicules Beijing's concept of 'one China,' and says Taiwan's destiny must be determined only by people of Taiwan; rejects suggestions that he work out deal with China over Taiwan's future; Lee photo (M)",,"Taiwan Pres Lee Teng-hui, resisting pressure to forge closer ties with mainland China, says he is seeking to break out of isolation imposed by Beijing; ridicules Beijing's concept of 'one China,' and says Taiwan's destiny must be determined only by people of Taiwan; rejects suggestions that he work out deal with China over Taiwan's future; Lee photo (M)",World,Foreign Desk,News,article,871,China; Taiwan; Lee Teng-Hui; Politics and Government; China-International Relations-Taiwan,https://www.nytimes.com/1998/09/02/world/taiwan-chief-sees-separate-identity.html
1998,1998-09-02T05:00:00Z,1990s,Sep-Oct,"WORLD ECONOMIES: IN SOUTH AFRICA; Crisis Batters Emerging Economy, Sending Rand to New Lows","Economic crisis in Russia has hit South Africa hard, dealing sharp blow to emerging economy already hurt by Asian crisis; rand, worth about 15 cents, is touching new lows; Russia exports many of same commodities that South Africa does; economists say South Africa is concerned that Russia may sell all it can, driving prices down (M)",,"Economic crisis in Russia has hit South Africa hard, dealing sharp blow to emerging economy already hurt by Asian crisis; rand, worth about 15 cents, is touching new lows; Russia exports many of same commodities that South Africa does; economists say South Africa is concerned that Russia may sell all it can, driving prices down (M)",World,Foreign Desk,News,article,814,"Russia; Far East, South and Southeast Asia and Pacific Areas; South Africa; International Trade and World Market; Currency; Economic Conditions and Trends",https://www.nytimes.com/1998/09/02/world/world-economies-south-africa-crisis-batters-emerging-economy-sending-rand-new.html
1998,1998-09-03T05:00:00Z,1990s,Sep-Oct,"For Sale at Last in China: Dream Homes, but No Sink","Buying a home is a relatively new phenomenon in China, and so is serious home furnishing; seemingly endless number of people are eager to buy homes in Shanghai and other cities, where vast conversion of housing from public to private hands is under way; in first seven months of 1998, housing sales shot up 71 percent over similar period in 1997, reflecting an end to restrictions on buying and selling; economists point to housing reform as a key to China's economic health, and state-owned developers are putting up thousands of apartment buildings; getting an apartment in Shanghai usually means getting raw space, without wiring or plumbing, and most new owners expect huge renovation costs; although most state-run furniture stores still play to a wide-spread taste for chrome and black leather, newly-opened Ikea is setting new design standard; photos of several apartments (M)",,"Buying a home is a relatively new phenomenon in China, and so is serious home furnishing; seemingly endless number of people are eager to buy homes in Shanghai and other cities, where vast conversion of housing from public to private hands is under way; in first seven months of 1998, housing sales shot up 71 percent over similar period in 1997, reflecting an end to restrictions on buying and selling; economists point to housing reform as a key to China's economic health, and state-owned developers are putting up thousands of apartment buildings; getting an apartment in Shanghai usually means getting raw space, without wiring or plumbing, and most new owners expect huge renovation costs; although most state-run furniture stores still play to a wide-spread taste for chrome and black leather, newly-opened Ikea is setting new design standard; photos of several apartments (M)",Home & Garden,House & Home/Style Desk,News,article,1694,China; Shanghai (China); Ikea; SALES; HOUSING; Economic Conditions and Trends,https://www.nytimes.com/1998/09/03/garden/for-sale-at-last-in-china-dream-homes-but-no-sink.html
1998,1998-09-03T05:00:00Z,1990s,Sep-Oct,THE MARKET TURMOIL: ASIA; Hong Kong Restricts Short Sales of Some Stocks,Hong Kong government bolsters stock market again by suspending short-selling of shares in several companies; crackdown forces short-sellers to cover their bets by repurchasing shares (M),,Hong Kong government bolsters stock market again by suspending short-selling of shares in several companies; crackdown forces short-sellers to cover their bets by repurchasing shares (M),Business,Business/Financial Desk,News,article,384,Hong Kong; Short Selling; Stocks and Bonds,https://www.nytimes.com/1998/09/03/business/the-market-turmoil-asia-hong-kong-restricts-short-sales-of-some-stocks.html
1998,1998-09-03T05:00:00Z,1990s,Sep-Oct,Tokyo Strikes Back With Economic Penalties For Missile That Crossed Honshu and Hit Sea : North Korea Assails Japan for Making Fuss,"North Korea gave the first public indication Wednesday of its role in test-firing an intermediate-range missile over Japanese territory, berating Japan ""for making a fuss"" about it..The Korean Central News Agency did not admit that North Kore",,"North Korea gave the first public indication Wednesday of its role in test-firing an intermediate-range missile over Japanese territory, berating Japan ""for making a fuss"" about it..The Korean Central News Agency did not admit that North Kore",,IHT News,,article,2930,,https://www.nytimes.com/1998/09/03/IHT-tokyo-strikes-back-with-economic-penalties-for-missile-that-crossed.html
1998,1998-09-03T05:00:00Z,1990s,Sep-Oct,"Use, Not Proliferation, Is the Nuclear Danger",It is time to face the fact that the world is failing in its attempts to control nuclear proliferation. We must now shift our main focus to the much more crucial objective of preventing the actual use of nuclear weapons. A retooled deterrence strategy li,,It is time to face the fact that the world is failing in its attempts to control nuclear proliferation. We must now shift our main focus to the much more crucial objective of preventing the actual use of nuclear weapons. A retooled deterrence strategy li,Opinion,IHT News,,article,4208,,https://www.nytimes.com/1998/09/03/opinion/IHT-use-not-proliferation-is-the-nuclear-danger.html
1998,1998-09-04T05:00:00Z,1990s,Sep-Oct,Janet Reno May Finally Get It,"Editorial says Atty Gen Janet Reno's decision to consider naming independent counsel to review certain spending in Clinton-Gore re-election campaign is overdue and too limited, but welcome nevertheless; says Reno should combine all campaign issues, including Democrats' harvesting of millions of dollars in foreign moeny, under jurisdiction of one independent investigator; says launching investigation into 'soft-money' ads would be excellent move now, as both Republican and Democratic campaigns for Congress begin to run another round of expensive ads (M)",,"Editorial says Atty Gen Janet Reno's decision to consider naming independent counsel to review certain spending in Clinton-Gore re-election campaign is overdue and too limited, but welcome nevertheless; says Reno should combine all campaign issues, including Democrats' harvesting of millions of dollars in foreign moeny, under jurisdiction of one independent investigator; says launching investigation into 'soft-money' ads would be excellent move now, as both Republican and Democratic campaigns for Congress begin to run another round of expensive ads (M)",Opinion,Editorial Desk,Editorial,article,473,"United States; CONGRESS; Reno, Janet; ADVERTISING; Special Prosecutors (Independent Counsel); Editorials; Finances; Ethics; Elections; Presidential Election of 1996",https://www.nytimes.com/1998/09/04/opinion/janet-reno-may-finally-get-it.html
1998,1998-10-13T05:00:00Z,,,"Taiwan and China, Talking Again",Editorial lauds meetings between mainland China and Taiwan as welcome return to negotiations in sometimes dangerously tense relationship,,,Opinion,,,,,,https://www.nytimes.com/1998/10/13/opinion/taiwan-and-china-talking-again.html
1998,1998-10-19T05:00:00Z,,,China and Taiwan Agree to Keep Their Discussion Going,"China and Taiwan promise to continue talking as Koo Chen-fu, senior Taiwan Govt official, ends landmark visit to Beijing; talks end without breakthrough as both sides reiterate profoundly different visions about island's political status (M)",,,World,,,,,,https://www.nytimes.com/1998/10/19/world/china-and-taiwan-agree-to-keep-their-discussion-going.html
1998,1998-10-21T05:00:00Z,,,China Is Host to Human Rights Conference,"China hosts international conference on human rights in Beijing, reflecting its greater willingness to discuss rights issues; 80 delegates from 27 nations mark 50th anniversary of Universal Declaration of Human Rights; Chinese delegation includes no known dissidents; Deputy Prime Min Qian Qichen promotes Chinese view that differences between nations are bound to spur arguments over human rights (S)",,,World,,,,,,https://www.nytimes.com/1998/10/21/world/china-is-host-to-human-rights-conference.html
1998,1998-10-23T05:00:00Z,,,Giving China an Edge,"Dan Gregor letter, commenting on October 19 article on sale of technology to China says even if practice lacks military implications it is not financially sensible",,,Opinion,,,,,,https://www.nytimes.com/1998/10/23/opinion/l-giving-china-an-edge-474045.html
1998,1998-11-01T05:00:00Z,1990s,Nov-Dec,"ART/ARTCHITECTURE; Malevolent Babies Busting Up Walls, Sharpening Darts","Amei Wallach article on Los Angeles painter Kim Dingle, who will open new show at Sperone Westwater Gallery in lower Manhattan; photo (M)",,"Amei Wallach article on Los Angeles painter Kim Dingle, who will open new show at Sperone Westwater Gallery in lower Manhattan; photo (M)",Arts,Arts and Leisure Desk,News,article,1279,"Dingle, Kim; Biographical Information; Art",https://www.nytimes.com/1998/11/01/arts/art-artchitecture-malevolent-babies-busting-up-walls-sharpening-darts.html
1998,1998-11-01T05:00:00Z,1990s,Nov-Dec,"As Teamsters Near a Vote, Hoffa Makes a Final Push",James P Hoffa makes final push in campaign for Teamsters presidency; photos of Hoffa and rival Tom Leedham (M),,James P Hoffa makes final push in campaign for Teamsters presidency; photos of Hoffa and rival Tom Leedham (M),U.S.,National Desk,News,article,1363,"Teamsters; Leedham, Tom; Hoffa, James P; Elections",https://www.nytimes.com/1998/11/01/us/as-teamsters-near-a-vote-hoffa-makes-a-final-push.html
1998,1998-11-01T05:00:00Z,1990s,Nov-Dec,BOATING; Weekend Of Work To Decide A Dream,"Article discusses preparations, Boston, for BT Global Challenge round-the-world yacht race (M)",,"Article discusses preparations, Boston, for BT Global Challenge round-the-world yacht race (M)",Sports,Sports Desk,News,article,730,Boats and Boating; BT GLOBAL CHALLENGE,https://www.nytimes.com/1998/11/01/sports/boating-weekend-of-work-to-decide-a-dream.html
1998,1998-11-01T05:00:00Z,1990s,Nov-Dec,Designers' Imaginations Meet the Challenge of Small Spaces,"Article on fourth annual benefit, Rooms With a View, which features 12 designer vignettes, crafts, antiques, decorative accessories and other events at historic Southport Congregational Church in Connecticut; drawings (M)",,"Article on fourth annual benefit, Rooms With a View, which features 12 designer vignettes, crafts, antiques, decorative accessories and other events at historic Southport Congregational Church in Connecticut; drawings (M)",New York,Connecticut Weekly Desk,News,article,683,Southport Congregational Church; Interior Design; Antiques; Handicrafts; Home Furnishings,https://www.nytimes.com/1998/11/01/nyregion/designers-imaginations-meet-the-challenge-of-small-spaces.html
1998,1998-11-01T05:00:00Z,1990s,Nov-Dec,"For One-Child Policy, China Rethinks Iron Hand","China's family-planning system, notorious for harsh rules and punishments, has quietly started urging its workers to soften approach, hoping to improve relationship with Chinese women; officials in some regions say they have eliminated onerous sytem of permits for pregnancy and quotas on number of children born each year in districts, giving women far greater choice on when to have a child, and some leeway on how many children to have; ultimate goal is still to control vast country's population growth, with families having one child in cities and two children in rural areas, but efforts will center around broader health system that discourages large families through patient education, contraception and heavy taxes on couples choosing larger families; new approach has still not reached vast majority of women, and obstacles persist in ingrained official attitudes; women in Shanghai and wealthy seaboard region of northern Zhejiang no longer require approval to have first child, but Shanghai is most cosmopolitan city in China and population is shrinking anyway; photo; map; graph; horror stories are still told about harsh treatment elsewhere (M)",,"China's family-planning system, notorious for harsh rules and punishments, has quietly started urging its workers to soften approach, hoping to improve relationship with Chinese women; officials in some regions say they have eliminated onerous sytem of permits for pregnancy and quotas on number of children born each year in districts, giving women far greater choice on when to have a child, and some leeway on how many children to have; ultimate goal is still to control vast country's population growth, with families having one child in cities and two children in rural areas, but efforts will center around broader health system that discourages large families through patient education, contraception and heavy taxes on couples choosing larger families; new approach has still not reached vast majority of women, and obstacles persist in ingrained official attitudes; women in Shanghai and wealthy seaboard region of northern Zhejiang no longer require approval to have first child, but Shanghai is most cosmopolitan city in China and population is shrinking anyway; photo; map; graph; horror stories are still told about harsh treatment elsewhere (M)",World,Foreign Desk,News,article,1874,China; Shanghai (China); Social Conditions and Trends; Population; women; Medicine and Health; Rural Areas; Urban Areas; Birth Control and Family Planning,https://www.nytimes.com/1998/11/01/world/for-one-child-policy-china-rethinks-iron-hand.html
1998,1998-11-01T05:00:00Z,1990s,Nov-Dec,"For Trade's Sake, Honing Etiquette","Companies on Long Island, NY, doing more business overseas, are training their executives in international etiquette; company executives and trainers comment (M)",,"Companies on Long Island, NY, doing more business overseas, are training their executives in international etiquette; company executives and trainers comment (M)",New York,Long Island Weekly Desk,News,article,982,"Long Island (NY); International Trade and World Market; Executives and Management; Customs, Etiquette and Manners",https://www.nytimes.com/1998/11/01/nyregion/for-trade-s-sake-honing-etiquette.html
1998,1998-11-01T05:00:00Z,1990s,Nov-Dec,Going Down Screaming,Mark Glowatz letter on Andrew Sullivan's Oct 11 article holds it explodes myth that conservative moralists are fringe bunch with little power; drawing (S),,Mark Glowatz letter on Andrew Sullivan's Oct 11 article holds it explodes myth that conservative moralists are fringe bunch with little power; drawing (S),Magazine,Magazine Desk,Letter,article,58,"Glowatz, Mark; Clinton, Bill; Sullivan, Andrew; Lewinsky, Monica S; United States Politics and Government; Ethics; Conservatism (US Politics)",https://www.nytimes.com/1998/11/01/magazine/l-going-down-screaming-556980.html
1998,1998-11-01T05:00:00Z,1990s,Nov-Dec,"In New Challenge to the U.N., Iraq Halts Arms Monitoring","Iraq, in most serious challenge to UN in more than year, announces it is ending all coperation with international arms inspectors and will close down their monitoring operations immediately; UN envoy Nizar Hamdoon says inspectors will have to be pulled out and will have no further access to any monitoring sites; Security Council unanimously condemns 'flagrant violation' of UN resolutions and agreement reached with Sec Gen Kofi Annan in February; Pres Clinton meets with National Security Council; Defense Sec William Cohen postpones tour of Asia; Iraqis are also demanding that Unscom inspectors not have access to information collected by International Atomic Energy Agency (M)",,"Iraq, in most serious challenge to UN in more than year, announces it is ending all coperation with international arms inspectors and will close down their monitoring operations immediately; UN envoy Nizar Hamdoon says inspectors will have to be pulled out and will have no further access to any monitoring sites; Security Council unanimously condemns 'flagrant violation' of UN resolutions and agreement reached with Sec Gen Kofi Annan in February; Pres Clinton meets with National Security Council; Defense Sec William Cohen postpones tour of Asia; Iraqis are also demanding that Unscom inspectors not have access to information collected by International Atomic Energy Agency (M)",World,Foreign Desk,News,article,1155,"Iraq; International Atomic Energy Agency; United Nations; Clinton, Bill; Cohen, William S; Hamdoon, Nizar; ATOMIC WEAPONS; United States International Relations",https://www.nytimes.com/1998/11/01/world/in-new-challenge-to-the-un-iraq-halts-arms-monitoring.html
1998,1998-11-01T05:00:00Z,1990s,Nov-Dec,NEWS SUMMARY,,,,New York,Metropolitan Desk,Summary,article,792,,https://www.nytimes.com/1998/11/01/nyregion/news-summary-643769.html
1998,1998-11-01T05:00:00Z,1990s,Nov-Dec,October 25-31; China Tightens Reins On Political Speech,,,,Week in Review,Week in Review Desk,News,article,115,,https://www.nytimes.com/1998/11/01/weekinreview/october-25-31-china-tightens-reins-on-political-speech.html
1998,1998-11-01T05:00:00Z,1990s,Nov-Dec,The Final Refrains of 'Dixie',"University of Mississippi, marking its 150th year, is beginning to shed image as last bastion of Confederacy; Chancellor Robert C Khayat, former Ole Miss student, football hero and law professor, has staked his legacy on recasting school's image by aggressively confronting its real and perceived shortcomings; his fund-raising successes and gradual improvement in school's persistently mediocre academic standing noted; table of statistics; graphs of racial makeup; photos (special section, Education Life) (L)",,"University of Mississippi, marking its 150th year, is beginning to shed image as last bastion of Confederacy; Chancellor Robert C Khayat, former Ole Miss student, football hero and law professor, has staked his legacy on recasting school's image by aggressively confronting its real and perceived shortcomings; his fund-raising successes and gradual improvement in school's persistently mediocre academic standing noted; table of statistics; graphs of racial makeup; photos (special section, Education Life) (L)",Education,Education Life Supplement,News,article,3421,"University of Mississippi; Khayat, Robert C; Blacks; Finances; Colleges and Universities; Biographical Information",https://www.nytimes.com/1998/11/01/education/the-final-refrains-of-dixie.html
1998,1998-11-01T05:00:00Z,1990s,Nov-Dec,The New American Consensus; Our Hollow Hegemony,"Fareed Zakaria article holds brief post-cold-war era, dominated by economists, in which United States was repository of sole surviving ideology, ended this summer; cites financial and international events that tore at easy assumptions of peace and prosperity; deplores America's loss of interest in world just as world seemingly embraced American dream; cites US unwillingness to work or pay for world transformation (M)",,"Fareed Zakaria article holds brief post-cold-war era, dominated by economists, in which United States was repository of sole surviving ideology, ended this summer; cites financial and international events that tore at easy assumptions of peace and prosperity; deplores America's loss of interest in world just as world seemingly embraced American dream; cites US unwillingness to work or pay for world transformation (M)",Magazine,Magazine Desk,News,article,4052,United States International Relations; International Relations; Economic Conditions and Trends,https://www.nytimes.com/1998/11/01/magazine/the-new-american-consensus-our-hollow-hegemony.html
1998,1998-11-01T05:00:00Z,1990s,Nov-Dec,"The World: Saddam Hussein, Tactician; Dividing Is One Thing. Conquering Is Something Else.","Tactic of 'divide and conquer' has worked well for Saddam Hussein of Iraq in aggravating United States and its one-time allies as they struggle to keep him in corner where they put him after Persian Gulf war; there are divisions in complicated apparatus designed to prevent him from acquiring new weapons of mass destruction or economic power with which to develop them; prospect is for slow and disconcerting Iraqi gains in face of Western disunity, followed by tactical manuevering by United States aimed at frustrating Iraq all the same; in the process, there will be confusion about who is really winning the game; photo (M)",,"Tactic of 'divide and conquer' has worked well for Saddam Hussein of Iraq in aggravating United States and its one-time allies as they struggle to keep him in corner where they put him after Persian Gulf war; there are divisions in complicated apparatus designed to prevent him from acquiring new weapons of mass destruction or economic power with which to develop them; prospect is for slow and disconcerting Iraqi gains in face of Western disunity, followed by tactical manuevering by United States aimed at frustrating Iraq all the same; in the process, there will be confusion about who is really winning the game; photo (M)",Week in Review,Week in Review Desk,News,article,1080,"Iraq; Hussein, Saddam; Biological and Chemical Warfare; United States International Relations; Embargoes and Economic Sanctions",https://www.nytimes.com/1998/11/01/weekinreview/world-saddam-hussein-tactician-dividing-one-thing-conquering-something-else.html
1998,1998-11-01T05:00:00Z,1990s,Nov-Dec,WESTCHESTER GUIDE,,,,New York,Westchester Weekly Desk,Schedule,article,1099,,https://www.nytimes.com/1998/11/01/nyregion/westchester-guide-580902.html
1998,1998-11-01T05:00:00Z,1990s,Nov-Dec,War Games,"Steve Lohr reviews James Adams book, The Next World War: Computers Are the Weapons and the Front Line Is Everywhere (M)",,"Steve Lohr reviews James Adams book, The Next World War: Computers Are the Weapons and the Front Line Is Everywhere (M)",Books,Book Review Desk,Review,article,767,"Adams, James; Computers and Information Systems; Reviews; Books and Literature; Biographical Information; NEXT WORLD WAR, THE (BOOK)",https://www.nytimes.com/1998/11/01/books/war-games.html
1998,1998-11-02T05:00:00Z,1990s,Nov-Dec,China Blocks Chief of Independent Research Group From Traveling,"Peng Ming, leader of China Development Union, independent research group closed down by Government, is refused permission to leave China, and his passport is confiscated; is apprehended while trying to cross into Hong Kong; planned to travel to US, where he was invited to speak at Harvard and Columbia universities (M)",,"Peng Ming, leader of China Development Union, independent research group closed down by Government, is refused permission to leave China, and his passport is confiscated; is apprehended while trying to cross into Hong Kong; planned to travel to US, where he was invited to speak at Harvard and Columbia universities (M)",World,Foreign Desk,News,article,480,China; Harvard University; Columbia University; China Development Union; PENG MING; United States International Relations; Biographical Information; Freedom and Human Rights,https://www.nytimes.com/1998/11/02/world/china-blocks-chief-of-independent-research-group-from-traveling.html
1998,1998-11-02T05:00:00Z,1990s,Nov-Dec,NEWS SUMMARY,,,,New York,Metropolitan Desk,Summary,article,1180,,https://www.nytimes.com/1998/11/02/nyregion/news-summary-655791.html
1998,1998-11-02T05:00:00Z,,,New Chill in China,Editorial deplores China's new crackdown on political dissent; says it represents disturbing slide back toward repression,,,Opinion,,,,,,https://www.nytimes.com/1998/11/02/opinion/new-chill-in-china.html
1998,1998-11-02T05:00:00Z,1990s,Nov-Dec,Rapid Climate Change Leaves Politicians Behind,"The average temperature of Earth's atmosphere reached the highest level ever recorded in the first two-thirds of 1998, jumping off the charts. Six of the first eight months of the year were the warmest since records began in 1866..The accelerating pace",,"The average temperature of Earth's atmosphere reached the highest level ever recorded in the first two-thirds of 1998, jumping off the charts. Six of the first eight months of the year were the warmest since records began in 1866..The accelerating pace",Opinion,IHT News,,article,4810,,https://www.nytimes.com/1998/11/02/opinion/IHT-rapid-climate-change-leaves-politicians-behind.html
1998,1998-11-02T05:00:00Z,1990s,Nov-Dec,Short But Sweet,"Students analyze and evaluate news summaries found in The New York Times Week in Review section, focusing on the steps and criteria necessary for summarizing a news article briefly and accurately.  Students then write two news summaries:  one based on a newspaper article of their choice, and another on a specific event in history.",,"Students analyze and evaluate news summaries found in The New York Times Week in Review section, focusing on the steps and criteria necessary for summarizing a news article briefly and accurately.  Students then write two news summaries:  one based on a newspaper article of their choice, and another on a specific event in history.",Education,,News,article,1968,,https://learning.blogs.nytimes.com/1998/11/02/short-but-sweet/
1998,1998-11-11T05:00:00Z,,,China Detains 140 From 2 Protestant Groups,"Human Rights in China reports officials in Henan Province, area known to have many unregistered house churches where people worship furtively, have arrested 140 Protestants and severely beaten over dozen church leaders in last two weeks; releases letter from David Zhang, spokesman for house churches; he comments, phone interview (M)",,,World,,,,,,https://www.nytimes.com/1998/11/11/world/china-detains-140-from-2-protestant-groups.html
1998,1998-11-12T05:00:00Z,,,PLUS: VOLLEYBALL -- WORLD CHAMPIONSHIPS; China Upsets Russia,"China and Cuba advance to final of women's world volleyball championships in Osaka, Japan (S)",,,Sports,,,,,,https://www.nytimes.com/1998/11/12/sports/plus-volleyball-world-championships-china-upsets-russia.html
1998,1998-11-16T05:00:00Z,,,A Trial Will Test China's Grip on the Internet,"Forthcoming trial of Lin Hai, computer executive, heralds new electronic battleground for China's political dissidents and security forces determined to preserve Communist Party control; Lin is charged with 'inciting subversion of state power' by giving tens of thousands of Chinese E-mail addresses to hostile foreign publications (M)",,,World,,,,,,https://www.nytimes.com/1998/11/16/world/a-trial-will-test-china-s-grip-on-the-internet.html
1998,1998-11-23T05:00:00Z,,,Chinese President Setting Out for Visits to Both Russia and Japan,"China's Pres Jiang Zemin leaves for visits to Russia and Japan; will meet with ailing Pres Boris Yeltsin; trip to Japan will be first by Chinese Communist head of state; visit to Russia is latest of several summits between giant neighbors, who seem determined to foster friendly ties despite history of feuding (M)",,,World,,,,,,https://www.nytimes.com/1998/11/23/world/chinese-president-setting-out-for-visits-to-both-russia-and-japan.html
1998,1998-11-26T05:00:00Z,,,China Said to Hold 70 Church Leaders,"Human Rights in China charges China still detains over 70 Protestant 'house church' leaders after crackdown on illegal church activities in Henan province, where underground Protestant leaders from around nation were meeting; says Cheng Meiying, missionary from northeastern China, was freed after suffering brain damage from beatings; says another church leader, Li Qingrui was shot fleeing police and is object of manhunt (M)",,,World,,,,,,https://www.nytimes.com/1998/11/26/world/china-said-to-hold-70-church-leaders.html
1998,1998-11-27T05:00:00Z,,,China Gets An Apology From Japan,"Prime Min Keizo Obuchi of Japan apologizes to Pres Jiang Zemin of China for Japan's World War II conduct; two countries then become entangled in uproar about wartime memories that still haunt relations between two great powers of East Asia; Jiang is first Chinese head of state to visit Japan; his visit was intended to heal suspicions between countries; instead, he and Obuchi are caught up in disputes about events of half century ago; in the end, joint declaration by two leaders is delayed for more than five hours, then simply issued without being signed; Jiang sought clear-cut written apology from China, similar to one Japan gave South Korea, and pledge about relations with Taiwan; Japan rebuffed Jiang on both counts (M)",,,World,,,,,,https://www.nytimes.com/1998/11/27/world/china-gets-an-apology-from-japan.html
1998,1998-12-01T05:00:00Z,,,Chinese Dissidents Held,"Xu Wenli, leading Chinese dissident, and three other members of Chinese Democratic Party are detained by Govt authorities (S)",,,World,,,,,,https://www.nytimes.com/1998/12/01/world/chinese-dissidents-held.html
1998,1998-12-02T05:00:00Z,,,Universities Again Involved In Joint Ventures in China,"American universities are stepping up their collaborative efforts with Chinese colleges and universities; there are hundreds of academic programs in China resulting from collaborations between Chinese institutions and American ones, which are drawn by a desire to globalize their operations and by the hope that programs in China will add panache to their profiles (M)",,,U.S.,,,,,,https://www.nytimes.com/1998/12/02/us/universities-again-involved-in-joint-ventures-in-china.html
1998,1998-12-04T05:00:00Z,,,Back in a Chinese Prison,"Op-ed article by Xu Jin, student at Boston University, on Chinese Govt's repeated imprisonment of her father Xu Wenli for advocating greater political freedom in China (S)",,,Opinion,,,,,,https://www.nytimes.com/1998/12/04/opinion/back-in-a-chinese-prison.html
1998,1998-12-07T05:00:00Z,,,China Cuts Interest Rates by Half a Point,"People's Bank of China to reduce bank lending and deposit rates by half a point, its third interest rate cut in 14 months; move is aimed at stimulating the economy and achieving this year's growth target of 8 percent (S)",,,Business,,,,,,https://www.nytimes.com/1998/12/07/business/china-cuts-interest-rates-by-half-a-point.html
1998,1998-12-10T05:00:00Z,,,Privatizing Gains in China,Official People's Daily reports that China's judiciary and security departments have completed shedding their commercial operations ahead of deadline (S),,,World,,,,,,https://www.nytimes.com/1998/12/10/world/privatizing-gains-in-china.html
1998,1998-12-20T05:00:00Z,,,China Said to Free Dissident Labor Activist,"China releases ailing labor rights campaigner, Liu Nianchun, from prison work camp, and immediately sends him into exile in US (S)",,,World,,,,,,https://www.nytimes.com/1998/12/20/world/china-said-to-free-dissident-labor-activist.html
1998,1998-12-21T05:00:00Z,,,Consequences for China?,Vincent Wei-cheng Wang letter criticizes US for not responding forcefully to China's breach of International Coventant of Civil and Political Rights,,,Opinion,,,,,,https://www.nytimes.com/1998/12/21/opinion/l-consequences-for-china-528927.html
1998,1998-12-24T05:00:00Z,,,China's Diversionary Tactics,Wei Jingsheng Op-Ed article says China's expulsion of him and other dissidents to the US does not signal easing of repression but is only a tactic aimed at avoiding economic sanctions; urges US to take action like restricting Chinese imports or halting questionable technology transfers to China (M),,,Opinion,,,,,,https://www.nytimes.com/1998/12/24/opinion/chinas-diversionary-tactics.html
1998,1998-12-24T05:00:00Z,,,The Limits of China's Reform,"Editorial urges US to speak out honestly and frequently against renewed repression in China; cites conviction of Xu Wenli, Wang Youcai and Qin Yongmin for subversion after sham trials (M)",,,Opinion,,,,,,https://www.nytimes.com/1998/12/24/opinion/the-limits-of-china-s-reform.html
1999,1999-01-01T05:00:00Z,1990s,Jan-Feb,ART GUIDE,,,,Arts,Leisure/Weekend Desk,Schedule,article,4280,,https://www.nytimes.com/1999/01/01/arts/art-guide.html
1999,1999-01-01T05:00:00Z,1990s,Jan-Feb,ART IN REVIEW,,,,Arts,Leisure/Weekend Desk,Review,article,588,,https://www.nytimes.com/1999/01/01/arts/art-in-review-681091.html
1999,1999-01-01T05:00:00Z,1990s,Jan-Feb,"CRITIC'S NOTEBOOK; In Quiet Corners, a Rhapsody for the Eyes and Soul",,,,Arts,Leisure/Weekend Desk,News,article,3455,,https://www.nytimes.com/1999/01/01/arts/critic-s-notebook-in-quiet-corners-a-rhapsody-for-the-eyes-and-soul.html
1999,1999-01-01T05:00:00Z,1990s,Jan-Feb,Detaining Immigrants,Thomas A Olafson letter on Dec 31 editorial holds it is unfair to deny bail to detained immigrants without reviewing their cases individually (S)0,,Thomas A Olafson letter on Dec 31 editorial holds it is unfair to deny bail to detained immigrants without reviewing their cases individually (S)0,Opinion,Editorial Desk,Letter,article,170,"Olafson, Thomas A; ILLEGAL ALIENS; Bail; IMMIGRATION AND REFUGEES",https://www.nytimes.com/1999/01/01/opinion/l-detaining-immigrants-673404.html
1999,1999-01-01T05:00:00Z,1990s,Jan-Feb,G.O.P. Senator Urges Action On China Technology Report,,,,U.S.,National Desk,News,article,525,,https://www.nytimes.com/1999/01/01/us/gop-senator-urges-action-on-china-technology-report.html
1999,1999-01-01T05:00:00Z,1990s,Jan-Feb,Horse Racing; Australians Plan Track in China,"Australian racing interests will build $256-million race track complex in Dalian, on China's northeast coast (S)",,"Australian racing interests will build $256-million race track complex in Dalian, on China's northeast coast (S)",Sports,Sports Desk,News,article,143,Australia; Dalian (China); China; Horse Racing; Foreign Investments,https://www.nytimes.com/1999/01/01/sports/horse-racing-australians-plan-track-in-china.html
1999,1999-01-01T05:00:00Z,1990s,Jan-Feb,Keeping Military Secrets From China,,,,Opinion,Editorial Desk,Editorial,article,283,,https://www.nytimes.com/1999/01/01/opinion/keeping-military-secrets-from-china.html
1999,1999-01-01T05:00:00Z,1990s,Jan-Feb,NEWS SUMMARY,,,,New York,Metropolitan Desk,Summary,article,1214,,https://www.nytimes.com/1999/01/01/nyregion/news-summary-680079.html
1999,1999-01-01T05:00:00Z,1990s,Jan-Feb,"Paid Notice: Deaths  JONES, JOANNE ORA",,,,Archives,Classified,Paid Death Notice,article,73,"Jones, Joanne Ora",https://www.nytimes.com/1999/01/01/classified/paid-notice-deaths-jones-joanne-ora.html
1999,1999-01-01T05:00:00Z,1990s,Jan-Feb,THE PREACHERS: A special report.; New Wave of Evangelists Vying for National Pulpit,,,,U.S.,National Desk,Special Report,article,3264,,https://www.nytimes.com/1999/01/01/us/the-preachers-a-special-report-new-wave-of-evangelists-vying-for-national-pulpit.html
1999,1999-01-01T05:00:00Z,1990s,Jan-Feb,Why the Millennium Counts,,,,Opinion,Editorial Desk,Editorial,article,1037,,https://www.nytimes.com/1999/01/01/opinion/why-the-millennium-counts.html
1999,1999-01-01T05:00:00Z,1990s,Jan-Feb,World Briefing,,,,World,Foreign Desk,News,article,904,,https://www.nytimes.com/1999/01/01/world/world-briefing.html
1999,1999-01-02T05:00:00Z,1990s,Jan-Feb,BUSINESS DIGEST,,,,Business,Business/Financial Desk,Summary,article,478,,https://www.nytimes.com/1999/01/02/business/business-digest-690767.html
1999,1999-01-02T05:00:00Z,1990s,Jan-Feb,Beijing Journal; Writer Rides Dirty Laundry to the Top in China,,,,World,Foreign Desk,News,article,1176,,https://www.nytimes.com/1999/01/02/world/beijing-journal-writer-rides-dirty-laundry-to-the-top-in-china.html
1999,1999-01-02T05:00:00Z,1990s,Jan-Feb,"Beyond the Clinton-Bashing, Agony Among Conservatives",,,,U.S.,National Desk,News,article,1067,,https://www.nytimes.com/1999/01/02/us/beyond-the-clinton-bashing-agony-among-conservatives.html
1999,1999-01-02T05:00:00Z,1990s,Jan-Feb,"INTERNATIONAL BUSINESS: Riches May Roil Caspian Nations; They Surely Need Money, but Can They Survive a Bonanza?",,,,Business,Business/Financial Desk,News,article,1678,,https://www.nytimes.com/1999/01/02/business/international-business-riches-may-roil-caspian-nations-they-surely-need-money.html
1999,1999-01-02T05:00:00Z,1990s,Jan-Feb,INTERNATIONAL BUSINESS; Era May End For Floating Currencies,,,,Business,Business/Financial Desk,News,article,1341,,https://www.nytimes.com/1999/01/02/business/international-business-era-may-end-for-floating-currencies.html
1999,1999-01-02T05:00:00Z,1990s,Jan-Feb,INTERNATIONAL BUSINESS; Outlook Is Dim for Guangdong's Creditors,,,,Business,Business/Financial Desk,News,article,536,,https://www.nytimes.com/1999/01/02/business/international-business-outlook-is-dim-for-guangdong-s-creditors.html
1999,1999-01-02T05:00:00Z,1990s,Jan-Feb,This Is Cambodians' Business,"Who doubts that Khieu Samphan, Nuon Chea and fellow butchers deserve to be hanged, shot, poisoned, gassed or electrocuted?.And who, other than the pair's Khmer victims, has the right to do so?.The surrender of the pair and the confusion about what Pr",,"Who doubts that Khieu Samphan, Nuon Chea and fellow butchers deserve to be hanged, shot, poisoned, gassed or electrocuted?.And who, other than the pair's Khmer victims, has the right to do so?.The surrender of the pair and the confusion about what Pr",Opinion,IHT News,,article,3362,,https://www.nytimes.com/1999/01/02/opinion/IHT-this-is-cambodians-business.html
1999,1999-01-02T05:00:00Z,1990s,Jan-Feb,William A. Lee Is Dead at 98; Marines' Acclaimed 'Ironman',,,,U.S.,National Desk,Obituary; Biography,article,843,,https://www.nytimes.com/1999/01/02/us/william-a-lee-is-dead-at-98-marines-acclaimed-ironman.html
1999,1999-03-01T05:00:00Z,1990s,Mar-Apr,"As Albright Arrives in China, Congress Is Watching Closely",Nettlesome issues to be broached by Sec of State Madeleine K Albright during upcoming visit to China discussed; human rights is likely to be main topic; unanimous passage by Senate prior to departure of resolution calling on Clinton Administration to condemn China's human rights policies and release of State Department's annual report chastising China's regressions noted (M),,Nettlesome issues to be broached by Sec of State Madeleine K Albright during upcoming visit to China discussed; human rights is likely to be main topic; unanimous passage by Senate prior to departure of resolution calling on Clinton Administration to condemn China's human rights policies and release of State Department's annual report chastising China's regressions noted (M),World,Foreign Desk,News,article,694,"China; State Department; Albright, Madeleine K; Clinton, Bill; United States International Relations; Biographical Information; China-International Relations-US; Freedom and Human Rights",https://www.nytimes.com/1999/03/01/world/as-albright-arrives-in-china-congress-is-watching-closely.html
1999,1999-03-01T05:00:00Z,1990s,Mar-Apr,NEWS SUMMARY,,,,New York,Metropolitan Desk,Summary,article,1243,,https://www.nytimes.com/1999/03/01/nyregion/news-summary-555568.html
1999,1999-03-01T05:00:00Z,1990s,Mar-Apr,Now to Try to Get China Into the WTO This Year,"Despite previous downbeat indicators, both the Chinese government and the Clinton administration are reinvigorating efforts to get China into the World Trade Organization this year. Prime Minister Zhu Rongji is providing the political will behind interna",,"Despite previous downbeat indicators, both the Chinese government and the Clinton administration are reinvigorating efforts to get China into the World Trade Organization this year. Prime Minister Zhu Rongji is providing the political will behind interna",Opinion,IHT News,,article,5120,,https://www.nytimes.com/1999/03/01/opinion/IHT-now-to-try-to-get-china-into-the-wto-this-year.html
1999,1999-03-01T05:00:00Z,1990s,Mar-Apr,"TECHNOLOGY: Market Place; Dragon Systems, a Former Little Guy, Gets Ready for Market","Market Place column on speech-recognition software produced by Dragon Systems, company scheduled to sell shares to public in next few weeks; Dragon Naturally Speaking software converts words spoken conversationally into computer's microphone into words typed on computer's screen; Dragon Systems has balance-sheet strength and good products and young and extremely fluid market niche; potential problem is with large companies like IBM, Royal Philips Electronics and Microsoft, all of which are working on similar speech technology that they might try to bundle into their hardware; photos; graphs (M)",,"Market Place column on speech-recognition software produced by Dragon Systems, company scheduled to sell shares to public in next few weeks; Dragon Naturally Speaking software converts words spoken conversationally into computer's microphone into words typed on computer's screen; Dragon Systems has balance-sheet strength and good products and young and extremely fluid market niche; potential problem is with large companies like IBM, Royal Philips Electronics and Microsoft, all of which are working on similar speech technology that they might try to bundle into their hardware; photos; graphs (M)",Business,Business/Financial Desk,News,article,1442,ROYAL PHILIPS ELECTRONICS; Dragon Systems; Microsoft Corp; INTERNATIONAL BUSINESS MACHINES CORP; Computers and Information Systems; COMPANY AND ORGANIZATION PROFILES; COMPUTER SOFTWARE; Voice Recognition Systems; MARKET PLACE (TIMES COLUMN),https://www.nytimes.com/1999/03/01/business/technology-market-place-dragon-systems-a-former-little-guy-gets-ready-for-market.html
1999,1999-03-01T05:00:00Z,1990s,Mar-Apr,U.S. Says It Caught a Chinese Smuggler Seeking Gyroscopes That Can Guide Missiles,"Federal agents in California arrest Yao Yi, Chinese citizen, and charge him with trying to obtain component vital to missile guidance systems; arrest sheds light on China's alleged effort to smuggle American technology to improve accuracy of its weapons (M)",,"Federal agents in California arrest Yao Yi, Chinese citizen, and charge him with trying to obtain component vital to missile guidance systems; arrest sheds light on China's alleged effort to smuggle American technology to improve accuracy of its weapons (M)",World,Foreign Desk,News,article,937,China; YAO YI; United States International Relations; MISSILES; Biographical Information; China-International Relations-US,https://www.nytimes.com/1999/03/01/world/us-says-it-caught-a-chinese-smuggler-seeking-gyroscopes-that-can-guide-missiles.html
1999,1999-03-02T05:00:00Z,1990s,Mar-Apr,"1899:China Affairs : IN OUR PAGES:100, 75 AND 50 YEARS AGO","LONDON — A Morning Post leader says: ""The European Concert is required to administer the affairs of China. It is for Great Britain to take the lead in the matter. Her interests require it, her traditions support it, and her methods are in favor",,"LONDON — A Morning Post leader says: ""The European Concert is required to administer the affairs of China. It is for Great Britain to take the lead in the matter. Her interests require it, her traditions support it, and her methods are in favor",Opinion,IHT News,,article,295,,https://www.nytimes.com/1999/03/02/opinion/IHT-1899china-affairs-in-our-pages100-75-and-50-years-ago.html
1999,1999-03-02T05:00:00Z,1990s,Mar-Apr,ALBRIGHT DEBATES RIGHTS AND TRADE WITH THE CHINESE,"Sec of State Madeleine K Albright moves to infuse troubled US-China relationship with new sense of direction during talks in Beijing; speaks sternly today to Chinese authorities about human rights while encouraging them to move forward and join World Trade Organization, in which membership is viewed by China as matter of national prestige; expresses US displeasure over crackdown against opposition groups to Pres Jiang Zemin and other senior officials; calls for release number of political prisoners; makes clear, despite criticism, that Clinton Administration is sticking to approach of separating human rights from trade issues; comments are latest in series of signals being sent by Washington in effort to prompt China to make serious efforts to open markets--thorny issue that faces huge obstacles; photo (M)",,"Sec of State Madeleine K Albright moves to infuse troubled US-China relationship with new sense of direction during talks in Beijing; speaks sternly today to Chinese authorities about human rights while encouraging them to move forward and join World Trade Organization, in which membership is viewed by China as matter of national prestige; expresses US displeasure over crackdown against opposition groups to Pres Jiang Zemin and other senior officials; calls for release number of political prisoners; makes clear, despite criticism, that Clinton Administration is sticking to approach of separating human rights from trade issues; comments are latest in series of signals being sent by Washington in effort to prompt China to make serious efforts to open markets--thorny issue that faces huge obstacles; photo (M)",World,Foreign Desk,News,article,1277,"China; World Trade Organization; Albright, Madeleine K; Clinton, Bill; Jiang Zemin; United States International Relations; International Trade and World Market; Political Prisoners; China-International Relations-US; Freedom and Human Rights",https://www.nytimes.com/1999/03/02/world/albright-debates-rights-and-trade-with-the-chinese.html
1999,1999-03-02T05:00:00Z,1990s,Mar-Apr,Absent Witness Spurs Judge to Delay Trial of 2 in Organ Sales Plan,"Federal Judge Deborah A Batts delays trial of Cheng Yong Wang and Xingqi Fu, who are charged in scheme to arrange transplant of organs taken from executed Chinese prisoners; questions whether defendants were entrapped in case, and expresses concern over absence of crucial witness, Paul Risenhoover; Federal Government charged Wang and Fu in 1998 after FBI mounted sting operation using information from human rights advocate Harry Wu about conspiracy to sell human organs (M)",,"Federal Judge Deborah A Batts delays trial of Cheng Yong Wang and Xingqi Fu, who are charged in scheme to arrange transplant of organs taken from executed Chinese prisoners; questions whether defendants were entrapped in case, and expresses concern over absence of crucial witness, Paul Risenhoover; Federal Government charged Wang and Fu in 1998 after FBI mounted sting operation using information from human rights advocate Harry Wu about conspiracy to sell human organs (M)",New York,Metropolitan Desk,News,article,857,"China; Fu, Xingqi; Batts, Deborah A; Wu, Harry; Risenhoover, Paul; Wang, Cheng Yong; Transplants; Capital Punishment",https://www.nytimes.com/1999/03/02/nyregion/absent-witness-spurs-judge-to-delay-trial-of-2-in-organ-sales-plan.html
1999,1999-03-02T05:00:00Z,1990s,Mar-Apr,America and China:Back and Forth to Nowhere,"A new season in U.S. relations with China, the emerging power of Asia, is about to open. If the past is any guide, the Clinton administration will get nowhere, with the possible exception of military-to-military connections. Even these may come under str",,"A new season in U.S. relations with China, the emerging power of Asia, is about to open. If the past is any guide, the Clinton administration will get nowhere, with the possible exception of military-to-military connections. Even these may come under str",Opinion,IHT News,,article,4242,,https://www.nytimes.com/1999/03/02/opinion/IHT-america-and-chinaback-and-forth-to-nowhere.html
1999,1999-03-02T05:00:00Z,1990s,Mar-Apr,China's CITIC Lowered To 'Junk' Rating by S&P,"China's troubled state-owned sector suffered further blows Monday as Standard & Poor's Corp. relegated the credit of the nation's biggest investment company, China International Trust & Investment Corp., to ""junk"" status..Separately,",,"China's troubled state-owned sector suffered further blows Monday as Standard & Poor's Corp. relegated the credit of the nation's biggest investment company, China International Trust & Investment Corp., to ""junk"" status..Separately,",Business,IHT News,,article,3867,,https://www.nytimes.com/1999/03/02/business/worldbusiness/IHT-chinas-citic-lowered-to-junk-rating-by-sp.html
1999,1999-03-02T05:00:00Z,1990s,Mar-Apr,China's Human Rights Record,Editorial says Pres Clinton and Sec of State Madeleine K Albright must do more than repeat stale complaints in face of new wave of political repression in China; says Americans will not support policy of engagement and improved relations if price is American inaction on human rights abuses (M),,Editorial says Pres Clinton and Sec of State Madeleine K Albright must do more than repeat stale complaints in face of new wave of political repression in China; says Americans will not support policy of engagement and improved relations if price is American inaction on human rights abuses (M),Opinion,Editorial Desk,Editorial,article,515,"China; Albright, Madeleine K; Clinton, Bill; United States International Relations; Editorials; China-International Relations-US; Freedom and Human Rights",https://www.nytimes.com/1999/03/02/opinion/china-s-human-rights-record.html
1999,1999-03-02T05:00:00Z,1990s,Mar-Apr,Hard Times Dull Hong Kong's Esteem for Tycoons,"When Hong Kong's tycoons complained in public this year that they wanted the government to sell more land, the government obliged days later. When the richest and most powerful bid too much for concessions at the new airport and then made less money than",,"When Hong Kong's tycoons complained in public this year that they wanted the government to sell more land, the government obliged days later. When the richest and most powerful bid too much for concessions at the new airport and then made less money than",,IHT News,,article,6540,,https://www.nytimes.com/1999/03/02/IHT-hard-times-dull-hong-kongs-esteem-for-tycoons.html
1999,1999-03-02T05:00:00Z,1990s,Mar-Apr,INTERNATIONAL BRIEFS; S.& P. Downgrades 5 Large Chinese Banks,"China International Trust and Investment Corp, China's biggest investment company, and Bank of Communications have their credit ratings cut to junk-bond rating by Standard & Poor's Corp as concern rises over quality of loans; Bank of China, China Construction Bank and Industrial and Commercial Bank of China are lowered even further, to lowest investment grade (S)",,"China International Trust and Investment Corp, China's biggest investment company, and Bank of Communications have their credit ratings cut to junk-bond rating by Standard & Poor's Corp as concern rises over quality of loans; Bank of China, China Construction Bank and Industrial and Commercial Bank of China are lowered even further, to lowest investment grade (S)",Business,Business/Financial Desk,News,article,112,CHINA INTERNATIONAL TRUST & INVESTMENT CORP; Bank of Communications; Bank of China; China Construction Bank; Standard & Poor's Corp; Industrial and Commercial Bank of China; Ratings and Rating Systems; Credit; Economic Conditions and Trends; Banks and Banking,https://www.nytimes.com/1999/03/02/business/international-briefs-s-p-downgrades-5-large-chinese-banks.html
1999,1999-03-02T05:00:00Z,1990s,Mar-Apr,"Land Mine Pact in Effect, Without U.S.","International treaty to ban land mines, concluded in Ottawa in 1997, takes effect; land mines kill and maim estimated 25,000 people each year; treaty is hailed by UN Sec Gen Kofi Annan at ceremonies in Geneva; has been signed by 133 nations and ratified by 65; US, Russia and China--major users and producers--have refused to become signatories; photo (S)",,"International treaty to ban land mines, concluded in Ottawa in 1997, takes effect; land mines kill and maim estimated 25,000 people each year; treaty is hailed by UN Sec Gen Kofi Annan at ceremonies in Geneva; has been signed by 133 nations and ratified by 65; US, Russia and China--major users and producers--have refused to become signatories; photo (S)",World,Foreign Desk,News,article,299,"Russia; China; United Nations; Annan, Kofi; United States International Relations; Mines, Explosive; Treaties",https://www.nytimes.com/1999/03/02/world/land-mine-pact-in-effect-without-us.html
1999,1999-03-02T05:00:00Z,1990s,Mar-Apr,PUBLIC LIVES,"Public Lives column notes that Pres Clinton, at dinner party given by Sun America chmn Eli Broad in Los Angeles, reportedly said that he expects to live in New York City after he leaves White House, whether or not Hillary Rodham Clinton runs for Senate; notes that former New York Gov Hugh L Carey was at Palm Beach Tavern during recent performance by cabaret singer Eric Comstock; comments on recent dinner at investment banker Roger Yaseen's Upper East Side apartment; photos (M)",,"Public Lives column notes that Pres Clinton, at dinner party given by Sun America chmn Eli Broad in Los Angeles, reportedly said that he expects to live in New York City after he leaves White House, whether or not Hillary Rodham Clinton runs for Senate; notes that former New York Gov Hugh L Carey was at Palm Beach Tavern during recent performance by cabaret singer Eric Comstock; comments on recent dinner at investment banker Roger Yaseen's Upper East Side apartment; photos (M)",New York,Metropolitan Desk,News,article,637,"New York State; New York City; Palm Beach Tavern; Senate; Carey, Hugh L; Clinton, Bill; Clinton, Hillary Rodham; Comstock, Eric; Broad, Eli; Yaseen, Roger; Elections",https://www.nytimes.com/1999/03/02/nyregion/public-lives.html
1999,1999-03-02T05:00:00Z,1990s,Mar-Apr,SOCCER: NOTEBOOK -- WOMEN'S WORLD CUP; A Subpar Exhibition For U.S.,United States women's soccer team's performance in 2-0 exhibition victory over Finland discussed (M),,United States women's soccer team's performance in 2-0 exhibition victory over Finland discussed (M),Sports,Sports Desk,News,article,785,Finland; Soccer,https://www.nytimes.com/1999/03/02/sports/soccer-notebook-women-s-world-cup-a-subpar-exhibition-for-us.html
1999,1999-03-02T05:00:00Z,1990s,Mar-Apr,Stevia: a Sweetener That's Not a Sweetener,"Growing number of diet-conscious Americans are using stevia, shurb native to South America, containing sweeteners that are essentially calorie free; Now Foods of Bloomington, leading stevia supplier, estimates $10 million worth of substance was sold nationwide last year; Food and Drug Administration has so far restricted its market to use as dietary supplement, and it cannot be used in other foods or sold as table-top sweetener; producers protest that limitation on its use; photo (M)",,"Growing number of diet-conscious Americans are using stevia, shurb native to South America, containing sweeteners that are essentially calorie free; Now Foods of Bloomington, leading stevia supplier, estimates $10 million worth of substance was sold nationwide last year; Food and Drug Administration has so far restricted its market to use as dietary supplement, and it cannot be used in other foods or sold as table-top sweetener; producers protest that limitation on its use; photo (M)",Health,Health & Fitness,News,article,599,"Now Foods (Co); Food and Drug Administration; O'Neil, John; Sweeteners, Artificial; STEVIA (FOOD SUPPLEMENT); SALES; Herbs; Dietary Supplements",https://www.nytimes.com/1999/03/02/health/stevia-a-sweetener-thats-not-a-sweetener.html
1999,1999-03-02T05:00:00Z,1990s,Mar-Apr,U.N. Panel Urges Tribunal For Khmer Rouge Leaders,"UN panel recommends that new international tribunal be convened to try about dozen senior Khmer Rouge officials on charges of crimes against humanity while they ruled Cambodia; under recommendation, separate Cambodian truth commission would consider all other cases; China informs Clinton Administration it will veto idea if brought before UN Security Council; Khmer Rouge relied almost exclusively on Chinese support during their rule, which led to deaths of nearly two million Cambodians between 1975 and 1979 (M)",,"UN panel recommends that new international tribunal be convened to try about dozen senior Khmer Rouge officials on charges of crimes against humanity while they ruled Cambodia; under recommendation, separate Cambodian truth commission would consider all other cases; China informs Clinton Administration it will veto idea if brought before UN Security Council; Khmer Rouge relied almost exclusively on Chinese support during their rule, which led to deaths of nearly two million Cambodians between 1975 and 1979 (M)",World,Foreign Desk,News,article,1052,"Cambodia; United Nations; Khmer Rouge; Clinton, Bill; United States International Relations; War Crimes and Criminals; Politics and Government; CIVIL WAR AND GUERRILLA WARFARE; China-International Relations-US",https://www.nytimes.com/1999/03/02/world/un-panel-urges-tribunal-for-khmer-rouge-leaders.html
1999,1999-03-02T05:00:00Z,1990s,Mar-Apr,Washington Panders to Beijing and Patronizes New Delhi,"If America's Asia policy were a movie, China would be cast in the part of the favored elder child, who the audience knows is a rogue but who can do no wrong in the eyes of the parents. India would be the younger, morally superior sibling, a bit of a nag,",,"If America's Asia policy were a movie, China would be cast in the part of the favored elder child, who the audience knows is a rogue but who can do no wrong in the eyes of the parents. India would be the younger, morally superior sibling, a bit of a nag,",Opinion,IHT News,,article,4508,,https://www.nytimes.com/1999/03/02/opinion/IHT-washington-panders-to-beijing-and-patronizes-new-delhi.html
1999,1999-03-02T05:00:00Z,1990s,Mar-Apr,World Briefing,,,,World,Foreign Desk,News,article,1261,,https://www.nytimes.com/1999/03/02/world/world-briefing.html
1999,1999-05-01T05:00:00Z,1990s,May-Jun,"CRISIS IN THE BALKANS: DIPLOMACY; After Seeing Milosevic, Russian Hints at Progress","Russian envoy Viktor S Chernomyrdin says he made some progress toward Kosovo peace settlement in talks, Belgrade, with Yugoslav Pres Slobodan Milosevic; apparently refers to Milosevic's willingness to let lightly armed United Nations observers monitor Kosovo; NATO officials are dismissive; photo (M)",,"Russian envoy Viktor S Chernomyrdin says he made some progress toward Kosovo peace settlement in talks, Belgrade, with Yugoslav Pres Slobodan Milosevic; apparently refers to Milosevic's willingness to let lightly armed United Nations observers monitor Kosovo; NATO officials are dismissive; photo (M)",World,Foreign Desk,News,article,721,"Belgrade (Serbia); KOSOVO (SERBIA); Russia; Serbia; North Atlantic Treaty Organization; United Nations; Milosevic, Slobodan; United States International Relations; United States Armament and Defense",https://www.nytimes.com/1999/05/01/world/crisis-in-the-balkans-diplomacy-after-seeing-milosevic-russian-hints-at-progress.html
1999,1999-05-01T05:00:00Z,1990s,May-Jun,China Takes Steps to Avoid Further Protests,"China warns Government officials and employees of state-run institutions not to take part in any further protests by Buddhist Law movement members; rapidly growing group, known as Falun Gong, has attracted many well-educated people, including retired officials and workers, who often embrace it passionately; founder, Li Hongzhi, has moved to New York and is building global network of adherents (M)",,"China warns Government officials and employees of state-run institutions not to take part in any further protests by Buddhist Law movement members; rapidly growing group, known as Falun Gong, has attracted many well-educated people, including retired officials and workers, who often embrace it passionately; founder, Li Hongzhi, has moved to New York and is building global network of adherents (M)",World,Foreign Desk,News,article,455,China; Buddhist Law; Li Hongzhi; Politics and Government; Demonstrations and Riots; Church-State Relations,https://www.nytimes.com/1999/05/01/world/china-takes-steps-to-avoid-further-protests.html
1999,1999-05-01T05:00:00Z,1990s,May-Jun,Labor Movement in China,"Chinese dissidents Gao Hongming and Xu Yonghai plan to set up own labor union, defying Government's controls on workers' groups (S)",,"Chinese dissidents Gao Hongming and Xu Yonghai plan to set up own labor union, defying Government's controls on workers' groups (S)",World,Foreign Desk,News,article,87,China; XU YONGHAI; GAO HONGMING; LABOR; LABOR UNIONS; Politics and Government,https://www.nytimes.com/1999/05/01/world/labor-movement-in-china.html
1999,1999-05-02T05:00:00Z,1990s,May-Jun,1998 REPORT TOLD OF LAB BREACHES AND CHINA THREAT,,,,World,Foreign Desk,News,article,2390,,https://www.nytimes.com/1999/05/02/world/1998-report-told-of-lab-breaches-and-china-threat.html
1999,1999-05-02T05:00:00Z,1990s,May-Jun,April 25-May 1; More Damage in Spy Case,,,,Week in Review,Week in Review Desk,News,article,79,,https://www.nytimes.com/1999/05/02/weekinreview/april-25-may-1-more-damage-in-spy-case.html
1999,1999-05-02T05:00:00Z,1990s,May-Jun,INSIDE,,,,New York,Metropolitan Desk,Summary,article,275,,https://www.nytimes.com/1999/05/02/nyregion/inside-502995.html
1999,1999-05-02T05:00:00Z,1990s,May-Jun,Literacy Groups: Filling One of Life's Needs,,,,New York,Westchester Weekly Desk,News,article,1834,,https://www.nytimes.com/1999/05/02/nyregion/literacy-groups-filling-one-of-life-s-needs.html
1999,1999-05-02T05:00:00Z,1990s,May-Jun,"MUSIC; Finally, Masur Gets To Call the Tune In New Music, Too","David Wright article on new works commissioned for New York Philharmonic by Kurt Masur; Masur took over as orchestra's music director seven years ago with a backlog of new works commissioned by his predecessors, and it is only now that works he commissioned are being programmed; photo (M)",,"David Wright article on new works commissioned for New York Philharmonic by Kurt Masur; Masur took over as orchestra's music director seven years ago with a backlog of new works commissioned by his predecessors, and it is only now that works he commissioned are being programmed; photo (M)",Arts,Arts and Leisure Desk,News,article,1455,"New York Philharmonic; Masur, Kurt; Music",https://www.nytimes.com/1999/05/02/arts/music-finally-masur-gets-to-call-the-tune-in-new-music-too.html
1999,1999-05-02T05:00:00Z,1990s,May-Jun,May 1: A Spring Break For Pent-Up New York,Article on how some New York City residents soaked up sunshine and warm spring temperatures on May 1; photos (M),,Article on how some New York City residents soaked up sunshine and warm spring temperatures on May 1; photos (M),New York,Metropolitan Desk,News,article,691,New York City; Seasons and Months,https://www.nytimes.com/1999/05/02/nyregion/may-1-a-spring-break-for-pent-up-new-york.html
1999,1999-05-02T05:00:00Z,1990s,May-Jun,NEWS SUMMARY,,,,New York,Metropolitan Desk,Summary,article,723,,https://www.nytimes.com/1999/05/02/nyregion/news-summary-502448.html
1999,1999-05-02T05:00:00Z,1990s,May-Jun,"PAPERBACK BEST SELLERS: May 2, 1999",,,,Books,Book Review Desk,List,article,1023,,https://www.nytimes.com/1999/05/02/books/paperback-best-sellers-may-2-1999.html
1999,1999-05-02T05:00:00Z,1990s,May-Jun,PRACTICAL TRAVELER; Code-Sharing: Cluing In Fliers,"Practical Traveler column explains mysteries of airline code-sharing, and how practice can affect travel plans (S)",,"Practical Traveler column explains mysteries of airline code-sharing, and how practice can affect travel plans (S)",Travel,Travel Desk,News,article,1495,Airlines and Airplanes; Travel and Vacations,https://www.nytimes.com/1999/05/02/travel/practical-traveler-code-sharing-cluing-in-fliers.html
1999,1999-05-02T05:00:00Z,1990s,May-Jun,Political Muscle: The Only Good Enemy is a [Strong/Weak] Enemy; Straining To See the Real Russia,"Review of Russian suspicions that US gives lip service to free markets and global partnership, but is really happy to see old foe down economically; photo; both countries have fumbled on promoting healthy democracy, but few would say that in long run US would not benefit from prosperous Russia; Russia has emerged from hibernation this spring, with Kosovo crisis, in almost gleefully anti-American mood, yearning for empire (M)",,"Review of Russian suspicions that US gives lip service to free markets and global partnership, but is really happy to see old foe down economically; photo; both countries have fumbled on promoting healthy democracy, but few would say that in long run US would not benefit from prosperous Russia; Russia has emerged from hibernation this spring, with Kosovo crisis, in almost gleefully anti-American mood, yearning for empire (M)",Week in Review,Week in Review Desk,News,article,1350,KOSOVO (SERBIA); Russia; Serbia; United States International Relations; International Relations; Economic Conditions and Trends,https://www.nytimes.com/1999/05/02/weekinreview/political-muscle-only-good-enemy-strong-weak-enemy-straining-see-real-russia.html
1999,1999-05-02T05:00:00Z,1990s,May-Jun,Political Muscle: The Only Good Enemy is a [Strong/Weak] Enemy; When Allies Are Fierce Competitors,"Review of revelations about Chinese nuclear espionage against US, and Pres Clinton's response that Americans have as much to fear from weak China whose ailing banks and bankrupt enterprises could undermine world economy (M)",,"Review of revelations about Chinese nuclear espionage against US, and Pres Clinton's response that Americans have as much to fear from weak China whose ailing banks and bankrupt enterprises could undermine world economy (M)",Week in Review,Week in Review Desk,News,article,1581,"China; Clinton, Bill; ATOMIC WEAPONS; United States International Relations; Espionage; International Relations; Economic Conditions and Trends",https://www.nytimes.com/1999/05/02/weekinreview/political-muscle-only-good-enemy-strong-weak-enemy-when-allies-are-fierce.html
1999,1999-05-02T05:00:00Z,1990s,May-Jun,SUMMER FILMS: COMING ATTRACTIONS; A Plate Heaped With Romance; Hold the Gorillas,Roundup of films due for release this summer; photos (L),,Roundup of films due for release this summer; photos (L),Movies,Arts and Leisure Desk,List,article,5922,MOTION PICTURES,https://www.nytimes.com/1999/05/02/movies/summer-films-coming-attractions-a-plate-heaped-with-romance-hold-the-gorillas.html
1999,1999-05-02T05:00:00Z,1990s,May-Jun,SUMMER FILMS: THE FUTURE; Planet Hollywood Indeed,Dave Kehr article on the making of Hollywood films all over the globe and the cultural appropriation that goes along with it; cartoon (M),,Dave Kehr article on the making of Hollywood films all over the globe and the cultural appropriation that goes along with it; cartoon (M),Movies,Arts and Leisure Desk,News,article,1431,MOTION PICTURES,https://www.nytimes.com/1999/05/02/movies/summer-films-the-future-planet-hollywood-indeed.html
1999,1999-05-02T05:00:00Z,1990s,May-Jun,TRAVEL ADVISORY; Deals and Discounts,List of some current travel deals and discounts (S),,List of some current travel deals and discounts (S),Travel,Travel Desk,News,article,490,Travel and Vacations,https://www.nytimes.com/1999/05/02/travel/travel-advisory-deals-and-discounts.html
1999,1999-05-02T05:00:00Z,1990s,May-Jun,The Way We Live Now: 5-2-99: Word & Image; Our Humanity Vs. Their Sovereignty,"Max Frankel Word & Image column says Americans have willingly followed Pres Clinton into war in Kosovo after viewing pictures of almost unfathomable atrocity on every television screen; says television drives the public temperature, and also drives choice of military tactics; says Pres Clinton ruled out ground combat in Kosovo because he saw how sight of bloody battle scenes on TV forced retreat from Vietnam; says images may seize the heart, but they also cloud thoughts; photo (M)",,"Max Frankel Word & Image column says Americans have willingly followed Pres Clinton into war in Kosovo after viewing pictures of almost unfathomable atrocity on every television screen; says television drives the public temperature, and also drives choice of military tactics; says Pres Clinton ruled out ground combat in Kosovo because he saw how sight of bloody battle scenes on TV forced retreat from Vietnam; says images may seize the heart, but they also cloud thoughts; photo (M)",Magazine,Magazine Desk,News,article,972,"KOSOVO (SERBIA); Serbia; Clinton, Bill; Vietnam War; United States International Relations; PUBLIC OPINION; Television; United States Armament and Defense",https://www.nytimes.com/1999/05/02/magazine/the-way-we-live-now-5-2-99-word-image-our-humanity-vs-their-sovereignty.html
1999,1999-05-03T05:00:00Z,1990s,May-Jun,China's Rulers on Guard as Spiritual Sect Pushes the Envelope,"Police are out in force in several Chinese cities, seeking to head off new demonstrations by Buddhist Law, religious cult that staged giant, unexpected vigil in Beijing week ago; no incidents reported; national leaders ponder ways of dealing with group, which has gained millions of fervent followers (M)",,"Police are out in force in several Chinese cities, seeking to head off new demonstrations by Buddhist Law, religious cult that staged giant, unexpected vigil in Beijing week ago; no incidents reported; national leaders ponder ways of dealing with group, which has gained millions of fervent followers (M)",World,Foreign Desk,News,article,522,China; Beijing (China); Buddhist Law; Religious Cults; Politics and Government; Demonstrations and Riots; Freedom and Human Rights,https://www.nytimes.com/1999/05/03/world/china-s-rulers-on-guard-as-spiritual-sect-pushes-the-envelope.html
1999,1999-05-03T05:00:00Z,1990s,May-Jun,Gloomy Prospects on the Kosovo Diplomatic Front,"When Secretary-General Kofi Annan met Boris Yeltsin to try to find a peace plan for Kosovo last week, the Russian president spoke entirely from cue cards. But as he said good-bye he became animated and declared spontaneously: ""Together you and I are",,"When Secretary-General Kofi Annan met Boris Yeltsin to try to find a peace plan for Kosovo last week, the Russian president spoke entirely from cue cards. But as he said good-bye he became animated and declared spontaneously: ""Together you and I are",Opinion,IHT News,,article,6734,,https://www.nytimes.com/1999/05/03/opinion/IHT-gloomy-prospects-on-the-kosovo-diplomatic-front.html
1999,1999-07-01T05:00:00Z,1990s,Jul-Aug,"After 2 Years, Hong Kong Looks More Like China","Growing number of critics complain Hong Kong, marking second year under Chinese rule, is taking on disquieting resemblance to mainland China; concern is growing that former British colony loses image as oasis where rule of law prevails; at issue is China's overturning of court ruling on immigration from mainland, move critics say could set precedent for China to reverse any unpopular ruling; photo (M)",,"Growing number of critics complain Hong Kong, marking second year under Chinese rule, is taking on disquieting resemblance to mainland China; concern is growing that former British colony loses image as oasis where rule of law prevails; at issue is China's overturning of court ruling on immigration from mainland, move critics say could set precedent for China to reverse any unpopular ruling; photo (M)",World,Foreign Desk,News,article,772,Hong Kong; China; IMMIGRATION AND REFUGEES,https://www.nytimes.com/1999/07/01/world/after-2-years-hong-kong-looks-more-like-china.html
1999,1999-07-01T05:00:00Z,1990s,Jul-Aug,Ailing Foreigners Burden Emergency Rooms in U.S.,"Medical immigrants, mostly poor or middle-class foreigners from poor countries, are traveling to United States to seek care at emergency rooms in New York City and other big cities, where law says they must be treated if problems require immediate care; many hospitals, fearing anti-immigrant sentiment that has restricted access to health care in some states, resist counting such patients; medical immigrants are tiny but striking example of larger and growing problem of uninsured or underinsured patients, both citizens and immigrants, who rely on emergency rooms of financially-pressed hospitals; photo (M)",,"Medical immigrants, mostly poor or middle-class foreigners from poor countries, are traveling to United States to seek care at emergency rooms in New York City and other big cities, where law says they must be treated if problems require immediate care; many hospitals, fearing anti-immigrant sentiment that has restricted access to health care in some states, resist counting such patients; medical immigrants are tiny but striking example of larger and growing problem of uninsured or underinsured patients, both citizens and immigrants, who rely on emergency rooms of financially-pressed hospitals; photo (M)",New York,Metropolitan Desk,News,article,1874,New York City; HEALTH INSURANCE; IMMIGRATION AND REFUGEES; Emergency Medical Treatment; Finances; Medicine and Health; Hospitals,https://www.nytimes.com/1999/07/01/nyregion/ailing-foreigners-burden-emergency-rooms-in-us.html
1999,1999-07-01T05:00:00Z,1990s,Jul-Aug,CRISIS IN THE BALKANS: THE UNITED NATIONS; Annan Urges Swift Action On Assistance To Kosovo,"Eighteen United Nations members at conference organized by Sec Gen Kofi Annan agree to raise their promised contributions of officers to international police force in Kosovo, Serbia, from 1,000 to 1,938; number is still shy of 3,110 officers UN estimates are needed to stop revenge killings and looting and restore order; UN members fail to agree on nature and scope of aid for Yugoslavia as long as Slobodan Milosevic remains President; Martti Ahtisaari, Annan's choice as chief UN representative to Kosovo, withdraws after France demands he resign as Finland's President to devote himself to post; Annan says he considers four candidates, including French Min Bernard Kouchner (M)",,"Eighteen United Nations members at conference organized by Sec Gen Kofi Annan agree to raise their promised contributions of officers to international police force in Kosovo, Serbia, from 1,000 to 1,938; number is still shy of 3,110 officers UN estimates are needed to stop revenge killings and looting and restore order; UN members fail to agree on nature and scope of aid for Yugoslavia as long as Slobodan Milosevic remains President; Martti Ahtisaari, Annan's choice as chief UN representative to Kosovo, withdraws after France demands he resign as Finland's President to devote himself to post; Annan says he considers four candidates, including French Min Bernard Kouchner (M)",World,Foreign Desk,News,article,669,"KOSOVO (SERBIA); Serbia; France; Finland; North Atlantic Treaty Organization; United Nations; Ahtisaari, Martti; Milosevic, Slobodan; Kouchner, Bernard; Annan, Kofi; Appointments and Executive Changes; United States International Relations; LOOT AND LOOTING; IMMIGRATION AND REFUGEES; Foreign Aid; United States Armament and Defense",https://www.nytimes.com/1999/07/01/world/crisis-balkans-united-nations-annan-urges-swift-action-assistance-kosovo.html
1999,1999-07-01T05:00:00Z,1990s,Jul-Aug,INTERNATIONAL BUSINESS; China in No Hurry to Reopen Talks on Joining Trade Group,"China has indicated that it will not resume talks with US any time soon over its proposed entry into World Trade Organization; American Amb James Sasser says talks are certainly moribund; Chinese trade official Long Yongtu says China will not enter talks until it receives 'convincing explanation' for deadly bombing in May for its Embassy in Belgrade, Yugoslavia (M)",,"China has indicated that it will not resume talks with US any time soon over its proposed entry into World Trade Organization; American Amb James Sasser says talks are certainly moribund; Chinese trade official Long Yongtu says China will not enter talks until it receives 'convincing explanation' for deadly bombing in May for its Embassy in Belgrade, Yugoslavia (M)",Business,Business/Financial Desk,News,article,512,"Belgrade (Serbia); China; North Atlantic Treaty Organization; World Trade Organization; LONG YONGTU; SASSER, JAMES; United States International Relations; International Trade and World Market; Foreign Service; United States Armament and Defense",https://www.nytimes.com/1999/07/01/business/international-business-china-in-no-hurry-to-reopen-talks-on-joining-trade-group.html
1999,1999-07-01T05:00:00Z,1990s,Jul-Aug,Of War and Opera:A Life on Both Fronts,Homegrown household names are few in China when it comes to Western opera. Pa Wa Luo Di and Ka Lei La Si — Pavarotti and Carreras — are far more widely known here than any Chinese singer. But one woman has so dedicated herself to trying to re,,Homegrown household names are few in China when it comes to Western opera. Pa Wa Luo Di and Ka Lei La Si — Pavarotti and Carreras — are far more widely known here than any Chinese singer. But one woman has so dedicated herself to trying to re,Style,IHT News,,article,6754,,https://www.nytimes.com/1999/07/01/style/IHT-of-war-and-operaa-life-on-both-fronts.html
1999,1999-07-01T05:00:00Z,1990s,Jul-Aug,PERSONAL SHOPPER; Time to Do Some Patriotic Relaxing,"Personal Shopper column on hammocks, beach umbrellas, beach blankets and related items needed for relaxation on Fourth of July; photos (M)",,"Personal Shopper column on hammocks, beach umbrellas, beach blankets and related items needed for relaxation on Fourth of July; photos (M)",Home & Garden,House & Home/Style Desk,News,article,325,Furniture; Home Furnishings,https://www.nytimes.com/1999/07/01/garden/personal-shopper-time-to-do-some-patriotic-relaxing.html
1999,1999-07-01T05:00:00Z,1990s,Jul-Aug,President's Top Security Adviser Questioned by Senate Committee,"President Clinton's national security adviser, Samuel R Berger, in unusual closed-door appearance before Senate committee, answers questions about how Clinton Administration has handled charges of nuclear espionage by China; reportedly repeats previous accounts (M)",,"President Clinton's national security adviser, Samuel R Berger, in unusual closed-door appearance before Senate committee, answers questions about how Clinton Administration has handled charges of nuclear espionage by China; reportedly repeats previous accounts (M)",World,Foreign Desk,News,article,506,"China; United States; Berger, Samuel R; Clinton, Bill; ATOMIC WEAPONS; Espionage",https://www.nytimes.com/1999/07/01/world/president-s-top-security-adviser-questioned-by-senate-committee.html
1999,1999-07-01T05:00:00Z,1990s,Jul-Aug,SOCCER: ROUNDUP; A Losing Streak Ends,"MetroStars beat Tampa Bay Mutiny, 2-1 (S)",,"MetroStars beat Tampa Bay Mutiny, 2-1 (S)",Sports,Sports Desk,News,article,436,MetroStars; Tampa Bay Mutiny; Soccer,https://www.nytimes.com/1999/07/01/sports/soccer-roundup-a-losing-streak-ends.html
1999,1999-07-02T05:00:00Z,1990s,Jul-Aug,ART GUIDE,,,,Arts,Leisure/Weekend Desk,Schedule,article,4234,,https://www.nytimes.com/1999/07/02/arts/art-guide.html
1999,1999-07-02T05:00:00Z,1990s,Jul-Aug,Art in Review,"Ken Johnson reviews artistic and photographic depictions on theme of walking, at Danese gallery (S)",,"Ken Johnson reviews artistic and photographic depictions on theme of walking, at Danese gallery (S)",Arts,Leisure/Weekend Desk,Review,article,263,Reviews; Walking; Photography; Art,https://www.nytimes.com/1999/07/02/arts/art-in-review-434868.html
1999,1999-07-02T05:00:00Z,1990s,Jul-Aug,Editorial Observer; A Bad Year for the World's Border Guards,"Tina Rosenberg, in Editorial Observer column, contends that war in Kosovo, among its other casualties, has punctured sanctity of state sovereignty--idea that a nation's actions within its borders are its own business; observes that while sovereignty has been fading since end of World War II, until recently governments have in general ceded powers voluntarily",,"Tina Rosenberg, in Editorial Observer column, contends that war in Kosovo, among its other casualties, has punctured sanctity of state sovereignty--idea that a nation's actions within its borders are its own business; observes that while sovereignty has been fading since end of World War II, until recently governments have in general ceded powers voluntarily",Opinion,Editorial Desk,Editorial,article,758,KOSOVO (SERBIA); Serbia; North Atlantic Treaty Organization; United States International Relations; Editorials; Politics and Government; United States Armament and Defense,https://www.nytimes.com/1999/07/02/opinion/editorial-observer-a-bad-year-for-the-world-s-border-guards.html
1999,1999-07-02T05:00:00Z,1990s,Jul-Aug,Error-Prone Bombing : LETTERS TO THE EDITOR,"In response to the report ""China Bars U.S. Warplanes From Hong Kong"" (June 25):. I spent over five years as a U.S. naval flight officer, serving as a navigator, tactical coordinator and mission commander on board P-3 Orion, the type of airplane",,"In response to the report ""China Bars U.S. Warplanes From Hong Kong"" (June 25):. I spent over five years as a U.S. naval flight officer, serving as a navigator, tactical coordinator and mission commander on board P-3 Orion, the type of airplane",Opinion,IHT News,,article,974,,https://www.nytimes.com/1999/07/02/opinion/IHT-errorprone-bombing-letters-to-the-editor.html
1999,1999-07-02T05:00:00Z,1990s,Jul-Aug,INTERNATIONAL BUSINESS; Hong Kong and Disney to Keep Discussing a Theme Park,"Hong Kong announces that it will extend talks with Walt Disney Co on building theme park in Hong Kong until end of October; officials say they made significant progress in talks, but were not in position to sign agreement by June 30, date government had hopeed to have definitive deal; stumbling block appears to be how much Disney would pay for land on Lantau island; newspaper reports say Disney demanded 430-acre site free of charge--in addition to low-cost loans, electricity and water; Mike Rowse, Hong Kong's Commissioner of Tourism and chief negotiator with Disney, comments; photo (M)",,"Hong Kong announces that it will extend talks with Walt Disney Co on building theme park in Hong Kong until end of October; officials say they made significant progress in talks, but were not in position to sign agreement by June 30, date government had hopeed to have definitive deal; stumbling block appears to be how much Disney would pay for land on Lantau island; newspaper reports say Disney demanded 430-acre site free of charge--in addition to low-cost loans, electricity and water; Mike Rowse, Hong Kong's Commissioner of Tourism and chief negotiator with Disney, comments; photo (M)",Business,Business/Financial Desk,News,article,575,"Hong Kong; Disney, Walt, Co; Rowse, Mike; Amusement Parks",https://www.nytimes.com/1999/07/02/business/international-business-hong-kong-and-disney-to-keep-discussing-a-theme-park.html
1999,1999-07-02T05:00:00Z,1990s,Jul-Aug,Indian Official Denies Talks With Pakistan Over Kashmir Fighting,"India External Affairs Min Jaswant Singh asserts that India is not involved in 'any negotiations' and 'not even consultations' with Pakistan, sloughing off speculation in both nations that back-channel diplomacy is under way to end violent crisis in mountains of Kashmir (M)",,"India External Affairs Min Jaswant Singh asserts that India is not involved in 'any negotiations' and 'not even consultations' with Pakistan, sloughing off speculation in both nations that back-channel diplomacy is under way to end violent crisis in mountains of Kashmir (M)",World,Foreign Desk,News,article,597,"India; Pakistan; KASHMIR AND JAMMU; Singh, Jaswant",https://www.nytimes.com/1999/07/02/world/indian-official-denies-talks-with-pakistan-over-kashmir-fighting.html
1999,1999-07-02T05:00:00Z,1990s,Jul-Aug,Joshua Nkomo of Zimbabwe Is Dead at 62,"Joshua Nkomo, once-fiery African nationalist and guerrilla leader who was father to Zimbabwe's struggle for independence, dies at age 62; photo (M)",,"Joshua Nkomo, once-fiery African nationalist and guerrilla leader who was father to Zimbabwe's struggle for independence, dies at age 62; photo (M)",World,Foreign Desk,Obituary; Biography,article,1116,"Zimbabwe; Nkomo, Joshua; Biographical Information; Deaths (Obituaries)",https://www.nytimes.com/1999/07/02/world/joshua-nkomo-of-zimbabwe-is-dead-at-62.html
1999,1999-07-02T05:00:00Z,1990s,Jul-Aug,MOVIE GUIDE,,,,Movies,"Movies, Performing Arts/Weekend Desk",Schedule,article,2107,,https://www.nytimes.com/1999/07/02/movies/movie-guide.html
1999,1999-07-02T05:00:00Z,1990s,Jul-Aug,SPARE TIMES,,,,Arts,Leisure/Weekend Desk,Schedule,article,1505,,https://www.nytimes.com/1999/07/02/arts/spare-times-422533.html
1999,1999-07-02T05:00:00Z,1990s,Jul-Aug,"Sports of The Times; For Chastain, An Error, Then a Goal","George Vecsey Sports of The Times column on US 3-2 victory over Germany in quarterfinals of Women's World Cup; notes that US defender Brandi Chastain mistakenly kicked ball into her own goal, but redeemed herself by scoring goal that tied score at 2-2; photo (M)",,"George Vecsey Sports of The Times column on US 3-2 victory over Germany in quarterfinals of Women's World Cup; notes that US defender Brandi Chastain mistakenly kicked ball into her own goal, but redeemed herself by scoring goal that tied score at 2-2; photo (M)",Sports,Sports Desk,News,article,764,"Germany; Chastain, Brandi; Soccer; Women's World Cup (Soccer); SPORTS OF THE TIMES (TIMES COLUMN)",https://www.nytimes.com/1999/07/02/sports/sports-of-the-times-for-chastain-an-error-then-a-goal.html
1999,1999-07-02T05:00:00Z,1990s,Jul-Aug,U.S. Relaxes the Limits on Exports of High-Speed Computers,"Pres Clinton greatly eases restrictions on computers that American companies can export to countries like Russia and China, arguing that advances in technology have made laptops and full-size personal computers just as powerful as supercomputers of just a few years ago; Clinton's decision is victory for American computer makers, which had lobbied aggressively for change so they could export machines unfettered by regulations that have hindered their ability to make money overseas and have given their foreign competitors a big advantage (M)",,"Pres Clinton greatly eases restrictions on computers that American companies can export to countries like Russia and China, arguing that advances in technology have made laptops and full-size personal computers just as powerful as supercomputers of just a few years ago; Clinton's decision is victory for American computer makers, which had lobbied aggressively for change so they could export machines unfettered by regulations that have hindered their ability to make money overseas and have given their foreign competitors a big advantage (M)",World,Foreign Desk,News,article,1121,"Russia; China; Clinton, Bill; International Trade and World Market; Computers and the Internet",https://www.nytimes.com/1999/07/02/world/us-relaxes-the-limits-on-exports-of-high-speed-computers.html
1999,1999-07-02T05:00:00Z,1990s,Jul-Aug,WORLD BRIEFING,,,,World,Foreign Desk,News,article,1006,,https://www.nytimes.com/1999/07/02/world/world-briefing.html
1999,1999-09-01T05:00:00Z,1990s,Sep-Oct,"India, Too, Has a Right to Credible Nuclear Deterrence","India's proposed nuclear weapons doctrine defines the role of such arms in its defense. When the report containing the proposals was released recently, controversy immediately erupted. . This is not surprising. No other nuclear democracy has publicly deb",,"India's proposed nuclear weapons doctrine defines the role of such arms in its defense. When the report containing the proposals was released recently, controversy immediately erupted. . This is not surprising. No other nuclear democracy has publicly deb",Opinion,IHT News,,article,4209,,https://www.nytimes.com/1999/09/01/opinion/IHT-india-too-has-a-right-to-credible-nuclear-deterrence.html
1999,1999-09-01T05:00:00Z,1990s,Sep-Oct,Toward Arms Control in Central Asia,"As the new millennium approaches, the outlook for controlling the spread of nuclear weapons appears a lot bleaker than it was four years ago, when the Nuclear Nonproliferation Treaty was extended indefinitely. .India and Pakistan conducted 11 nuclear t",,"As the new millennium approaches, the outlook for controlling the spread of nuclear weapons appears a lot bleaker than it was four years ago, when the Nuclear Nonproliferation Treaty was extended indefinitely. .India and Pakistan conducted 11 nuclear t",Opinion,IHT News,,article,3690,,https://www.nytimes.com/1999/09/01/opinion/IHT-toward-arms-control-in-central-asia.html
1999,1999-09-01T05:00:00Z,1990s,Sep-Oct,Wraps Are Off at a Sexually Explicit Film Festival : Graphic Bill of Fare in Venice,"Stanley Kubrick's ""Eyes Wide Shut"" will be given its first European, and uncensored, public screening Wednesday evening, with Tom Cruise and Nicole Kidman in attendance, as the opening movie of this year's Venice Film Festival..In fact, sever",,"Stanley Kubrick's ""Eyes Wide Shut"" will be given its first European, and uncensored, public screening Wednesday evening, with Tom Cruise and Nicole Kidman in attendance, as the opening movie of this year's Venice Film Festival..In fact, sever",Style,IHT News,,article,6139,,https://www.nytimes.com/1999/09/01/style/IHT-wraps-are-off-at-a-sexually-explicit-film-festival-graphic-bill-of.html
1999,1999-09-02T05:00:00Z,1990s,Sep-Oct,AT HOME WITH: Esther Williams; Swimming Upstream,"Interview with Esther Williams, whose new memoir The Million Dollar Mermaid chronicles her years as Metro-Goldyn-Mayer's aquatic sensation; photos (M)",,"Interview with Esther Williams, whose new memoir The Million Dollar Mermaid chronicles her years as Metro-Goldyn-Mayer's aquatic sensation; photos (M)",Home & Garden,House & Home/Style Desk,Biography,article,2082,"Williams, Esther; MOTION PICTURES; Swimming; Books and Literature; Biographical Information; MILLION DOLLAR MERMAID, THE (BOOK)",https://www.nytimes.com/1999/09/02/garden/at-home-with-esther-williams-swimming-upstream.html
1999,1999-09-02T05:00:00Z,1990s,Sep-Oct,Beijing Journal; Birthday Party in Wax: Guest of Honor Is Missing,Surprising number of construction projects in Beijing set for completion by Oct 1 to mark 50th anniversary of People's Republic of China seem to be on schedule as city spruces up for event; wax statue of Pres Jiang Zemin made for museum exhibition depicting China's great men has been rejected as unacceptable; photo (M),,Surprising number of construction projects in Beijing set for completion by Oct 1 to mark 50th anniversary of People's Republic of China seem to be on schedule as city spruces up for event; wax statue of Pres Jiang Zemin made for museum exhibition depicting China's great men has been rejected as unacceptable; photo (M),World,Foreign Desk,News,article,1076,China; Beijing (China); Jiang Zemin,https://www.nytimes.com/1999/09/02/world/beijing-journal-birthday-party-in-wax-guest-of-honor-is-missing.html
1999,1999-09-02T05:00:00Z,1990s,Sep-Oct,China's Subtle Spying,Former Federal Bureau of Investigation aide Paul D Moore Op-Ed article holds case of Los Alamos National Laboratory scientist Wen Ho Lee shows China may have devised espionage strategy that can consistently defeat United State's ability to probe or prosecute spying offenses; holds China's strategy of exploiting visiting scientists and experts to get data a little bit at a time involves no payments or tangible evidence; holds US should focus on preventing 'occasions for indiscretion;' drawing (M),,Former Federal Bureau of Investigation aide Paul D Moore Op-Ed article holds case of Los Alamos National Laboratory scientist Wen Ho Lee shows China may have devised espionage strategy that can consistently defeat United State's ability to probe or prosecute spying offenses; holds China's strategy of exploiting visiting scientists and experts to get data a little bit at a time involves no payments or tangible evidence; holds US should focus on preventing 'occasions for indiscretion;' drawing (M),Opinion,Editorial Desk,Op-Ed,article,865,"China; United States; Los Alamos National Laboratory; Moore, Paul D; Lee, Wen Ho; Espionage; ATOMIC WEAPONS; United States Armament and Defense; United States International Relations",https://www.nytimes.com/1999/09/02/opinion/chinas-subtle-spying.html
1999,1999-09-02T05:00:00Z,1990s,Sep-Oct,Finding Love or Friendship,"Letter from Wayne Chin, prompted by Aug 26 article on finding love over Internet, details his failed efforts to find someone via E-mail",,"Letter from Wayne Chin, prompted by Aug 26 article on finding love over Internet, details his failed efforts to find someone via E-mail",Technology,Circuits,Letter,article,222,"Chin, Wayne; Electronic Mail; Dating (Social); Computers and the Internet",https://www.nytimes.com/1999/09/02/technology/l-finding-love-or-friendship-320331.html
1999,1999-09-02T05:00:00Z,1990s,Sep-Oct,"INTERNATIONAL BUSINESS; With Light Touch, Trade Chief Takes Over",Mike Moore of New Zealand begins his first day as leader of World Trade Organization with reminder of some of nettlesome issues he faces as top global trader arbitrator; Moore comments; photo (M),,Mike Moore of New Zealand begins his first day as leader of World Trade Organization with reminder of some of nettlesome issues he faces as top global trader arbitrator; Moore comments; photo (M),Business,Business/Financial Desk,News,article,743,"World Trade Organization; Moore, Mike; International Trade and World Market; Biographical Information",https://www.nytimes.com/1999/09/02/business/international-business-with-light-touch-trade-chief-takes-over.html
1999,1999-09-02T05:00:00Z,1990s,Sep-Oct,In America; No Problem,"Bob Herbert Op-Ed article scores New York City police for firing 12 shots at Gidone Busch, mentally ill man who hit officer with hammer; questions why six officers on scene did not try to subdue him; deplores Mayor Rudolph W Giuliani's refusal to curb police excesses (M)",,"Bob Herbert Op-Ed article scores New York City police for firing 12 shots at Gidone Busch, mentally ill man who hit officer with hammer; questions why six officers on scene did not try to subdue him; deplores Mayor Rudolph W Giuliani's refusal to curb police excesses (M)",Opinion,Editorial Desk,Op-Ed,article,720,"New York City; Busch, Gidone; Giuliani, Rudolph W; Police Brutality and Misconduct; Attacks on Police; Mental Health and Disorders; Police",https://www.nytimes.com/1999/09/02/opinion/in-america-no-problem.html
1999,1999-09-02T05:00:00Z,1990s,Sep-Oct,THE MEDIA BUSINESS: ADVERTISING -- ADDENDA; Vodka Ad Is Stopped After Racism Protest,"Skyy Vodka will discontinue ad after protest by members of Asian-American Web site Asianavenue.com, part of Community Connect Inc; site says ad is racially offensive; it shows nearly naked white woman being served glass of vodka by Asian woman robed in traditional Japanese attire; Arul Sundaram, spokesman for Web site, says its members felt that Skyy stereotyped Asian women as 'china dolls' and submissive to other races (S)",,"Skyy Vodka will discontinue ad after protest by members of Asian-American Web site Asianavenue.com, part of Community Connect Inc; site says ad is racially offensive; it shows nearly naked white woman being served glass of vodka by Asian woman robed in traditional Japanese attire; Arul Sundaram, spokesman for Web site, says its members felt that Skyy stereotyped Asian women as 'china dolls' and submissive to other races (S)",Business,Business/Financial Desk,News,article,152,"Asianavenue.com; Community Connect Inc; Skyy Spirits Inc; Sundaram, Arul; Discrimination; women; Vodka; Asian-Americans; Alcoholic Beverages; Computers and the Internet; ADVERTISING (TIMES COLUMN)",https://www.nytimes.com/1999/09/02/business/the-media-business-advertising-addenda-vodka-ad-is-stopped-after-racism-protest.html
1999,1999-09-02T05:00:00Z,1990s,Sep-Oct,Unshackle the UN : LETTERS TO THE EDITOR,"Regarding ""The United Nations: The Security Council Isn't Performing"" (Opinion, Aug. 5) by Richard Butler:.With China and Russia becoming increasingly hostile to international action to stop genocidal activities of tyrants around the world, a",,"Regarding ""The United Nations: The Security Council Isn't Performing"" (Opinion, Aug. 5) by Richard Butler:.With China and Russia becoming increasingly hostile to international action to stop genocidal activities of tyrants around the world, a",Opinion,IHT News,,article,1186,,https://www.nytimes.com/1999/09/02/opinion/IHT-unshackle-the-un-letters-to-the-editor.html
1999,1999-09-02T05:00:00Z,1990s,Sep-Oct,World Briefing,,,,World,Foreign Desk,News,article,1016,,https://www.nytimes.com/1999/09/02/world/world-briefing.html
1999,1999-09-03T05:00:00Z,1990s,Sep-Oct,"1924:China Menace : IN OUR PAGES:100, 75 AND 50 YEARS AGO","PARIS — Rumors were current in Paris that if the situation in China continues to menace the safety of foreign residents, a Council of Foreign Nations would be called and a warning sent to the generals that no interference with foreign rights would b",,"PARIS — Rumors were current in Paris that if the situation in China continues to menace the safety of foreign residents, a Council of Foreign Nations would be called and a warning sent to the generals that no interference with foreign rights would b",Opinion,IHT News,,article,496,,https://www.nytimes.com/1999/09/03/opinion/IHT-1924china-menace-in-our-pages100-75-and-50-years-ago.html
1999,1999-09-03T05:00:00Z,1990s,Sep-Oct,"ART REVIEW; A World of Passion, Stroke by Quivering Stroke",Holland Cotter reviews Metropolitan Museum of Art exhibition of Chinese paintings from collection of C C Wang; photos (M),,Holland Cotter reviews Metropolitan Museum of Art exhibition of Chinese paintings from collection of C C Wang; photos (M),Arts,Leisure/Weekend Desk,Review,article,2008,"China; Metropolitan Museum of Art; Wang, C C; Reviews; Art",https://www.nytimes.com/1999/09/03/arts/art-review-a-world-of-passion-stroke-by-quivering-stroke.html
1999,1999-09-03T05:00:00Z,1990s,Sep-Oct,Arts Guide,,,,Style,IHT News,,article,5839,,https://www.nytimes.com/1999/09/03/style/IHT-arts-guide.html
1999,1999-09-03T05:00:00Z,,,China Says It Will Not Use Nuclear Weapons Against Taiwan,"Chinese Foreign Ministry repeats its resolve to retake Taiwan by force if necessary, but pledges not to use nuclear weapons in event of conflict; this is most explicit public renunciation of nuclear option that China has ever given Taiwan, and it suggests slight easing of their latest tensions (M)",,,World,,,,,,https://www.nytimes.com/1999/09/03/world/china-says-it-will-not-use-nuclear-weapons-against-taiwan.html
1999,1999-09-03T05:00:00Z,1990s,Sep-Oct,Congress and Espionage,Letter by Reps Christopher Cox and Norm Dicks disputes James Bamford's Aug 26 Op-Ed article; says Congress has made extraordinary efforts to maintain nonpartisanship in investigation of theft of design information on thermonuclear warheads by China,,Letter by Reps Christopher Cox and Norm Dicks disputes James Bamford's Aug 26 Op-Ed article; says Congress has made extraordinary efforts to maintain nonpartisanship in investigation of theft of design information on thermonuclear warheads by China,Opinion,Editorial Desk,Letter,article,153,"China; United States; Cox, Christopher; DICKS, NORM; Bamford, James; ATOMIC WEAPONS; Espionage; United States Armament and Defense",https://www.nytimes.com/1999/09/03/opinion/l-congress-and-espionage-329274.html
1999,1999-09-03T05:00:00Z,1990s,Sep-Oct,European Quirks : LETTERS TO THE EDITOR,"Regarding ""No Peace at the Trans-Atlantic Table"" (Meanwhile, Aug. 27) by Martin Kettle:.I agree entirely with Mr. Kettle's assessment of the importance of dietary and health attitudes in shaping responses to global political and economic issue",,"Regarding ""No Peace at the Trans-Atlantic Table"" (Meanwhile, Aug. 27) by Martin Kettle:.I agree entirely with Mr. Kettle's assessment of the importance of dietary and health attitudes in shaping responses to global political and economic issue",Opinion,IHT News,,article,875,,https://www.nytimes.com/1999/09/03/opinion/IHT-european-quirks-letters-to-the-editor.html
1999,1999-09-03T05:00:00Z,1990s,Sep-Oct,MOVIE GUIDE,,,,Movies,"Movies, Performing Arts/Weekend Desk",Schedule,article,3231,,https://www.nytimes.com/1999/09/03/movies/movie-guide.html
1999,1999-09-03T05:00:00Z,1990s,Sep-Oct,On My Mind; When Is It News?,"A M Rosenthal Op-Ed column on Sudan's efforts to get United Nations to lift credentials of Christian Solidarity International, foreign organization that wants to attend and speak at UN meeting on slavery in Sudan; says Sudan singled out CSI for attack because of its support in America; notes US was lone country to vote against Sudan in matter; says slave-taking nation should not be allowed to stifle organization that struggles for slave-freeing; scores news media for not covering issue of modern slavery in depth (M)",,"A M Rosenthal Op-Ed column on Sudan's efforts to get United Nations to lift credentials of Christian Solidarity International, foreign organization that wants to attend and speak at UN meeting on slavery in Sudan; says Sudan singled out CSI for attack because of its support in America; notes US was lone country to vote against Sudan in matter; says slave-taking nation should not be allowed to stifle organization that struggles for slave-freeing; scores news media for not covering issue of modern slavery in depth (M)",Opinion,Editorial Desk,Op-Ed,article,672,Sudan; United Nations; Christian Solidarity International; United States International Relations; Slavery; SUDAN-INTERNATIONAL RELATIONS-US; News and News Media,https://www.nytimes.com/1999/09/03/opinion/on-my-mind-when-is-it-news.html
1999,1999-09-15T05:00:00Z,,,Trading With China,Editorial urges Clinton Administration to press to bring China into World Trade Organization; holds deal could improve possibility of dialogue on other contentious issues,,,Opinion,,,,,,https://www.nytimes.com/1999/09/15/opinion/trading-with-china.html
1999,1999-09-17T05:00:00Z,,,On My Mind; Partying In China,"A M Rosenthal Op-Ed column says more than 200 American CEO's have signed up to attend economic forum in Shanghai sponsored by Fortune magazine, with plans to then travel to Beijing for Chinese Communist Politburo's national celebration of 50th anniversary of People's Republic; says while it is damaging for any member of press to organize party for government dictatorship, basic problem is that American business leaders cannot see obligation of American corporations to use their economic power to help viciously oppressed in China; says everything having to do with business and profits is on Shanghai agenda, except human rights of Chinese who are buying products and providing cheap labor (M)",,,Opinion,,,,,,https://www.nytimes.com/1999/09/17/opinion/on-my-mind-partying-in-china.html
1999,1999-09-28T05:00:00Z,,,A HALF-CENTURY IN CHINA; The Bright Young Stars of China's Future,"New class of leaders is emerging in China that will form its public face in decades to come; they are men and women in their 30's and 40's whose aims and experiences exemplify growing diversity of China after two decades of market-oriented change; while ultimate power remains tightly linked to Communist Party politics, many members of new generation exert influence in wide variety of other fields, like business, art and science (M)",,,World,,,,,,https://www.nytimes.com/1999/09/28/world/a-half-century-in-china-the-bright-young-stars-of-china-s-future.html
1999,1999-10-01T05:00:00Z,,,The Dissidents Do Not Speak to All of China,"Li Xiaojun letter notes great gains in living conditions in China in last 20 years, and says few people care about dissidents",,,Opinion,,,,,,https://www.nytimes.com/1999/10/01/opinion/l-the-dissidents-do-not-speak-to-all-of-china-752258.html
1999,1999-10-04T05:00:00Z,,,Russian Warships in China for Anniversary,Two Russian warships visit Shanghai for first naval exercises with China to mark the 50th anniversary of ties between both countries; Prime Min Zhu Rongji praises warming of ties and calls for strengthening of strategic partnership (S),,,World,,,,,,https://www.nytimes.com/1999/10/04/world/russian-warships-in-china-for-anniversary.html
1999,1999-11-01T05:00:00Z,1990s,Nov-Dec,Four Leaders Of Movement Are Charged By Beijing,"Chinese Govt formally charges four of top leaders of banned Falun Gong movement; immediately uses new sections of country's criminal law approved by legislators on October 30, which make it crime to organize 'superstitious sects and secret societies' that violate laws or administrative regulations and are punishable with prison terms of seven years or more; quick use of law to charge Li Chang, Wang Zhiwen, Ji Liewu and Yao Jie signals Communist Govt's resolve to quash group, whose core members remain stubbornly devoted despite ban imposed in July (M)",,"Chinese Govt formally charges four of top leaders of banned Falun Gong movement; immediately uses new sections of country's criminal law approved by legislators on October 30, which make it crime to organize 'superstitious sects and secret societies' that violate laws or administrative regulations and are punishable with prison terms of seven years or more; quick use of law to charge Li Chang, Wang Zhiwen, Ji Liewu and Yao Jie signals Communist Govt's resolve to quash group, whose core members remain stubbornly devoted despite ban imposed in July (M)",World,Foreign Desk,News,article,748,China; Falun Gong; YAO JIE; JI LIEWU; LI CHANG; WANG ZHIWEN; Religious Cults; Biographical Information; Law and Legislation; Freedom and Human Rights,https://www.nytimes.com/1999/11/01/world/four-leaders-of-movement-are-charged-by-beijing.html
1999,1999-11-01T05:00:00Z,1990s,Nov-Dec,INSIDE,,,,New York,Metropolitan Desk,Summary,article,93,,https://www.nytimes.com/1999/11/01/nyregion/inside-225398.html
1999,1999-11-01T05:00:00Z,1990s,Nov-Dec,"MEDIA; After Protracted Talks, a Disneyland Will Rise in Hong Kong","Walt Disney Co and Hong Kong government reportedly agree to build theme park as joint venture, government's most costly undertaking since area's 1997 return to Chinese rule; park, to be built on reclaimed land on Lantau island, will open in 2005; government reportedly will put up bulk of cost through contribution toward land, roads and other services (M)",,"Walt Disney Co and Hong Kong government reportedly agree to build theme park as joint venture, government's most costly undertaking since area's 1997 return to Chinese rule; park, to be built on reclaimed land on Lantau island, will open in 2005; government reportedly will put up bulk of cost through contribution toward land, roads and other services (M)",Business,Business/Financial Desk,News,article,1072,"Hong Kong; LANTAU (HONG KONG); Disney, Walt, Co; Amusement Parks",https://www.nytimes.com/1999/11/01/business/media-after-protracted-talks-a-disneyland-will-rise-in-hong-kong.html
1999,1999-11-01T05:00:00Z,1990s,Nov-Dec,NEWS SUMMARY,,,,New York,Metropolitan Desk,Summary,article,1235,,https://www.nytimes.com/1999/11/01/nyregion/news-summary-225967.html
1999,1999-11-01T05:00:00Z,1990s,Nov-Dec,School a Rare Luxury for Rural Chinese Girls,"Economics are keeping increasing number of children out of school in many parts of poor rural China as required fees at state schools have grown exponentially since central Govt largely stopped subsidizing primary education decade ago; education is financed by residents of poorest villages only when finances allow and far more often for boys than for girls; experts say aggressive Govt campaign to achieve 100 percent enrollment by year 2000 has pushed attendance up in more prosperous regions, but that only fraction of children are in school in number of poor rural areas; map; photos (M)",,"Economics are keeping increasing number of children out of school in many parts of poor rural China as required fees at state schools have grown exponentially since central Govt largely stopped subsidizing primary education decade ago; education is financed by residents of poorest villages only when finances allow and far more often for boys than for girls; experts say aggressive Govt campaign to achieve 100 percent enrollment by year 2000 has pushed attendance up in more prosperous regions, but that only fraction of children are in school in number of poor rural areas; map; photos (M)",World,Foreign Desk,News,article,1658,China; Education and Schools; Tuition; Politics and Government; women; Economic Conditions and Trends,https://www.nytimes.com/1999/11/01/world/school-a-rare-luxury-for-rural-chinese-girls.html
1999,1999-11-02T05:00:00Z,1990s,Nov-Dec,A CONVERSATION WITH: ROBERT ZUBRIN; A New Frontier Aboard the Mars Direct,"Interview with Dr Robert Zubrin, founder of Mars Society, on his plan for cut-rate exploration of Red Planet; photo (M)",,"Interview with Dr Robert Zubrin, founder of Mars Society, on his plan for cut-rate exploration of Red Planet; photo (M)",Science,Science Desk,Interview,article,1322,"MARS (PLANET); Mars Society; Zubrin, Robert; Space",https://www.nytimes.com/1999/11/02/science/a-conversation-with-robert-zubrin-a-new-frontier-aboard-the-mars-direct.html
1999,1999-11-02T05:00:00Z,1990s,Nov-Dec,BUSINESS DIGEST,,,,Business,Business/Financial Desk,Summary,article,555,,https://www.nytimes.com/1999/11/02/business/business-digest-238112.html
1999,1999-11-02T05:00:00Z,1990s,Nov-Dec,Clinton Seeks China Deal On Trade by Month's End,"Pres Clinton hopes to close deal with China by end of November that will pave way for its entry into World Trade Organization even if Congress is unable to pass judgment on agreement until year 2000; administration has been engaged in series of secret exchanges with China since October 16 telephone call from Clinton to Pres Jiang Zemin; Clinton aides say he regards deal as his best shot at stabilizing American relations with China during last year in office; say he has offered to make first move to break long stalemate in talks, volunteering to send China's leaders details of agreement characterized as Washington's botton line; say he deeply regrets his rejection of far-reaching China trade deal in April (M)",,"Pres Clinton hopes to close deal with China by end of November that will pave way for its entry into World Trade Organization even if Congress is unable to pass judgment on agreement until year 2000; administration has been engaged in series of secret exchanges with China since October 16 telephone call from Clinton to Pres Jiang Zemin; Clinton aides say he regards deal as his best shot at stabilizing American relations with China during last year in office; say he has offered to make first move to break long stalemate in talks, volunteering to send China's leaders details of agreement characterized as Washington's botton line; say he deeply regrets his rejection of far-reaching China trade deal in April (M)",Business,Business/Financial Desk,News,article,1398,"China; World Trade Organization; Clinton, Bill; Jiang Zemin; United States International Relations; International Trade and World Market; China-International Relations-US",https://www.nytimes.com/1999/11/02/business/clinton-seeks-china-deal-on-trade-by-month-s-end.html
1999,1999-11-02T05:00:00Z,1990s,Nov-Dec,NEWS SUMMARY,,,,New York,Metropolitan Desk,Summary,article,1319,,https://www.nytimes.com/1999/11/02/nyregion/news-summary-239984.html
1999,1999-11-02T05:00:00Z,1990s,Nov-Dec,SOCCER; Kelly Smith's 90 Minutes of Fame Yet to Come,Article profiles career of soccer player Kelly Smith of Seton Hall (M),,Article profiles career of soccer player Kelly Smith of Seton Hall (M),Sports,Sports Desk,News,article,703,"Seton Hall University; Smith, Kelly; Soccer; Biographical Information",https://www.nytimes.com/1999/11/02/sports/soccer-kelly-smith-s-90-minutes-of-fame-yet-to-come.html
1999,1999-11-02T05:00:00Z,1990s,Nov-Dec,"THE CRASH OF EGYPTAIR 990: THE VICTIMS; Across the World, Families And Friends Sift Memories","Profile of Imilda Kolander, who died aboard Egyptair Boeing 767; photo (M)",,"Profile of Imilda Kolander, who died aboard Egyptair Boeing 767; photo (M)",U.S.,National Desk,News,article,310,"Boeing Co; EgyptAir; Kolander, Imilda; Accidents and Safety; Airlines and Airplanes; Biographical Information",https://www.nytimes.com/1999/11/02/us/crash-egyptair-990-victims-across-world-families-friends-sift-memories-241466.html
1999,1999-11-02T05:00:00Z,1990s,Nov-Dec,WORLD BRIEFING,,,,World,Foreign Desk,News,article,887,,https://www.nytimes.com/1999/11/02/world/world-briefing.html
1999,1999-11-03T05:00:00Z,1990s,Nov-Dec,C.I.A.'s Gaffe? A Male Failing,"US trade representative Charlene Barshefsky, in testimony before Senate Banking Committee, attributes slowness of negotiations over China's entry into World Trade Organization to chill in relations stemming from mistaken bombing by NATO warplanes of Chinese Embassy in Belgrade, Serbia, that was orchestrated by 'men' at CIA who 'never ask for directions' (S)",,"US trade representative Charlene Barshefsky, in testimony before Senate Banking Committee, attributes slowness of negotiations over China's entry into World Trade Organization to chill in relations stemming from mistaken bombing by NATO warplanes of Chinese Embassy in Belgrade, Serbia, that was orchestrated by 'men' at CIA who 'never ask for directions' (S)",World,Foreign Desk,News,article,180,"Serbia; China; North Atlantic Treaty Organization; World Trade Organization; Central Intelligence Agency; Barshefsky, Charlene; United States International Relations; Biographical Information; China-International Relations-US; Foreign Service",https://www.nytimes.com/1999/11/03/world/cia-s-gaffe-a-male-failing.html
1999,1999-11-03T05:00:00Z,1990s,Nov-Dec,Danger at the Crossroads,"Op-Ed article by Sheila N Heslin, former director at National Security Council, says Clinton Administration has undermined its own objectives in former Russian republics by focusing narrowly on rapid Caspian energy development while soft-pedaling political and military instability; says US has declared support for independence of South Caucasus countries, while pressuring them to go along with Russian rejection of limits on arms deployments in region that it had observed in days of Soviet Union; says Clinton Administration has said too little too late in opposition to wars in Chechnya, leading Russian nationalists to think that pursuit of their goals will meet little effective resistance from West; drawing (M)",,"Op-Ed article by Sheila N Heslin, former director at National Security Council, says Clinton Administration has undermined its own objectives in former Russian republics by focusing narrowly on rapid Caspian energy development while soft-pedaling political and military instability; says US has declared support for independence of South Caucasus countries, while pressuring them to go along with Russian rejection of limits on arms deployments in region that it had observed in days of Soviet Union; says Clinton Administration has said too little too late in opposition to wars in Chechnya, leading Russian nationalists to think that pursuit of their goals will meet little effective resistance from West; drawing (M)",Opinion,Editorial Desk,Op-Ed,article,1084,"Chechnya; Russia; Clinton, Bill; United States International Relations; Politics and Government; Independence Movements and Secession; CIVIL WAR AND GUERRILLA WARFARE; Russia-International Relations-US",https://www.nytimes.com/1999/11/03/opinion/danger-at-the-crossroads.html
1999,1999-11-03T05:00:00Z,1990s,Nov-Dec,INTERNATIONAL BUSINESS; Some Chinese Flexibility on Internet Seen,"Chang Xiaobing, deputy director at China's Ministry of Information Industry, reiterates ban on foreign investment in Internet projects, but hints that limited foreign participation might be possible in future; Chang says Internet interest is surging in China, with number of users tripling to estimated six million at end of 1999 from two million in 1998; China's Internet service providers have long been restricted from foreign investment (M)",,"Chang Xiaobing, deputy director at China's Ministry of Information Industry, reiterates ban on foreign investment in Internet projects, but hints that limited foreign participation might be possible in future; Chang says Internet interest is surging in China, with number of users tripling to estimated six million at end of 1999 from two million in 1998; China's Internet service providers have long been restricted from foreign investment (M)",Business,Business/Financial Desk,News,article,326,China; CHANG XIAOBING; Foreign Investments; Computers and the Internet,https://www.nytimes.com/1999/11/03/business/international-business-some-chinese-flexibility-on-internet-seen.html
1999,1999-11-03T05:00:00Z,1990s,Nov-Dec,Japan Drafts Bill to Control Some Cults By Year's End,"Japan's Govt approves bill aimed at restricting expanding activities of Aum Shinrikyo doomsday cult, group behind fatal nerve gas attack in Tokyo subway system in 1995 and other terrorist acts; bill gives security forces broad power to monitor and curtail activities of organizations that have committed 'indiscriminate mass murder' and whose leaders hold strong influence over its members; is response to growing outrage against group, which has expanded its membership and commercial efforts (M)",,"Japan's Govt approves bill aimed at restricting expanding activities of Aum Shinrikyo doomsday cult, group behind fatal nerve gas attack in Tokyo subway system in 1995 and other terrorist acts; bill gives security forces broad power to monitor and curtail activities of organizations that have committed 'indiscriminate mass murder' and whose leaders hold strong influence over its members; is response to growing outrage against group, which has expanded its membership and commercial efforts (M)",World,Foreign Desk,News,article,757,Japan; Tokyo (Japan); Aum Shinrikyo; Biological and Chemical Warfare; Religious Cults; Transit Systems; Law and Legislation; Terrorism,https://www.nytimes.com/1999/11/03/world/japan-drafts-bill-to-control-some-cults-by-year-s-end.html
1999,1999-11-03T05:00:00Z,1990s,Nov-Dec,Mickey and Minnie Go to Hong Kong; A Proposed Disney Park Raises Queries on Tourism and Cost,"Walt Disney Co and Hong Kong government announce long-awaited plan to open theme park in Hong Kong by 2005; total cost of park and related projects is $3.6 billion, of which Disney will contribute only $316 million; critics say government is paying large upfront costs for project; Hong Kong's leaders say park will help it fashion new identity as tourist destination in wake of its return to Chinese rule in 1997; Disney executives see it as powerful launch pad into China; charts; drawings; photo (M)",,"Walt Disney Co and Hong Kong government announce long-awaited plan to open theme park in Hong Kong by 2005; total cost of park and related projects is $3.6 billion, of which Disney will contribute only $316 million; critics say government is paying large upfront costs for project; Hong Kong's leaders say park will help it fashion new identity as tourist destination in wake of its return to Chinese rule in 1997; Disney executives see it as powerful launch pad into China; charts; drawings; photo (M)",Business,Business/Financial Desk,News,article,1579,"Hong Kong; Disney, Walt, Co; Amusement Parks; Finances",https://www.nytimes.com/1999/11/03/business/mickey-minnie-go-hong-kong-proposed-disney-park-raises-queries-tourism-cost.html
1999,1999-11-03T05:00:00Z,1990s,Nov-Dec,"Next, Indonesians Need to Reform Their Military","After the successful transfer of power to President Abdurrahman Wahid and Vice President Megawati Sukarnoputri, Indonesia's political leadership is turning toward the challenge of bringing stability, prosperity and democracy to the far-flung archipelago",,"After the successful transfer of power to President Abdurrahman Wahid and Vice President Megawati Sukarnoputri, Indonesia's political leadership is turning toward the challenge of bringing stability, prosperity and democracy to the far-flung archipelago",Opinion,IHT News,,article,5274,,https://www.nytimes.com/1999/11/03/opinion/IHT-next-indonesians-need-to-reform-their-military.html
1999,1999-11-03T05:00:00Z,1990s,Nov-Dec,Paris Rejects Video Criticizing U.S.,"An Amnesty International video criticizing the United States for alleged human rights violations has been rejected for approved showing on French television and cinema screens..The agency that sets a code of conduct for advertisers, known as the Office",,"An Amnesty International video criticizing the United States for alleged human rights violations has been rejected for approved showing on French television and cinema screens..The agency that sets a code of conduct for advertisers, known as the Office",,IHT News,,article,2493,,https://www.nytimes.com/1999/11/03/IHT-paris-rejects-video-criticizing-us.html
1999,1999-11-03T05:00:00Z,1990s,Nov-Dec,World Briefing,,,,World,Foreign Desk,News,article,872,,https://www.nytimes.com/1999/11/03/world/world-briefing.html
1999,1999-11-05T05:00:00Z,,,Risks of China Deal,"Letter from Robert Ross, professor of sociology at Clark University, says China should be pushed to guarantee basic labor rights as part of any trade deal (Nov 3 editorial)",,,Opinion,,,,,,https://www.nytimes.com/1999/11/05/opinion/l-risks-of-china-deal-286575.html
1999,1999-11-10T05:00:00Z,,,Israel Supplying Advanced Radar to China,Israeli official says Israel is outfitting Chinese Air Force Ilyushin-50 aircraft with advanced airborne early-warning system that will allow aircraft to conduct long-range radar surveillance (S),,,World,,,,,,https://www.nytimes.com/1999/11/10/world/israel-supplying-advanced-radar-to-china.html
1999,1999-11-12T05:00:00Z,,,"Talks on China Trade Deal In Peril, the U.S. Side Says",Trade representative Charlene Barshefsky and other US officials in Beijing express pessimism about prospects for long-sought deal to get China into World Trade Organization (M),,,World,,,,,,https://www.nytimes.com/1999/11/12/world/talks-on-china-trade-deal-in-peril-the-us-side-says.html
1999,1999-11-14T05:00:00Z,,,China Frees Australian,Australian businessman James Peng is released from Chinese jail where he was held since 1993 for alleged embezzlement (S),,,World,,,,,,https://www.nytimes.com/1999/11/14/world/china-frees-australian.html
1999,1999-11-16T05:00:00Z,,,Many Steps to Go Before China Can Become a Full Member,"World Trade Organization director general Mike Moore cautions that several steps remain before China can become full member of organization; bilateral agreements must be concluded with other WTO member nations, most significantly European Union; China has made agreements with US and 12 other countries (M)",,,Business,,,,,,https://www.nytimes.com/1999/11/16/business/many-steps-to-go-before-china-can-become-a-full-member.html
1999,1999-11-17T05:00:00Z,,,China Denies It Bought Israeli Radar,"Chinese government denies buying advanced airborne radar system from Israel, even though Israeli officials have privately acknowledged sale to US (S)",,,World,,,,,,https://www.nytimes.com/1999/11/17/world/china-denies-it-bought-israeli-radar.html
1999,1999-11-21T05:00:00Z,,,China Reports A Major Step Into Space,"China launches its first unmanned spacecraft; shuttle is in space for 21 hours and orbits earth 14 times; launching makes China third nation to go into space, after Soviet Union and United States; China has been secretly developing manned space flight program since 1992; Western experts had been expecting news of unmanned test flight (S)",,,World,,,,,,https://www.nytimes.com/1999/11/21/world/china-reports-a-major-step-into-space.html
1999,1999-12-02T05:00:00Z,,,Indonesia Leader in China,"Indonesian Pres Abdurrahman Wahid meets with Chinese Pres Jiang Zemin, Beijing (S)",,,World,,,,,,https://www.nytimes.com/1999/12/02/world/indonesia-leader-in-china.html
1999,1999-12-04T05:00:00Z,,,The China Question,Letter from Whitney H Gordon prompted by Nov 30 article on ordeal of Chinese dissident; questions at what point Americans' moral revulsion should have priority over economic activity (S),,,Opinion,,,,,,https://www.nytimes.com/1999/12/04/opinion/l-the-china-question-724203.html
1999,1999-12-09T05:00:00Z,,,Dalai Lama Predicts Changes for China,"Dalai Lama, Tibet's exiled leader, predicts end of totalitarian rule in China; says he can accept countries' trading with China as long as they go on raising human rights issues; lauds United States for raising such issues (S)",,,World,,,,,,https://www.nytimes.com/1999/12/09/world/dalai-lama-predicts-changes-for-china.html
1999,1999-12-12T05:00:00Z,,,To Be Thin in China,Emmett Barcalow letter on Dec 9 article deplores China's adoption of American stress on thinness,,,Opinion,,,,,,https://www.nytimes.com/1999/12/12/opinion/l-to-be-thin-in-china-840190.html
1999,1999-12-16T05:00:00Z,,,Rare Piracy Trial in China,"China's government will try 38 suspects in hijacking of ship in 1998, suggesting that it may be cracking down on high-seas piracy; release of suspected pirates several times in recent years noted (S)",,,World,,,,,,https://www.nytimes.com/1999/12/16/world/rare-piracy-trial-in-china.html
1999,1999-12-20T05:00:00Z,,,"Portugal Lowers Its Flag, Handing Macao to China","Portugal relinquishes Macao to China, ending 442 years of colonial rule and shaking off the last vestiges of European colonial influence in Asia; police break up gathering of members of the Falun Gong spiritual movement; first contingent of Chinese troops crosses the border; photos; map (M)",,,World,,,,,,https://www.nytimes.com/1999/12/20/world/portugal-lowers-its-flag-handing-macao-to-china.html
1999,1999-12-29T05:00:00Z,,,Chinese Tire Maker Sues Goodyear,"Goodyear Tire and Rubber Co is sued by China Tire Holdings, which accuses Goodyear of lavishing gifts on Chinese officials to secure interest in tire plant; China Tire says Goodyear interfered with its own interests in Dalian, China, plant and violated several US laws, including one barring payments intended to influence foreign officials; suit is seeking $3.5 billion (S)",,,Business,,,,,,https://www.nytimes.com/1999/12/29/business/chinese-tire-maker-sues-goodyear.html
