year,date,decade,sample_window,headline,abstract,lead_paragraph,snippet,section,news_desk,type_of_material,document_type,word_count,keywords,url
2010,2010-01-01T00:40:37Z,2010s,Jan-Feb,China: Xinjiang Enacts a Curb on Dissent,"The government of Xinjiang, the restive, predominantly Muslim region, said it had adopted what appeared to be a sweeping law barring the spread of views deemed to threaten national unity.",,"The government of Xinjiang, the restive, predominantly Muslim region, said it had adopted what appeared to be a sweeping law barring the spread of views deemed to threaten national unity.",World,Foreign,Brief,article,0,China; Xinjiang (China),https://www.nytimes.com/2010/01/01/world/asia/01briefs-UighurBrf.html
2010,2010-01-01T01:05:08Z,2010s,Jan-Feb,"Asia Free-Trade Zone Raises Hopes, and Some Fears About China","The new zone, consisting of China and 10 Southeast Asian nations, will remove tariffs on 90 percent of traded goods.",,"The new zone, consisting of China and 10 Southeast Asian nations, will remove tariffs on 90 percent of traded goods.",Business,Business,News,article,0,"China; Assn of Southeast Asian Nations; Far East, South and Southeast Asia and Pacific Areas; International Trade and World Market; Customs (Tariff)",https://www.nytimes.com/2010/01/01/business/global/01trade.html
2010,2010-01-01T01:17:52Z,2010s,Jan-Feb,It’s Always the End of the World as We Know It,"From today’s perspective, the Y2K fiasco seemed to be less about technology than about a morbid fascination with end-of-the-world scenarios.",,"From today’s perspective, the Y2K fiasco seemed to be less about technology than about a morbid fascination with end-of-the-world scenarios.",Opinion,OpEd,Op-Ed,article,0,New Year; Disasters and Emergencies; Computers and the Internet,https://www.nytimes.com/2010/01/01/opinion/01dutton.html
2010,2010-01-01T01:20:48Z,2010s,Jan-Feb,New York’s Resolutions,What might knit us together in 2010? Prominent New Yorkers muse aloud on some collective goals for the city.,,What might knit us together in 2010? Prominent New Yorkers muse aloud on some collective goals for the city.,New York,Metro,News,article,0,"Spitzer, Eliot L; Steinbrenner, George M 3d; Breslin, Jimmy; Stone, Oliver; New York City; Vanden Heuvel, Katrina; Raab, Jennifer; Trump, Donald J; Simmons, Russell",https://www.nytimes.com/2010/01/03/nyregion/03resolve.html
2010,2010-01-01T01:34:20Z,2010s,Jan-Feb,Grand New Concert Hall Tests a City’s Frugal Ways,"This affluent but unassuming German city is seeking recognition with showpiece architecture, but its residents are gulping as the project’s cost soars.",,"This affluent but unassuming German city is seeking recognition with showpiece architecture, but its residents are gulping as the project’s cost soars.",World,Foreign,News,article,0,Hamburg (Germany); Architecture,https://www.nytimes.com/2010/01/01/world/europe/01hamburg.html
2010,2010-01-01T02:36:13Z,2010s,Jan-Feb,Chinese New Year,"Chinese mercantilism is a growing problem, and the victims of that mercantilism have little to lose from a trade confrontation.",,"Chinese mercantilism is a growing problem, and the victims of that mercantilism have little to lose from a trade confrontation.",Opinion,Editorial,Op-Ed,article,0,Protectionism (Trade); International Trade and World Market; Yuan (Currency); Layoffs and Job Reductions; Wen Jiabao; Interest Rates; China; US Dollar (Currency),https://www.nytimes.com/2010/01/01/opinion/01krugman.html
2010,2010-01-01T02:42:19Z,2010s,Jan-Feb,The Copenhagen Call to Arms,The global recession had a greater impact than all the diplomatic efforts that ended in the Copenhagen flop: energy production had not declined on such a scale since 1981.,,The global recession had a greater impact than all the diplomatic efforts that ended in the Copenhagen flop: energy production had not declined on such a scale since 1981.,Business,Business,News,article,0,United Nations Framework Convention on Climate Change; Greenhouse Gas Emissions; Global Warming; International Trade and World Market; Recession and Depression; Copenhagen (Denmark),https://www.nytimes.com/2010/01/01/business/economy/01views.html
2010,2010-01-01T05:08:03Z,2010s,Jan-Feb,Teahouses’ Unique Blends Are Not Just in the Cup,Om Shan Tea is the newest of a breed of Bay Area teahouses that are reimagining the world’s ancient and diverse tea drinking customs for modern tea drinkers.,,Om Shan Tea is the newest of a breed of Bay Area teahouses that are reimagining the world’s ancient and diverse tea drinking customs for modern tea drinkers.,Food,National,News,article,0,San Francisco Bay Area (Calif); Tea; Coffeehouses,https://www.nytimes.com/2010/01/01/dining/01sfdine.html
2010,2010-01-01T06:21:32Z,2010s,Jan-Feb,North Korea Calls for Better U.S. Ties,North Korea issued a New Year’s message that highlighted the reclusive country’s attempt to readjust the focus of six-party nuclear disarmament talks.,,North Korea issued a New Year’s message that highlighted the reclusive country’s attempt to readjust the focus of six-party nuclear disarmament talks.,World,Foreign,News,article,0,North Korea; United States International Relations,https://www.nytimes.com/2010/01/02/world/asia/02korea.html
2010,2010-01-01T11:12:49Z,2010s,Jan-Feb,Discovery of Melamine-Tainted Milk Shuts Shanghai Dairy,Health officials charged the dairy with making products containing the substance at the heart of a 2008 scandal.,,Health officials charged the dairy with making products containing the substance at the heart of a 2008 scandal.,World,Foreign,News,article,0,China; Dairy Products; Food Contamination and Poisoning; Shanghai (China); Melamine,https://www.nytimes.com/2010/01/02/world/asia/02milk.html
2010,2010-01-01T20:01:05Z,2010s,Jan-Feb,Refugees Are Not Bargaining Chips,The spate of refugee returns in Asia has the urgency of an epidemic that needs to be contained.,,The spate of refugee returns in Asia has the urgency of an epidemic that needs to be contained.,Opinion,Editorial,Op-Ed,article,0,"Freedom and Human Rights; Hmong Tribe; Refugees; United Nations High Commission for Refugees; Far East, South and Southeast Asia and Pacific Areas",https://www.nytimes.com/2010/01/02/opinion/02iht-edfrelick.html
2010,2010-01-01T21:39:11Z,2010s,Jan-Feb,‘A Good Fall’,“My sister Yuchin and I used to write each other letters.”,,“My sister Yuchin and I used to write each other letters.”,Books,BookReview,First Chapter,article,0,Books and Literature,https://www.nytimes.com/2010/01/03/books/excerpt-a-good-fall.html
2010,2010-01-01T22:25:20Z,2010s,Jan-Feb,Events in New Jersey,"A guide to cultural and recreational goings-on around the state for the week of Jan. 3, 2010.",,"A guide to cultural and recreational goings-on around the state for the week of Jan. 3, 2010.",New York,Metro,Schedule,article,0,Music; Art; New Jersey; Culture,https://www.nytimes.com/2010/01/03/nyregion/03listingsnj.html
2010,2010-01-02T01:12:22Z,2010s,Jan-Feb,Index of China’s Manufacturing Rose Sharply in December,The indicator rose at its fastest rate in 20 months in the biggest month-to-month expansion since March.,,The indicator rose at its fastest rate in 20 months in the biggest month-to-month expansion since March.,Business,Business,News,article,0,China; Factories and Manufacturing; Economic Conditions and Trends,https://www.nytimes.com/2010/01/02/business/global/02yuan.html
2010,2010-01-02T01:31:09Z,2010s,Jan-Feb,Serving a Father by Bringing Long-Lost Koreans Home,"For more than 40 years, Choi Sung-yong has devoted himself to trying to find missing South Koreans, including his father, believed to have been snatched by the North.",,"For more than 40 years, Choi Sung-yong has devoted himself to trying to find missing South Koreans, including his father, believed to have been snatched by the North.",World,Foreign,Biography,article,0,North Korea; Kidnapping; South Korea; International Relations,https://www.nytimes.com/2010/01/02/world/asia/02choi.html
2010,2010-01-02T01:41:08Z,2010s,Jan-Feb,"The Stone Age Rocked, if You Liked Your Liquor","As early as 9,000 years ago, inhabitants of a Neolithic village in China were brewing a type of mead with an alcohol content of 10 percent.",,"As early as 9,000 years ago, inhabitants of a Neolithic village in China were brewing a type of mead with an alcohol content of 10 percent.",Week in Review,WeekInReview,News,article,0,,https://www.nytimes.com/2010/01/03/weekinreview/03grist.html
2010,2010-01-02T01:58:24Z,2010s,Jan-Feb,"For Stocks in the Developed World, It Was a Decade of Zeros","The developed world over all had a total return of only about 2 percent for the years from 2000 through 2009, and the United States did worse.",,"The developed world over all had a total return of only about 2 percent for the years from 2000 through 2009, and the United States did worse.",Business,Business,News,article,0,United States Economy; Stocks and Bonds; International Trade and World Market; Economic Conditions and Trends,https://www.nytimes.com/2010/01/02/business/economy/02charts.html
2010,2010-01-02T02:17:50Z,2010s,Jan-Feb,Telecom Company to Pay $3 Million in China Bribe Case,United States officials said the company paid about $7 million for hundreds of trips by employees of China’s telecommunications companies to visit America for sightseeing vacations.,,United States officials said the company paid about $7 million for hundreds of trips by employees of China’s telecommunications companies to visit America for sightseeing vacations.,Business,Business,News,article,0,China; UTStarcom Incorporated; Bribery,https://www.nytimes.com/2010/01/02/business/global/02bribe.html
2010,2010-01-02T02:42:08Z,2010s,Jan-Feb,South Korea’s Exports Surged Last Month,"South Korea’s exports increased in December at the fastest rate in 17 months, adding to signs that the country’s economy is recovering from the global recession.",,"South Korea’s exports increased in December at the fastest rate in 17 months, adding to signs that the country’s economy is recovering from the global recession.",Business,Business,Brief,article,0,South Korea; International Trade and World Market,https://www.nytimes.com/2010/01/02/business/global/02bizbriefs-SOUTHKOREASE_BRF.html
2010,2010-01-02T03:30:07Z,2010s,Jan-Feb,The Courage to Use the China,"A set of china, a family heirloom, beautiful, beloved — and fragile. That’s the problem.",,"A set of china, a family heirloom, beautiful, beloved — and fragile. That’s the problem.",New York,Metro,News,article,0,Home Furnishings; Grandparents,https://www.nytimes.com/2010/01/02/nyregion/02bigcity.html
2010,2010-03-01T01:22:59Z,2010s,Mar-Apr,Give the Olympics a Home,"The best way to end waste, promote stability and return the focus to the athletes would be to base all Olympic activities in traditionally neutral Switzerland.",,"The best way to end waste, promote stability and return the focus to the athletes would be to base all Olympic activities in traditionally neutral Switzerland.",Opinion,OpEd,Op-Ed,article,0,Switzerland; Olympic Games (2010); International Olympic Committee; Reform and Reorganization; Olympic Games,https://www.nytimes.com/2010/03/01/opinion/01altekruse.html
2010,2010-03-01T02:04:39Z,2010s,Mar-Apr,Quake Overshadows Clinton Tour of Region,Secretary of State Hillary Rodham Clinton had hoped to use the tour partly to address regional tensions.,,Secretary of State Hillary Rodham Clinton had hoped to use the tour partly to address regional tensions.,World,Foreign,News,article,0,"United States International Relations; Clinton, Hillary Rodham; Iran; Obama, Barack; Latin America; Brazil",https://www.nytimes.com/2010/03/01/world/americas/01clinton.html
2010,2010-03-01T04:01:33Z,2010s,Mar-Apr,White House Is Rethinking Nuclear Policy,Aides to President Obama say he will permanently reduce America’s arsenal by thousands of weapons.,,Aides to President Obama say he will permanently reduce America’s arsenal by thousands of weapons.,U.S.,Foreign,News,article,0,"Arms Control and Limitation and Disarmament; United States; United States International Relations; Obama, Barack; United States Defense and Military Forces; Nuclear Weapons",https://www.nytimes.com/2010/03/01/us/politics/01nuke.html
2010,2010-03-01T09:03:25Z,2010s,Mar-Apr,British Company to Buy A.I.G.’s Asian Unit,The $35 billion sale would allow A.I.G. to make the biggest repayment yet toward the $180 billion bailout.,,The $35 billion sale would allow A.I.G. to make the biggest repayment yet toward the $180 billion bailout.,Business,Business,News,article,0,"American International Group; Prudential Plc; Insurance; Mergers, Acquisitions and Divestitures",https://www.nytimes.com/2010/03/02/business/global/02aig.html
2010,2010-03-01T10:01:14Z,2010s,Mar-Apr,HSBC Disappoints on Profit and Warns on Bad Loans,"The bank’s profit for 2009 rose 1.9 percent to $5.8 billion, but the number was lower than analysts’ expectations. The bank also said it set more money aside for bad loans.",,"The bank’s profit for 2009 rose 1.9 percent to $5.8 billion, but the number was lower than analysts’ expectations. The bank also said it set more money aside for bad loans.",Business,Business,News,article,0,HSBC Holdings PLC; Banks and Banking; Company Reports; Great Britain,https://www.nytimes.com/2010/03/02/business/global/02hsbc.html
2010,2010-03-01T12:00:52Z,2010s,Mar-Apr,Prudential to Buy A.I.G. Unit for $35.5 Billion,Prudential P.L.C. of Britain said Monday that it had agreed to buy American International Group’s big life insurance business in Asia in a deal valued at $35.5 billion.,,Prudential P.L.C. of Britain said Monday that it had agreed to buy American International Group’s big life insurance business in Asia in a deal valued at $35.5 billion.,Business,Business,,article,1286,"American International Group; Prudential Plc; Far East, South and Southeast Asia and Pacific Areas",https://dealbook.nytimes.com/2010/03/01/prudential-agrees-to-buy-a-i-g-s-asia-unit-for-35-5-billion/
2010,2010-03-01T12:10:25Z,2010s,Mar-Apr,Marseille Continues Surge With a Victory Over PSG,Marseille claimed its fifth consecutive victory in all competitions as it won away at its bitter enemy Paris Saint-Germain to move within three points of French league leader Bordeaux.,,Marseille claimed its fifth consecutive victory in all competitions as it won away at its bitter enemy Paris Saint-Germain to move within three points of French league leader Bordeaux.,Sports,Sports,News,article,0,China; Soccer; France; Germany,https://www.nytimes.com/2010/03/02/sports/soccer/02iht-SOCCER.html
2010,2010-03-01T12:18:55Z,2010s,Mar-Apr,"In China, Toyota Chief Again Apologizes for Recall","Akio Toyoda went directly to China from the United States, an indication that China has become increasingly important to automakers as they struggle with weak global sales.",,"Akio Toyoda went directly to China from the United States, an indication that China has become increasingly important to automakers as they struggle with weak global sales.",Business,Business,News,article,0,"Apologies; Recalls and Bans of Products; Toyoda, Akio; China; Toyota Motor Corp",https://www.nytimes.com/2010/03/03/business/global/03akio.html
2010,2010-03-01T12:32:06Z,2010s,Mar-Apr,New Scrutiny on Censorship Issues for U.S. Companies in China,"Now that Google has thrown down the gauntlet, American companies may find arguments about the need to obey local laws do not offer blanket protection from questions about conduct.",,"Now that Google has thrown down the gauntlet, American companies may find arguments about the need to obey local laws do not offer blanket protection from questions about conduct.",Technology,Business,News,article,1200,China; Censorship; Google Inc; Amazon.com Inc; Microsoft Corp,https://www.nytimes.com/2010/03/02/technology/02internet.html
2010,2010-03-01T12:58:58Z,2010s,Mar-Apr,Communist Party Needs to Loosen Its Grip in China,Cutting state-owned Chinese firms down to size and opening up to private enterprise hold the key to sustaining productivity gains.,,Cutting state-owned Chinese firms down to size and opening up to private enterprise hold the key to sustaining productivity gains.,Business,Business,News,article,0,,https://www.nytimes.com/2010/03/02/business/global/02inside.html
2010,2010-03-01T13:10:26Z,2010s,Mar-Apr,"Greek Mess, Global Mess",The blame game over Greece's crisis misses the bigger problem. What is happening is a world-wide game of chicken.,,The blame game over Greece's crisis misses the bigger problem. What is happening is a world-wide game of chicken.,Opinion,Editorial,Op-Ed,article,0,Greece; European Union; Euro (Currency),https://www.nytimes.com/2010/03/02/opinion/02iht-edwallerstein.html
2010,2010-03-01T14:24:40Z,2010s,Mar-Apr,"In China, Toyota Chief Again Apologizes for Recall","Akio Toyoda went directly to China from the United States, an indication that China has become increasingly important to automakers as they struggle with weak global sales.",,"Akio Toyoda went directly to China from the United States, an indication that China has become increasingly important to automakers as they struggle with weak global sales.",Business,Business,News,article,0,"China; Recalls and Bans of Products; Toyoda, Akio; Apologies; Toyota Motor Corp",https://www.nytimes.com/2010/03/03/business/03akio.html
2010,2010-03-01T15:26:22Z,2010s,Mar-Apr,China Names Its Own Lama to Top Body of Advisers,"A teenage religious figure, whose legitimacy is a matter of dispute, has been appointed to the country’s top advisory body, state media announced.",,"A teenage religious figure, whose legitimacy is a matter of dispute, has been appointed to the country’s top advisory body, state media announced.",World,Foreign,News,article,0,Li Changjiang; Appointments and Executive Changes; Buddhism; China; Tibet; Dalai Lama,https://www.nytimes.com/2010/03/02/world/asia/02tibet.html
2010,2010-03-01T20:19:12Z,2010s,Mar-Apr,Justices Won’t Hear Uighur Case,"The court declined to rule on whether Muslims from China’s Uighur region can be released into the United States, because other countries have offered to accept them.",,"The court declined to rule on whether Muslims from China’s Uighur region can be released into the United States, because other countries have offered to accept them.",U.S.,National,News,article,0,"Uighurs (Chinese Ethnic Group); Urbina, Ricardo M; Afghanistan War (2001- ); Guantanamo Bay Naval Base (Cuba); Supreme Court; China",https://www.nytimes.com/2010/03/02/us/politics/02detain.html
2010,2010-03-02T00:53:19Z,2010s,Mar-Apr,Data Shows Camrys Outside Recall Also Had Problems,An analysis of U.S. federal documents showed that many Camrys built before 2007 — and not covered in recent recalls — were linked to speed control problems.,,An analysis of U.S. federal documents showed that many Camrys built before 2007 — and not covered in recent recalls — were linked to speed control problems.,Business,Business,News,article,0,Recalls and Bans of Products; Accidents and Safety; Automobiles; Toyota Motor Corp,https://www.nytimes.com/2010/03/02/business/02toyota.html
2010,2010-03-02T00:59:50Z,2010s,Mar-Apr,Chinese Editorials Assail a Government System,"In a country with a press tightly managed by the state, the appearance of the editorials in more than a dozen publications was noteworthy.",,"In a country with a press tightly managed by the state, the appearance of the editorials in more than a dozen publications was noteworthy.",World,Foreign,News,article,0,China; Politics and Government; Freedom of the Press,https://www.nytimes.com/2010/03/02/world/asia/02china.html
2010,2010-03-02T01:08:26Z,2010s,Mar-Apr,Iraqis Awash in Gifts From Candidates,The practice of candidates giving the public everything from chickens to cash is widespread and mostly welcomed.,,The practice of candidates giving the public everything from chickens to cash is widespread and mostly welcomed.,World,Foreign,News,article,0,IRAQ WAR (2003- ); Elections; Iraq,https://www.nytimes.com/2010/03/02/world/middleeast/02iraq.html
2010,2010-03-02T02:30:28Z,2010s,Mar-Apr,Monserrate Joins Contest for Old Seat in Senate,"Assemblyman José R. Peralta, Hiram Monserrate’s main opponent, has strong Democratic Party and gay support, but Mr. Monserrate has name recognition.",,"Assemblyman José R. Peralta, Hiram Monserrate’s main opponent, has strong Democratic Party and gay support, but Mr. Monserrate has name recognition.",New York,Metro,News,article,0,"Queens (NYC); State Legislatures; Monserrate, Hiram; Politics and Government; Peralta, Jose R; Elections",https://www.nytimes.com/2010/03/02/nyregion/02queens.html
2010,2010-03-02T02:56:33Z,2010s,Mar-Apr,U.S. to Reveal Rules on Internet Security,The government will lift part of the veil on its strategy for protecting the nation’s public and private computer systems.,,The government will lift part of the veil on its strategy for protecting the nation’s public and private computer systems.,Science,National,News,article,0,"Computer Security; Schmidt, Howard A; Cyberattacks and Cyberwarfare; Science and Technology",https://www.nytimes.com/2010/03/02/science/02cyber.html
2010,2010-03-02T04:32:22Z,2010s,Mar-Apr,A Country Basks in the Glow of a Hockey Gold,"Readers comment on the 2010 Olympics, what a hockey win meant for Canada, and a new way of looking at the medal count.",,"Readers comment on the 2010 Olympics, what a hockey win meant for Canada, and a new way of looking at the medal count.",Sports,Sports,Letter,article,0,"Olympic Games (2010); Crosby, Sidney; Hockey, Ice; Canada; Olympic Games",https://www.nytimes.com/2010/03/02/sports/02inbox.html
2010,2010-05-01T00:13:21Z,2010s,May-Jun,"Returning to College, Without the Beer","One Day University offers people who got their bachelor’s degree years before e-mail a chance to go to university classes again, but without all that drinking and flirting.",,"One Day University offers people who got their bachelor’s degree years before e-mail a chance to go to university classes again, but without all that drinking and flirting.",New York,Metro,News,article,0,One Day University; Education and Schools; Colleges and Universities,https://www.nytimes.com/2010/05/02/nyregion/02critic.html
2010,2010-05-01T00:24:32Z,2010s,May-Jun,On Names and Religion,"From New York’s ethnic newspapers, items particular to their individual readership.",,"From New York’s ethnic newspapers, items particular to their individual readership.",New York,Metro,News,article,0,Newspapers; Immigration and Emigration; Chinese-Americans,https://www.nytimes.com/2010/05/02/nyregion/02world.html
2010,2010-05-01T00:38:25Z,2010s,May-Jun,China: World Expo Opens,Shanghai kicked off the 2010 World Expo with an extravagant opening ceremony and fireworks show and a pledge to be more open and inclusive.,,Shanghai kicked off the 2010 World Expo with an extravagant opening ceremony and fireworks show and a pledge to be more open and inclusive.,World,Foreign,Brief,article,0,Trade Shows and Fairs; Shanghai (China),https://www.nytimes.com/2010/05/01/world/asia/01briefs-China.html
2010,2010-05-01T00:47:16Z,2010s,May-Jun,Mayweather’s Hands Stay Wrapped in Trust,"For all boxers, but for Floyd Mayweather Jr. especially, hands hold the ultimate importance. If not for Rafael Garcia, Mayweather might have retired.",,"For all boxers, but for Floyd Mayweather Jr. especially, hands hold the ultimate importance. If not for Rafael Garcia, Mayweather might have retired.",Sports,Sports,News,article,0,"Mayweather, Floyd Jr; Boxing; Mosley, Shane",https://www.nytimes.com/2010/05/01/sports/01fight.html
2010,2010-05-01T01:10:52Z,2010s,May-Jun,Foot Soldiers of the Automotive-Repair Trade,"Along Hunts Point Avenue in the Bronx, along a strip of car repair shops, hustlers brave the traffic, trying to reel in customers.",,"Along Hunts Point Avenue in the Bronx, along a strip of car repair shops, hustlers brave the traffic, trying to reel in customers.",New York,Metro,News,article,0,Glass; HUNTS POINT (NYC); Automobiles,https://www.nytimes.com/2010/05/01/nyregion/01metjournal.html
2010,2010-05-01T01:26:30Z,2010s,May-Jun,Democrats Reframe the Debate on Immigration,The outline of a proposal for enforcement to stop future illegal immigration is likely to be the centerpiece of the discussion this year. ,,The outline of a proposal for enforcement to stop future illegal immigration is likely to be the centerpiece of the discussion this year. ,U.S.,National,News Analysis,article,0,"Illegal Immigrants; Law and Legislation; Schumer, Charles E; Democratic Party; Senate",https://www.nytimes.com/2010/05/01/us/politics/01immig.html
2010,2010-05-01T01:30:33Z,2010s,May-Jun,Events in New Jersey,"A guide to cultural and recreational goings-on around the state for the week of May 2, 2010.",,"A guide to cultural and recreational goings-on around the state for the week of May 2, 2010.",New York,Metro,Schedule,article,0,Art; Culture; New Jersey; Theater; Music,https://www.nytimes.com/2010/05/02/nyregion/02listingsnj.html
2010,2010-05-01T01:57:54Z,2010s,May-Jun,Diplomat’s Arrest in Houston Spurs Complaint From China,"Three Houston police officers followed a Chinese diplomat into a parking garage at the Chinese Consulate and arrested him, the authorities said.",,"Three Houston police officers followed a Chinese diplomat into a parking garage at the Chinese Consulate and arrested him, the authorities said.",U.S.,National,News,article,0,China; United States International Relations; State Department,https://www.nytimes.com/2010/05/01/us/01consul.html
2010,2010-05-01T11:00:07Z,2010s,May-Jun,"In Russia, Women Compete for Right to Play for World Championship",The tournament is the third leg in a series that will determine the next challenger for the women’s title.,,The tournament is the third leg in a series that will determine the next challenger for the women’s title.,Gameplay,,,article,415,,https://gambit.blogs.nytimes.com/2010/05/01/in-russia-women-compete-for-right-to-play-for-world-championship/
2010,2010-05-01T15:21:33Z,2010s,May-Jun,Taiwan Flight Diverted by Threat,"A 58-year-old American man forced a plane to divert a flight to Shanghai after telling a flight attendant that he had a bomb in his luggage, news agencies reported.",,"A 58-year-old American man forced a plane to divert a flight to Shanghai after telling a flight attendant that he had a bomb in his luggage, news agencies reported.",World,Foreign,News,article,0,China; Airlines and Airplanes; Taipei (Taiwan); China Airlines; Bombs and Explosives,https://www.nytimes.com/2010/05/02/world/asia/02taiwan.html
2010,2010-05-01T18:56:00Z,2010s,May-Jun,Indonesians Seek Words to Attract China’s Favor,The rise of Chinese-language classes in Indonesia may be one of the most telling examples of China’s influence.,,The rise of Chinese-language classes in Indonesia may be one of the most telling examples of China’s influence.,World,Foreign,News,article,0,Indonesia; China; Chinese Language; International Trade and World Market,https://www.nytimes.com/2010/05/02/world/asia/02chinindo.html
2010,2010-05-01T18:59:14Z,2010s,May-Jun,The Spill vs. a Need to Drill,"In the furor over the Gulf disaster, a hard-to-overlook fact: America needs the oil.",,"In the furor over the Gulf disaster, a hard-to-overlook fact: America needs the oil.",Week in Review,WeekInReview,News,article,0,BP Plc; Gulf of Mexico; Accidents and Safety; Offshore Drilling and Exploration; Oil (Petroleum) and Gasoline; Environment,https://www.nytimes.com/2010/05/02/weekinreview/02jad.html
2010,2010-05-01T19:51:56Z,2010s,May-Jun,Google and Government Monitoring,Google has unveiled a new tool that reports governments’ requests to take down material from the Internet and provide data about users. Other companies should follow suit.,,Google has unveiled a new tool that reports governments’ requests to take down material from the Internet and provide data about users. Other companies should follow suit.,Opinion,Editorial,Editorial,article,0,Censorship; China; Google Inc; Computers and the Internet,https://www.nytimes.com/2010/05/02/opinion/02sun3.html
2010,2010-05-01T20:08:00Z,2010s,May-Jun,"For Corn Syrup, the Sweet Talk Gets Harder","Many Americans are trying to avoid high-fructose corn syrup, and more products are being made with sugar. But corn refiners haven’t given up trying to win over the public.",,"Many Americans are trying to avoid high-fructose corn syrup, and more products are being made with sugar. But corn refiners haven’t given up trying to win over the public.",Business,SundayBusiness,News,article,0,Diet and Nutrition; ConAgra Foods Incorporated; Advertising and Marketing; Corn Syrup and Sweeteners,https://www.nytimes.com/2010/05/02/business/02syrup.html
2010,2010-05-01T20:14:32Z,2010s,May-Jun,"In Britain, Change You Can Bereave In",Britain’s coming election might prove that the only thing worse than keeping tradition is breaking it.,,Britain’s coming election might prove that the only thing worse than keeping tradition is breaking it.,Opinion,OpEd,Op-Ed,article,0,"Clegg, Nick; Cameron, David; Brown, Gordon; Great Britain; Politics and Government; Elections",https://www.nytimes.com/2010/05/02/opinion/02gill.html
2010,2010-05-01T21:07:22Z,2010s,May-Jun,The Pink Floyd Night School,A professor hopes that his graduating students know that everyone deserves a few aimless years after college.,,A professor hopes that his graduating students know that everyone deserves a few aimless years after college.,Opinion,OpEd,Op-Ed,article,0,Pink Floyd; Rock Music; Colleges and Universities,https://www.nytimes.com/2010/05/02/opinion/02edmundson.html
2010,2010-05-01T23:29:48Z,2010s,May-Jun,The Best Woman in the Game Still Stands Alone at the Top,Judit Polgar is still the only woman to have ever cracked the top 100 in the rankings.,,Judit Polgar is still the only woman to have ever cracked the top 100 in the rankings.,New York,Metro,News,article,0,Chess,https://www.nytimes.com/2010/05/02/nyregion/02chess.html
2010,2010-05-02T17:50:22Z,2010s,May-Jun,The BRIC Alliance,,,,Opinion,Editorial,Letter,article,0,Letters; Russia; China; India; Brazil,https://www.nytimes.com/2010/05/03/opinion/03iht-edlet.html
2010,2010-05-03T00:22:29Z,2010s,May-Jun,Google Sees a New Role for YouTube: An Outlet for Live Sports,Google has an official channel on its subsidiary YouTube for the Indian Premier League tournament. And it’s a whole new line of business.,,Google has an official channel on its subsidiary YouTube for the Indian Premier League tournament. And it’s a whole new line of business.,Business,Business,News,article,0,Computers and the Internet; Google Inc; Television; Recordings and Downloads (Video); YouTube.com; Cricket (Game),https://www.nytimes.com/2010/05/03/business/media/03cricket.html
2010,2010-05-03T01:10:56Z,2010s,May-Jun,Sudan’s Other Crisis,Sudan’s tainted election must not divert the world’s attention from another potential crisis there: the very real danger of renewed civil war.,,Sudan’s tainted election must not divert the world’s attention from another potential crisis there: the very real danger of renewed civil war.,Opinion,Editorial,Editorial,article,0,"Bashir, Omar Hassan Al-; CIVIL WAR AND GUERRILLA WARFARE; Sudan; Elections; Obama, Barack",https://www.nytimes.com/2010/05/03/opinion/03mon2.html
2010,2010-07-01T00:35:14Z,2010s,Jul-Aug,Economies in Latin America Race Ahead,"With recovery fragile elsewhere, Latin America benefits from strong commodity demand and past economic measures.",,"With recovery fragile elsewhere, Latin America benefits from strong commodity demand and past economic measures.",World,Foreign,News,article,0,Latin America; Economic Conditions and Trends; International Trade and World Market,https://www.nytimes.com/2010/07/01/world/americas/01peru.html
2010,2010-07-01T01:48:02Z,2010s,Jul-Aug,Prominent Drug Chief to Sell Abraxis BioScience to Celgene for $2.9 Billion,"By agreeing to sell his company Abraxis BioScience, Patrick Soon-Shiong is adding to a fortune that Forbes values at $4 billion.",,"By agreeing to sell his company Abraxis BioScience, Patrick Soon-Shiong is adding to a fortune that Forbes values at $4 billion.",Health,Business,News,article,0,"Celgene Corporation; Abraxis BioScience, Incorporated; Drugs (Pharmaceuticals); Mergers, Acquisitions and Divestitures",https://www.nytimes.com/2010/07/01/health/01drug.html
2010,2010-07-01T03:31:46Z,2010s,Jul-Aug,New Data Shows China’s Growth Is Slowing,Two closely watched measures of the manufacturing sector in China declined in June in the latest sign that Beijing's efforts to scale back stimulus have begun to moderate the nation's growth.,,Two closely watched measures of the manufacturing sector in China declined in June in the latest sign that Beijing's efforts to scale back stimulus have begun to moderate the nation's growth.,Business,Business,News,article,0,,https://www.nytimes.com/2010/07/02/business/global/02asiaecon.html
2010,2010-07-01T04:04:24Z,2010s,Jul-Aug,"Equal Rights for Women? Survey Says: Yes, but ...","People around the world say they firmly support equal rights, but many still believe men should get preference.",,"People around the world say they firmly support equal rights, but many still believe men should get preference.",World,Foreign,News,article,0,Women and Girls; Civil Rights and Liberties; Freedom and Human Rights; Feminist Movement; SURVEYS AND SERIES,https://www.nytimes.com/2010/07/01/world/01iht-poll.html
2010,2010-07-01T06:06:15Z,2010s,Jul-Aug,New Data Show China’s Growth Slowing,Two closely watched surveys of the manufacturing sector in China fell in June in the latest sign that Beijing’s efforts to scale back stimulus measures have begun to moderate the growth of the world’s largest developing nation.,,Two closely watched surveys of the manufacturing sector in China fell in June in the latest sign that Beijing’s efforts to scale back stimulus measures have begun to moderate the growth of the world’s largest developing nation.,Business,Business,,article,704,,https://dealbook.nytimes.com/2010/07/01/new-data-show-chinas-growth-slowing/
2010,2010-07-01T10:00:00Z,2010s,Jul-Aug,The G-20’s China Bet,"If the other economic powers all decide to reduce their budget deficits, they will have to look to China to drive global growth, an economist writes.",,"If the other economic powers all decide to reduce their budget deficits, they will have to look to China to drive global growth, an economist writes.",Business,Business,News,article,865,,https://economix.blogs.nytimes.com/2010/07/01/the-g20s-china-bet/
2010,2010-07-01T11:59:59Z,2010s,Jul-Aug,Fortis Healthcare in $2.3 Billion Parkway Bid,"Fortis Healthcare, a chain of hospitals based in New Delhi, on Thursday offered about 3.2 billion Singapore dollars, or $2.3 billion, for the three-quarters of the Asian hospital operator Parkway Holdings that it does not already own.",,"Fortis Healthcare, a chain of hospitals based in New Delhi, on Thursday offered about 3.2 billion Singapore dollars, or $2.3 billion, for the three-quarters of the Asian hospital operator Parkway Holdings that it does not already own.",Business,Business,,article,456,,https://dealbook.nytimes.com/2010/07/01/fortis-healthcare-in-2-3-billion-parkway-bid/
2010,2010-07-01T12:59:46Z,2010s,Jul-Aug,Home Sales and Building Slowed in May,Economic data points to a sluggish economy and little hope for growth without government incentives.,,Economic data points to a sluggish economy and little hope for growth without government incentives.,Business,Business,News,article,0,United States Economy; Unemployment; Housing and Real Estate,https://www.nytimes.com/2010/07/02/business/economy/02econ.html
2010,2010-07-01T16:23:27Z,2010s,Jul-Aug,"In a Space Probe’s Journey, a Test for Japan",Japan’s hopes for a bigger share of the global market for satellites and other space infrastructure may rest on an asteroid mission with only qualified success.,,Japan’s hopes for a bigger share of the global market for satellites and other space infrastructure may rest on an asteroid mission with only qualified success.,Business,Business,News,article,0,Research; Rockets and Rocket Propulsion; Space; Japan; Asteroids,https://www.nytimes.com/2010/07/02/business/global/02space.html
2010,2010-07-01T16:50:48Z,2010s,Jul-Aug,Per-Capita Emissions Rising in China,A growth in emissions in China and India “completely nullified” reductions made in the developed world in 2009.,,A growth in emissions in China and India “completely nullified” reductions made in the developed world in 2009.,Science,,,article,562,"Carbon Dioxide; Greenhouse Gas Emissions; International Relations; Third World and Developing Countries; United Nations Framework Convention on Climate Change; Kanter, James; European Union; International Energy Agency; United Nations; Beijing (China); China; Copenhagen (Denmark); France; India; Russia; United States",https://green.blogs.nytimes.com/2010/07/01/emissions-soar-in-china-and-india/
2010,2010-07-01T17:00:32Z,2010s,Jul-Aug,Three Cheers for a Portly Kung Fu Master,"The Hong Kong martial-arts movie star Sammo Hung is getting a lifetime achievement award from the New York Asian Film Festival, but he isn't anywhere close to retiring.",,"The Hong Kong martial-arts movie star Sammo Hung is getting a lifetime achievement award from the New York Asian Film Festival, but he isn't anywhere close to retiring.",Arts,Culture,News,article,0,"Martial Arts; Movies; Hong Kong; Chan, Jackie; Hung, Sammo",https://www.nytimes.com/2010/07/02/arts/02iht-sammo.html
2010,2010-07-01T17:41:26Z,2010s,Jul-Aug,A Race for Second at the Grand Prix,The leader of the tournament won her sixth game on Thursday to take a commanding lead with only four rounds to play.,,The leader of the tournament won her sixth game on Thursday to take a commanding lead with only four rounds to play.,Gameplay,,,article,395,,https://gambit.blogs.nytimes.com/2010/07/01/womens-grand-prix-2/
2010,2010-07-01T18:46:25Z,2010s,Jul-Aug,Scientists Cite Fastest Case of Human Evolution,Biologists found that at least 30 genes had undergone change as Tibetans adapted to life on the high plateau.,,Biologists found that at least 30 genes had undergone change as Tibetans adapted to life on the high plateau.,Science,Foreign,News,article,0,China; Evolution; Tibet; Genetics and Heredity; Science and Technology,https://www.nytimes.com/2010/07/02/science/02tibet.html
2010,2010-07-01T18:46:30Z,2010s,Jul-Aug,China Asserts Role in Choosing Dalai Lama,A senior Communist Party official in Tibet said the Chinese government would rely on a practice that culminated in approval by Beijing.,,A senior Communist Party official in Tibet said the Chinese government would rely on a practice that culminated in approval by Beijing.,World,Foreign,News,article,0,China; Monasteries and Monks; Tibet; Dalai Lama; Buddhism,https://www.nytimes.com/2010/07/02/world/asia/02dalai.html
2010,2010-07-01T19:00:59Z,2010s,Jul-Aug,Stimulus and Germany,How much did inflation really help the Nazis’ rise to power?,,How much did inflation really help the Nazis’ rise to power?,Business,Business,News,article,444,,https://economix.blogs.nytimes.com/2010/07/01/stimulus-and-germany/
2010,2010-07-01T20:17:24Z,2010s,Jul-Aug,Equality Around the World,"Firm support for equal rights in more countries than not, but still a deep belief in many that men get preferred treatment for jobs or education.",,"Firm support for equal rights in more countries than not, but still a deep belief in many that men get preferred treatment for jobs or education.",Magazine,Styles,,article,566,,https://parenting.blogs.nytimes.com/2010/07/01/equality-around-the-world/
2010,2010-07-01T21:31:08Z,2010s,Jul-Aug,A King of Kung Fu Films Savors Work and Honors,"Sammo Hung, who was given a lifetime achievement award at the New York Asian Film Festival, continues to fuel his passion for martial arts movies.",,"Sammo Hung, who was given a lifetime achievement award at the New York Asian Film Festival, continues to fuel his passion for martial arts movies.",Movies,Weekend,News,article,0,"Hung, Sammo; Martial Arts; Movies",https://www.nytimes.com/2010/07/02/movies/02sammo.html
2010,2010-07-01T22:12:23Z,2010s,Jul-Aug,Film Series and Movies Listings,,,,Movies,Weekend,Schedule,article,0,,https://www.nytimes.com/2010/07/02/movies/02movies.html
2010,2010-07-01T22:54:34Z,2010s,Jul-Aug,Spare Times: For Children,A selected guide to events for and by children in the New York area.,,A selected guide to events for and by children in the New York area.,Arts,Weekend,Schedule,article,0,Tennis; Declaration of Independence (US); Tigers; Museums,https://www.nytimes.com/2010/07/02/arts/02kids.html
2010,2010-07-01T23:14:59Z,2010s,Jul-Aug,Latest Entry in Electri,The German carmaker said it planned to sell a battery-powered car for use in urban areas by 2013.,,The German carmaker said it planned to sell a battery-powered car for use in urban areas by 2013.,Business,Business,News,article,0,Electric Vehicles; Bayerische Motorenwerke AG,https://www.nytimes.com/2010/07/02/business/global/02iht-bmw.html
2010,2010-07-21T23:19:38Z,,,"G.M., Eclipsed at Home, Soars to Top in China","As General Motors struggles to revive its market share in America, sales are growing briskly in China.",,,Business,,,,,,https://www.nytimes.com/2010/07/22/business/global/22auto.html
2010,2010-08-29T22:11:36Z,,,China Fortifies State Businesses to Fuel Growth,"While China owes its rapid growth to private business, it is often the state’s companies that are on the march, in part because of state-bank financing and stimulus spending.",,,World,,,,,,https://www.nytimes.com/2010/08/30/world/asia/30china.html
2010,2010-09-01T00:30:54Z,2010s,Sep-Oct,Strong Exports Lift U.S. Agriculture Sector,"The export growth is propelled by higher prices for many products, including wheat, whose prices have skyrocketed as drought and heat decimated crops in Russia.",,"The export growth is propelled by higher prices for many products, including wheat, whose prices have skyrocketed as drought and heat decimated crops in Russia.",Business,Business,News,article,0,United States Economy; Farmers; Agriculture; Economic Conditions and Trends; International Trade and World Market,https://www.nytimes.com/2010/09/01/business/economy/01exports.html
2010,2010-09-01T02:05:47Z,2010s,Sep-Oct,"Down by 18, Lithuania Tops Spain on Late Run","Lithuania rallied from an 18-point second-half deficit to beat Spain, 76-73, Tuesday in a game in Izmir, Turkey, between the two Group D favorites at the basketball world championships.",,"Lithuania rallied from an 18-point second-half deficit to beat Spain, 76-73, Tuesday in a game in Izmir, Turkey, between the two Group D favorites at the basketball world championships.",Sports,Sports,News,article,0,"Basketball; Kleiza, Linas; Lithuania; Spain",https://www.nytimes.com/2010/09/01/sports/global/01fiba.html
2010,2010-09-01T02:48:34Z,2010s,Sep-Oct,Corrections,Corrections in print from The Times on September 1.,,Corrections in print from The Times on September 1.,Corrections,Summary,Correction,article,0,,https://www.nytimes.com/2010/09/01/pageoneplus/corrections.html
2010,2010-09-01T02:53:43Z,2010s,Sep-Oct,Google’s Earth,"Do we really desire Google to tell us what we should be doing next? Yes, but with some qualifiers.",,"Do we really desire Google to tell us what we should be doing next? Yes, but with some qualifiers.",Opinion,OpEd,Op-Ed,article,0,"Search Engines; Google Inc; Schmidt, Eric E; Computers and the Internet",https://www.nytimes.com/2010/09/01/opinion/01gibson.html
2010,2010-09-01T04:03:00Z,2010s,Sep-Oct,Data Show China Growth Merely Moderating,"Manufacturing activity in China picked up a notch in August, figures released on Wednesday showed, supporting the view that the country's economy is by no means screeching to a halt.",,"Manufacturing activity in China picked up a notch in August, figures released on Wednesday showed, supporting the view that the country's economy is by no means screeching to a halt.",Business,Business,News,article,0,"China; Australia; Economic Conditions and Trends; Far East, South and Southeast Asia and Pacific Areas",https://www.nytimes.com/2010/09/02/business/global/02asiaecon.html
2010,2010-09-01T07:01:09Z,2010s,Sep-Oct,Sony Introduces New E-Readers,"As the e-reader wars ramp up, Sony introduces three new Readers.",,"As the e-reader wars ramp up, Sony introduces three new Readers.",Technology,Business,,article,534,,https://bits.blogs.nytimes.com/2010/09/01/sony-introduces-new-e-readers/
2010,2010-09-01T08:20:29Z,2010s,Sep-Oct,"Citigroup to Hire Up to 7,500 in China","Citigroup plans to almost triple its workforce in China by hiring up to 7,500 people in the next three years.",,"Citigroup plans to almost triple its workforce in China by hiring up to 7,500 people in the next three years.",Business,Business,,article,206,Citigroup Inc; HSBC Holdings PLC.; Standard Chartered PLC,https://dealbook.nytimes.com/2010/09/01/citigroup-to-hire-up-to-7500-in-china/
2010,2010-09-01T10:28:16Z,2010s,Sep-Oct,BP to Sell Malaysian Assets to Petronas,"BP said Wednesday that it would sell certain of its Malaysian assets to Petronas, the country’s oil consortium, for up to $411 million, as it begins to divest itself of businesses to recoup the costs of the Gulf oil spill.",,"BP said Wednesday that it would sell certain of its Malaysian assets to Petronas, the country’s oil consortium, for up to $411 million, as it begins to divest itself of businesses to recoup the costs of the Gulf oil spill.",Business,Business,,article,170,BP Plc; Petronas,https://dealbook.nytimes.com/2010/09/01/bp-to-sell-malaysian-assets-to-petronas/
2010,2010-09-01T10:57:09Z,2010s,Sep-Oct,China Will Require ID for Cellphone Numbers; Noncompliance Means No Service,"The government is looking to curb cellphone spam, pornography and fraud schemes.",,"The government is looking to curb cellphone spam, pornography and fraud schemes.",World,Foreign,News,article,0,China; Frauds and Swindling; Wireless Communications,https://www.nytimes.com/2010/09/02/world/asia/02china.html
2010,2010-09-01T11:30:13Z,2010s,Sep-Oct,The Business of Converting Existing Cars Into E.V.’s,An Ohio company is converting existing cars into electric vehicles.,,An Ohio company is converting existing cars into electric vehicles.,Automobiles,,,article,667,Electric Vehicles; General Motors,https://wheels.blogs.nytimes.com/2010/09/01/the-business-of-converting-existing-cars-into-e-v-s/
2010,2010-09-01T11:54:48Z,2010s,Sep-Oct,Visibility of Gay People Reflects Changes in China,"As this society grows richer, its social fabric and mores have been changing drastically, and sexual choice and expression are arguably in the leading edge of this upheaval.",,"As this society grows richer, its social fabric and mores have been changing drastically, and sexual choice and expression are arguably in the leading edge of this upheaval.",World,Foreign,News,article,0,Homosexuality; China; Shanghai (China),https://www.nytimes.com/2010/08/31/world/asia/31iht-letter.html
2010,2010-09-01T11:55:30Z,2010s,Sep-Oct,Wall Street Surges After Good Reports,"Wall Street surged out of the gate and then kept going, fueled by upbeat economic news from Australia, China and, somewhat surprisingly, American manufacturing.",,"Wall Street surged out of the gate and then kept going, fueled by upbeat economic news from Australia, China and, somewhat surprisingly, American manufacturing.",Business,Business,News,article,0,Nasdaq Composite Index; International Trade and World Market; Stocks and Bonds; Economic Conditions and Trends; China; Australia,https://www.nytimes.com/2010/09/02/business/02markets.html
2010,2010-09-01T11:56:28Z,2010s,Sep-Oct,Vanity Fair’s Power List: How Does Finance Rate?,Goldman Sachs’s Lloyd C. Blankfein takes the biggest tumble in the magazine’s “New Establishent” rankings as finance remains an unpopular sector among the populace.,,Goldman Sachs’s Lloyd C. Blankfein takes the biggest tumble in the magazine’s “New Establishent” rankings as finance remains an unpopular sector among the populace.,Business,Business,,article,488,"Blankfein, Lloyd C; Fink, Larry; Goldman Sachs Group; Vanity Fair",https://dealbook.nytimes.com/2010/09/01/in-vfs-new-establishment-how-does-finance-rate/
2010,2010-09-01T13:36:25Z,2010s,Sep-Oct,New York Send-Off | The Unicorn Next Door,"How do you get to the Cloisters? You can take the A Train, or if you’re lucky, you can walk.",,"How do you get to the Cloisters? You can take the A Train, or if you’re lucky, you can walk.",New York,Metro,,article,670,,https://cityroom.blogs.nytimes.com/2010/09/01/new-york-send-off-the-unicorn-next-door/
2010,2010-09-01T16:09:27Z,2010s,Sep-Oct,Carbon Trading Lurches Off Course,Programs around the world sputter after Copenhagen meeting fails to offer direction or aid.,,Programs around the world sputter after Copenhagen meeting fails to offer direction or aid.,Business,Business,News,article,0,Global Warming; Greenhouse Gas Emissions; United Nations Framework Convention on Climate Change,https://www.nytimes.com/2010/09/02/business/energy-environment/02iht-rentrade.html
2010,2010-09-01T16:36:00Z,2010s,Sep-Oct,Updates From Apple’s iPod and Apple TV Event,"Updates from Apple’s news media event in San Francisco, which is expected to involve revamped versions of the iPod Touch and Apple TV products.",,"Updates from Apple’s news media event in San Francisco, which is expected to involve revamped versions of the iPod Touch and Apple TV products.",Technology,Business,,article,1400,Computers and the Internet; Apple Inc,https://bits.blogs.nytimes.com/2010/09/01/live-blogging-apples-product-announcement/
2010,2010-09-01T17:22:03Z,2010s,Sep-Oct,"Roddick Loses, and Foot Faults Take Center Stage","For the second year in a row, a highly ranked American was ousted from the Open in a match marred by a foot-fault dispute.",,"For the second year in a row, a highly ranked American was ousted from the Open in a match marred by a foot-fault dispute.",Sports,Sports,News,article,0,"Tennis; United States Open (Tennis); Ivanovic, Ana; Roddick, Andy; Oudin, Melanie; Tipsarevic, Janko",https://www.nytimes.com/2010/09/02/sports/tennis/02tennis.html
2010,2010-09-01T21:36:13Z,2010s,Sep-Oct,Carrying the Spear (and Dagger) for a Fading Art Form,"Beijing opera’s luster has dimmed since its heyday as China’s most popular theatrical entertainment, and this ancient art forms struggles to attract a modern audience.",,"Beijing opera’s luster has dimmed since its heyday as China’s most popular theatrical entertainment, and this ancient art forms struggles to attract a modern audience.",Arts,Culture,News,article,0,Opera; Beijing (China); Beijing Opera; Beijing Opera Academy of China,https://www.nytimes.com/2010/09/02/arts/music/02iht-opera.html
2010,2010-09-02T00:07:24Z,2010s,Sep-Oct,Overseas Growth Helps Lift Revenue at Heinz,The food company also said that reductions in ketchup prices at Wal-Mart Stores helped demand.,,The food company also said that reductions in ketchup prices at Wal-Mart Stores helped demand.,Business,Business,News,article,0,"Company Reports; Heinz, H J, Co",https://www.nytimes.com/2010/09/02/business/02heinz.html
2010,2010-09-02T01:25:42Z,2010s,Sep-Oct,Scantily Clad Dancers Are Nowhere to Be Found When Turkey Plays,"A dance squad from Ukraine, known as the Red Foxes, was pulled to avoid performing in front of Turkish government officials, but no one can agree as to why.",,"A dance squad from Ukraine, known as the Red Foxes, was pulled to avoid performing in front of Turkish government officials, but no one can agree as to why.",Sports,Sports,News,article,0,Islam; Turkey; Basketball; Uniforms; Ukraine; International Basketball Federation; Dancing,https://www.nytimes.com/2010/09/02/sports/basketball/02dance.html
2010,2010-09-11T21:07:32Z,,,China Explores a Frontier 2 Miles Deep,"China has unveiled a submersible designed to go deeper than any other in the world, giving it access to 99.8 percent of the ocean floor and its minerals.",,,Science,,,,,,https://www.nytimes.com/2010/09/12/science/12deepsea.html
2010,2010-09-20T01:01:30Z,,,Arrest in Disputed Seas Riles China and Japan,The Japanese Coast Guard’s arrest of a Chinese trawler captain in disputed waters has escalated into a diplomatic standoff.,,,World,,,,,,https://www.nytimes.com/2010/09/20/world/asia/20chinajapan.html
2010,2010-09-22T23:43:30Z,,,China’s Disputes in Asia Buttress Influence of U.S.,Washington is leaping into the middle of territorial and political disagreements between Beijing and its neighbors.,,,World,,,,,,https://www.nytimes.com/2010/09/23/world/asia/23china.html
2010,2010-09-24T06:53:22Z,,,Japan Retreats With Release of Chinese Boat Captain,"The showdown ended when Tokyo accepted Beijing’s demands for the captain’s release, a concession that appeared to mark a humiliating retreat.",,,World,,,,,,https://www.nytimes.com/2010/09/25/world/asia/25chinajapan.html
2010,2010-10-07T00:18:11Z,,,Rampant Fraud Threat to China’s Brisk Ascent,The faking of academic credentials is pervasive enough that many worry it may slow China’s development.,,,World,,,,,,https://www.nytimes.com/2010/10/07/world/asia/07fraud.html
2010,2010-10-08T09:12:53Z,,,Nobel Peace Prize Given to Jailed Chinese Dissident,"In awarding the prize to Liu Xiaobo, the Nobel Committee delivered a stinging rebuke of China’s growing intolerance for domestic dissent.",,,World,,,,,,https://www.nytimes.com/2010/10/09/world/09nobel.html
2010,2010-10-10T02:26:51Z,,,China Emerges as a Scapegoat in Campaign Ads,"With many Americans anxious over economic decline, Democrats and Republicans are blaming one another for allowing the export of jobs.",,,U.S.,,,,,,https://www.nytimes.com/2010/10/10/us/politics/10outsource.html
2010,2010-10-11T22:44:32Z,,,U.S. Alarmed by Harsh Tone of China’s Military,American military officials are worried about a shift in which young Chinese may see the U.S. only as a threat.,,,World,,,,,,https://www.nytimes.com/2010/10/12/world/asia/12beijing.html
2010,2010-10-19T15:13:57Z,,,"Chinese City Has Many Buildings, but Few People","China’s sizzling economy has created a speculative real estate market  and, in some cases, sparkling new ghost towns.",,,Business,,,,,,https://www.nytimes.com/2010/10/20/business/global/20ghost.html
2010,2010-10-26T22:51:52Z,,,"Needing Students, Maine School Hunts in China","A Maine high school hopes to solve its financial woes by persuading Chinese students to pay $27,000 a year there.",,,Education,,,,,,https://www.nytimes.com/2010/10/27/education/27students.html
2010,2010-10-28T04:31:32Z,,,China Wrests Supercomputer Title From U.S.,"Tianhe-1A has 1.4 times the horsepower of the current top computer, which is at a laboratory in Tennessee.",,,Technology,,,,,,https://www.nytimes.com/2010/10/28/technology/28compute.html
2010,2010-10-30T17:47:28Z,,,China’s Fast Rise Leads Neighbors to Join Forces,"China’s military expansion and assertive trade policies have set off jitters across Asia, prompting many of its neighbors to build alliances.",,,World,,,,,,https://www.nytimes.com/2010/10/31/world/asia/31china.html
2010,2010-11-01T00:22:28Z,2010s,Nov-Dec,"On an Indian Reservation, a Garden of Buddhas","It seemed the perfect set-up for a clash of two cultures when Mr. Sang-ngag, a high-ranking Buddhist monk, came to a remote part of Montana a decade ago.",,"It seemed the perfect set-up for a clash of two cultures when Mr. Sang-ngag, a high-ranking Buddhist monk, came to a remote part of Montana a decade ago.",U.S.,National,News,article,0,Land Use Policies; Native Americans; Buddhism; Montana,https://www.nytimes.com/2010/11/01/us/01monks.html
2010,2010-11-01T02:30:30Z,2010s,Nov-Dec,Crane Wins By a Stroke In Malaysia,"Ben Crane drove the 292-yard 15th hole to 8 feet for an eagle, then won the inaugural Asia Pacific Classic in Selangor, Malaysia.",,"Ben Crane drove the 292-yard 15th hole to 8 feet for an eagle, then won the inaugural Asia Pacific Classic in Selangor, Malaysia.",Sports,Sports,Brief,article,0,"Golf; Davis, Brian; Crane, Ben",https://www.nytimes.com/2010/11/01/sports/golf/01sportsbriefs-crane.html
2010,2010-11-01T02:31:31Z,2010s,Nov-Dec,Japan and Vietnam Agree on Mining of Rare Earths,Prime Minister Naoto Kan of Japan called the agreement a sign of the “strategic partnership between the two countries.”,,Prime Minister Naoto Kan of Japan called the agreement a sign of the “strategic partnership between the two countries.”,Business,Business,News,article,0,Vietnam; Japan; Rare Earths; Mines and Mining,https://www.nytimes.com/2010/11/01/business/energy-environment/01rare.html
2010,2010-11-01T03:08:33Z,2010s,Nov-Dec,Relations With China,Letter to the editor regarding relations between the United States and China.,,Letter to the editor regarding relations between the United States and China.,Opinion,Letters,Letter,article,0,"United States International Relations; China; United States; Obama, Barack; Hu Jintao",https://www.nytimes.com/2010/11/01/opinion/lweb01china.html
2010,2010-11-01T03:20:23Z,2010s,Nov-Dec,"World Champions Crowned, Including an American, at Youth Tournament","About 1,400 players competed at the championships in Greece. Steven Zierk, a Californian, won the gold medal in the under-18 age category, while two other Americans took silver medals in other sections.",,"About 1,400 players competed at the championships in Greece. Steven Zierk, a Californian, won the gold medal in the under-18 age category, while two other Americans took silver medals in other sections.",Gameplay,,,article,461,,https://gambit.blogs.nytimes.com/2010/10/31/world-champions-crowned-including-an-american-at-youth-tournament/
2010,2010-11-01T07:00:15Z,2010s,Nov-Dec,"Intel Takes a Wider Role, Making Chips for Others","The move thrusts Intel, the largest and wealthiest chip maker, into the contract manufacturing business dominated by Taiwanese and Chinese companies.",,"The move thrusts Intel, the largest and wealthiest chip maker, into the contract manufacturing business dominated by Taiwanese and Chinese companies.",Business,Business,News,article,0,Intel Corp; Computer Chips; Factories and Manufacturing,https://www.nytimes.com/2010/11/01/business/01chip.html
2010,2010-11-01T10:47:06Z,2010s,Nov-Dec,Lee Westwood to Take World No. 1 From Tiger Woods,LONDON (Reuters) - Lee Westwood will take over as world number one when the new rankings are published on Monday after Ryder Cup team mate Martin Kaymer finished down the field at the Andalucia Masters.,,LONDON (Reuters) - Lee Westwood will take over as world number one when the new rankings are published on Monday after Ryder Cup team mate Martin Kaymer finished down the field at the Andalucia Masters.,Sports,None,News,article,0,,https://www.nytimes.com/reuters/2010/11/01/sports/sports-uk-golf-rankings-westwood.html
2010,2010-11-01T11:15:01Z,2010s,Nov-Dec,China Aims to Chart Shifting Population,"China began tallying its population on Monday for the first time since 2000, sending out six million census-takers out to survey 400 million households.",,"China began tallying its population on Monday for the first time since 2000, sending out six million census-takers out to survey 400 million households.",World,Foreign,News,article,0,China; Census,https://www.nytimes.com/2010/11/02/world/asia/02china.html
2010,2010-11-01T11:41:50Z,2010s,Nov-Dec,I.C.B.C. Buys BNP Paribas Brokerage Unit,"Industrial & Commercial Bank of China, the world’s biggest lender by market value, paid a token $1 for a small U.S. brokerage firm, the Wall Street Journal reported on Monday, citing people familiar with the matter.",,"Industrial & Commercial Bank of China, the world’s biggest lender by market value, paid a token $1 for a small U.S. brokerage firm, the Wall Street Journal reported on Monday, citing people familiar with the matter.",Business,Business,,article,112,BNP Paribas; Fortis,https://dealbook.nytimes.com/2010/11/01/icbc-buys-u-s-broker-dealer-from-bnp-paribas/
2010,2010-11-01T13:00:35Z,2010s,Nov-Dec,Coach Gallops Into Europe,The venerable American handbag company is making a global play with new styles.,,The venerable American handbag company is making a global play with new styles.,Fashion,Styles,News,article,0,Coach Inc; Handbags and Purses; Fashion and Apparel,https://www.nytimes.com/2010/11/02/fashion/02iht-fcoach.html
2010,2010-11-01T13:00:39Z,2010s,Nov-Dec,Crucial Manufacturing Index Strengthens in October,"In other reports, construction spending edged up in September while personal spending rose 0.2 percent. Personal income, however, fell 0.1 percent.",,"In other reports, construction spending edged up in September while personal spending rose 0.2 percent. Personal income, however, fell 0.1 percent.",Business,Business,News,article,0,,https://www.nytimes.com/2010/11/02/business/economy/02econ.html
2010,2010-11-01T13:02:31Z,2010s,Nov-Dec,Two Among Many,Southeast Asian states share a common agenda: how to manage China's rapid rise and America's slow decline.,,Southeast Asian states share a common agenda: how to manage China's rapid rise and America's slow decline.,Opinion,Editorial,Op-Ed,article,0,ASSOCIATION OF SOUTHEAST ASIAN NATIONS; Vietnam; China; Japan,https://www.nytimes.com/2010/11/02/opinion/02iht-edbowring.html
2010,2010-11-01T14:05:00Z,2010s,Nov-Dec,Nokia Taking a Rural Road to Growth,The cellphone maker will expand its agricultural data service to Nigeria as it continues its push into emerging markets.,,The cellphone maker will expand its agricultural data service to Nigeria as it continues its push into emerging markets.,Technology,Business,News,article,0,Nokia Oyj; Farmers; Text Messaging; Wireless Communications; Agriculture; Nigeria; Cellular Telephones; India,https://www.nytimes.com/2010/11/02/technology/02nokia.html
2010,2010-11-01T16:44:06Z,2010s,Nov-Dec,‘Dexter’ Watch: A Lethal Bond,"Lumen and Dexter are soulmates, two people whose psychologies have been shaped largely by extreme violence.",,"Lumen and Dexter are soulmates, two people whose psychologies have been shaped largely by extreme violence.",Arts,,,article,588,,https://artsbeat.blogs.nytimes.com/2010/11/01/dexter-watch-a-lethal-bond/
2010,2010-11-01T19:41:23Z,2010s,Nov-Dec,"In Cambodia, Clinton Advocates Khmer Rouge Trials","On a visit to Phnom Penh, Secretary of State Hillary Rodham Clinton said that trials were necessary for Cambodia to “confront its past.”",,"On a visit to Phnom Penh, Secretary of State Hillary Rodham Clinton said that trials were necessary for Cambodia to “confront its past.”",World,Foreign,News,article,0,"Clinton, Hillary Rodham; Cambodia; Khmer Rouge",https://www.nytimes.com/2010/11/02/world/asia/02cambo.html
2010,2010-11-01T21:59:00Z,2010s,Nov-Dec,"Looking for Investments, China Turns to Europe","As China puts money into infrastructure and European debt, it is seeking friends in currency and trade disputes.",,"As China puts money into infrastructure and European debt, it is seeking friends in currency and trade disputes.",Business,Foreign,News Analysis,article,0,China; Europe; International Trade and World Market,https://www.nytimes.com/2010/11/02/business/global/02euro.html
2010,2010-11-01T23:00:59Z,2010s,Nov-Dec,"With Visit, Russia Reinforces Its Custody of Islands, Angering Japan","President Dmitri A. Medvedev traveled to the Kurile Islands, which the Soviet Union seized from Japan at the end of World War II.",,"President Dmitri A. Medvedev traveled to the Kurile Islands, which the Soviet Union seized from Japan at the end of World War II.",World,Foreign,News,article,0,"Russia; Japan; Kurile Islands; Medvedev, Dmitri A",https://www.nytimes.com/2010/11/02/world/asia/02kuriles.html
2010,2010-11-01T23:39:12Z,2010s,Nov-Dec,Revenge at Cap d’Agde: Ivanchuk Beats Nakamura,"In a reversal of the result of the 2008 final, Vassily Ivanchuk beat Hikaru Nakamura.",,"In a reversal of the result of the 2008 final, Vassily Ivanchuk beat Hikaru Nakamura.",Gameplay,,,article,311,,https://gambit.blogs.nytimes.com/2010/11/01/revenge-at-cap-dagde-ivanchuk-beats-nakamura/
2010,2010-11-02T00:56:32Z,2010s,Nov-Dec,"At English-Mandarin Public School, High Test Scores, but Also Strife",The Lower East Side public academy is being investigated after accusations of financial mismanagement and admissions irregularities.,,The Lower East Side public academy is being investigated after accusations of financial mismanagement and admissions irregularities.,New York,Metro,News,article,0,Education Department (NYC); Education (K-12); Shuang Wen Academy; Chinese Language; LOWER EAST SIDE (NYC),https://www.nytimes.com/2010/11/02/nyregion/02shuang.html
2010,2010-11-02T01:04:52Z,2010s,Nov-Dec,Currency Policy of China Big Topic for G-20 Session,Leaders of the world’s major countries will try to bridge tensions between the United States and China.,,Leaders of the world’s major countries will try to bridge tensions between the United States and China.,Business,Business,News,article,0,International Trade and World Market; Group of Twenty,https://www.nytimes.com/2010/11/02/business/global/02group.html
2010,2010-11-17T23:01:43Z,,,China’s Censors Misfire in Abuse-of-Power Case,The heavy-handed efforts to control the story of a fatal accident involving a police official’s son have been met with scorn.,,,World,,,,,,https://www.nytimes.com/2010/11/18/world/asia/18li.html
2010,2010-11-22T00:54:22Z,,,Nations That Debate Coal Use Export It to Feed China’s Need,"As developed countries limit the construction of coal-fired power plants, coal has found a rapidly growing market in China.",,,Science,,,,,,https://www.nytimes.com/2010/11/22/science/earth/22fossil.html
2010,2010-12-01T22:08:11Z,,,Enforcement Takes On a Softer Side in China,"A district in China has supplemented its urban street police with 13 women, to give the force a softer side.",,,World,,,,,,https://www.nytimes.com/2010/12/02/world/asia/02china.html
2010,2010-12-04T17:08:49Z,,,Vast Hacking by a China Fearful of the Web,"China has engaged in attacks aimed at American military and political data, and its leaders have been obsessed with Google’s role in its country, cables say.",,,World,,,,,,https://www.nytimes.com/2010/12/05/world/asia/05wikileaks-china.html
2010,2010-12-07T02:16:49Z,,,Obama Urges China to Check North Koreans,"In a frank discussion, President Obama urged China’s president to put the North Korean government on a tighter leash after a series of provocations.",,,World,,,,,,https://www.nytimes.com/2010/12/07/world/asia/07diplo.html
2010,2010-12-14T18:05:03Z,,,"To Conquer Wind Power, China Writes the Rules",Competing for China’s lucrative business means playing by house rules that are often stacked in Beijing’s favor.,,,Business,,,,,,https://www.nytimes.com/2010/12/15/business/global/15chinawind.html
2011,2011-01-01T04:41:38Z,2010s,Jan-Feb,North Korea Calls for Dialogue With the South,"In an annual commentary widely seen as an indicator of the country’s political and economic goals, North Korea called for dialogue and relaxation of tensions.",,"In an annual commentary widely seen as an indicator of the country’s political and economic goals, North Korea called for dialogue and relaxation of tensions.",World,Foreign,News,article,0,North Korea; South Korea,https://www.nytimes.com/2011/01/01/world/asia/01korea.html
2011,2011-01-01T17:46:13Z,2010s,Jan-Feb,Prosecutor Confirms Accusation Against Sudan Leader,President Omar al-Bashir of Sudan is accused of skimming a huge personal fortune from his country’s oil income and keeping it in foreign accounts.,,President Omar al-Bashir of Sudan is accused of skimming a huge personal fortune from his country’s oil income and keeping it in foreign accounts.,World,Foreign,News,article,0,"WikiLeaks; Bashir, Omar Hassan Al-; Classified Information and State Secrets; Sudan",https://www.nytimes.com/2011/01/02/world/africa/02wikisudan.html
2011,2011-01-01T21:20:43Z,2010s,Jan-Feb,China’s Big Zhang,November’s anti-inflation efforts haven’t stopped everyone from obsessing over rising prices.,,November’s anti-inflation efforts haven’t stopped everyone from obsessing over rising prices.,Opinion,OpEd,Op-Ed,article,0,"China; Prices (Fares, Fees and Rates); Economic Conditions and Trends; Inflation (Economics)",https://www.nytimes.com/2011/01/02/opinion/02meyer.html
2011,2011-01-01T21:24:44Z,2010s,Jan-Feb,"When Innovation, Too, Is Made in China",A new Chinese government document offers a glimpse into how the nation intends to engineer a more innovative society.,,A new Chinese government document offers a glimpse into how the nation intends to engineer a more innovative society.,Business,SundayBusiness,News,article,0,China; PATENT AND TRADEMARK OFFICE; Economic Conditions and Trends; International Trade and World Market; Inventions and Patents,https://www.nytimes.com/2011/01/02/business/02unboxed.html
2011,2011-01-01T21:55:09Z,2010s,Jan-Feb,Stirrings of a Challenge From an Obama Appointee,Obama’s ambassador to China does not dismiss a presidential run.,,Obama’s ambassador to China does not dismiss a presidential run.,U.S.,,,article,335,"Governors (US); Mormons (Church of Jesus Christ of Latter-Day Saints); Presidential Election of 2012; Huckabee, Mike; Huntsman, Jon M Jr; Obama, Barack; Pawlenty, Tim; Romney, Mitt; Newsweek; Republican Party; China",https://thecaucus.blogs.nytimes.com/2011/01/01/stirrings-of-a-challenge-from-an-obama-appointee/
2011,2011-01-01T22:13:11Z,2010s,Jan-Feb,The Economy in 2011,"The economy is growing, but for many Americans, life is not getting better.",,"The economy is growing, but for many Americans, life is not getting better.",Opinion,Editorial,Editorial,article,0,United States Economy; Recession and Depression; Unemployment,https://www.nytimes.com/2011/01/02/opinion/02sun1.html
2011,2011-01-01T22:13:31Z,2010s,Jan-Feb,Some Techy Predictions as the Bubble Keeps Inflating,"Looking ahead to 2011, with Google and Twitter and Facebook ...oh my!",,"Looking ahead to 2011, with Google and Twitter and Facebook ...oh my!",U.S.,National,News,article,0,Verizon Communications Inc; Facebook.com; Google Inc; iPhone; Twitter; Android (Operating System); iPad; AT&T Inc; Smartphones; Tablet Computers; Apple Inc,https://www.nytimes.com/2011/01/02/us/02bcweber.html
2011,2011-01-01T22:14:00Z,2010s,Jan-Feb,China’s Naval Ambitions,Beijing’s drive to extend its military and territorial reach is raising legitimate questions about American diplomacy and future military procurement.,,Beijing’s drive to extend its military and territorial reach is raising legitimate questions about American diplomacy and future military procurement.,Opinion,Editorial,Editorial,article,0,China; Defense and Military Forces; Missiles and Missile Defense Systems; United States International Relations; United States Defense and Military Forces,https://www.nytimes.com/2011/01/02/opinion/02sun2.html
2011,2011-01-01T22:33:28Z,2010s,Jan-Feb,New Year’s Resolution: Cutting the Military Budget,Readers respond to a recent column.,,Readers respond to a recent column.,Opinion,Letters,Letter,article,0,United States Defense and Military Forces; Federal Budget (US); Politics and Government,https://www.nytimes.com/2011/01/02/opinion/l02kristof.html
2011,2011-01-01T22:37:00Z,2010s,Jan-Feb,Real Estate Developers Prosper Despite Defaults,"Unlike ordinary homeowners, developers who suffer costly losses tend to be forgiven by lenders and investors.",,"Unlike ordinary homeowners, developers who suffer costly losses tend to be forgiven by lenders and investors.",Real Estate,Metro,News,article,0,Foreclosures; Office Buildings and Commercial Properties; Tishman Speyer Properties; Housing and Real Estate; New York City,https://www.nytimes.com/2011/01/02/realestate/02developers.html
2011,2011-01-02T02:56:34Z,2010s,Jan-Feb,Corrections,"Corrections appearing in print on January 2, 2011.",,"Corrections appearing in print on January 2, 2011.",Corrections,Summary,Correction,article,0,,https://www.nytimes.com/2011/01/02/pageoneplus/corrections.html
2011,2011-01-02T13:09:46Z,2010s,Jan-Feb,Hmm. And Now for Column Topics for 2011…,"Enlisting readers! I’m too lazy to come up with all my own column topics for 2011, so give me a hand.",,"Enlisting readers! I’m too lazy to come up with all my own column topics for 2011, so give me a hand.",Opinion,,,article,448,,https://kristof.blogs.nytimes.com/2011/01/02/hmm-and-now-for-column-topics-for-2011/
2011,2011-01-02T21:08:32Z,2010s,Jan-Feb,Diplomats Help Push Sales of Jetliners on the Global Market,Sales campaigns for commercial jets on the global market often include politicking and cajoling at the highest levels of government.,,Sales campaigns for commercial jets on the global market often include politicking and cajoling at the highest levels of government.,Business,Business,News,article,1873,Airbus Industrie; National Aeronautics and Space Administration; Boeing Co; Classified Information and State Secrets; United States International Relations; Military Aircraft; WikiLeaks; Airlines and Airplanes; Europe; State Department,https://www.nytimes.com/2011/01/03/business/03wikileaks-boeing.html
2011,2011-01-03T00:11:53Z,2010s,Jan-Feb,Car Licenses in Demand in Beijing,"The government is setting a monthly quota of 20,000 new vehicle licenses for the Chinese capital.",,"The government is setting a monthly quota of 20,000 new vehicle licenses for the Chinese capital.",Business,Business,News,article,0,Roads and Traffic; Beijing (China); Automobiles,https://www.nytimes.com/2011/01/03/business/global/03yuan.html
2011,2011-01-03T00:59:22Z,2010s,Jan-Feb,Peaceful Vote on Sudan Appears More Likely,"While there is still a possibility of conflict after southern Sudan’s referendum on independence, both north and south have much to lose if fighting breaks out.",,"While there is still a possibility of conflict after southern Sudan’s referendum on independence, both north and south have much to lose if fighting breaks out.",World,Foreign,News Analysis,article,0,"Referendums; United Nations; War Crimes, Genocide and Crimes Against Humanity; CIVIL WAR AND GUERRILLA WARFARE; Bashir, Omar Hassan Al-; Clooney, George; Embargoes and Economic Sanctions; Sudan; International Criminal Court",https://www.nytimes.com/2011/01/03/world/africa/03sudan.html
2011,2011-01-03T01:11:36Z,2010s,Jan-Feb,North Korea Calls for Better Relations With South,"In an annual new year's commentary, North Korea called for a relaxation of tensions with the South ""as soon as possible.""",,"In an annual new year's commentary, North Korea called for a relaxation of tensions with the South ""as soon as possible.""",World,Foreign,News,article,0,North Korea; South Korea; Kim Jong Il; Lee Myung-bak; Kim Jong Un,https://www.nytimes.com/2011/01/03/world/asia/03iht-korea03.html
2011,2011-01-03T01:18:10Z,2010s,Jan-Feb,You Get What You Pay For,"When companies outsourcing to China overlook loyalty to their employees for profit, they shouldn't be surprised when they ultimately pay a far higher price.",,"When companies outsourcing to China overlook loyalty to their employees for profit, they shouldn't be surprised when they ultimately pay a far higher price.",Opinion,Editorial,Letter,article,0,China; United States; Outsourcing,https://www.nytimes.com/2011/01/03/opinion/03iht-edlet03.html
2011,2011-01-03T01:54:44Z,2010s,Jan-Feb,China Quietly Extends Footprints Into Central Asia,"As China seizes the spotlight in East and Southeast Asia, it is also making its presence felt on its western flank, once primarily Russia’s domain.",,"As China seizes the spotlight in East and Southeast Asia, it is also making its presence felt on its western flank, once primarily Russia’s domain.",World,Foreign,News,article,0,WikiLeaks; Kyrgyz (Ethnic Group); Uighurs (Chinese Ethnic Group); Oil (Petroleum) and Gasoline; Hu Jintao; China; Pipelines,https://www.nytimes.com/2011/01/03/world/asia/03china.html
2011,2011-01-03T02:05:56Z,2010s,Jan-Feb,"Szeto Wah, Political Activist in Hong Kong, Dies at 79",Mr. Szeto was a Hong Kong union leader and critic of British colonial rule who became an implacable critic of the Chinese Communist Party after the Tiananmen Square killings in 1989.,,Mr. Szeto was a Hong Kong union leader and critic of British colonial rule who became an implacable critic of the Chinese Communist Party after the Tiananmen Square killings in 1989.,World,Foreign,Obituary (Obit),article,0,"HONG KONG ALLIANCE; Tsang, Donald; Hong Kong; Tiananmen Square (Beijing); Deaths (Obituaries)",https://www.nytimes.com/2011/01/03/world/asia/03szeto.html
2011,2011-01-03T03:03:05Z,2010s,Jan-Feb,How to Stay Friends With China,"When they meet this month, Obama and Hu must find a way to get beyond the boilerplate.",,"When they meet this month, Obama and Hu must find a way to get beyond the boilerplate.",Opinion,OpEd,Op-Ed,article,0,"China; United States International Relations; Hu Jintao; Obama, Barack",https://www.nytimes.com/2011/01/03/opinion/03brzezinski.html
2011,2011-03-01T00:23:16Z,2010s,Mar-Apr,"With Its Eye on China, Japan Builds Up Military",Analysts say Japan is slowly raising the capabilities of its forces to respond to a more assertive China and to emerge from the shadow of the United States.,,Analysts say Japan is slowly raising the capabilities of its forces to respond to a more assertive China and to emerge from the shadow of the United States.,World,Foreign,News,article,0,China; Politics and Government; Japan; Defense and Military Forces,https://www.nytimes.com/2011/03/01/world/asia/01japan.html
2011,2011-03-01T01:23:49Z,2010s,Mar-Apr,WeatherBill Raises $42 Million,Google Ventures and Khosla Ventures invest in a start-up that insures farmers against extreme weather that can cripple crop production.,,Google Ventures and Khosla Ventures invest in a start-up that insures farmers against extreme weather that can cripple crop production.,Business,,,article,539,Google Ventures; Khosla Ventures,https://dealbook.nytimes.com/2011/02/28/weatherbill-raises-42-million/
2011,2011-03-01T02:21:44Z,2010s,Mar-Apr,Well-Oiled Security Apparatus in China Stifles Calls for Change,"The government is relying on repression and incentives to prevent a challenge similar to those in Tunisia, Egypt, Libya and elsewhere.",,"The government is relying on repression and incentives to prevent a challenge similar to those in Tunisia, Egypt, Libya and elsewhere.",World,Foreign,News,article,0,"Freedom of Speech and Expression; Human Rights and Human Rights Violations; Middle East and North Africa Unrest (2010- ); Demonstrations, Protests, and Riots; Computers and the Internet; China; Politics and Government",https://www.nytimes.com/2011/03/01/world/asia/01china.html
2011,2011-03-01T03:39:17Z,2010s,Mar-Apr,A Right Without a Remedy,A landmark case repudiated the Bush strategy of imprisoning detainees outside American territory so the Constitution would not apply. Or so many thought.,,A landmark case repudiated the Bush strategy of imprisoning detainees outside American territory so the Constitution would not apply. Or so many thought.,Opinion,Editorial,Editorial,article,0,"Boumediene, Lakhdar; Decisions and Verdicts; Detainees; Habeas Corpus; Supreme Court; Randolph, A Raymond; Uighurs (Chinese Ethnic Group)",https://www.nytimes.com/2011/03/01/opinion/01tue1.html
2011,2011-03-01T05:01:28Z,2010s,Mar-Apr,Clothes Makers Join to Set ‘Green Score’,"A coalition of retailers and clothing makers, including Wal-Mart, is planning to issue sustainability scores that the industry, and eventually shoppers, will use.",,"A coalition of retailers and clothing makers, including Wal-Mart, is planning to issue sustainability scores that the industry, and eventually shoppers, will use.",Business,Business,News,article,0,Shopping and Retail; Fashion and Apparel; Factories and Manufacturing; Sustainable Living,https://www.nytimes.com/2011/03/01/business/01apparel.html
2011,2011-03-01T06:46:27Z,2010s,Mar-Apr,Libyan Rebels Said to Debate Seeking U.N. Airstrikes,The revolutionary council may ask for airstrikes on some of Colonel Muammar el-Qaddafi’s most important military assets under a United Nations banner.,,The revolutionary council may ask for airstrikes on some of Colonel Muammar el-Qaddafi’s most important military assets under a United Nations banner.,World,Foreign,News,article,0,"Middle East and North Africa Unrest (2010- ); United Nations; Demonstrations, Protests, and Riots; Defense and Military Forces; Libya; Qaddafi, Muammar el-; Politics and Government",https://www.nytimes.com/2011/03/02/world/africa/02libya.html
2011,2011-03-01T11:00:28Z,2010s,Mar-Apr,E-Ties That Bind,"The stronger the electronic connections, the greater desire for face-to-face contact, an economist writes.",,"The stronger the electronic connections, the greater desire for face-to-face contact, an economist writes.",Business,,,article,994,Computers and the Internet; Urban Areas; Silicon Valley (Calif),https://economix.blogs.nytimes.com/2011/03/01/e-ties-that-bind/
2011,2011-03-01T12:00:17Z,2010s,Mar-Apr,"Mr. Mummy, at Home in the Bronx","Bob Brier, an Egyptologist known as Mr. Mummy, has filled his three adjacent apartments in the Bronx with a staggering array of Egyptomania, from authentic mummy parts to dime-store kitsch.",,"Bob Brier, an Egyptologist known as Mr. Mummy, has filled his three adjacent apartments in the Bronx with a staggering array of Egyptomania, from authentic mummy parts to dime-store kitsch.",New York,,,article,911,"Collectors and Collections; Egyptian Civilization; Mummies and Mummification; Brier, Bob; Long Island University; RIVERDALE (NYC)",https://cityroom.blogs.nytimes.com/2011/03/01/mr-mummy-at-home-in-the-bronx/
2011,2011-03-01T12:03:08Z,2010s,Mar-Apr,"100, 75, 50 Years Ago",Highlights from the I.H.T. archives.,,Highlights from the I.H.T. archives.,Opinion,Editorial,News,article,0,,https://www.nytimes.com/2011/03/02/opinion/02iht-oldmar02.html
2011,2011-03-01T12:05:47Z,2010s,Mar-Apr,Carlyle To Acquire Parts Maker In Japan,"The deal between the Carlyle Group and Nomura Holdings is estimated at $800 million, making it the largest buyout in the country in more than a year.",,"The deal between the Carlyle Group and Nomura Holdings is estimated at $800 million, making it the largest buyout in the country in more than a year.",Business,,,article,353,"Mergers, Acquisitions and Divestitures; Carlyle Group; Nomura Holdings Inc",https://dealbook.nytimes.com/2011/03/01/carlyle-to-buy-japanese-auto-parts-maker/
2011,2011-03-01T13:03:12Z,2010s,Mar-Apr,How to Get America Back on Track,The United States will continue to fall behind unless it changes old habits and practices.,,The United States will continue to fall behind unless it changes old habits and practices.,Opinion,Editorial,Op-Ed,article,0,China; United States International Relations; United States Economy,https://www.nytimes.com/2011/03/02/opinion/02iht-edmoyo02.html
2011,2011-03-01T13:24:13Z,2010s,Mar-Apr,U.S. Cites a Top Chinese Web Site in the Sale of Fake Goods,"China’s top search engine, Baidu, was among 33 Web sites or public markets in several countries accused of aiding in the trade of counterfeit goods.",,"China’s top search engine, Baidu, was among 33 Web sites or public markets in several countries accused of aiding in the trade of counterfeit goods.",Business,Business,News,article,0,Copyrights and Copyright Violations; United States; Baidu Inc; Taobao; China; Counterfeit Merchandise,https://www.nytimes.com/2011/03/02/business/global/02trade.html
2011,2011-03-01T14:53:36Z,2010s,Mar-Apr,Chinese Move to Stop Reporting on Protests,Authorities have moved to prevent foreign reporters from covering protests that have been largely nonexistent.,,Authorities have moved to prevent foreign reporters from covering protests that have been largely nonexistent.,World,Foreign,News,article,0,"China; Politics and Government; Demonstrations, Protests, and Riots; News and News Media; Freedom of the Press",https://www.nytimes.com/2011/03/02/world/asia/02china.html
2011,2011-03-01T15:44:23Z,2010s,Mar-Apr,Morning Take-Out,Highlights from the DealBook newsletter.,,Highlights from the DealBook newsletter.,Business,Business,,article,1317,,https://dealbook.nytimes.com/2011/03/01/morning-take-out-192/
2011,2011-03-01T18:00:32Z,2010s,Mar-Apr,Greylock Expands Fund to $1 Billion,The venture capital firm is looking to increase investments in late-stage start-ups like Groupon and Facebook.,,The venture capital firm is looking to increase investments in late-stage start-ups like Groupon and Facebook.,Business,,,article,467,"Start-ups; Venture Capital; Sze, David; Greylock Partners",https://dealbook.nytimes.com/2011/03/01/greylock-expands-fund-to-1-billion/
2011,2011-03-01T19:24:16Z,2010s,Mar-Apr,Motion Picture Industry Group Names Ex-Senator Dodd as Its New Chief,The former Democratic senator of Connecticut will become the movie association’s top lobbyist and will be charged with reviving the group’s waning influence.,,The former Democratic senator of Connecticut will become the movie association’s top lobbyist and will be charged with reviving the group’s waning influence.,Business,Business,News,article,0,"Dodd, Christopher J; Motion Picture Assn of America; Lobbying and Lobbyists; United States Politics and Government",https://www.nytimes.com/2011/03/02/business/02dodd.html
2011,2011-03-01T19:55:00Z,2010s,Mar-Apr,"At Geneva, an Upbeat but Uncertain Mood","Even if the overall economic trend remained positive for carmakers, executives at Geneva said, they would still have to contend with shocks and setbacks.",,"Even if the overall economic trend remained positive for carmakers, executives at Geneva said, they would still have to contend with shocks and setbacks.",Automobiles,Business,News,article,0,Automobiles; Geneva International Motor Show; Volkswagen AG; Renault SA; GENERAL MOTORS CO; Bayerische Motorenwerke AG; Fiat SpA,https://www.nytimes.com/2011/03/02/automobiles/autoshow/02geneva-auto-show.html
2011,2011-03-01T21:35:37Z,2010s,Mar-Apr,Uncertainty Drives Up Oil Prices,"Any interruptions from countries like Iran, Oman and Iraq would further tighten oil supplies.",,"Any interruptions from countries like Iran, Oman and Iraq would further tighten oil supplies.",Business,Business,News,article,0,"Middle East and North Africa Unrest (2010- ); Libya; Saudi Arabia; Oil (Petroleum) and Gasoline; Iran; Prices (Fares, Fees and Rates)",https://www.nytimes.com/2011/03/02/business/02oil.html
2011,2011-03-01T21:35:51Z,2010s,Mar-Apr,"Lamborghini Aventador, Pagani Huayra and Gumpert Tornante Are Among Geneva’s Unobtanium",A crop of new hypercars at the Geneva auto show suggest that the fast are getting richer and the rich faster.,,A crop of new hypercars at the Geneva auto show suggest that the fast are getting richer and the rich faster.,Automobiles,,,article,840,Automobiles; Geneva International Motor Show; Automobili Lamborghini SpA; Bugatti Motors; Koenigsegg Automotive; Geneva (Switzerland),https://wheels.blogs.nytimes.com/2011/03/01/lamborghini-aventador-pagani-huayra-and-gumpert-tornante-are-among-genevas-unobtanium/
2011,2011-03-02T02:31:37Z,2010s,Mar-Apr,This Is Just the Start,Here’s a back-of-the-envelope guess list of the not-so-obvious forces that have fed the mass revolt in the Arab world.,,Here’s a back-of-the-envelope guess list of the not-so-obvious forces that have fed the mass revolt in the Arab world.,Opinion,Editorial,Op-Ed,article,0,"Fayyad, Salam; Middle East and North Africa Unrest (2010- ); Google Inc; Israel; Obama, Barack; Olympic Games (2008)",https://www.nytimes.com/2011/03/02/opinion/02friedman.html
2011,2011-05-01T01:37:44Z,2010s,May-Jun,Events in New Jersey,A guide to cultural and recreational goings-on in the state this week.,,A guide to cultural and recreational goings-on in the state this week.,New York,Metro,Schedule,article,0,New Jersey; Art; Culture (Arts); Theater; Museums,https://www.nytimes.com/2011/05/01/nyregion/events-in-new-jersey.html
2011,2011-05-01T21:26:38Z,2010s,May-Jun,A Wry Eye on Problems of the Future,"Albert Brooks, actor, screenwriter and director, tries his hand at writing a novel, one that looks ahead to what awaits Americans.",,"Albert Brooks, actor, screenwriter and director, tries his hand at writing a novel, one that looks ahead to what awaits Americans.",Books,Culture,Review,article,0,"Writing and Writers; Brooks, Albert; Books and Literature",https://www.nytimes.com/2011/05/02/books/albert-brookss-2030-his-first-novel-review.html
2011,2011-05-01T21:56:26Z,2010s,May-Jun,Investors Ignore Risks in Pursuit of Growth in China,"The Chinese social networking site Renren is set to go public in the United States this week, and investors appear to be disregarding the red flags that are in the company's I.P.O. filings.",,"The Chinese social networking site Renren is set to go public in the United States this week, and investors appear to be disregarding the red flags that are in the company's I.P.O. filings.",Business,Business,News,article,0,China; Social Networking (Internet); Initial Public Offerings,https://www.nytimes.com/2011/05/02/business/global/02ipo.html
2011,2011-05-01T21:57:19Z,2010s,May-Jun,Factories Slow Their Output Growth in China,"An index measuring manufacturing growth fell in April compared with March, suggesting that the government's monetary tightening efforts had affected the economy more than expected.",,"An index measuring manufacturing growth fell in April compared with March, suggesting that the government's monetary tightening efforts had affected the economy more than expected.",Business,Business,News,article,0,Economic Conditions and Trends,https://www.nytimes.com/2011/05/02/business/global/02yuan.html
2011,2011-05-01T23:35:46Z,2010s,May-Jun,Many Japanese Factories Recover After Quake,"Ricoh, a maker of copiers, swung into action after the March earthquake and has nearly recovered. Japan says 64 percent of damaged factories have bounced back.",,"Ricoh, a maker of copiers, swung into action after the March earthquake and has nearly recovered. Japan says 64 percent of damaged factories have bounced back.",Business,Business,News,article,0,Japan Earthquake and Tsunami (2011); RICOH COMPANY LTD; Factories and Manufacturing; Economic Conditions and Trends,https://www.nytimes.com/2011/05/02/business/global/02ricoh.html
2011,2011-05-02T00:55:55Z,2010s,May-Jun,"After Roasting, Trump Reacts In Character",The Week of the Donald was topped off by a savage mocking at the White House Correspondents’ Dinner. And Donald J. Trump responded in kind — by lashing out.,,The Week of the Donald was topped off by a savage mocking at the White House Correspondents’ Dinner. And Donald J. Trump responded in kind — by lashing out.,New York,Metro,News,article,0,"White House Correspondents Assn; Presidential Election of 2012; Trump, Donald J; United States Politics and Government",https://www.nytimes.com/2011/05/02/nyregion/after-roasting-trump-reacts-in-character.html
2011,2011-05-02T00:59:06Z,2010s,May-Jun,O Thou Great Redeemer(s),"Are couponing, hoarding and stockpiling some sort of patriotic duty?",,"Are couponing, hoarding and stockpiling some sort of patriotic duty?",Opinion,,,article,938,,https://opinionator.blogs.nytimes.com/2011/05/01/o-thou-great-redeemers/
2011,2011-05-02T01:16:21Z,2010s,May-Jun,Corrections,"Corrections appearing in print on May 2, 2011.",,"Corrections appearing in print on May 2, 2011.",Corrections,National,Correction,article,0,,https://www.nytimes.com/2011/05/02/pageoneplus/corrections.html
2011,2011-05-02T04:07:26Z,2010s,May-Jun,"Testing Budget Solutions, Utah Trims the Workweek",An effort to save money by putting state workers on a four-day week is drawing interest from other states but mixed reviews in Utah.,,An effort to save money by putting state workers on a four-day week is drawing interest from other states but mixed reviews in Utah.,U.S.,National,News,article,0,"Utah; Olsen, Kevin; Volunteers and Community Service; Working Hours; Labor and Jobs; Government Employees; Herbert, Gary R; Huntsman, Jon M Jr",https://www.nytimes.com/2011/05/02/us/02four.html
2011,2011-05-02T05:49:47Z,2010s,May-Jun,"Priced Off the Menu? Palau’s Sharks Are Worth $1.9 Million Each, a Study Says",A study by the Australian Institute of Marine Science puts the lifetime value of each shark to the government of Palau at nearly $2 million.,,A study by the Australian Institute of Marine Science puts the lifetime value of each shark to the government of Palau at nearly $2 million.,Science,Foreign,News,article,0,Australia; Palau; Sharks; Economic Conditions and Trends,https://www.nytimes.com/2011/05/02/science/earth/02shark.html
2011,2011-05-02T05:55:30Z,2010s,May-Jun,"Another Side of Tilapia, the Perfect Factory Fish","Once obscure, tilapia is now Americans’ favorite farmed fish. But critics point to environmental and nutritional drawbacks.",,"Once obscure, tilapia is now Americans’ favorite farmed fish. But critics point to environmental and nutritional drawbacks.",Science,Foreign,News,article,0,Tilapia (Fish); International Trade and World Market; Diet and Nutrition; United States; Honduras; Water Pollution; China; Fish Farming,https://www.nytimes.com/2011/05/02/science/earth/02tilapia.html
2011,2011-05-02T10:00:37Z,2010s,May-Jun,Super Sad True Jobs Story,"The economic recovery in the United States has not revived the job market — and may not, an economist writes.",,"The economic recovery in the United States has not revived the job market — and may not, an economist writes.",Business,,,article,643,"Labor and Jobs; Immelt, Jeffrey R; Council on Jobs and Competitiveness",https://economix.blogs.nytimes.com/2011/05/02/super-sad-true-jobs-story/
2011,2011-05-02T10:00:50Z,2010s,May-Jun,"Berlin Gallery Spotlights Ai Weiwei, Detained Chinese Artist","Though Ai Weiwei, the detained Chinese artist, was absent from the Gallery Weekend Berlin, his exhibition will continue into June is at Galerie Neugerriemschneider.",,"Though Ai Weiwei, the detained Chinese artist, was absent from the Gallery Weekend Berlin, his exhibition will continue into June is at Galerie Neugerriemschneider.",Travel,,,article,317,Art; Ai Weiwei; Berlin (Germany),https://intransit.blogs.nytimes.com/2011/05/02/berlin-gallery-spotlights-ai-weiwei-detained-chinese-artist/
2011,2011-05-02T12:15:29Z,2010s,May-Jun,Arch Coal to Buy International Coal for $3.4 Billion,The takeover would create one of the largest coal producers in the world and a powerhouse in the production of steel-making coal.,,The takeover would create one of the largest coal producers in the world and a powerhouse in the production of steel-making coal.,Business,,,article,410,Arch Coal Inc; INTERNATIONAL COAL GROUP INCORPORATED,https://dealbook.nytimes.com/2011/05/02/arch-coal-to-acquire-icg-in-3-4-billion-deal/
2011,2011-05-02T13:10:02Z,2010s,May-Jun,Terex Bids $1.3 Billion for German Crane Company,"The heavy equipment manufacturer based in Connecticut announced a tender offer for Demag Cranes of Germany, bidding 41.75 euros a share.",,"The heavy equipment manufacturer based in Connecticut announced a tender offer for Demag Cranes of Germany, bidding 41.75 euros a share.",Business,Business,,article,243,Demag; Terex,https://dealbook.nytimes.com/2011/05/02/terex-bids-1-3-billion-for-german-crane-company/
2011,2011-05-02T14:46:42Z,2010s,May-Jun,Morning Take-Out,Highlights from the DealBook newsletter.,,Highlights from the DealBook newsletter.,Business,Business,,article,2124,,https://dealbook.nytimes.com/2011/05/02/morning-take-out-234/
2011,2011-05-02T15:32:55Z,2010s,May-Jun,"Wilbur Ross, Coal Alchemist","International Coal, which has agreed to be bought by Arch Coal for $3.4 billion, was cobbled together by Wilbur Ross, known for finding value in distressed industries.",,"International Coal, which has agreed to be bought by Arch Coal for $3.4 billion, was cobbled together by Wilbur Ross, known for finding value in distressed industries.",Business,,,article,260,"Coal; Ross, Wilbur L Jr; Arch Coal Inc; INTERNATIONAL COAL GROUP INCORPORATED",https://dealbook.nytimes.com/2011/05/02/coal-deal-shines-golden-for-wilbur-ross/
2011,2011-05-02T18:07:49Z,2010s,May-Jun,Saab Secures $44 Million and Plans Partnership With Hawtai Motor Group,"The Swedish automaker moved a step closer toward resuming activity at its Trollhattan factory, which has been idle for nearly four weeks.",,"The Swedish automaker moved a step closer toward resuming activity at its Trollhattan factory, which has been idle for nearly four weeks.",Automobiles,,,article,281,"Automobiles; New York International Auto Show; Muller, Victor R; European Investment Bank; General Motors; Saab Automobile AB; Spyker Cars; Sweden",https://wheels.blogs.nytimes.com/2011/05/02/saab-secures-44-million-and-plans-partnership-with-chinese-company/
2011,2011-05-02T19:45:32Z,2010s,May-Jun,The Clout of Air Alliances,"Ticketing on intercontinental trips is smoother, but some travelers blamed reduced competition on some routes for higher fares.",,"Ticketing on intercontinental trips is smoother, but some travelers blamed reduced competition on some routes for higher fares.",Business,Business,News,article,0,Antitrust Laws and Competition Issues; Airlines and Airplanes,https://www.nytimes.com/2011/05/03/business/03alliances.html
2011,2011-05-02T21:12:43Z,2010s,May-Jun,"Supplies Squeezed, Rare Earth Prices Surge",World prices have doubled in the last four months as efforts to increase supplies and break China’s chokehold on the market have faltered.,,World prices have doubled in the last four months as efforts to increase supplies and break China’s chokehold on the market have faltered.,Business,Business,News,article,0,"Metals and Minerals; Rare Earths; Prices (Fares, Fees and Rates)",https://www.nytimes.com/2011/05/03/business/03rare.html
2011,2011-07-01T00:46:24Z,2010s,Jul-Aug,China: Rules Favoring Local Companies for State Contracts Will Be Eased,"The Ministry of Finance will repeal three rules on Friday that favor Chinese companies in competitions for government technology purchases, according to a statement posted this week.",,"The Ministry of Finance will repeal three rules on Friday that favor Chinese companies in competitions for government technology purchases, according to a statement posted this week.",World,Foreign,Brief,article,0,China; Politics and Government; International Trade and World Market,https://www.nytimes.com/2011/07/01/world/asia/01briefs-China.html
2011,2011-07-01T01:49:32Z,2010s,Jul-Aug,Boeing Labor Dispute Is Making New Factory a Political Football,The challenge to a new Boeing plant in South Carolina by a union in Seattle has turned into a political firefight between the foes and partisans of organized labor.,,The challenge to a new Boeing plant in South Carolina by a union in Seattle has turned into a political firefight between the foes and partisans of organized labor.,Business,Business,News,article,0,South Carolina; Strikes; Washington (State); National Labor Relations Board; Organized Labor; Boeing Company,https://www.nytimes.com/2011/07/01/business/01boeing.html
2011,2011-07-01T02:13:58Z,2010s,Jul-Aug,Fund-Raising Begins Slowly for G.O.P. Candidates,The struggling economy and the absence of a clear front-runner might be taking a toll on campaign contributions.,,The struggling economy and the absence of a clear front-runner might be taking a toll on campaign contributions.,U.S.,National,News,article,0,Primaries and Caucuses; Presidential Election of 2012; Campaign Finance; Finances; Republican Party; Elections,https://www.nytimes.com/2011/07/01/us/politics/01donate.html
2011,2011-07-01T03:25:25Z,2010s,Jul-Aug,Omega Is Expanding Golf Profile in U.S.,"The Swiss watch brand and the P.G.A. of America will announce a five-year deal that would make Omega the official timepiece of the P.G.A. Championship, the Senior P.G.A. Championship and the PGA Grand Slam of Golf, as well as the 2012 and 2014 Ryder Cups.",,"The Swiss watch brand and the P.G.A. of America will announce a five-year deal that would make Omega the official timepiece of the P.G.A. Championship, the Senior P.G.A. Championship and the PGA Grand Slam of Golf, as well as the 2012 and 2014 Ryder Cups.",Sports,,News,article,510,Golf,https://onpar.blogs.nytimes.com/2011/06/30/omega-is-expanding-golf-profile-in-u-s/
2011,2011-07-01T03:26:48Z,2010s,Jul-Aug,"C.W. Whalen Jr., 90, Dies; Led Vietnam War Dissent",Mr. Whalen was a six-term Republican congressman from Ohio who espoused a variety of liberal causes.,,Mr. Whalen was a six-term Republican congressman from Ohio who espoused a variety of liberal causes.,U.S.,National,Obituary (Obit),article,0,"United States Politics and Government; Ohio; House of Representatives; Draft and Recruitment (Military); Vietnam War; Whalen, Charles W Jr; Deaths (Obituaries)",https://www.nytimes.com/2011/07/01/us/politics/01whalen.html
2011,2011-07-01T05:33:07Z,2010s,Jul-Aug,Online Activism Finds a Home in San Francisco,Change.org is one group in an emerging field of organizations that try to harness the Internet to help users turn online clicks into social change.,,Change.org is one group in an emerging field of organizations that try to harness the Internet to help users turn online clicks into social change.,U.S.,National,News,article,0,"Politics and Government; Bay Citizen, The; San Francisco (Calif); Computers and the Internet",https://www.nytimes.com/2011/07/01/us/01bcchange.html
2011,2011-07-01T06:34:23Z,2010s,Jul-Aug,Poll Finds Confidence Down in Japan,"A poll by the Japanese central bank showed a drastic slump, despite signs of economic recovery.",,"A poll by the Japanese central bank showed a drastic slump, despite signs of economic recovery.",Business,Business,News,article,0,Japan; Economic Conditions and Trends; Japan Earthquake and Tsunami (2011); ECONOMICS,https://www.nytimes.com/2011/07/02/business/global/02yen.html
2011,2011-07-01T10:38:51Z,2010s,Jul-Aug,Growth Slows in China’s Manufacturing Sector,"The official purchasing managers' index fell to 50.9 in June, below expectations of a reading of 51.3 and down from 52 in May, the China Federation of Logistics and Purchasing said Friday.",,"The official purchasing managers' index fell to 50.9 in June, below expectations of a reading of 51.3 and down from 52 in May, the China Federation of Logistics and Purchasing said Friday.",Business,Business,News,article,0,China; Economic Conditions and Trends; Factories and Manufacturing,https://www.nytimes.com/2011/07/02/business/global/02yuan.html
2011,2011-07-01T12:03:21Z,2010s,Jul-Aug,Europe in Afghanistan,France and the Europeans must make a contribution to a political settlement in Afghanistan.,,France and the Europeans must make a contribution to a political settlement in Afghanistan.,Opinion,Editorial,Op-Ed,article,0,France; Afghanistan; Afghanistan War (2001- ); North Atlantic Treaty Organization,https://www.nytimes.com/2011/07/02/opinion/02iht-edamecourt02.html
2011,2011-07-01T12:03:22Z,2010s,Jul-Aug,Freedom First or Business First?,The U.S. has different policies for Cuba and China. Which is more likely to emerge a democracy?,,The U.S. has different policies for Cuba and China. Which is more likely to emerge a democracy?,Opinion,Editorial,Op-Ed,article,0,Cuba; China; United States International Relations,https://www.nytimes.com/2011/07/02/opinion/02iht-edcarone.html
2011,2011-07-01T14:44:50Z,2010s,Jul-Aug,A Response to Mara Hvistendahl (I),Debating sex selection and abortion with the author of “Unnatural Selection”,,Debating sex selection and abortion with the author of “Unnatural Selection”,Opinion,,News,article,815,,https://douthat.blogs.nytimes.com/2011/07/01/a-response-to-mara-hvistendahl-i/
2011,2011-07-01T16:08:32Z,2010s,Jul-Aug,By-the-Book Celebration for China’s Communists on Party’s 90th Birthday,"The 90th anniversary of the founding of the Chinese Communist Party was observed with a stiff and scripted, though much-hyped, event, with an emphasis on social stability.",,"The 90th anniversary of the founding of the Chinese Communist Party was observed with a stiff and scripted, though much-hyped, event, with an emphasis on social stability.",World,Foreign,News,article,0,China; Politics and Government; Communism (Theory and Philosophy); Mao Zedong,https://www.nytimes.com/2011/07/02/world/asia/02china.html
2011,2011-07-01T19:56:33Z,2010s,Jul-Aug,"We’re Holding Your Plot Device. If You Want It Back, Send Us ...","Lucas Belvaux’s French-Belgian hostage drama “Rapt” is the latest assignation in the film industry’s long, dark romance with ransom notes.",,"Lucas Belvaux’s French-Belgian hostage drama “Rapt” is the latest assignation in the film industry’s long, dark romance with ransom notes.",Movies,Arts&Leisure,News,article,0,"Hostages; Belvaux, Lucas; Movies",https://www.nytimes.com/2011/07/03/movies/ransom-note-age-old-device-with-dramatic-payoff.html
2011,2011-07-01T20:16:55Z,2010s,Jul-Aug,Detroit Pushes Back With Young Muscles,"Detroit, a city whose downtown is better known for its recent economic decline, is drawing a number of college-educated people under age 35.",,"Detroit, a city whose downtown is better known for its recent economic decline, is drawing a number of college-educated people under age 35.",Fashion,Styles,News,article,0,Restoration and Renovation; Detroit (Mich); Art; Housing and Real Estate; Entrepreneurship,https://www.nytimes.com/2011/07/03/fashion/the-young-and-entrepreneurial-move-to-downtown-detroit-pushing-its-economic-recovery.html
2011,2011-07-01T20:30:30Z,2010s,Jul-Aug,An Accordion Epicenter Shrinks and Thrives,An Italian town that has been the home of high-end accordion makers for decades has survived by focusing on quality.,,An Italian town that has been the home of high-end accordion makers for decades has survived by focusing on quality.,Business,Business,News,article,0,Accordions; Italy; Factories and Manufacturing; Musical Instruments,https://www.nytimes.com/2011/07/02/business/global/02accordions.html
2011,2011-07-01T20:48:35Z,2010s,Jul-Aug,June’s Political Best Sellers,What’s topping the summer reading lists of the government set.,,What’s topping the summer reading lists of the government set.,U.S.,,News,article,716,Books and Literature,https://thecaucus.blogs.nytimes.com/2011/07/01/junes-political-best-sellers-2/
2011,2011-07-02T01:39:00Z,2010s,Jul-Aug,A ‘Factory’ Worker Glances Back,The artist known as Ultra Violet will be at ArtHamptons for several screenings of a documentary about her time with Andy Warhol in New York in the 1960s.,,The artist known as Ultra Violet will be at ArtHamptons for several screenings of a documentary about her time with Andy Warhol in New York in the 1960s.,New York,Metro,News,article,0,"Art; Long Island (NY); Warhol, Andy; Bridgehampton (NY)",https://www.nytimes.com/2011/07/03/nyregion/in-bridgehampton-ultra-violet-a-warhol-star-will-look-back.html
2011,2011-07-02T01:53:23Z,2010s,Jul-Aug,Events in New Jersey,A guide to cultural and recreational goings-on around New Jersey.,,A guide to cultural and recreational goings-on around New Jersey.,New York,Metro,Schedule,article,0,Art; Culture (Arts); Theater; New Jersey,https://www.nytimes.com/2011/07/03/nyregion/events-in-new-jersey.html
2011,2011-07-02T16:20:55Z,2010s,Jul-Aug,World Bank Is Opening Its Treasure Chest of Data,"Robert B. Zoellick, the World Bank president, argues that its most valuable currency isn’t money — it’s information.",,"Robert B. Zoellick, the World Bank president, argues that its most valuable currency isn’t money — it’s information.",Business,SundayBusiness,News,article,2474,"World Bank; Zoellick, Robert B; Research; Computers and the Internet",https://www.nytimes.com/2011/07/03/business/global/03world.html
2011,2011-07-03T12:39:28Z,2010s,Jul-Aug,Electric Cars Remain Tough Sell in China,"China wants to be a world leader in electric vehicle production, but practical issues are holding customers back.",,"China wants to be a world leader in electric vehicle production, but practical issues are holding customers back.",Business,Business,News,article,0,Electric Vehicles; China,https://www.nytimes.com/2011/07/04/business/energy-environment/04green.html
2011,2011-07-06T23:33:47Z,,,Building Boom in China Stirs Fears of Debt Overload,Frenzied construction in cities like Wuhan belies signs that development financed with borrowing by local governments could undermine China’s economic progress.,,,Business,,,,,,https://www.nytimes.com/2011/07/07/business/global/building-binge-by-chinas-cities-threatens-countrys-economic-boom.html
2011,2011-08-02T00:33:47Z,,,"Pearls, Finer but Still Cheap, Flow From China","Chinese companies are using new techniques that help make pearls cheaper, throwing the industry into turmoil.",,,Business,,,,,,https://www.nytimes.com/2011/08/02/business/global/chinas-high-quality-pearls-enter-the-mass-market.html
2011,2011-08-08T02:24:54Z,,,China’s Premier Seeks Reforms and Relevance,"Wen Jiabao, the prime minister of China and the leading supporter of what passes for political liberalism in the country, appears increasingly marginalized.",,,World,,,,,,https://www.nytimes.com/2011/08/08/world/asia/08china.html
2011,2011-08-11T01:03:50Z,,,"As Investors, Chinese Turn to New York","China is urging investment in New York and elsewhere to diversify its foreign holdings, develop business partners and improve its international leverage.",,,New York,,,,,,https://www.nytimes.com/2011/08/11/nyregion/chinese-investment-grows-in-new-york-city.html
2011,2011-08-14T00:16:02Z,,,Chinese Director’s Path From Rebel to Insider,Zhao Liang’s evolution from a filmmaker the government hounded to one it celebrates offers a window into how directors in China try to carve out space for self-expression.,,,World,,,,,,https://www.nytimes.com/2011/08/14/world/asia/14filmmaker.html
2011,2011-09-01T00:45:25Z,2010s,Sep-Oct,Solar Firm Aided by Federal Loans Shuts Doors,A Silicon Valley maker of solar power arrays that was started with high hopes and $527 million in loans from the federal government said that it would cease operations.,,A Silicon Valley maker of solar power arrays that was started with high hopes and $527 million in loans from the federal government said that it would cease operations.,Business,Business,News,article,0,Solyndra Inc; Solar Energy; United States; Bankruptcies; Federal Aid (US); Alternative and Renewable Energy; China,https://www.nytimes.com/2011/09/01/business/energy-environment/solyndra-solar-firm-aided-by-federal-loans-shuts-doors.html
2011,2011-09-01T00:59:11Z,2010s,Sep-Oct,Huntsman Urges Stripping Deductions From Tax Code,"Seeking to gain traction in the Republican presidential race, Jon M. Huntsman Jr. called for the tax code to be stripped of all loopholes and deductions.",,"Seeking to gain traction in the Republican presidential race, Jon M. Huntsman Jr. called for the tax code to be stripped of all loopholes and deductions.",U.S.,National,News,article,0,"Huntsman, Jon M Jr; Presidential Election of 2012; Republican Party; Taxation; Federal Budget (US); Tax Credits, Deductions and Exemptions",https://www.nytimes.com/2011/09/01/us/politics/01huntsman.html
2011,2011-09-01T01:38:03Z,2010s,Sep-Oct,Isolating Assad,"The world is rightly fed up with Syria’s brutal leader, Bashar al-Assad, but he still has powerful enablers.",,"The world is rightly fed up with Syria’s brutal leader, Bashar al-Assad, but he still has powerful enablers.",Opinion,Editorial,Editorial,article,0,"Middle East and North Africa Unrest (2010- ); Assad, Bashar al-; Syria; International Relations; Arab League; Security Council (UN); European Union; Russia; China; India; Brazil; South Africa; Politics and Government; United States International Relations; Turkey; Iran",https://www.nytimes.com/2011/09/01/opinion/isolating-assad.html
2011,2011-09-01T02:01:30Z,2010s,Sep-Oct,"Praising NATO, and France’s Place in It","President Nicolas Sarkozy of France called NATO’s support of Libyan rebels “an indispensable tool,” and stressed the need for Europe to focus on its military capabilities.",,"President Nicolas Sarkozy of France called NATO’s support of Libyan rebels “an indispensable tool,” and stressed the need for Europe to focus on its military capabilities.",World,Foreign,News,article,0,"Sarkozy, Nicolas; Middle East and North Africa Unrest (2010- ); North Atlantic Treaty Organization; France; Defense and Military Forces; Politics and Government; Embargoes and Economic Sanctions",https://www.nytimes.com/2011/09/01/world/europe/01france.html
2011,2011-09-01T03:28:01Z,2010s,Sep-Oct,China: Two Tibetan Monks Receive Lengthy Prison Terms,"The monks were accused of “intentional homicide” in the death of another monk, who immolated himself last March, according to Xinhua.",,"The monks were accused of “intentional homicide” in the death of another monk, who immolated himself last March, according to Xinhua.",World,Foreign,Brief,article,0,Prisons and Prisoners; Tibet; Buddhism; Sentences (Criminal),https://www.nytimes.com/2011/09/01/world/asia/01briefs-China.html
2011,2011-09-01T08:41:51Z,2010s,Sep-Oct,Russia Recognizes Libya Rebels as World Leaders Meet,"As global leaders gathered on Thursday to try to consolidate international support and reconstruction aid for Libya, Russia recognized the fledgling rebel government.",,"As global leaders gathered on Thursday to try to consolidate international support and reconstruction aid for Libya, Russia recognized the fledgling rebel government.",World,Foreign,News,article,0,"Libya; Russia; France; Transitional National Council (Libya); Qaddafi, Muammar el-",https://www.nytimes.com/2011/09/02/world/africa/02nato.html
2011,2011-09-01T11:57:24Z,2010s,Sep-Oct,Surveys Show Manufacturing Slowing Worldwide,The reports heighten fears that the global economy may be heading for another recession.,,The reports heighten fears that the global economy may be heading for another recession.,Business,Business,News,article,0,Economic Conditions and Trends,https://www.nytimes.com/2011/09/02/business/global/surveys-show-manufacturing-slowing-worldwide.html
2011,2011-09-01T12:09:12Z,2010s,Sep-Oct,New Coaches Have a Lot to Prove in International Soccer,"A host of new national team coaches in places as varied as China, the Gulf and the Americas will be hoping to get off to a good start over the coming days.",,"A host of new national team coaches in places as varied as China, the Gulf and the Americas will be hoping to get off to a good start over the coming days.",Sports,Sports,News,article,0,Soccer; World Cup (Soccer),https://www.nytimes.com/2011/09/02/sports/soccer/02iht-SOCCER02.html
2011,2011-09-01T12:16:28Z,2010s,Sep-Oct,Apple Cited as Adding to Pollution in China,Environmentalists released a report documenting what they said was pollution from “suspected” Apple suppliers throughout China.,,Environmentalists released a report documenting what they said was pollution from “suspected” Apple suppliers throughout China.,Technology,Business,News,article,0,Factories and Manufacturing; Waste Materials and Disposal; Apple Incorporated; Hazardous and Toxic Substances; Environment; China,https://www.nytimes.com/2011/09/02/technology/apple-suppliers-causing-environmental-problems-chinese-group-says.html
2011,2011-09-01T13:57:47Z,2010s,Sep-Oct,China Benefits as U.S. Solar Industry Withers,"Some American, Japanese and European solar companies still have a technological edge over Chinese rivals, but seldom a cost advantage, analysts say.",,"Some American, Japanese and European solar companies still have a technological edge over Chinese rivals, but seldom a cost advantage, analysts say.",Business,Business,News,article,0,First Solar Inc; Solyndra Inc; International Trade and World Market; Yingli Green Energy Holding Company Ltd; Solar Energy; United States; MEMC Electronic Materials Incorporated; China; SunPower Corp; Trina Solar Ltd,https://www.nytimes.com/2011/09/02/business/global/us-solar-company-bankruptcies-a-boon-for-china.html
2011,2011-09-01T14:47:58Z,2010s,Sep-Oct,The Friendly New Face of Goldman,"As part of an ambitious effort to overhaul its image, Goldman Sachs has a new Web site filled with sparkling testimonials from employees and videos featuring the firm’s executives.",,"As part of an ambitious effort to overhaul its image, Goldman Sachs has a new Web site filled with sparkling testimonials from employees and videos featuring the firm’s executives.",Business,,News,article,478,"Bloomberg, Michael R; Burns, Ric; Cohn, Gary D; Friedman, Richard; Bridgewater Associates; Goldman Sachs Group Inc",https://dealbook.nytimes.com/2011/09/01/the-friendly-new-face-of-goldman/
2011,2011-09-01T17:23:01Z,2010s,Sep-Oct,Rethinking the ‘Never Unsubscribe’ Rule for Spam,Is trying to unsubscribe from spam lists really such a bad idea?,,Is trying to unsubscribe from spam lists really such a bad idea?,Technology,,News,article,908,Computers and the Internet; Spam (Electronic Mail),https://pogue.blogs.nytimes.com/2011/09/01/rethinking-the-never-unsubscribe-rule-for-spam/
2011,2011-09-01T17:30:27Z,2010s,Sep-Oct,Do Parents Put Too Much Pressure on Students?,"Survey results show that Americans are the most likely to say parents should pressure children more about studies, and Chinese are most likely to say they should do so less.",,"Survey results show that Americans are the most likely to say parents should pressure children more about studies, and Chinese are most likely to say they should do so less.",Business,,News,article,184,Education (K-12); Parenting; Pew Research Center,https://economix.blogs.nytimes.com/2011/09/01/do-parents-put-too-much-pressure-on-students/
2011,2011-09-01T19:17:29Z,2010s,Sep-Oct,Libya’s Supporters Gather in Paris to Help Ease New Government’s Transition,Some 60 nations met to discuss how to help the new Libyan authorities restore stability and a functioning economy to a country ravaged by rebellion and 42 years of dictatorship.,,Some 60 nations met to discuss how to help the new Libyan authorities restore stability and a functioning economy to a country ravaged by rebellion and 42 years of dictatorship.,World,Foreign,News,article,0,Transitional National Council (Libya); International Relations; Middle East and North Africa Unrest (2010- ); Libya,https://www.nytimes.com/2011/09/02/world/europe/02paris.html
2011,2011-09-01T21:38:49Z,2010s,Sep-Oct,A Grand-Scale Adventure Filled With Household Names You Don’t Know,"“Detective Dee and the Mystery of the Phantom Flame” is a state-of -the-art action blockbuster, with subtitles.",,"“Detective Dee and the Mystery of the Phantom Flame” is a state-of -the-art action blockbuster, with subtitles.",Movies,Weekend,Review,article,0,"Movies; Hark, Tsui; Detective Dee and the Mystery of the Phantom Flame (Movie)",https://www.nytimes.com/2011/09/02/movies/detective-dee-with-andy-lau-review.html
2011,2011-09-01T21:40:45Z,2010s,Sep-Oct,A New Start for an Ambitious Queens Condo Complex,"At Sky View Parc in Flushing, more than half of the 448 units in the first phase remain unsold after three years.",,"At Sky View Parc in Flushing, more than half of the 448 units in the first phase remain unsold after three years.",Real Estate,RealEstate,News,article,0,FLUSHING (NYC); Housing and Real Estate,https://www.nytimes.com/2011/09/04/realestate/a-new-start-for-an-ambitious-queens-condo-complex.html
2011,2011-09-01T21:58:23Z,2010s,Sep-Oct,To Keep but Not Be Kept,"In Shanghai, my boyfriend, a white American, looked like just another foreigner taking home an Asian woman — me — like a souvenir.",,"In Shanghai, my boyfriend, a white American, looked like just another foreigner taking home an Asian woman — me — like a souvenir.",Fashion,Styles,News,article,0,Love (Emotion); Dating and Courtship; Chinese-Americans; Race and Ethnicity,https://www.nytimes.com/2011/09/04/fashion/modern-love-the-trophy-wife.html
2011,2011-09-02T08:00:15Z,2010s,Sep-Oct,"Sept. 2, 1945 | Japan Formally Surrenders to End World War II","On Sept. 2, 1945, Japan formally surrendered in a formal ceremony aboard the U.S.S. Missouri, ending World War II.",,"On Sept. 2, 1945, Japan formally surrendered in a formal ceremony aboard the U.S.S. Missouri, ending World War II.",Education,,News,article,409,,https://learning.blogs.nytimes.com/2011/09/02/sept-2-1945-japan-formally-surrenders-to-end-world-war-ii/
2011,2011-09-02T08:26:24Z,2010s,Sep-Oct,South Korean Police Detain Island Activists Opposed to Base,Police detained nearly three dozen activists and villagers Friday on the southern island of Jeju who have been camping for months to resist the construction of a naval base.,,Police detained nearly three dozen activists and villagers Friday on the southern island of Jeju who have been camping for months to resist the construction of a naval base.,World,Foreign,News,article,0,"South Korea; Jeju Island (South Korea); Demonstrations, Protests, and Riots; Military Bases and Installations; Defense and Military Forces",https://www.nytimes.com/2011/09/03/world/asia/03korea.html
2011,2011-09-02T08:49:31Z,2010s,Sep-Oct,Japan Leader to Keep Nuclear Phase-Out,Yoshihiko Noda picked a cabinet of fresh faces Friday to help guide Japan in the wake of its recent natural and nuclear disasters and chronic economic slump.,,Yoshihiko Noda picked a cabinet of fresh faces Friday to help guide Japan in the wake of its recent natural and nuclear disasters and chronic economic slump.,World,Foreign,News,article,0,"Japan Earthquake and Tsunami (2011); Democratic Party (Japan); Japan; Noda, Yoshihiko; Politics and Government",https://www.nytimes.com/2011/09/03/world/asia/03japan.html
2011,2011-10-10T02:25:38Z,,,"As Its Economy Sprints Ahead, China’s People Are Left Behind","China’s current economic system favors state-run banks and companies over wage earners, who are largely denied the benefits of the nation’s remarkable growth.",,,Business,,,,,,https://www.nytimes.com/2011/10/10/business/global/households-pay-a-price-for-chinas-growth.html
2011,2011-10-12T05:13:02Z,,,China and Vietnam Move to Reduce Tensions in South China Sea,"China and Vietnam agreed to follow a series of steps to reduce tensions in the South China Sea, a source of frequent friction over their rival claims to islands and undersea minerals.",,,World,,,,,,https://www.nytimes.com/2011/10/13/world/asia/china-and-vietnam-move-to-reduce-tensions-in-south-china-sea.html
2011,2011-10-26T00:27:34Z,,,China Takes a Loss to Get Ahead in the Business of Fresh Water,The Chinese government hopes to become a force in yet another environment-related industry: supplying the world with desalinated water.,,,World,,,,,,https://www.nytimes.com/2011/10/26/world/asia/china-takes-loss-to-get-ahead-in-desalination-industry.html
2011,2011-10-27T01:21:58Z,,,China Reins In Entertainment and Blogging,Communist leaders are proposing some of the tightest limits on media and Internet freedoms in years.,,,World,,,,,,https://www.nytimes.com/2011/10/27/world/asia/china-imposes-new-limits-on-entertainment-and-bloggers.html
2011,2011-10-28T22:59:18Z,,,Europe Tries to Lure Chinese Cash to Back Rescue of Euro,"Beijing is expected to demand major concessions in any deal, which would be perhaps its biggest opportunity yet to exercise financial clout in the West.",,,World,,,,,,https://www.nytimes.com/2011/10/29/world/asia/europe-seeks-chinese-investment-in-euro-rescue.html
2011,2011-11-01T00:01:12Z,2010s,Nov-Dec,"In China, Political Outsiders Turn to Microblog Campaigns","In elections stacked in favor of the Communist Party’s candidates, the ability of independents to whip up online sentiment for change appears to be what most worries officials.",,"In elections stacked in favor of the Communist Party’s candidates, the ability of independents to whip up online sentiment for change appears to be what most worries officials.",World,Foreign,News,article,1216,Social Networking (Internet); Communist Party of China; Computers and the Internet; China; Politics and Government; Elections,https://www.nytimes.com/2011/11/01/world/asia/political-outsiders-turn-to-microblog-campaigns-in-china.html
2011,2011-11-01T01:57:17Z,2010s,Nov-Dec,Activists Denounce Film Deal in China,"Human rights activists are criticizing a Hollywood studio’s deal to film a new feature in Shandong Province, where Chen Guangcheng, a lawyer, is under house arrest.",,"Human rights activists are criticizing a Hollywood studio’s deal to film a new feature in Shandong Province, where Chen Guangcheng, a lawyer, is under house arrest.",World,Foreign,News,article,656,Human Rights and Human Rights Violations; Relativity Media; Communist Party of China; Chen Guangcheng; China; Boycotts; Movies,https://www.nytimes.com/2011/11/01/world/asia/rights-activists-decry-hollywood-film-deal-in-china.html
2011,2011-11-01T02:10:07Z,2010s,Nov-Dec,"An Exceptional Change in Zambia, and via the Ballot Box, Too","It is highly uncommon for an incumbent African president to lose an election and then simply retire quietly, but that is exactly what Rupiah Banda of Zambia just did.",,"It is highly uncommon for an incumbent African president to lose an election and then simply retire quietly, but that is exactly what Rupiah Banda of Zambia just did.",World,Foreign,News,article,1153,"Banda, Rupiah; China; Sata, Michael; Politics and Government; Elections; Zambia",https://www.nytimes.com/2011/11/01/world/africa/zambia-peaceful-after-president-hands-over-power.html
2011,2011-11-01T03:37:43Z,2010s,Nov-Dec,China’s Copycat Culture,"If you’re worried about China overtaking the United States as one of the world’s leading innovators, don’t be.",,"If you’re worried about China overtaking the United States as one of the world’s leading innovators, don’t be.",Opinion,,News,article,605,,https://latitude.blogs.nytimes.com/2011/10/31/chinas-copycat-culture/
2011,2011-11-01T10:44:10Z,2010s,Nov-Dec,Credit Suisse Plans More Job Cuts Even as Profit Rises 12%,"The second-largest Swiss bank said its third-quarter net profit rose to 683 million Swiss francs, and it announced 1,500 additional job reductions.",,"The second-largest Swiss bank said its third-quarter net profit rose to 683 million Swiss francs, and it announced 1,500 additional job reductions.",Business,,News,article,636,Banking and Financial Institutions; Company Reports; Credit Suisse Group AG,https://dealbook.nytimes.com/2011/11/01/credit-suisse-announces-job-cuts-profit-rose-12-in-third-quarter/
2011,2011-11-01T12:04:22Z,2010s,Nov-Dec,"100, 75, 50 Years Ago",Highlights from the IHT archives.,,Highlights from the IHT archives.,Opinion,Editorial,News,article,0,,https://www.nytimes.com/2011/11/02/opinion/highlights-from-the-iht-archives.html
2011,2011-11-01T12:07:06Z,2010s,Nov-Dec,"In Flood, Thai Leaders Choose Between Bad and Worse Options","In the rush to defend Bangkok from monsoon floodwaters on Tuesday, Thai officials were faced with the choice of saving people or machines.",,"In the rush to defend Bangkok from monsoon floodwaters on Tuesday, Thai officials were faced with the choice of saving people or machines.",World,Foreign,News,article,799,Floods; Politics and Government; Yingluck Shinawatra; Factories and Manufacturing; Thailand,https://www.nytimes.com/2011/11/02/world/asia/bangkok-officials-have-to-choose-who-stays-dry-in-floods.html
2011,2011-11-01T12:43:49Z,2010s,Nov-Dec,Morning Take-Out,Highlights from the DealBook newsletter.,,Highlights from the DealBook newsletter.,Business,Business,News,article,2148,,https://dealbook.nytimes.com/2011/11/01/morning-take-out-357/
2011,2011-11-01T12:48:01Z,2010s,Nov-Dec,Is China Facing a Health Care Crisis?,"Despite the government's effort to stimulate consumer spending, ordinary Chinese feel pressure to save money for medical expenses.",,"Despite the government's effort to stimulate consumer spending, ordinary Chinese feel pressure to save money for medical expenses.",Opinion,,News,article,0,,https://www.nytimes.com/roomfordebate/2011/11/01/is-china-facing-a-health-care-crisis/
2011,2011-11-01T13:56:33Z,2010s,Nov-Dec,China Seeks $2.4 Million in Taxes From Dissident,"Ai Weiwei, the dissident artist whose secret detention earlier this year stirred an international outcry, has been given two weeks to pay $2.4 million in back taxes and penalties, he said.",,"Ai Weiwei, the dissident artist whose secret detention earlier this year stirred an international outcry, has been given two weeks to pay $2.4 million in back taxes and penalties, he said.",World,Foreign,News,article,716,Political Prisoners; Human Rights and Human Rights Violations; Ai Weiwei; Communist Party of China; China; Art; Tax Evasion,https://www.nytimes.com/2011/11/02/world/asia/dissident-artist-says-china-is-seeking-2-4-million-in-back-taxes.html
2011,2011-11-01T14:17:51Z,2010s,Nov-Dec,What We’re Reading,A collection of links from the reporters and editors of the Dining section.,,A collection of links from the reporters and editors of the Dining section.,Style,,News,article,514,,https://dinersjournal.blogs.nytimes.com/2011/11/01/what-were-reading-302/
2011,2011-11-01T17:19:01Z,2010s,Nov-Dec,"Wallis Simpson, ‘That Woman’ After the Abdication",A new biography of Wallis Simpson recalls the Windsors’ smoldering resentment after the duke gave up his throne for ‘that woman.’,,A new biography of Wallis Simpson recalls the Windsors’ smoldering resentment after the duke gave up his throne for ‘that woman.’,T Magazine,,News,article,3342,"Wallis, Duchess of Windsor",https://tmagazine.blogs.nytimes.com/2011/11/01/wallis-simpson-that-woman-after-the-abdication/
2011,2011-11-01T21:11:53Z,2010s,Nov-Dec,Olympus Scandal Reveals How Little Japan Has Changed,"The case exposes the all-too-cozy nature of the Japanese business model of the 1980s and seen in today’s China — consensus driven, government supported and rife with cronyism.",,"The case exposes the all-too-cozy nature of the Japanese business model of the 1980s and seen in today’s China — consensus driven, government supported and rife with cronyism.",Business,,News,article,1151,"Corruption (Institutional); Economic Conditions and Trends; Woodford, Michael C; Axes America; Gyrus Group; Olympus Corp; Japan",https://dealbook.nytimes.com/2011/11/01/olympus-scandal-reveals-how-little-has-changed-in-japan/
2011,2011-11-01T23:39:32Z,2010s,Nov-Dec,"It’s an Event for Charity, but Certainly, It’s a Party","For Christine Mortimer Biddle and Carole Bellidora Westfall, organizing charity events is both business and personal.",,"For Christine Mortimer Biddle and Carole Bellidora Westfall, organizing charity events is both business and personal.",Giving,Business,News,article,1489,Parties (Social); Public Relations and Publicity; New York City; Philanthropy,https://www.nytimes.com/2011/11/02/giving/charity-is-business-and-pleasure-for-biddle-and-bellidora.html
2011,2011-11-02T00:30:53Z,2010s,Nov-Dec,Local Food: No Elitist Plot,"Instead of importing so many fruits and vegetables, let’s grow them.",,"Instead of importing so many fruits and vegetables, let’s grow them.",Opinion,,News,article,918,Agriculture and Farming; Fruit; Vegetables,https://opinionator.blogs.nytimes.com/2011/11/01/local-food-no-elitist-plot/
2011,2011-11-02T01:06:23Z,2010s,Nov-Dec,Production Slowed at Factories in October,Manufacturing activity could rebound because companies ordered more goods and auto sales rose.,,Manufacturing activity could rebound because companies ordered more goods and auto sales rose.,Business,Business,News,article,397,Factories and Manufacturing; United States Economy; Economic Conditions and Trends; Institute for Supply Management,https://www.nytimes.com/2011/11/02/business/production-slowed-at-factories-in-october.html
2011,2011-11-02T02:17:42Z,2010s,Nov-Dec,A Long List of Suckers,A refresher on the history of “The Great Game” — the struggle for supremacy in Central Asia — shows that no one ever wins for long.,,A refresher on the history of “The Great Game” — the struggle for supremacy in Central Asia — shows that no one ever wins for long.,Opinion,Editorial,Op-Ed,article,0,"Iraq; United States International Relations; Afghanistan; Afghanistan War (2001- ); Iran; IRAQ WAR (2003- ); Obama, Barack; United States Defense and Military Forces",https://www.nytimes.com/2011/11/02/opinion/friedman-a-long-list-of-suckers.html
2011,2011-11-02T02:32:04Z,2010s,Nov-Dec,A Silver Lining to America’s Waning Influence,President Obama will travel this week to the Group of 20 summit in France as the leader of a nation that no longer has the global responsibility or the burden it once did.,,President Obama will travel this week to the Group of 20 summit in France as the leader of a nation that no longer has the global responsibility or the burden it once did.,U.S.,Foreign,News,article,1075,"Cannes (France); Obama, Barack; United States International Relations; National Debt (US); European Sovereign Debt Crisis (2010- ); Hu Jintao; Group of Twenty; United States Economy; Politics and Government",https://www.nytimes.com/2011/11/02/us/americas-waning-influence-has-a-silver-lining.html
2011,2011-11-02T02:35:24Z,2010s,Nov-Dec,Stone-Washed Blue Jeans (Minus the Washed),Levi Strauss sees the efficient use of water by farmers and consumers as crucial to the future of its blue jeans business.,,Levi Strauss sees the efficient use of water by farmers and consumers as crucial to the future of its blue jeans business.,Science,National,News,article,1417,Cotton; Global Warming; Conservation of Resources; Earth Institute (Columbia University); Frito-Lay Inc; Jeans (Apparel); Levi Strauss & Co; Water; Pepsico Inc,https://www.nytimes.com/2011/11/02/science/earth/levi-strauss-tries-to-minimize-water-use.html
2011,2011-11-02T12:49:20Z,2010s,Nov-Dec,Morning Take-Out,Highlights from the DealBook newsletter.,,Highlights from the DealBook newsletter.,Business,Business,News,article,1904,,https://dealbook.nytimes.com/2011/11/02/morning-take-out-358/
2011,2011-11-05T21:05:33Z,,,Alms From China,The European Union does not need China to pay for its bailout. The main roadblock to fixing Europe’s mess is a lack of political will to use the resources it has.,,,Opinion,,,,,,https://www.nytimes.com/2011/11/06/opinion/sunday/alms-from-china.html
2011,2011-11-07T00:44:28Z,,,"Pushing China’s Limits on Web, if Not on Paper","Murong Xuecun, a popular Chinese novelist, often runs afoul of censors, which has pushed him to become a vocal critic of censorship in China and driven him to publish on the Internet.",,,World,,,,,,https://www.nytimes.com/2011/11/07/world/asia/murong-xuecun-pushes-censorship-limits-in-china.html
2011,2011-11-16T09:57:36Z,,,A U.S. Marine Base for Australia Irritates China,"President Obama said the move to base 2,500 Marines in Australia is not intended to isolate China, but it is an unmistakable sign that the United States has grown more wary of its intentions.",,,World,,,,,,https://www.nytimes.com/2011/11/17/world/asia/obama-and-gillard-expand-us-australia-military-ties.html
2011,2011-11-30T00:57:10Z,,,The Future of China,"A national security consultant responds to an Op-Ed article, “How China Can Defeat America.”",,,Opinion,,,,,,https://www.nytimes.com/2011/11/30/opinion/the-future-of-china.html
2011,2011-12-02T04:45:27Z,,,China: Explosion at Bank Kills 2,"A explosion shook a branch of the China Construction Bank late Thursday afternoon in Wuhan, killing two people and injuring more than 10.",,,World,,,,,,https://www.nytimes.com/2011/12/02/world/asia/china-explosion-at-bank-kills-2.html
2011,2011-12-07T22:00:45Z,,,Entrepreneur’s Rival in China: The State,"Private companies have been the prime engine of China’s economic miracle, and economists warn that the Chinese government’s eagerness to control more of that wealth could stifle innovation.",,,Business,,,,,,https://www.nytimes.com/2011/12/08/business/an-entrepeneurs-rival-in-china-the-state.html
2011,2011-12-14T12:08:50Z,,,Village Revolts Over Inequities of Chinese Life,"A long-running dispute between the local authorities and farmers in a southern Chinese town exploded into open rebellion this week, residents said.",,,World,,,,,,https://www.nytimes.com/2011/12/15/world/asia/chinese-village-locked-in-rebellion-against-authorities.html
2011,2011-12-29T23:56:31Z,,,Space Plan From China Broadens Challenge to U.S.,A five-year development timeline unveiled Thursday by the Chinese government could establish it as a major rival in space at a moment when the American program is in retreat.,,,World,,,,,,https://www.nytimes.com/2011/12/30/world/asia/china-unveils-ambitious-plan-to-explore-space.html
2011,2011-12-30T14:30:27Z,,,China's Shaky Economic Foundation,China's rise to economic superpower status is built upon an unresolved land struggle with hundreds of millions of lives in the balance.,,,Opinion,,,,,,https://www.nytimes.com/2011/12/31/opinion/chinas-shaky-economic-foundation.html
2011,2011-12-31T23:39:56Z,,,"China TV Grows Racy, and Gets a Chaperon","A dating show helped set off the toughest crackdown on television in years, exposing the tension at the heart of the Communist Party’s control of entertainment.",,,World,,,,,,https://www.nytimes.com/2012/01/01/world/asia/censors-pull-reins-as-china-tv-chasing-profit-gets-racy.html
2012,2012-01-01T07:01:13Z,2010s,Jan-Feb,South Korea Predicts Changes in Peninsula,"President Lee Myung-bak predicted a “big change” in the relationship with the North following the death of Kim Jong-il, but warned against provocations.",,"President Lee Myung-bak predicted a “big change” in the relationship with the North following the death of Kim Jong-il, but warned against provocations.",World,Foreign,News,article,787,North Korea; Kim Jong Un; International Relations; Lee Myung-bak; South Korea,https://www.nytimes.com/2012/01/02/world/asia/north-korea-pledges-a-drive-for-prosperity-in-new-years-message.html
2012,2012-01-01T07:51:05Z,2010s,Jan-Feb,Newswallah: Long Reads Edition,Top magazine and long-form articles this week.,,Top magazine and long-form articles this week.,World,,News,article,292,"Politics and Government; Sacco, Joe; Economist, The; New Yorker; Uttar Pradesh State (India)",https://india.blogs.nytimes.com/2012/01/01/newswallah-long-reads-edition-14/
2012,2012-01-01T10:31:45Z,2010s,Jan-Feb,"As Affluence Spreads, So Does the Trade in Endangered Species","Many millions of people are now able to buy coveted items like rare pets, plants and animals thought to have medicinal benefits, and food items or decorative wood.",,"Many millions of people are now able to buy coveted items like rare pets, plants and animals thought to have medicinal benefits, and food items or decorative wood.",Business,Business,News,article,1095,"Endangered and Extinct Species; China; Far East, South and Southeast Asia and Pacific Areas; Rhinoceroses; Ivory; Cape Town (South Africa)",https://www.nytimes.com/2012/01/02/business/global/as-affluence-spreads-so-does-the-trade-in-endangered-species.html
2012,2012-01-01T15:01:36Z,2010s,Jan-Feb,Boom Year for Illicit Elephant Ivory,"Once hundreds of small ivory seizures are accounted for, 2011 could prove to be the worst year for ivory trafficking since officials began keeping global data 23 years ago, a monitoring group says.",,"Once hundreds of small ivory seizures are accounted for, 2011 could prove to be the worst year for ivory trafficking since officials began keeping global data 23 years ago, a monitoring group says.",Science,,News,article,257,"Elephants; Ivory; Smuggling; Africa; China; Far East, South and Southeast Asia and Pacific Areas; Kenya; Thailand",https://green.blogs.nytimes.com/2012/01/01/a-boom-year-for-illicit-elephant-ivory/
2012,2012-01-01T15:42:08Z,2010s,Jan-Feb,Local Options Help Slow Africa's Brain Drain,"At campuses around the continent, international schools are offering recognized qualifications that were once only available overseas. But some worry new entrants will siphon off students and resources.",,"At campuses around the continent, international schools are offering recognized qualifications that were once only available overseas. But some worry new entrants will siphon off students and resources.",World,Foreign,News,article,1334,Education; Africa; Colleges and Universities; Carnegie Mellon University; China,https://www.nytimes.com/2012/01/02/world/africa/02iht-educlede02.html
2012,2012-01-01T17:56:10Z,2010s,Jan-Feb,"After Victory at Hopman, New Confidence for Li Na","The Chinese star had a disappointing second half in 2011, but her game seems renewed.",,"The Chinese star had a disappointing second half in 2011, but her game seems renewed.",Sports,,News,article,398,"Australian Open (Tennis); French Open (Tennis); Hompan Cup (Tennis); Tennis; United States Open (Tennis); Bartoli, Marion; Gasquet, Richard; Li Na; Stosur, Samantha; Hyundai Motor Co; Perth (Australia)",https://straightsets.blogs.nytimes.com/2012/01/01/after-victory-at-hopman-new-confidence-for-li-na/
2012,2012-01-01T18:13:31Z,2010s,Jan-Feb,Missing Chinese Lawyer Said to Be in Remote Prison,"The brother of Gao Zhisheng, a prominent dissident rights lawyer who had been missing for 20 months, said Sunday that he was being held in a prison in Xinjiang.",,"The brother of Gao Zhisheng, a prominent dissident rights lawyer who had been missing for 20 months, said Sunday that he was being held in a prison in Xinjiang.",World,Foreign,News,article,477,Political Prisoners; China; Xinjiang (China); Gao Zhisheng,https://www.nytimes.com/2012/01/02/world/asia/gao-zhisheng-missing-rights-lawyer-turns-up-in-remote-prison.html
2012,2012-01-01T21:34:45Z,2010s,Jan-Feb,Manufacturing in China Grew Only Slightly in December,"The purchasing managers' index indicated a slight expansion in business activity in China's vast factory sector, but the reading was barely above 50, which demarcates expansion from contraction.",,"The purchasing managers' index indicated a slight expansion in business activity in China's vast factory sector, but the reading was barely above 50, which demarcates expansion from contraction.",Business,Business,News,article,481,China,https://www.nytimes.com/2012/01/02/business/global/02iht-yuan02.html
2012,2012-01-01T23:44:05Z,2010s,Jan-Feb,Venezuela Is Ordered to Pay $900 Million to Exxon Mobil,"An international arbitration panel says that Venezuela must pay Exxon Mobil for assets it nationalized in the Orinoco Belt, a region rich with heavy oil deposits.",,"An international arbitration panel says that Venezuela must pay Exxon Mobil for assets it nationalized in the Orinoco Belt, a region rich with heavy oil deposits.",Business,Business,News,article,404,"Exxon Mobil Corporation; Petroleos de Venezuela SA; Nationalization of Industry; International Chamber of Commerce; Venezuela; Oil (Petroleum) and Gasoline; Decisions and Verdicts; Chavez, Hugo; Orinoco Belt (Venezuela)",https://www.nytimes.com/2012/01/02/business/global/venezuela-ordered-to-pay-900-million-to-exxon-mobil.html
2012,2012-01-02T00:43:46Z,2010s,Jan-Feb,The Danger of an Attack on Piracy Online,"Antipiracy legislation before both chambers of Congress has bipartisan support, but online content providers are concerned it goes too far. They are right to be alarmed.",,"Antipiracy legislation before both chambers of Congress has bipartisan support, but online content providers are concerned it goes too far. They are right to be alarmed.",Business,Business,News,article,1350,Law and Legislation; Freedom of Speech and Expression; House of Representatives; Copyrights and Copyright Violations; Computers and the Internet,https://www.nytimes.com/2012/01/02/business/media/the-danger-of-an-attack-on-piracy-online.html
2012,2012-01-02T02:03:51Z,2010s,Jan-Feb,Where the Real Jobs Are,The Keystone pipeline is bad energy policy and doesn’t do enough for the economy. President Obama should argue for alternative fuel sources and clean energy jobs.,,The Keystone pipeline is bad energy policy and doesn’t do enough for the economy. President Obama should argue for alternative fuel sources and clean energy jobs.,Opinion,Editorial,Editorial,article,561,"Keystone Pipeline System; Alternative and Renewable Energy; Labor and Jobs; Obama, Barack; Europe; Editorials",https://www.nytimes.com/2012/01/02/opinion/where-the-real-jobs-are.html
2012,2012-01-02T02:05:27Z,2010s,Jan-Feb,"In China, the Grievances Keep Coming","Victims of corruption and injustice have no faith in the law, and yet they bring complaints, dreaming that an upright official will emerge to right their wrongs.",,"Victims of corruption and injustice have no faith in the law, and yet they bring complaints, dreaming that an upright official will emerge to right their wrongs.",Opinion,OpEd,Op-Ed,article,859,Guangdong Province (China); Frauds and Swindling; China; Law and Legislation; Politics and Government; Corruption (Institutional),https://www.nytimes.com/2012/01/02/opinion/in-china-the-grievances-keep-coming.html
2012,2012-01-02T02:35:06Z,2010s,Jan-Feb,Wearing Special Shoes on an Arduous Journey,"Dmitriy Frenkel, who contracted polio as a child, needs expensive custom-made shoes for his disfigured foot. But Medicaid no longer covers the cost.",,"Dmitriy Frenkel, who contracted polio as a child, needs expensive custom-made shoes for his disfigured foot. But Medicaid no longer covers the cost.",New York,Metro,News,article,838,New York Times Neediest Cases Fund; UJA-Federation of New York; Philanthropy,https://www.nytimes.com/2012/01/02/nyregion/wearing-special-shoes-on-an-arduous-journey.html
2012,2012-01-02T03:38:34Z,2010s,Jan-Feb,New Questions About Trips Sponsored by Education Publisher,"Overseas travel for top school officials from around the nation, paid for by the nonprofit arm of a major educational publisher, draws the attention of an attorney general.",,"Overseas travel for top school officials from around the nation, paid for by the nonprofit arm of a major educational publisher, draws the attention of an attorney general.",Education,National,News,article,1134,"Teachers and School Employees; Education (K-12); Conflicts of Interest; Textbooks; Pearson Foundation; Council of Chief State School Officers; New York State; Pearson PLC; Tests and Examinations; Schneiderman, Eric T; Lobbying and Lobbyists",https://www.nytimes.com/2012/01/02/education/inquiry-into-school-officials-travels-paid-for-by-pearson.html
2012,2012-01-02T10:00:29Z,2010s,Jan-Feb,Life Along a Road in Tajikistan,"Photos of a road, and life along a road. Mytro Papadopoulos is documenting an isolated trade route in the poor former Soviet nation of Tajikistan.",,"Photos of a road, and life along a road. Mytro Papadopoulos is documenting an isolated trade route in the poor former Soviet nation of Tajikistan.",Multimedia/Photos,,News,article,441,Economic Conditions and Trends; Photography; Tajikistan,https://lens.blogs.nytimes.com/2012/01/02/life-along-a-road-in-tajikistan/
2012,2012-01-02T10:20:28Z,2010s,Jan-Feb,Currencies in Asia Won't Settle Down Soon,"Exchange rate volatility shows no sign of abating, reflecting a dilemma for Asian policy makers: If the currency is too strong, exports get more expensive; too weak and domestic buying power fades.",,"Exchange rate volatility shows no sign of abating, reflecting a dilemma for Asian policy makers: If the currency is too strong, exports get more expensive; too weak and domestic buying power fades.",Business,Business,News,article,1017,"Renminbi (Currency); Yen (Currency); Currency; Economic Conditions and Trends; China; Far East, South and Southeast Asia and Pacific Areas",https://www.nytimes.com/2012/01/03/business/global/currencies-in-asia-wont-settle-down-soon.html
2012,2012-01-02T16:49:12Z,2010s,Jan-Feb,Genome Study Points to Adaptation in Early African-Americans,"Certain disease-causing variant genes became more common in African-Americans after their ancestors reached American shores, scientists report.",,"Certain disease-causing variant genes became more common in African-Americans after their ancestors reached American shores, scientists report.",Science,Science,News,article,1100,Chinese Academy of Sciences; Blacks; Medicine and Health; Genealogy; Sickle Cell Anemia; Genetics and Heredity; DNA (Deoxyribonucleic Acid),https://www.nytimes.com/2012/01/03/science/genome-research-points-to-adaptation-among-early-african-americans.html
2012,2012-01-02T20:08:16Z,2010s,Jan-Feb,An Innocent in America,"Tintin has been around for decades as a cartoon character, but only through the new Steven Spielberg movie has he been widely introduced to Americans.",,"Tintin has been around for decades as a cartoon character, but only through the new Steven Spielberg movie has he been widely introduced to Americans.",Movies,Culture,News,article,1142,"Movies; Comic Books and Strips; Walt Disney Company; Spielberg, Steven; Remi, Georges",https://www.nytimes.com/2012/01/03/movies/tintin-is-a-new-breed-of-comic-book-hero-for-most-americans.html
2012,2012-01-02T20:20:37Z,2010s,Jan-Feb,"To Asia and Back, Sleep Not an Option",A chief executive who makes his own travel arrangements has little time for rest.,,A chief executive who makes his own travel arrangements has little time for rest.,Business,Business,News,article,604,"Far East, South and Southeast Asia and Pacific Areas; Airlines and Airplanes; Business Travel",https://www.nytimes.com/2012/01/03/business/to-asia-and-back-again-sleep-not-an-option-frequent-flier.html
2012,2012-01-02T21:28:11Z,2010s,Jan-Feb,A Public Policy Expert Looks at the Bird Flu Threat,Laurie Garrett of the Council on Foreign Relations talks about bioterrorism and the public policy implications of a deadly bird flu threat.,,Laurie Garrett of the Council on Foreign Relations talks about bioterrorism and the public policy implications of a deadly bird flu threat.,Health,,News,article,1112,Avian Influenza; Biological and Chemical Warfare; Medicine and Health; Science and Technology; Viruses,https://consults.blogs.nytimes.com/2012/01/02/a-public-policy-expert-looks-at-the-bird-flu-threat/
2012,2012-03-01T00:37:08Z,2010s,Mar-Apr,"For Chinese Women, a Basic Need, and Few Places to Attend to It","In China, women tired of waiting for public toilets have been holding demonstrations demanding that more be built, speaking to a broader issue of inadequate sanitation facilities across the country.",,"In China, women tired of waiting for public toilets have been holding demonstrations demanding that more be built, speaking to a broader issue of inadequate sanitation facilities across the country.",World,Foreign,News,article,951,"China; Demonstrations, Protests, and Riots; Standards and Standardization; Women and Girls; Bathrooms and Toilets",https://www.nytimes.com/2012/03/01/world/asia/chinese-women-demand-more-public-toilets.html
2012,2012-03-01T02:01:09Z,2010s,Mar-Apr,Former Goldman Partner Now a Self-Fashioned Political Pundit,"After retiring from Goldman Sachs, Peter D. Kiernan turned his political and economic complaints into a book of advice on America’s problems.",,"After retiring from Goldman Sachs, Peter D. Kiernan turned his political and economic complaints into a book of advice on America’s problems.",Business,,News,article,1114,Politics and Government; Writing and Writers; Goldman Sachs Group Inc,https://dealbook.nytimes.com/2012/02/29/ex-goldman-partner-now-a-self-fashioned-political-pundit/
2012,2012-03-01T02:12:28Z,2010s,Mar-Apr,"Talking to North Korea, Again","North Korea has repeatedly vowed to rein in its nuclear program, only to renege. Still, the Obama administration is right to try again.",,"North Korea has repeatedly vowed to rein in its nuclear program, only to renege. Still, the Obama administration is right to try again.",Opinion,Editorial,Editorial,article,410,"North Korea; Nuclear Weapons; Food Aid; Kim Jong Un; United States; Obama, Barack; Editorials; United States International Relations",https://www.nytimes.com/2012/03/01/opinion/talking-to-north-korea-again.html
2012,2012-03-01T02:53:10Z,2010s,Mar-Apr,President Offers Theme of Nation Seeing a Comeback,"While Republicans point to the country’s ills, President Obama is presenting a message of optimism, which some say could backfire if the economy declines.",,"While Republicans point to the country’s ills, President Obama is presenting a message of optimism, which some say could backfire if the economy declines.",U.S.,National,News,article,1152,"United States Economy; Labor and Jobs; Presidential Election of 2012; Obama, Barack",https://www.nytimes.com/2012/03/01/us/politics/president-offers-theme-of-nation-seeing-comeback.html
2012,2012-03-01T03:41:08Z,2010s,Mar-Apr,Tensions Raise Specter of Gas at $5 a Gallon,"Prices typically rise about 20 cents in the summer, and a major disruption in oil supplies could add another 50 cents a gallon, analysts say.",,"Prices typically rise about 20 cents in the summer, and a major disruption in oil supplies could add another 50 cents a gallon, analysts say.",Business,Business,News,article,1151,"International Trade and World Market; Economic Conditions and Trends; United States Economy; Syria; Iran; Obama, Barack; China; Oil (Petroleum) and Gasoline; Prices (Fares, Fees and Rates)",https://www.nytimes.com/2012/03/01/business/energy-environment/tensions-raise-specter-of-gas-at-5-a-gallon.html
2012,2012-03-01T09:14:15Z,2010s,Mar-Apr,Syrian Forces Overwhelm Stronghold of Rebels in Homs,"The defeat of insurgents in an embattled city set the stage for elite soldiers to turn to other redoubts of Syria’s uprising, as international demands for a cease-fire intensify.",,"The defeat of insurgents in an embattled city set the stage for elite soldiers to turn to other redoubts of Syria’s uprising, as international demands for a cease-fire intensify.",World,Foreign,News,article,1359,"International Relations; Human Rights and Human Rights Violations; Middle East and North Africa Unrest (2010- ); United Nations Human Rights Council; Syria; Assad, Bashar al-; Homs (Syria)",https://www.nytimes.com/2012/03/02/world/middleeast/rebels-resisting-onslaught-in-syrian-city-activists-say.html
2012,2012-03-01T10:25:48Z,2010s,Mar-Apr,Tibetan Writer Says China Is Blocking Her From Award,A prominent Tibetan writer living in Beijing said on Thursday that police had placed her under house arrest to prevent her from receiving a prize from the Dutch Embassy.,,A prominent Tibetan writer living in Beijing said on Thursday that police had placed her under house arrest to prevent her from receiving a prize from the Dutch Embassy.,World,Foreign,News,article,681,"China; Awards, Decorations and Honors; Tibet; Communist Party of China",https://www.nytimes.com/2012/03/02/world/asia/tibetan-writer-says-china-is-blocking-her-from-award.html
2012,2012-03-01T12:30:36Z,2010s,Mar-Apr,"At Hong Kong Festival, a Nobel Laureate Returns","Lin Zhaohua's production of Gao Xingjian's ""Of Mountains and Seas"" is the first time in more than two decades that a mainland Chinese cast and crew have performed one of Mr. Gao's works.",,"Lin Zhaohua's production of Gao Xingjian's ""Of Mountains and Seas"" is the first time in more than two decades that a mainland Chinese cast and crew have performed one of Mr. Gao's works.",Arts,Culture,News,article,1077,China; Hong Kong; Gao Xingjian; Theater; Nobel Prizes,https://www.nytimes.com/2012/03/02/arts/02iht-gao02.html
2012,2012-03-01T13:40:14Z,2010s,Mar-Apr,Dignity and the Wealth of Nations,Political movements backed by middle-class protesters are undermining an academic consensus that argues that correct economic policies alone will ensure continuing prosperity.,,Political movements backed by middle-class protesters are undermining an academic consensus that argues that correct economic policies alone will ensure continuing prosperity.,World,Foreign,News,article,1079,"Russia; Arabs; Economic Conditions and Trends; Economics (Theory and Philosophy); International Monetary Fund; Putin, Vladimir V; Democracy (Theory and Philosophy); India",https://www.nytimes.com/2012/03/02/world/europe/02iht-letter02.html
2012,2012-03-01T15:52:26Z,2010s,Mar-Apr,Morning Take-Out,Highlights from the DealBook newsletter.,,Highlights from the DealBook newsletter.,Business,,News,article,2393,,https://dealbook.nytimes.com/2012/03/01/morning-take-out-432/
2012,2012-03-01T17:45:14Z,2010s,Mar-Apr,"In North Korea Deal, Son Inherits Father’s Framework","In his first major act as leader in Pyongyang, Kim Jong-un has chosen to restart nuclear negotiations, hedging against overdependence on Chinese aid and developing the outlines of a foreign policy.",,"In his first major act as leader in Pyongyang, Kim Jong-un has chosen to restart nuclear negotiations, hedging against overdependence on Chinese aid and developing the outlines of a foreign policy.",World,Foreign,News Analysis,article,1215,North Korea; Kim Jong Un; Kim Jong Il; Nuclear Energy; Nuclear Nonproliferation Treaty,https://www.nytimes.com/2012/03/02/world/asia/in-north-korea-deal-son-inherits-fathers-framework.html
2012,2012-03-01T18:30:46Z,2010s,Mar-Apr,Goody Bags Leave a Bad Taste in Some Parents’ Mouths,"When birthday party gift bags go over-the-top, do the children notice?",,"When birthday party gift bags go over-the-top, do the children notice?",Style,,News,article,353,"Birthdays; Children and Childhood; Families and Family Life; Parenting; Parties (Social); Zissu, Alexandra",https://parenting.blogs.nytimes.com/2012/03/01/goody-bags-leave-a-bad-taste-in-some-parents-mouths/
2012,2012-03-01T19:54:00Z,2010s,Mar-Apr,Mark Morris Dance Group Headed to China,"The company will make its first foray into China, performing in Guangzhou and Macao from May 25 to June 2.",,"The company will make its first foray into China, performing in Guangzhou and Macao from May 25 to June 2.",Arts,,News,article,101,,https://artsbeat.blogs.nytimes.com/2012/03/01/mark-morris-dance-group-headed-to-china/
2012,2012-03-01T22:36:13Z,2010s,Mar-Apr,"Spare Times: For Children, for March 2-8","A selected guide to events for, by and about children, teenagers and families.",,"A selected guide to events for, by and about children, teenagers and families.",Arts,Weekend,Schedule,article,4093,Culture (Arts); Dancing; Museums; Theater; Classical Music; Jews and Judaism,https://www.nytimes.com/2012/03/02/arts/spare-times-for-children-for-march-2-8.html
2012,2012-03-01T23:48:28Z,2010s,Mar-Apr,"Kids’ Film Festival: Fear, Astonishment and the Beatles","The New York International Children’s Film Festival offers more than 100 films over four weekends at seven locations for an expected audience of 25,000.",,"The New York International Children’s Film Festival offers more than 100 films over four weekends at seven locations for an expected audience of 25,000.",Movies,Weekend,News,article,1247,Festivals; Children and Childhood; Animated Films; Movies,https://www.nytimes.com/2012/03/02/movies/new-york-international-childrens-film-festival-2012.html
2012,2012-03-02T02:19:08Z,2010s,Mar-Apr,"For Many Asian New Yorkers, Smoking Is Still a Way of Life","Smoking rates among the city’s Asian communities have not budged since 2002, while rates for most other groups have fallen.",,"Smoking rates among the city’s Asian communities have not budged since 2002, while rates for most other groups have fallen.",New York,Metro,News,article,882,Health and Mental Hygiene Department (NYC); Asian-Americans; Smoking and Tobacco; New York City,https://www.nytimes.com/2012/03/02/nyregion/asian-new-yorkers-resist-anti-smoking-efforts.html
2012,2012-03-02T04:00:50Z,2010s,Mar-Apr,Everybody Inhale,"In a crowded place like Manhattan, it’s only rational to wonder: Just how many people can this city handle?",,"In a crowded place like Manhattan, it’s only rational to wonder: Just how many people can this city handle?",Real Estate,RealEstate,News,article,2378,Manhattan (NYC); Population; Real Estate and Housing (Residential); New York City,https://www.nytimes.com/2012/03/04/realestate/how-many-people-can-manhattan-hold.html
2012,2012-03-02T10:02:43Z,2010s,Mar-Apr,Syria Blocks Red Cross Aid to Rebel Enclave in Homs,The Syrian authorities blocked an officially sanctioned convoy laden with food and medical supplies from entering a devastated neighborhood after a monthlong siege.,,The Syrian authorities blocked an officially sanctioned convoy laden with food and medical supplies from entering a devastated neighborhood after a monthlong siege.,World,Foreign,News,article,1067,"International Relations; Middle East and North Africa Unrest (2010- ); Humanitarian Aid; Defense and Military Forces; International Federation of Red Cross and Red Crescent Societies; Syria; Assad, Bashar al-; Homs (Syria)",https://www.nytimes.com/2012/03/03/world/middleeast/syria-rebels-are-forced-from-homs-stronghold.html
2012,2012-03-02T12:23:11Z,2010s,Mar-Apr,Getting to the Bottom of 'Islamic Art',"Western institutions have not grasped how complex and intertwined the cultures of historic Iran, India and the Arab Near East really are.",,"Western institutions have not grasped how complex and intertwined the cultures of historic Iran, India and the Arab Near East really are.",Arts,Culture,News,article,1382,Art; Reviews,https://www.nytimes.com/2012/03/03/arts/03iht-melikian03.html
2012,2012-03-02T12:37:49Z,2010s,Mar-Apr,Pakistan Builds Web Wall Out in the Open,"The government has published a public tender for the “development, deployment and operation of a national-level URL filtering and blocking system.”",,"The government has published a public tender for the “development, deployment and operation of a national-level URL filtering and blocking system.”",Technology,Business,News,article,998,Censorship; Pakistan; Computers and the Internet,https://www.nytimes.com/2012/03/03/technology/pakistan-builds-web-wall-out-in-the-open.html
2012,2012-05-01T01:02:33Z,2010s,May-Jun,Chen Guangcheng,Washington must use all of its influence with China to ensure the safety of this courageous activist.,,Washington must use all of its influence with China to ensure the safety of this courageous activist.,Opinion,Editorial,Editorial,article,604,"China; Chen Guangcheng; Obama, Barack; United States International Relations; Human Rights and Human Rights Violations; Editorials",https://www.nytimes.com/2012/05/01/opinion/chen-guangcheng.html
2012,2012-05-01T01:43:41Z,2010s,May-Jun,Details Are Refuted in Tale of Bo Guagua’s Red Ferrari,Accounts of Bo Guagua’s reportedly lavish arrival at Jon M. Huntsman Jr.’s home in China last spring have been disputed by several people involved.,,Accounts of Bo Guagua’s reportedly lavish arrival at Jon M. Huntsman Jr.’s home in China last spring have been disputed by several people involved.,World,Foreign,News,article,1123,"United States International Relations; Bo Guagua; Bo Xilai; Huntsman, Mary Anne; Livingston, Abby Huntsman; China; Huntsman, Jon M Jr",https://www.nytimes.com/2012/05/01/world/asia/in-china-details-in-bo-guagua-episode-challenged.html
2012,2012-05-01T03:01:02Z,2010s,May-Jun,Corrections: May 1,"Corrections appearing in print on May 1, 2012.",,"Corrections appearing in print on May 1, 2012.",Corrections,Summary,Correction,article,559,,https://www.nytimes.com/2012/05/01/pageoneplus/corrections-may-1.html
2012,2012-05-01T05:43:51Z,2010s,May-Jun,Draw Set for U.S. Basketball Teams,"The United States will play Argentina, France and Tunisia in the first round of the Olympic men’s basketball tournament in London.",,"The United States will play Argentina, France and Tunisia in the first round of the Olympic men’s basketball tournament in London.",Sports,Sports,Brief,article,105,Olympic Games (2012),https://www.nytimes.com/2012/05/01/sports/olympics/draw-set-for-us-basketball-teams.html
2012,2012-05-01T06:09:40Z,2010s,May-Jun,U.S. Embassy in Beijing Has Been a Sanctuary Before,"Chen Guangcheng, a blind human rights lawyer, is said to have found refuge in the U.S. Embassy in Beijing. Although the diplomatic silence from Beijing and Washington has been deafening, there’s something of a precedent for Mr. Chen’s situation: Two dissident physicists, wanted by the Chinese authorities in the days after the Tiananmen massacre in 1989, spent 13 months living in the embassy’s basement.",,"Chen Guangcheng, a blind human rights lawyer, is said to have found refuge in the U.S. Embassy in Beijing. Although the diplomatic silence from Beijing and Washington has been deafening, there’s something of a precedent for Mr. Chen’s situation: Two dissident physicists, wanted by the Chinese authorities in the days after the Tiananmen massacre in 1989, spent 13 months living in the embassy’s basement.",World,,News,article,990,"Human Rights and Human Rights Violations; Immigration and Emigration; International Relations; Prisons and Prisoners; United States International Relations; United States Politics and Government; Chen Guangcheng; Clinton, Hillary Rodham; Fang Lizhi; Link, Perry; Liu Xiaobo; New York Review of Books; State Department; University of Arizona; Beijing (China); China; United States; Washington (DC)",https://rendezvous.blogs.nytimes.com/2012/05/01/u-s-embassy-in-beijing-has-been-a-sanctuary-before/
2012,2012-05-01T07:19:07Z,2010s,May-Jun,Australia Cuts Interest Rates to Two-Year Low,The rate cut in was the third reduction in borrowing costs in the country since late 2011.,,The rate cut in was the third reduction in borrowing costs in the country since late 2011.,Business,Business,News,article,482,Interest Rates; Australia; Economic Conditions and Trends; Inflation (Economics),https://www.nytimes.com/2012/05/02/business/global/australia-cuts-interest-rates-to-a-two-year-low.html
2012,2012-05-01T09:25:18Z,2010s,May-Jun,Japanese Stocks Slip on Strong Yen,British stocks and the euro were higher as most world markets were closed for a public holiday.,,British stocks and the euro were higher as most world markets were closed for a public holiday.,Business,Business,News,article,369,Stocks and Bonds; Japan; Currency; Economic Conditions and Trends,https://www.nytimes.com/2012/05/02/business/global/japanese-stocks-slip-on-strong-yen.html
2012,2012-05-01T09:44:42Z,2010s,May-Jun,The Early Word: Standoffs,"Political news from today’s Times and around the Web, plus a look at what’s happening in Washington.",,"Political news from today’s Times and around the Web, plus a look at what’s happening in Washington.",U.S.,,News,article,572,,https://thecaucus.blogs.nytimes.com/2012/05/01/the-early-word-standoffs/
2012,2012-05-01T10:43:23Z,2010s,May-Jun,More Potent Than Censorship,Most Chinese writers say that censorship is an issue but self-censorship is not. I don’t believe them.,,Most Chinese writers say that censorship is an issue but self-censorship is not. I don’t believe them.,Opinion,,News,article,782,Censorship; Freedom of Speech and Expression; Writing and Writers; Ma Jian; China,https://latitude.blogs.nytimes.com/2012/05/01/for-chinese-writers-self-censorship-may-be-a-worse-problem-than-censorship/
2012,2012-05-01T10:45:37Z,2010s,May-Jun,Tweeters Urge Leaders to Give Peace a Chance,"As the United Nations debates how to avert a war between Sudan and South Sudan, people on both sides of the border are turning to social media to promote a message of reconciliation.",,"As the United Nations debates how to avert a war between Sudan and South Sudan, people on both sides of the border are turning to social media to promote a message of reconciliation.",World,,News,article,449,Social Networking (Internet); Twitter; South Sudan; Sudan,https://rendezvous.blogs.nytimes.com/2012/05/01/tweeters-urge-leaders-to-give-peace-a-chance/
2012,2012-05-01T11:59:45Z,2010s,May-Jun,Morning Take-Out,Highlights from the DealBook newsletter.,,Highlights from the DealBook newsletter.,Business,,News,article,2308,,https://dealbook.nytimes.com/2012/05/01/morning-take-out-474/
2012,2012-05-01T12:00:22Z,2010s,May-Jun,Spell-Check: Still No Help,"After my recent lineup of sound-alike mix-ups, sharp-eyed readers and colleagues quickly offered examples to refill the file folder. The latest:",,"After my recent lineup of sound-alike mix-ups, sharp-eyed readers and colleagues quickly offered examples to refill the file folder. The latest:",Times Topics,,News,article,985,,https://afterdeadline.blogs.nytimes.com/2012/05/01/spell-check-still-no-help/
2012,2012-05-01T12:00:22Z,2010s,May-Jun,Spell-Check: Still No Help,"After my recent lineup of sound-alike mix-ups, sharp-eyed readers and colleagues quickly offered examples to refill the file folder. The latest:",,"After my recent lineup of sound-alike mix-ups, sharp-eyed readers and colleagues quickly offered examples to refill the file folder. The latest:",Times Topics,,News,article,985,,https://topics.blogs.nytimes.com/2012/05/01/spell-check-still-no-help/
2012,2012-05-01T12:13:39Z,2010s,May-Jun,Wood Makes Comeback as a Fuel,"Energy-dense wood pellets, mostly made from mill residue like sawdust and wood shavings, are increasingly being used to generate heat or electricity.",,"Energy-dense wood pellets, mostly made from mill residue like sawdust and wood shavings, are increasingly being used to generate heat or electricity.",Business,Business,News,article,907,Wood and Wood Products; Heating; Electric Light and Power; Environment,https://www.nytimes.com/2012/05/02/business/global/wood-makes-comeback-as-a-fuel.html
2012,2012-05-01T12:16:06Z,2010s,May-Jun,An Unusual Deal for a Rival's Planes,"Trade-ins are not unheard of in the airline industry, but the American plane maker’s deal to buy half of China Eastern’s fleet of 10 Airbus A340 planes to seal a sale of new Boeing planes is unusual.",,"Trade-ins are not unheard of in the airline industry, but the American plane maker’s deal to buy half of China Eastern’s fleet of 10 Airbus A340 planes to seal a sale of new Boeing planes is unusual.",Business,Business,News,article,786,Boeing Company; Airlines and Airplanes; China; Airbus Industrie,https://www.nytimes.com/2012/05/02/business/global/an-unusual-deal-for-a-rivals-planes.html
2012,2012-05-01T12:17:47Z,2010s,May-Jun,French Are Too Comfortable to Consider Reform,"The inconvenient truth is that most of the French are too comfortably off, despite 10 percent unemployment, to countenance radical changes to their way of life.",,"The inconvenient truth is that most of the French are too comfortably off, despite 10 percent unemployment, to countenance radical changes to their way of life.",Business,Business,News,article,984,"Sarkozy, Nicolas; France; Labor and Jobs; Economic Conditions and Trends; European Sovereign Debt Crisis (2010- ); Reform and Reorganization",https://www.nytimes.com/2012/04/30/business/global/french-are-too-comfortable-to-consider-reform.html
2012,2012-05-01T12:57:02Z,2010s,May-Jun,Centerbridge Buys P.F. Chang’s for $1.1 Billion,"Centerbridge Partners will pay P.F. Chang’s shareholders $51.50 a share in cash, 29.8 percent above the closing price on Monday.",,"Centerbridge Partners will pay P.F. Chang’s shareholders $51.50 a share in cash, 29.8 percent above the closing price on Monday.",Business,,News,article,449,Private Equity; Restaurants; Centerbridge Partners,https://dealbook.nytimes.com/2012/05/01/centerbridge-partners-buys-p-f-changs-for-1-1-billion/
2012,2012-05-01T14:00:50Z,2010s,May-Jun,A TV Travel Show Offers Challenge to Come Along,"In an effort to promote its new show,“Around the World in 80 Plates,” Bravo has enlisted the help of prospective fans.",,"In an effort to promote its new show,“Around the World in 80 Plates,” Bravo has enlisted the help of prospective fans.",Travel,,News,article,260,Contests and Prizes; Social Networking (Internet); Travel and Vacations; Twitter; United States,https://intransit.blogs.nytimes.com/2012/05/01/a-tv-travel-show-offers-challenge-to-come-along/
2012,2012-05-01T14:24:39Z,2010s,May-Jun,U.S. Reaffirms Defense of Philippines in Standoff With China,The standoff under way in a disputed corner of the South China Sea began April 8.,,The standoff under way in a disputed corner of the South China Sea began April 8.,World,Foreign,News,article,575,Philippines; China; Ships and Shipping; United States Defense and Military Forces; Treaties; United Nations; United States,https://www.nytimes.com/2012/05/02/world/asia/us-reaffirms-defense-of-philippines-in-standoff-with-china.html
2012,2012-05-01T14:26:50Z,2010s,May-Jun,Blue Chips Lead the Way As Major Indexes Close Higher,Shares rose after data on the manufacturing sector offered evidence of a faster economic recovery.,,Shares rose after data on the manufacturing sector offered evidence of a faster economic recovery.,Business,Business,News,article,661,Stocks and Bonds; United States Economy; Economic Conditions and Trends,https://www.nytimes.com/2012/05/02/business/daily-stock-market-activity.html
2012,2012-07-01T00:52:33Z,2010s,Jul-Aug,Bain Attacks Make Inroads for President,"President Obama is successfully invoking Mitt Romney’s career at Bain Capital to raise doubts about Mr. Romney’s commitment to the middle class, strategists in both parties say.",,"President Obama is successfully invoking Mitt Romney’s career at Bain Capital to raise doubts about Mr. Romney’s commitment to the middle class, strategists in both parties say.",U.S.,National,News,article,1184,"Patient Protection and Affordable Care Act (2010); Political Advertising; Presidential Election of 2012; Bain Capital; Obama, Barack; Romney, Mitt",https://www.nytimes.com/2012/07/01/us/politics/bain-attacks-make-inroads-for-president.html
2012,2012-07-01T04:12:12Z,2010s,Jul-Aug,A Telling Language Lesson in Hong Kong,"A new chief executive took the oath of office in Hong Kong on Sunday morning, and then, somewhat astoundingly, he made his inaugural speech in Mandarin Chinese, the language of the mainland. In spurning Cantonese, spoken by virtually all of Hong Kong, Leung Chun-ying might as well have knelt on stage in front of President Hu Jintao of China in a full kowtow to Beijing.",,"A new chief executive took the oath of office in Hong Kong on Sunday morning, and then, somewhat astoundingly, he made his inaugural speech in Mandarin Chinese, the language of the mainland. In spurning Cantonese, spoken by virtually all of Hong Kong, Leung Chun-ying might as well have knelt on stage in front of President Hu Jintao of China in a full kowtow to Beijing.",World,,News,article,749,"Chinese Language; Demonstrations, Protests, and Riots; English Language; Food Contamination and Poisoning; Freedom of the Press; Language and Languages; Polls and Public Opinion; Real Estate and Housing (Residential); Speeches and Statements; Suicides and Suicide Attempts; Hu Jintao; Leung Chun-ying; Li Wangyang; Apple Daily; South China Morning Post Limited; Beijing (China); China; Great Britain; Hong Kong",https://rendezvous.blogs.nytimes.com/2012/07/01/a-shocking-language-lesson-in-hong-kong/
2012,2012-07-01T09:46:09Z,2010s,Jul-Aug,Protesters March as New Hong Kong Leader Is Sworn In,"The demonstrations reflected concerns that the new chief executive, Leung Chun-ying, may roll back some of the city’s cherished civil liberties.",,"The demonstrations reflected concerns that the new chief executive, Leung Chun-ying, may roll back some of the city’s cherished civil liberties.",World,Foreign,News,article,893,"Appointments and Executive Changes; Demonstrations, Protests, and Riots; Civil Rights and Liberties; Leung Chun-ying; Hong Kong; Hu Jintao; China; Politics and Government",https://www.nytimes.com/2012/07/02/world/asia/protesters-march-as-new-hong-kong-leader-is-sworn-in.html
2012,2012-07-01T10:07:21Z,2010s,Jul-Aug,Foreign Interest Grows at Hong Kong Universities,Admissions offices have reported significant increases in the number of applications from outside China.,,Admissions offices have reported significant increases in the number of applications from outside China.,World,Foreign,News,article,344,Education (Secondary); Education; Colleges and Universities; Hong Kong; Spain,https://www.nytimes.com/2012/07/02/world/asia/02iht-educbriefs02.html
2012,2012-07-01T15:20:11Z,2010s,Jul-Aug,Next Battleground of Health Care Debate,"The Supreme Court's historic decision to uphold the central tenet of Obamacare settles the law, not the politics. The outcome poses challenges for both presidential contenders.",,"The Supreme Court's historic decision to uphold the central tenet of Obamacare settles the law, not the politics. The outcome poses challenges for both presidential contenders.",U.S.,Foreign,News,article,899,,https://www.nytimes.com/2012/07/02/us/02iht-letter02.html
2012,2012-07-02T00:23:43Z,2010s,Jul-Aug,Americans Sweep China,"The Olympics-bound United States women’s team won its third straight title in the international F.I.V.B. World Grand Prix with a three-set sweep of China at Ningbo, China.",,"The Olympics-bound United States women’s team won its third straight title in the international F.I.V.B. World Grand Prix with a three-set sweep of China at Ningbo, China.",Sports,Sports,Brief,article,28,Volleyball,https://www.nytimes.com/2012/07/02/sports/olympics/americans-sweep-china-in-volleyball.html
2012,2012-07-02T04:01:23Z,2010s,Jul-Aug,How to Make Optimism Work for You,A selection from the hundreds of responses to a recent column on living life as a glass half full.,,A selection from the hundreds of responses to a recent column on living life as a glass half full.,Health,,News,article,1089,Medicine and Health; Optimism,https://well.blogs.nytimes.com/2012/07/02/how-to-make-optimism-work-for-you-2/
2012,2012-07-02T04:12:49Z,2010s,Jul-Aug,Apple Settles an iPad Dispute in China,A Chinese provincial court said on Monday that Apple had settled a lawsuit there by agreeing to pay $60 million for the legal rights to use the iPad trademark in China.,,A Chinese provincial court said on Monday that Apple had settled a lawsuit there by agreeing to pay $60 million for the legal rights to use the iPad trademark in China.,Business,Business,News,article,312,Apple Incorporated; Trademarks and Trade Names; Proview Technology; iPad; China,https://www.nytimes.com/2012/07/02/business/global/apple-settles-an-ipad-trademark-dispute-in-china.html
2012,2012-07-02T04:42:05Z,2010s,Jul-Aug,"In France, M.B.A. Candidates Learn Leadership, in the Mud",Teams of civilian professionals have had to work out solutions to problems like retrieving an injured colleague and crossing a ravine.,,Teams of civilian professionals have had to work out solutions to problems like retrieving an injured colleague and crossing a ravine.,World,Foreign,News,article,1134,Education; France; Brittany (France); Germany,https://www.nytimes.com/2012/07/02/world/europe/02iht-educlede02.html
2012,2012-07-02T06:02:04Z,2010s,Jul-Aug,EADS to Build U.S. Assembly Line for Airbus A320,European plane maker to invest $600 million to build A320 passenger jets in Alabama.,,European plane maker to invest $600 million to build A320 passenger jets in Alabama.,Business,Business,News,article,987,Airbus Industrie; Factories and Manufacturing; International Trade and World Market; Mobile (Ala); Alabama; Airlines and Airplanes; Boeing Company; European Aeronautic Defense and Space Co,https://www.nytimes.com/2012/07/03/business/global/eads-to-build-airbus-assembly-line-in-mobile-ala.html
2012,2012-07-02T08:20:14Z,2010s,Jul-Aug,Apple Settles iPad Trademark Dispute With Chinese Company,A Chinese provincial court said the American technology company had settled a lawsuit by paying $60 million into a court-approved bank account for the legal rights to use the iPad trademark in China.,,A Chinese provincial court said the American technology company had settled a lawsuit by paying $60 million into a court-approved bank account for the legal rights to use the iPad trademark in China.,Technology,Business,News,article,356,iPad; Apple Incorporated; Proview Technology; China; Suits and Litigation; Trademarks and Trade Names,https://www.nytimes.com/2012/07/03/technology/apple-settles-ipad-trademark-dispute-with-chinese-company.html
2012,2012-07-02T11:40:12Z,2010s,Jul-Aug,"100, 75, 50 Years Ago",Highlights from the IHT archives.,,Highlights from the IHT archives.,Opinion,Editorial,News,article,635,,https://www.nytimes.com/2012/07/03/opinion/100-75-50-years-ago.html
2012,2012-07-02T11:50:09Z,2010s,Jul-Aug,Morning Take-Out,Highlights from the DealBook newsletter.,,Highlights from the DealBook newsletter.,Business,,News,article,2964,,https://dealbook.nytimes.com/2012/07/02/morning-take-out-517/
2012,2012-07-02T11:54:07Z,2010s,Jul-Aug,And Now That Poland's Party Is Over?,"There is still work to be done to finish the modernization that Euro 2012 stimulated, but people in Gdansk, Poland, especially young people, are taking a new pride in their country and its place in Europe.",,"There is still work to be done to finish the modernization that Euro 2012 stimulated, but people in Gdansk, Poland, especially young people, are taking a new pride in their country and its place in Europe.",Sports,Sports,News,article,1428,UEFA European Football Championship; Soccer; Poland,https://www.nytimes.com/2012/07/03/sports/soccer/03iht-sreupoland03.html
2012,2012-07-02T11:54:32Z,2010s,Jul-Aug,Paraguay’s Destructive Soy Boom,Each year in Paraguay nearly half a million hectares of land are turned into soy fields.,,Each year in Paraguay nearly half a million hectares of land are turned into soy fields.,Opinion,OpEd,Op-Ed,article,810,"Paraguay; Agriculture and Farming; Economic Conditions and Trends; Land Use Policies; International Trade and World Market; Corruption (Institutional); Lugo Mendez, Fernando",https://www.nytimes.com/2012/07/03/opinion/paraguays-destructive-soy-boom.html
2012,2012-07-02T12:00:13Z,2010s,Jul-Aug,Keeping Track of Art All Over Asia,A digital archive based in Hong Kong is opening its collection of materials to the public online.,,A digital archive based in Hong Kong is opening its collection of materials to the public online.,Arts,Culture,News,article,1238,"Art; Far East, South and Southeast Asia and Pacific Areas; Archives and Records",https://www.nytimes.com/2012/07/03/arts/03iht-hongarchive03.html
2012,2012-07-02T13:31:16Z,2010s,Jul-Aug,Indonesians Flaunt Growing Wealth on the Road,A pricey car is the latest status symbol in Indonesia's strong economy. Dealers are setting up in malls to put themselves in the path of shoppers and sales of brands like BMW are booming.,,A pricey car is the latest status symbol in Indonesia's strong economy. Dealers are setting up in malls to put themselves in the path of shoppers and sales of brands like BMW are booming.,Business,Business,News,article,937,,https://www.nytimes.com/2012/07/03/business/global/indonesians-flaunt-growing-wealth-on-the-road.html
2012,2012-07-02T19:04:43Z,2010s,Jul-Aug,"U.S. Manufacturing Slips, Weighing on Stocks","It was the first monthly contraction since 2009, partly because of a slowdown in orders from Asia and Europe.",,"It was the first monthly contraction since 2009, partly because of a slowdown in orders from Asia and Europe.",Business,Business,News,article,635,United States Economy; Institute for Supply Management; Factories and Manufacturing; Stocks and Bonds,https://www.nytimes.com/2012/07/03/business/economy/us-manufacturing-slips.html
2012,2012-07-02T19:22:19Z,2010s,Jul-Aug,The Garden Party Redefined,Forget the elegant hats and croquet; “garden assistance parties” are for ripping out lawns and planting native plants that soak up stormwater and protect oceans.,,Forget the elegant hats and croquet; “garden assistance parties” are for ripping out lawns and planting native plants that soak up stormwater and protect oceans.,Science,,News,article,764,Gardens and Gardening; Water,https://green.blogs.nytimes.com/2012/07/02/the-garden-party-redefined/
2012,2012-07-02T19:25:28Z,2010s,Jul-Aug,World Bank Sees a Role as a Consultant,"Jim Yong Kim, the new World Bank president, said the institution might help high-income countries as a technical consultant, in addition to its core goal of eradicating global poverty.",,"Jim Yong Kim, the new World Bank president, said the institution might help high-income countries as a technical consultant, in addition to its core goal of eradicating global poverty.",Business,Business,News,article,672,"World Bank; Kim, Jim Yong; Economic Conditions and Trends",https://www.nytimes.com/2012/07/03/business/global/jim-yong-kim-takes-over-world-bank.html
2012,2012-07-30T19:10:22Z,,,China Pool Prodigy Churns Wave of Speculation,"After repeated Chinese scandals in the 1990s, reactions to the swimmer Ye Shiwen’s record-breaking performance fell into an uncomfortable gray area between celebration and suspicion.",,,Sports,,,,,,https://www.nytimes.com/2012/07/31/sports/olympics/chinese-swimmers-record-raises-doping-concerns.html
2012,2012-08-13T16:38:21Z,,,Scrutiny for Casino Mogul’s Frontman in China,"An inquiry highlights how politics and profits are often intertwined for Sheldon Adelson, a major Republican donor.",,,U.S.,,,,,,https://www.nytimes.com/2012/08/14/us/politics/sheldon-adelsons-dealings-in-china-are-under-investigation.html
2012,2012-08-16T23:42:36Z,,,"Pursuing Soft Power, China Puts Stamp on Africa’s News","China’s state-run news media are rapidly growing in Africa, hoping to bolster Beijing’s influence in a region rich in the resources needed to fuel China’s powerhouse industries.",,,World,,,,,,https://www.nytimes.com/2012/08/17/world/africa/chinas-news-media-make-inroads-in-africa.html
2012,2012-08-22T01:24:04Z,,,Dispute Over Islands Reflects Japanese Fear of China’s Rise,A chain of islands at the center of a territorial dispute has Japanese nationalists pushing their country to boldly counter the explosive growth of China and South Korea.,,,World,,,,,,https://www.nytimes.com/2012/08/22/world/asia/dispute-over-islands-reflect-japanese-fear-of-chinas-rise.html
2012,2012-08-23T16:03:42Z,,,China Confronts Mounting Piles of Unsold Goods,The severity of the country’s inventory surplus has been masked by the blocking or adjusting of economic data by the government.,,,Business,,,,,,https://www.nytimes.com/2012/08/24/business/global/chinas-economy-besieged-by-buildup-of-unsold-goods.html
2012,2012-08-29T00:37:20Z,,,Victims’ Sons in Tough Fight for Redress After China Rail Crash,Two Chinese-American brothers’ odyssey to retrieve their parents’ bodies and gain compensation for a deadly high-speed railroad crash highlighted the workings of an unbending government agency in China.,,,World,,,,,,https://www.nytimes.com/2012/08/29/world/asia/in-china-sons-fight-railways-ministry-over-crash.html
2012,2012-09-01T00:21:57Z,2010s,Sep-Oct,"Republicans, in Search of a Foreign Policy","Today’s Republicans are as divided on foreign policy as they’ve ever been, and Mitt Romney is finding it hard to bridge the divisions.",,"Today’s Republicans are as divided on foreign policy as they’ve ever been, and Mitt Romney is finding it hard to bridge the divisions.",Opinion,OpEd,Op-Ed,article,1041,"Presidential Election of 2012; Republican Party; Republican National Convention; United States International Relations; Romney, Mitt",https://www.nytimes.com/2012/09/01/opinion/romney-is-caught-between-neoconservatives-and-neo-isolationists.html
2012,2012-09-01T01:30:09Z,2010s,Sep-Oct,Commodities Prices Rise Broadly for a Monthly Gain,"Commodities rose broadly on Friday, ending August with a third consecutive month of gains, after strong rallies through most of the month in oil, soybeans and cocoa.",,"Commodities rose broadly on Friday, ending August with a third consecutive month of gains, after strong rallies through most of the month in oil, soybeans and cocoa.",Business,Business,Brief,article,67,"Commodities; Prices (Fares, Fees and Rates); Soybeans; Oil (Petroleum) and Gasoline; Cocoa",https://www.nytimes.com/2012/09/01/business/commodities-prices-rise-broadly-for-a-monthly-gain.html
2012,2012-09-01T09:17:43Z,2010s,Sep-Oct,Newswallah: Bharat Edition,A round-up of news from across India.,,A round-up of news from across India.,World,,News,article,414,India; India,https://india.blogs.nytimes.com/2012/09/01/newswallah-bharat-edition-54/
2012,2012-09-01T11:41:03Z,2010s,Sep-Oct,"In Vietnam, Message of Equality Is Challenged by Widening Wealth Gap",Vietnam’s political mandarins are struggling to reconcile their party’s message of social justice and equality with the realities of an elite awash in wealth and privilege.,,Vietnam’s political mandarins are struggling to reconcile their party’s message of social justice and equality with the realities of an elite awash in wealth and privilege.,World,Foreign,News,article,1070,"Vietnam; Nepotism; Income Inequality; Economic Conditions and Trends; Dung, Nguyen Tan",https://www.nytimes.com/2012/09/02/world/asia/in-vietnam-message-of-equality-challenged-by-wealth-gap.html
2012,2012-09-01T12:54:58Z,2010s,Sep-Oct,Report Shows Chinese Manufacturing Contracted in August,The report added to mixed signals about whether China was starting to recover from its deepest downturn since the 2008 global financial crisis.,,The report added to mixed signals about whether China was starting to recover from its deepest downturn since the 2008 global financial crisis.,Business,Business,News,article,326,China; Factories and Manufacturing; Economic Conditions and Trends,https://www.nytimes.com/2012/09/02/business/global/report-shows-chinese-manufacturing-contracted-in-august.html
2012,2012-09-01T16:29:06Z,2010s,Sep-Oct,It Began With a Bang,The 2012 Summer Paralympic Games continue in London after an opening ceremony that was truly cosmic.,,The 2012 Summer Paralympic Games continue in London after an opening ceremony that was truly cosmic.,Opinion,Editorial,Editorial,article,264,"Editorials; Hawking, Stephen W; Paralympic Games; Pistorius, Oscar",https://www.nytimes.com/2012/09/02/opinion/sunday/it-began-with-a-bang.html
2012,2012-09-01T16:35:05Z,2010s,Sep-Oct,Mrs. Clinton’s Asia Mission,Secretary of State Hillary Rodham Clinton travels to Beijing this week as the American focus on the region continues.,,Secretary of State Hillary Rodham Clinton travels to Beijing this week as the American focus on the region continues.,Opinion,Editorial,Editorial,article,315,"Editorials; Far East, South and Southeast Asia and Pacific Areas; United States International Relations; Clinton, Hillary Rodham; Obama, Barack; China; State Department",https://www.nytimes.com/2012/09/02/opinion/sunday/mrs-clintons-asia-mission.html
2012,2012-09-01T18:39:01Z,2010s,Sep-Oct,Letters: Breaking the Silence on a Carbon Tax,"Readers respond to “Carbon Tax Silence, Overtaken by Events” (Economic View, Aug. 26).",,"Readers respond to “Carbon Tax Silence, Overtaken by Events” (Economic View, Aug. 26).",Business,SundayBusiness,Letter,article,619,"Greenhouse Gas Emissions; Taxation; Air Pollution; Romney, Mitt",https://www.nytimes.com/2012/09/02/business/letters-breaking-the-silence-on-a-carbon-tax.html
2012,2012-09-01T18:58:40Z,2010s,Sep-Oct,Can Europe Survive the Rise of the Rest?,"The European Union will never manage to compete with China and other rising powers unless it unites politically, scales up and becomes a genuine giant.",,"The European Union will never manage to compete with China and other rising powers unless it unites politically, scales up and becomes a genuine giant.",Opinion,OpEd,Op-Ed,article,1066,International Relations; European Sovereign Debt Crisis (2010- ); European Union; European Monetary Union; Cold War Era,https://www.nytimes.com/2012/09/02/opinion/sunday/can-europe-survive-the-rise-of-the-rest.html
2012,2012-09-01T19:30:05Z,2010s,Sep-Oct,Two Americans Are Buried a Year After a Train Crash in China,"After more than a year of fighting with Chinese government officials, the sons of two Americans killed in a train crash finally buried their parents in Queens.",,"After more than a year of fighting with Chinese government officials, the sons of two Americans killed in a train crash finally buried their parents in Queens.",New York,Metro,News,article,752,"Queens (NYC); China; Cao, Leo; Railroad Accidents and Safety; Funerals and Memorials",https://www.nytimes.com/2012/09/02/nyregion/two-americans-are-buried-year-after-china-train-crash.html
2012,2012-09-01T19:52:17Z,2010s,Sep-Oct,‘Framing’ Prevents Needed Stimulus,"If state and local governments had not cut back so much, the broader economy would be stronger today. So why did they do what they did?",,"If state and local governments had not cut back so much, the broader economy would be stronger today. So why did they do what they did?",Your Money,SundayBusiness,News,article,1014,"Layoffs and Job Reductions; United States Politics and Government; United States Economy; Obama, Barack; Labor and Jobs; Government Employees",https://www.nytimes.com/2012/09/02/your-money/framing-prevents-needed-stimulus-economic-view.html
2012,2012-09-01T20:57:50Z,2010s,Sep-Oct,"Unified, in America, by an International Sport","The men’s squad from the New York City Team Handball Club won its fourth national title in five years in May, bolstering its reputation as the best team handball outfit in the United States.",,"The men’s squad from the New York City Team Handball Club won its fourth national title in five years in May, bolstering its reputation as the best team handball outfit in the United States.",Sports,Sports,News,article,1141,"Team Handball; Olympic Games; Mustafa, Shkumbin",https://www.nytimes.com/2012/09/02/sports/unified-in-america-by-international-sport.html
2012,2012-09-01T22:53:53Z,2010s,Sep-Oct,Party Intrigue Seen in China as Official Is Demoted,"Ling Jihua, who was a close adviser to President Hu Jintao, was named head of a department that deals with unions at a time when powerful factions are forcing China’s leaders to protect their political networks.",,"Ling Jihua, who was a close adviser to President Hu Jintao, was named head of a department that deals with unions at a time when powerful factions are forcing China’s leaders to protect their political networks.",World,Foreign,News,article,565,China; Ling Jihua; Communist Party of China; Hu Jintao; Appointments and Executive Changes,https://www.nytimes.com/2012/09/02/world/asia/party-intrigue-seen-in-chinese-officials-apparent-demotion.html
2012,2012-09-02T01:07:44Z,2010s,Sep-Oct,Sundhage Leaving U.S. Women’s National Team,Pia Sundhage is stepping down after five years as coach of the United States women’s national team to become the coach of Sweden.,,Pia Sundhage is stepping down after five years as coach of the United States women’s national team to become the coach of Sweden.,Sports,,News,article,653,,https://goal.blogs.nytimes.com/2012/09/01/sundhage-leaving-u-s-womens-national-team/
2012,2012-09-02T01:34:16Z,2010s,Sep-Oct,"Clinton Begins Asia Trip, Trying to Ease Tension With China","Secretary of State Hillary Rodham Clinton began a six-nation visit to Asia by saying that the United States would broaden its presence in the region, but that “the Pacific is big enough for all of us.”",,"Secretary of State Hillary Rodham Clinton began a six-nation visit to Asia by saying that the United States would broaden its presence in the region, but that “the Pacific is big enough for all of us.”",World,Foreign,News,article,544,"United States International Relations; China; Clinton, Hillary Rodham",https://www.nytimes.com/2012/09/02/world/asia/clinton-tries-to-ease-tension-with-china-on-asia-trip.html
2012,2012-09-02T03:33:07Z,2010s,Sep-Oct,"Clijsters, Whose First Retirement Didn’t Take, Says Her Latest One Will","Clijsters, who retired in 2007 but returned, said that a second comeback is unlikely. Clijsters and her teammate in mixed doubles, Bob Bryan, were defeated in the second round of the U.S. Open.",,"Clijsters, who retired in 2007 but returned, said that a second comeback is unlikely. Clijsters and her teammate in mixed doubles, Bob Bryan, were defeated in the second round of the U.S. Open.",Sports,Sports,News,article,743,"Tennis; United States Open (Tennis); Clijsters, Kim; Bryan, Bob",https://www.nytimes.com/2012/09/02/sports/tennis/kim-clijsters-whose-first-retirement-did-not-take-says-her-latest-one-will.html
2012,2012-09-02T04:16:54Z,2010s,Sep-Oct,"Sara Watson, Nicholas Smith",The couple are married in Rhode Island.,,The couple are married in Rhode Island.,Fashion,Society,News,article,190,Weddings and Engagements,https://www.nytimes.com/2012/09/02/fashion/weddings/sara-watson-nicholas-smith-weddings.html
2012,2012-09-02T09:00:55Z,2010s,Sep-Oct,What Would a President Romney Mean for the Arab Spring? For Europe?,"Whether Barack Obama is re-elected or Mitt Romney becomes the 45th president of the United States, the challenges of the Arab Spring will be there to confront either man. In addition, a President Romney might have some international fences to mend.",,"Whether Barack Obama is re-elected or Mitt Romney becomes the 45th president of the United States, the challenges of the Arab Spring will be there to confront either man. In addition, a President Romney might have some international fences to mend.",World,,News,article,110,Middle East and North Africa Unrest (2010- ); United States International Relations,https://rendezvous.blogs.nytimes.com/2012/09/02/what-would-president-romney-mean-for-the-arab-spring-for-europe/
2012,2012-09-02T12:20:05Z,2010s,Sep-Oct,Hands-On Evolution of the BlackBerry,The 9900 model shows how much the design merits of particular products has changed in the past six years.,,The 9900 model shows how much the design merits of particular products has changed in the past six years.,Arts,Culture,News,article,1002,Design; BlackBerry (Handheld Device); iPhone; RESEARCH IN MOTION LTD,https://www.nytimes.com/2012/09/03/arts/design/hands-on-evolution-of-the-blackberry.html
2012,2012-09-02T14:36:47Z,2010s,Sep-Oct,"Shopping in Malaysia, the Old Way","In Kuala Lumpur, a city swept by development, Chow Kit market bustles with tradition.",,"In Kuala Lumpur, a city swept by development, Chow Kit market bustles with tradition.",Travel,Travel,News,article,1172,Kuala Lumpur (Malaysia); Travel and Vacations; Shopping and Retail,https://www.nytimes.com/2012/09/03/travel/shopping-in-malaysia-the-old-way.html
2012,2012-09-04T22:53:28Z,,,A Chinese City Moves to Limit New Cars,Guangzhou wants to improve quality of life through license plate auctions and lotteries expected to halve the number of new cars on the streets.,,,Business,,,,,,https://www.nytimes.com/2012/09/05/business/global/a-chinese-city-moves-to-limit-new-cars.html
2012,2012-09-18T04:30:29Z,,,"In Car Country, Obama Trumpets China Trade Case",President Obama on Monday filed a broad new trade case against China at the World Trade Organization. He announced the action in the industrial battleground of Ohio.,,,U.S.,,,,,,https://www.nytimes.com/2012/09/18/us/politics/in-car-country-obama-trumpets-china-trade-case.html
2012,2012-09-20T21:16:09Z,,,Obama’s Journey to Tougher Tack on a Rising China,"In the presidential campaign, China has become a focal point encompassing both security and economic concerns and highlighting the nations’ complex, tense relationship.",,,U.S.,,,,,,https://www.nytimes.com/2012/09/21/us/politics/obamas-evolution-to-a-tougher-line-on-china.html
2012,2012-09-26T22:17:34Z,,,China Politics Stall Overhaul for Economy,China’s Communist Party appears so distracted by its leadership transition that it is not pursuing the bold agenda that may be necessary to prevent severe economic pain.,,,World,,,,,,https://www.nytimes.com/2012/09/27/world/asia/chinas-politics-hinder-effort-to-shore-up-economy.html
2012,2012-10-10T03:14:52Z,,,"As Romney Repeats Trade Message, Bain Maintains China Ties","Mitt Romney has kept up his criticism of China even as the equity firm he co-founded, Bain Capital, maintains its China-related holdings.",,,U.S.,,,,,,https://www.nytimes.com/2012/10/10/us/politics/as-romney-repeats-trade-message-bain-maintains-china-ties.html
2012,2012-10-25T20:33:15Z,,,Billions in Hidden Riches for Family of Chinese Leader,"It is unclear how much Prime Minister Wen Jiabao, who has staked a position as a populist and a reformer, knows about the $2.7 billion in assets his family has amassed.",,,Business,,,,,,https://www.nytimes.com/2012/10/26/business/global/family-of-wen-jiabao-holds-a-hidden-fortune-in-china.html
2012,2012-11-01T00:34:38Z,,,"Wary of Future, Professionals Leave China in Record Numbers","Although China’s economic boom has created millions of well-paying jobs, its skilled workers are moving elsewhere, in search of better quality of life, and religious and political freedoms.",,,World,,,,,,https://www.nytimes.com/2012/11/01/world/asia/wary-of-future-many-professionals-leave-china.html
2012,2012-11-01T00:47:19Z,2010s,Nov-Dec,Guess Who It’s All Up To?,"Ohio has it all: a Real Recovery Road Rally, tons of TV ads and a problem with political lawn signs. People, if this election is going to come down to one group, let it be Ohioans.",,"Ohio has it all: a Real Recovery Road Rally, tons of TV ads and a problem with political lawn signs. People, if this election is going to come down to one group, let it be Ohioans.",Opinion,Editorial,Op-Ed,article,818,"Ohio; Presidential Election of 2012; Romney, Mitt; Obama, Barack",https://www.nytimes.com/2012/11/01/opinion/collins-guess-who-its-all-up-to.html
2012,2012-11-01T01:00:36Z,2010s,Nov-Dec,The Sound of Silence,"A month into another blockbuster term (Affirmative action! Voting rights! Same-sex marriage!), the Supreme Court is curiously missing from our national conversation.",,"A month into another blockbuster term (Affirmative action! Voting rights! Same-sex marriage!), the Supreme Court is curiously missing from our national conversation.",Opinion,,News,article,1267,Presidential Election of 2012; Supreme Court,https://opinionator.blogs.nytimes.com/2012/10/31/the-sound-of-silence/
2012,2012-11-01T01:03:17Z,2010s,Nov-Dec,Romney Versus the Automakers,"Mitt Romney can’t admit that the auto bailout helped Detroit and America, so instead he invents problems with it.",,"Mitt Romney can’t admit that the auto bailout helped Detroit and America, so instead he invents problems with it.",Opinion,Editorial,Editorial,article,540,"Romney, Mitt; Presidential Election of 2012; Automobiles; General Motors; Chrysler Group LLC; Detroit (Mich); Editorials; Political Advertising; Ohio",https://www.nytimes.com/2012/11/01/opinion/mitt-romney-versus-the-automakers.html
2012,2012-11-01T02:07:33Z,2010s,Nov-Dec,"Lebbeus Woods, Architect Who Bucked Convention, Dies at 72","Mr. Woods conceived of a radical environment, one intended for a world in conflict, in an era when many of his peers focused on corporate headquarters and high-rises.",,"Mr. Woods conceived of a radical environment, one intended for a world in conflict, in an era when many of his peers focused on corporate headquarters and high-rises.",Arts,Culture,Obituary (Obit),article,712,"Woods, Lebbeus; Cooper Union for the Advancement of Science and Art; Architecture; Deaths (Obituaries)",https://www.nytimes.com/2012/11/01/arts/lebbeus-woods-unconventional-architect-dies-at-72.html
2012,2012-11-01T03:43:45Z,2010s,Nov-Dec,"In Sandy’s Wake, Perspective From Asia","Readers from around the world, and especially those in Asia, have responded graciously to our Facebook call for advice for storm-affected Americans, as people along the Eastern Seaboard try to recover from the lashings of Hurricane Sandy.",,"Readers from around the world, and especially those in Asia, have responded graciously to our Facebook call for advice for storm-affected Americans, as people along the Eastern Seaboard try to recover from the lashings of Hurricane Sandy.",World,,News,article,855,New Jersey,https://rendezvous.blogs.nytimes.com/2012/10/31/in-sandys-wake-hard-earned-advice-from-asia-pull-together/
2012,2012-11-01T04:25:47Z,2010s,Nov-Dec,Liberty to Lie,A significant number of voters who admit that they don’t trust Mitt Romney say that they’re going to vote for him anyway. What gives?,,A significant number of voters who admit that they don’t trust Mitt Romney say that they’re going to vote for him anyway. What gives?,Opinion,,News,article,908,"Automobiles; Polls and Public Opinion; Presidential Election of 2012; Obama, Barack; Romney, Mitt; Chrysler Group LLC; General Motors; Jeep Division of Chrysler",https://campaignstops.blogs.nytimes.com/2012/11/01/liberty-to-lie/
2012,2012-11-01T05:45:47Z,2010s,Nov-Dec,Encouraging Signs in Chinese Manufacturing Data,"Two indices show manufacturing conditions improved in China last month, supporting the idea that the country’s economy has stopped slowing.",,"Two indices show manufacturing conditions improved in China last month, supporting the idea that the country’s economy has stopped slowing.",Business,Business,News,article,709,China; Economic Conditions and Trends; Factories and Manufacturing; Renminbi (Currency),https://www.nytimes.com/2012/11/02/business/global/encouraging-signs-in-chinese-manufacturing-data.html
2012,2012-11-01T06:49:55Z,2010s,Nov-Dec,"Chinese Artist, Ai Weiwei, to Repay Donations","Ai Weiwei, the artist who was accused of tax evasion, said he will begin paying back the $1.4 million he collected from thousands of supporters.",,"Ai Weiwei, the artist who was accused of tax evasion, said he will begin paying back the $1.4 million he collected from thousands of supporters.",World,Foreign,Brief,article,137,China; Ai Weiwei; Art; Tax Evasion,https://www.nytimes.com/2012/11/01/world/asia/chinese-artist-ai-weiwei-to-repay-donations.html
2012,2012-11-01T11:38:53Z,2010s,Nov-Dec,Chinese Sovereign Wealth Fund to Buy Stake in Heathrow Airport,The China Investment Corporation has agreed to buy a 10 percent stake in Heathrow Airport for around $727 million.,,The China Investment Corporation has agreed to buy a 10 percent stake in Heathrow Airport for around $727 million.,Business,,News,article,191,"Mergers, Acquisitions and Divestitures; China Investment Corp; London (England)",https://dealbook.nytimes.com/2012/11/01/chinese-sovereign-wealth-fund-to-buy-stake-in-heathrow-airport/
2012,2012-11-01T12:41:00Z,2010s,Nov-Dec,The Latest Headache at Barclays,Barclays faces accusations that it manipulated California energy markets. | JPMorgan Chase is going after the boss of the traders known as the London Whale. | The major American exchanges had a largely uneventful day of trading on Wednesday after being shut down for two days because of Hurricane Sandy.,,Barclays faces accusations that it manipulated California energy markets. | JPMorgan Chase is going after the boss of the traders known as the London Whale. | The major American exchanges had a largely uneventful day of trading on Wednesday after being shut down for two days because of Hurricane Sandy.,Business,,News,article,1539,,https://dealbook.nytimes.com/2012/11/01/the-latest-headache-at-barclays/
2012,2012-11-01T12:59:38Z,2010s,Nov-Dec,"Consumer Confidence and Spending Are Rising, Economic Reports Show","Confidence grew in October to its highest level in nearly five years, encouraged by recent declines in the jobless rate.",,"Confidence grew in October to its highest level in nearly five years, encouraged by recent declines in the jobless rate.",Business,Business,News,article,647,Unemployment; Labor and Jobs; United States Economy; Consumer Confidence (Economic Indicator); Unemployment Insurance,https://www.nytimes.com/2012/11/02/business/economy/claims-for-us-jobless-benefits-drop.html
2012,2012-11-01T14:30:35Z,2010s,Nov-Dec,Asian-Americans in the Argument,Asian-Americans are tangled up in race-conscious admissions in complicated ways. Some see themselves as victims of affirmative action. Others as benefiting.,,Asian-Americans are tangled up in race-conscious admissions in complicated ways. Some see themselves as victims of affirmative action. Others as benefiting.,Education,EdLife,News,article,2377,"Asian-Americans; University of Texas; Minorities; Colleges and Universities; Affirmative Action; Fisher, Abigail Noel; Texas",https://www.nytimes.com/2012/11/04/education/edlife/affirmative-action-a-complicated-issue-for-asian-americans.html
2012,2012-11-01T14:31:10Z,2010s,Nov-Dec,Market Lifted by Reports on Jobs and Consumers,"A report from A.D.P. on hiring, and one from the Conference Board on consumer confidence, encouraged investors before Friday’s jobs numbers from the Labor Department.",,"A report from A.D.P. on hiring, and one from the Conference Board on consumer confidence, encouraged investors before Friday’s jobs numbers from the Labor Department.",Business,Business,News,article,461,Stocks and Bonds; Unemployment,https://www.nytimes.com/2012/11/02/business/daily-stock-market-activity.html
2012,2012-11-01T14:51:49Z,2010s,Nov-Dec,Chinese Cafe Owner Given 8-Year Sentence Over Online Messages,"The punishment for the man, Cao Haibo, 27, comes after he criticized the ruling Communist Party in online messages and for sought to establish an opposition party.",,"The punishment for the man, Cao Haibo, 27, comes after he criticized the ruling Communist Party in online messages and for sought to establish an opposition party.",World,Foreign,News,article,298,Cao Haibo; Kunming (China); Sentences (Criminal); Computers and the Internet; Communist Party of China; Chinese Human Rights Defenders,https://www.nytimes.com/2012/11/02/world/asia/chinese-cafe-owner-given-8-year-sentence-over-online-messages.html
2012,2012-11-01T15:02:24Z,2010s,Nov-Dec,Ford Names an Operating Officer Who Is Seen as a Possible New Chief,The company said Alan R. Mulally would keep his position until 2014. Mark Fields will become chief operating officer and assume day-to-day responsibility for the business.,,The company said Alan R. Mulally would keep his position until 2014. Mark Fields will become chief operating officer and assume day-to-day responsibility for the business.,Business,Business,News,article,809,"Ford Motor Company; Automobiles; Appointments and Executive Changes; Mulally, Alan R; Fields, Mark",https://www.nytimes.com/2012/11/02/business/fords-chief-executive-to-remain-through-2014.html
2012,2012-11-01T16:34:35Z,2010s,Nov-Dec,China Presents a Four-Point Proposal for Resolving the Civil War in Syria,"The proposal calls for a phased-in truce and a stronger international response to the refugee crisis, but does not demand that President Bashar al-Assad step down.",,"The proposal calls for a phased-in truce and a stronger international response to the refugee crisis, but does not demand that President Bashar al-Assad step down.",World,Foreign,News,article,767,"International Relations; Middle East and North Africa Unrest (2010- ); Yang Jiechi; Syria; China; Brahimi, Lakhdar",https://www.nytimes.com/2012/11/02/world/middleeast/syria.html
2012,2012-11-01T17:00:55Z,2010s,Nov-Dec,"Exxon and Shell Earnings, Hurt by Natural Gas, Are Helped by Refining","Exxon Mobil and Royal Dutch Shell reported lackluster third-quarter earnings because of declining oil and natural gas production and weak domestic gas prices, but refinery operations were strong.",,"Exxon Mobil and Royal Dutch Shell reported lackluster third-quarter earnings because of declining oil and natural gas production and weak domestic gas prices, but refinery operations were strong.",Business,Business,News,article,765,Oil (Petroleum) and Gasoline; Company Reports; Refineries; Royal Dutch Shell Plc; Exxon Mobil Corporation,https://www.nytimes.com/2012/11/02/business/energy-environment/earnings-at-oil-giants-helped-by-refining.html
2012,2012-11-01T17:08:57Z,2010s,Nov-Dec,"Labor Unions to Have 128,000 Campaign Volunteers","The A.F.L.-C.I.O.’s president, Richard Trumka, said 128,000 volunteers would work on the “final four days” of the campaign, saying these volunteers would knock on 5.5 million doors and make 5.2 million phone calls.",,"The A.F.L.-C.I.O.’s president, Richard Trumka, said 128,000 volunteers would work on the “final four days” of the campaign, saying these volunteers would knock on 5.5 million doors and make 5.2 million phone calls.",U.S.,,News,article,645,"Collective Bargaining; Labor and Jobs; Organized Labor; Presidential Election of 2012; Baldwin, Tammy Suzanne Green; Brown, Sherrod; McCaskill, Claire; Obama, Barack; Romney, Mitt; Trumka, Richard L; Warren, Elizabeth; American Federation of Labor-Congress of Industrial Organizations; Republican Party; Michigan; Ohio; Wisconsin",https://thecaucus.blogs.nytimes.com/2012/11/01/labor-unions-to-have-128000-campaign-volunteers/
2012,2012-11-01T17:36:57Z,2010s,Nov-Dec,36 Hours in Macau,"Home to dozens of casinos, Macau can overwhelm the senses. But the former Portuguese colony also has a quieter side that’s defined by lush landscapes, art galleries and design shops.",,"Home to dozens of casinos, Macau can overwhelm the senses. But the former Portuguese colony also has a quieter side that’s defined by lush landscapes, art galleries and design shops.",Travel,Travel,News,article,1369,Travel and Vacations; Macau,https://www.nytimes.com/2012/11/04/travel/36-hours-in-macau.html
2012,2012-11-08T01:33:09Z,,,"Long Retired, Ex-Leader of China Asserts Sway Over Top Posts",Factions in the Chinese leadership had lacked a dominant elder statesman like Jiang Zemin to arbitrate disputes.,,,World,,,,,,https://www.nytimes.com/2012/11/08/world/asia/jiang-zemin-ex-leader-of-china-asserts-sway-over-top-posts.html
2012,2012-11-11T03:25:27Z,,,"Amid Calls to Open China’s Politics, Party Digs In",A rising chorus of critics say the Communist Party’s agenda is not visionary enough to handle China’s looming crises and set the nation on the path to stability.,,,World,,,,,,https://www.nytimes.com/2012/11/11/world/asia/chinese-communist-party-faces-calls-for-democracy.html
2012,2012-11-13T05:21:28Z,,,Dynasty of Different Order Is Reshaping China,"Despite rising controversy over their prominent role, China’s princelings are emerging as a class that has an increasingly important say in ruling the country.",,,World,,,,,,https://www.nytimes.com/2012/11/14/world/asia/chinas-princelings-wield-influence-to-shape-politics.html
2012,2012-12-15T02:52:01Z,,,Opposition to Labor Camps Widens in China,"Opponents of China’s “re-education through labor” system say new leadership could put an end to abuses at the labor camps, which confine perceived troublemakers without trial.",,,World,,,,,,https://www.nytimes.com/2012/12/15/world/asia/opposition-to-labor-camps-widens-in-china.html
2012,2012-12-26T02:01:47Z,,,Chinese Officials Find Misbehavior Now Carries Cost,A flurry of revelations suggests that China’s new leadership may be serious about trying to tame the cronyism and bribery that afflicts state-run companies and local governments.,,,World,,,,,,https://www.nytimes.com/2012/12/26/world/asia/corrupt-chinese-officials-draw-unusual-publicity.html
2012,2012-12-27T02:11:27Z,,,Signs of Changes Taking Hold in Electronics Factories in China,"After the hardships of workers in China’s electronics factories were exposed to a global audience, working conditions have changed.",,,Business,,,,,,https://www.nytimes.com/2012/12/27/business/signs-of-changes-taking-hold-in-electronics-factories-in-china.html
2012,2012-12-31T01:38:03Z,,,Family of Chinese Regulator Profits in Insurance Firm’s Rise,Dai Xianglong oversaw the insurance industry when a company his relatives helped control made an investment that came to be worth billions.,,,Business,,,,,,https://www.nytimes.com/2012/12/31/business/global/chinese-regulators-family-profited-from-stake-in-insurer.html
2013,2013-01-01T02:43:51Z,2010s,Jan-Feb,Is China Retaliating Against Western Journalists?,"Many companies, including technology giants like Google, have faced the challenge of how to work in China without getting on the wrong side of Chinese authorities.",,"Many companies, including technology giants like Google, have faced the challenge of how to work in China without getting on the wrong side of Chinese authorities.",World,,News,article,330,"Freedom of Speech and Expression; Freedom of the Press; Buckley, Chris; Pan, Philip P; China",https://rendezvous.blogs.nytimes.com/2012/12/31/is-china-retaliating-against-western-journalists/
2013,2013-01-01T03:13:16Z,2010s,Jan-Feb,"Trendy Spot Urges Tourists to Ride In and Spend, ‘Gangnam Style’","The success of the “Gangnam Style” video, by a midlevel star who goes by Psy, has fueled grand ambitions by a district that wants to be known as a center of conspicuous consumption.",,"The success of the “Gangnam Style” video, by a midlevel star who goes by Psy, has fueled grand ambitions by a district that wants to be known as a center of conspicuous consumption.",World,Foreign,News,article,1062,"Fackler, Martin; Gangnam District (Seoul, South Korea); Seoul (South Korea); Psy (Rapper); Rap and Hip-Hop; Music; Video Recordings and Downloads",https://www.nytimes.com/2013/01/01/world/asia/flaunting-gangnam-style-trendy-area-urges-visitors-to-prance-in.html
2013,2013-01-01T06:37:06Z,2010s,Jan-Feb,"As Taiwan’s Links With Mainland Grow, So Do Concerns",Fears are growing that the Chinese mainland is slowly engulfing democratic Taiwan through ever-deepening economic integration and purchases of the island republic’s free media by Taiwanese businessmen with large financial stakes in China.,,Fears are growing that the Chinese mainland is slowly engulfing democratic Taiwan through ever-deepening economic integration and purchases of the island republic’s free media by Taiwanese businessmen with large financial stakes in China.,World,,News,article,809,"Antitrust Laws and Competition Issues; Demonstrations, Protests, and Riots; Economic Conditions and Trends; Mergers, Acquisitions and Divestitures; Newspapers; Chiang Kai-shek; Lai, Jimmy; Apple Daily; Communist Party of China; Next Media Ltd; Radio Free Asia; Washington Post; Beijing (China); China; Taipei (Taiwan); Taiwan; Tiananmen Square (Beijing)",https://rendezvous.blogs.nytimes.com/2013/01/01/as-taiwans-links-with-mainland-grow-so-do-concerns/
2013,2013-01-01T07:04:37Z,2010s,Jan-Feb,Chinese Manufacturing Sector Expands for a 3rd Month,The results of a closely watched survey underline the view that the world’s second-largest economy has settled into a mild rebound that is likely to extend into 2013.,,The results of a closely watched survey underline the view that the world’s second-largest economy has settled into a mild rebound that is likely to extend into 2013.,Business,Business,News,article,431,China; Factories and Manufacturing; Economic Conditions and Trends; International Trade and World Market,https://www.nytimes.com/2013/01/02/business/global/chinese-manufacturing-sector-expanded-in-december.html
2013,2013-01-01T08:29:10Z,2010s,Jan-Feb,Duke Seeks Final Approval for Its Campus in China,"Duke University aims to submit its application to China's Education Ministry by April 2013 for final approval of its Chinese campus, Duke's provost said.",,"Duke University aims to submit its application to China's Education Ministry by April 2013 for final approval of its Chinese campus, Duke's provost said.",World,Business,News,article,522,Education; Duke University; China; McGill University; Oxford University,https://www.nytimes.com/2012/12/31/world/duke-seeks-final-approval-for-its-campus-in-china.html
2013,2013-01-01T13:05:52Z,2010s,Jan-Feb,"In Hong Kong, Rival Protests Are Divided Over Leader","Critics of Leung Chun-ying, the city’s chief executive, have accused him of misleading the public on a controversial real estate issue, but he has appeared to retain the support of Beijing.",,"Critics of Leung Chun-ying, the city’s chief executive, have accused him of misleading the public on a controversial real estate issue, but he has appeared to retain the support of Beijing.",World,Foreign,News,article,884,"Bradsher, Keith; Demonstrations, Protests, and Riots; Hong Kong; Leung Chun-ying",https://www.nytimes.com/2013/01/02/world/asia/thousands-protest-over-hong-kongs-leader.html
2013,2013-01-01T15:19:42Z,2010s,Jan-Feb,"A Meaty Tale, Carnivorous and Twisted",Meat plays an outsize role in the demented behavior in Mo Yan’s novel “Pow!”,,Meat plays an outsize role in the demented behavior in Mo Yan’s novel “Pow!”,Books,Culture,Review,article,970,"Books and Literature; Garner, Dwight; Mo Yan; Pow! (Book)",https://www.nytimes.com/2013/01/02/books/pow-by-mo-yan.html
2013,2013-01-01T17:10:14Z,2010s,Jan-Feb,Laos Could Bear Cost of Chinese Railroad,"China wants a railroad linking it to Thailand and on to the Bay of Bengal in Myanmar, but some international groups warn that it may put a big burden on Laos.",,"China wants a railroad linking it to Thailand and on to the Bay of Bengal in Myanmar, but some international groups warn that it may put a big burden on Laos.",World,Foreign,News,article,1241,"Perlez, Jane; China; Laos; Railroads; Thailand; Myanmar; International Trade and World Market",https://www.nytimes.com/2013/01/02/world/asia/china-builds-a-railroad-and-laos-bears-the-cost.html
2013,2013-01-01T18:00:02Z,2010s,Jan-Feb,Visa Requirements Lifted For Short Stays in China,"In an effort to encourage stopovers, the Chinese government has lifted its visa requirement for residents of the U.S. and 44 other nations.",,"In an effort to encourage stopovers, the Chinese government has lifted its visa requirement for residents of the U.S. and 44 other nations.",Travel,,News,article,162,Travel and Vacations; Visas; China,https://intransit.blogs.nytimes.com/2013/01/01/visa-requirements-lifted-for-short-stays-in-china/
2013,2013-01-01T21:49:29Z,2010s,Jan-Feb,Li Chung Pei,"Mr. Pei, 63, is a founding partner of Pei Partnership Architects of New York, which has produced such projects as the Ronald Reagan UCLA Medical Center in Los Angeles.",,"Mr. Pei, 63, is a founding partner of Pei Partnership Architects of New York, which has produced such projects as the Ronald Reagan UCLA Medical Center in Los Angeles.",Real Estate,Business,Interview,article,799,"Architecture; Marino, Vivian; Real Estate (Commercial)",https://www.nytimes.com/2013/01/02/realestate/commercial/the-30-minute-interview-li-chung-pei.html
2013,2013-01-02T03:53:10Z,2010s,Jan-Feb,"After Modest Life, Huge Gift to 2 Charities","Nearly two years after Mary McConnell Bailey’s death, the depth of her wealth is being revealed in large gifts to the New York Public Library and the Central Park Conservancy.",,"Nearly two years after Mary McConnell Bailey’s death, the depth of her wealth is being revealed in large gifts to the New York Public Library and the Central Park Conservancy.",New York,Metro,News,article,643,"Rivera, Ray; Philanthropy; Baker, Al; Central Park Conservancy; New York Public Library; Bailey, Mary McConnell; Wills and Estates",https://www.nytimes.com/2013/01/02/nyregion/after-modest-life-huge-gift-to-library-and-central-park.html
2013,2013-01-02T06:19:52Z,2010s,Jan-Feb,"Another Day, Another Protest on China’s Edges","A day after protesters in Taipei assailed what they said was mainland China’s growing influence in Taiwan, that theme was echoed in large demonstrations in Hong Kong.",,"A day after protesters in Taipei assailed what they said was mainland China’s growing influence in Taiwan, that theme was echoed in large demonstrations in Hong Kong.",World,,News,article,780,"Democracy (Theory and Philosophy); Demonstrations, Protests, and Riots; Leung Chun-ying; China; Great Britain; Hong Kong; Taipei (Taiwan)",https://rendezvous.blogs.nytimes.com/2013/01/02/another-day-another-protest-on-chinas-edges/
2013,2013-01-02T08:03:54Z,2010s,Jan-Feb,IHT Quick Read: Jan. 2,Congress passes fiscal deal; Latvia as case study in austerity; tragedy in Abidjan; Paul Klee in Rome.,,Congress passes fiscal deal; Latvia as case study in austerity; tragedy in Abidjan; Paul Klee in Rome.,World,,News,article,302,,https://rendezvous.blogs.nytimes.com/2013/01/02/iht-quick-read-jan-2/
2013,2013-01-02T10:31:05Z,2010s,Jan-Feb,ArcelorMittal to Sell Stake in Iron Ore Unit for $1.1 Billion,The giant steel maker has agreed to sell a 15 percent stake in a Canadian iron ore unit to a consortium of Asian investors that includes Posco of South Korea.,,The giant steel maker has agreed to sell a 15 percent stake in a Canadian iron ore unit to a consortium of Asian investors that includes Posco of South Korea.,Business,,News,article,676,Steel and Iron; ArcelorMittal SA; China Steel Corp; POSCO; Canada,https://dealbook.nytimes.com/2013/01/02/arcelormittal-to-sell-stake-in-iron-ore-unit-for-1-1-billion/
2013,2013-01-02T13:35:55Z,2010s,Jan-Feb,Germany’s Downward Trend,"Economic growth projections by the O.E.C.D. put Germany well behind the U.S., Britain and much of Asia.",,"Economic growth projections by the O.E.C.D. put Germany well behind the U.S., Britain and much of Asia.",Opinion,Editorial,Op-Ed,article,858,Germany; Economic Conditions and Trends; Banking and Financial Institutions; European Sovereign Debt Crisis (2010- ); Population,https://www.nytimes.com/2013/01/03/opinion/global/germanys-downward-trend.html
2013,2013-01-02T13:48:39Z,2010s,Jan-Feb,Wednesday Reading: Tips for Using TripAdvisor,"Tips for using TripAdvisor, a bigger tax bite for most households under fiscal pact, learning to make the perfect cup of coffee and other consumer-focused news from The New York Times.",,"Tips for using TripAdvisor, a bigger tax bite for most households under fiscal pact, learning to make the perfect cup of coffee and other consumer-focused news from The New York Times.",Your Money,,News,article,84,,https://bucks.blogs.nytimes.com/2013/01/02/wednesday-reading-tips-for-using-tripadvisor/
2013,2013-01-02T17:27:50Z,2010s,Jan-Feb,"What’s It Gonna Be, 2013?",The United States economy is supposed to approach normal growth this year. Has the recession taught consumers anything?,,The United States economy is supposed to approach normal growth this year. Has the recession taught consumers anything?,Magazine,Magazine,News,article,1094,"United States Economy; Davidson, Adam; Recession and Depression; International Trade and World Market; Shopping and Retail; Consumer Behavior",https://www.nytimes.com/2013/01/06/magazine/what-will-the-economys-new-normal-look-like-in-2013.html
2013,2013-01-02T20:39:43Z,2010s,Jan-Feb,On Our Radar: A $2 Billion Solar Acquisition,MidAmerican Energy has agreed to buy two big power plant projects in California.,,MidAmerican Energy has agreed to buy two big power plant projects in California.,Science,,News,article,175,,https://green.blogs.nytimes.com/2013/01/02/on-our-radar-a-2-billion-solar-acquisition/
2013,2013-01-02T20:55:22Z,2010s,Jan-Feb,"Battered by Expensive Crises, Toyota Declares a Rebirth","Ambitious changes to the automaker’s lineup and resolution of recalls and supply chain issues signal a recovery, the company says.",,"Ambitious changes to the automaker’s lineup and resolution of recalls and supply chain issues signal a recovery, the company says.",Business,Business,News,article,1400,"Automobiles; Tabuchi, Hiroko; Toyota Motor Corporation; Vlasic, Bill; Toyoda, Akio",https://www.nytimes.com/2013/01/03/business/battered-by-crises-toyota-declares-a-rebirth.html
2013,2013-01-02T21:15:37Z,2010s,Jan-Feb,Spain’s Chinese Immigrants Thrive in Tough Economy,"Chinese immigrants to Spain have managed not only to survive the economic crisis; they are thriving, buying distressed properties and starting businesses.",,"Chinese immigrants to Spain have managed not only to survive the economic crisis; they are thriving, buying distressed properties and starting businesses.",World,Foreign,News,article,995,Spain; China; European Sovereign Debt Crisis (2010- ); Immigration and Emigration; European Union,https://www.nytimes.com/2013/01/03/world/europe/spains-chinese-immigrants-thrive-in-tough-economy.html
2013,2013-03-01T02:02:54Z,2010s,Mar-Apr,The Learning Virtues,A book on education cultures finds that the Chinese tend to define learning morally while Westerns define it cognitively.,,A book on education cultures finds that the Chinese tend to define learning morally while Westerns define it cognitively.,Opinion,Editorial,Op-Ed,article,794,"Brooks, David; Education (K-12); Confucianism; China; Books and Literature; Cultural Foundations of Learning: East and West (Book); Li, Jin",https://www.nytimes.com/2013/03/01/opinion/brooks-the-learning-virtues.html
2013,2013-03-01T02:15:04Z,2010s,Mar-Apr,Breeding Bad Bugs,Antibiotic overuse in Chinese pig farms poses a potential worldwide human health risk.,,Antibiotic overuse in Chinese pig farms poses a potential worldwide human health risk.,Opinion,Editorial,Editorial,article,277,China; Antibiotics; Factory Farming; Livestock; Editorials; Proceedings of the National Academy of Sciences,https://www.nytimes.com/2013/03/01/opinion/breeding-bad-bugs.html
2013,2013-03-01T02:16:31Z,2010s,Mar-Apr,A 40-Year Quest for Justice,"Four decades after independence, protesters in Bangladesh are demanding that war criminals finally be punished.",,"Four decades after independence, protesters in Bangladesh are demanding that war criminals finally be punished.",Opinion,OpEd,Op-Ed,article,848,"Bangladesh; Demonstrations, Protests, and Riots; Sentences (Criminal); Jamaat-e-Islami; Wazed, Hasina; War Crimes, Genocide and Crimes Against Humanity",https://www.nytimes.com/2013/03/01/opinion/bangladeshs-40-year-quest-for-justice.html
2013,2013-03-01T03:38:35Z,2010s,Mar-Apr,China: German Journalists Say They Were Assaulted for Filming,"A German television crew filming in a village near Beijing was assaulted by men in four vehicles who tried to run the crew’s minivan off the road, said one of the correspondents.",,"A German television crew filming in a village near Beijing was assaulted by men in four vehicles who tried to run the crew’s minivan off the road, said one of the correspondents.",World,Foreign,Brief,article,161,China; News and News Media; Assaults; Germany,https://www.nytimes.com/2013/03/01/world/asia/china-german-journalists-say-they-were-assaulted-for-filming.html
2013,2013-03-01T10:00:09Z,2010s,Mar-Apr,"Chinese Family Memories, Recycled","Thomas Sauvin’s photo collection consists of scratched, faded or otherwise discarded snapshots. They present a surprising and intimate window into daily Chinese life.",,"Thomas Sauvin’s photo collection consists of scratched, faded or otherwise discarded snapshots. They present a surprising and intimate window into daily Chinese life.",Multimedia/Photos,,News,article,1092,Archives and Records; Collectors and Collections; Photography; Recycling of Waste Materials; Beijing (China); China,https://lens.blogs.nytimes.com/2013/03/01/chinese-family-memories-recycled/
2013,2013-03-01T11:10:33Z,2010s,Mar-Apr,Finding New Ways to Connect in Kosovo,"The art scene reflects the country in Kosovo -- fragmented, young and just beginning to define itself.",,"The art scene reflects the country in Kosovo -- fragmented, young and just beginning to define itself.",Arts,Culture,News,article,1280,Kosovo; Art; Serbia; Museums; Venice Biennale,https://www.nytimes.com/2013/03/02/arts/02iht-scpristina02.html
2013,2013-03-01T12:19:17Z,2010s,Mar-Apr,"Divided Chinese See a Live TV Program About Executions as Crass, or Cathartic","A live television show on China’s national broadcaster on Friday displayed four foreign drug traffickers, convicted of murder, being led to their executions.",,"A live television show on China’s national broadcaster on Friday displayed four foreign drug traffickers, convicted of murder, being led to their executions.",World,Foreign,News,article,701,"Jacobs, Andrew; Capital Punishment; China; China Central Television; Television",https://www.nytimes.com/2013/03/02/world/asia/chinese-tv-special-on-executions-stirs-debate.html
2013,2013-03-01T12:29:08Z,2010s,Mar-Apr,Groupon C.E.O. Is Out,"Andrew Mason, the irreverent chief executive of Groupon, was ousted on Thursday. | Richard Schulze’s effort to take over Best Buy, the company he founded, has fallen apart. | Lanny A. Breuer, who spent four years running the Justice Department’s criminal division, is leaving his post on Friday. | One of Citigroup’s internal hedge funds is beginning a new life on Friday as an independent firm.",,"Andrew Mason, the irreverent chief executive of Groupon, was ousted on Thursday. | Richard Schulze’s effort to take over Best Buy, the company he founded, has fallen apart. | Lanny A. Breuer, who spent four years running the Justice Department’s criminal division, is leaving his post on Friday. | One of Citigroup’s internal hedge funds is beginning a new life on Friday as an independent firm.",Business,,News,article,1947,,https://dealbook.nytimes.com/2013/03/01/groupon-c-e-o-is-out/
2013,2013-03-01T13:00:41Z,2010s,Mar-Apr,"Taking American Dance to China, and Bringing Back a Film",Talking to the filmmaker Ole Schell about his documentary on the dancer Lil Buck.,,Talking to the filmmaker Ole Schell about his documentary on the dancer Lil Buck.,Arts,,News,article,1806,"Dancing; Documentary Films and Programs; Movies; Lil Buck; Ma, Yo-Yo; Schell, Ole; China",https://artsbeat.blogs.nytimes.com/2013/03/01/taking-american-dance-to-china-and-bringing-back-a-film/
2013,2013-03-01T13:26:46Z,2010s,Mar-Apr,Blocking Medicine to Iran,Sanctions on Iran are not supposed to hamper humanitarian trade. But they are.,,Sanctions on Iran are not supposed to hamper humanitarian trade. But they are.,Opinion,OpEd,Op-Ed,article,881,Iran; Embargoes and Economic Sanctions; Medicine and Health; Drugs (Pharmaceuticals); Banking and Financial Institutions,https://www.nytimes.com/2013/03/02/opinion/blocking-medicine-to-iran.html
2013,2013-03-01T14:38:53Z,2010s,Mar-Apr,Volatile Week on Wall Street Ends With Modest Gains,"Strong economic data overshadowed growth concerns in China and Europe, as well as fears about the impact of the federal spending cuts that took effect on Friday.",,"Strong economic data overshadowed growth concerns in China and Europe, as well as fears about the impact of the federal spending cuts that took effect on Friday.",Business,Business,News,article,553,United States Economy; Stocks and Bonds,https://www.nytimes.com/2013/03/02/business/daily-stock-market-activity.html
2013,2013-03-01T14:44:17Z,2010s,Mar-Apr,"Globalization, Measured by Investment, Takes a Step Backward ","The world’s money is staying closer to home; global capital flow dropped 13 percent in 2012 from 2011, and is 61 percent below the peak levels of 2007.",,"The world’s money is staying closer to home; global capital flow dropped 13 percent in 2012 from 2011, and is 61 percent below the peak levels of 2007.",Business,Business,News,article,545,"Norris, Floyd; International Trade and World Market; Foreign Investments; Stocks and Bonds",https://www.nytimes.com/2013/03/02/business/economy/globalization-as-measured-by-investment-takes-a-step-backward.html
2013,2013-03-01T15:55:49Z,2010s,Mar-Apr,"That Most Important Dress, or at Least a Look-Alike",Gown designers find that copycats made overseas can be a tricky thorn to deal with.,,Gown designers find that copycats made overseas can be a tricky thorn to deal with.,Fashion,Society,News,article,1062,"Weddings and Engagements; Solie, Stacey; Fashion and Apparel; Counterfeit Merchandise; Dresses",https://www.nytimes.com/2013/03/03/fashion/weddings/wedding-gown-designers-face-copycat-dresses-made-cheaply.html
2013,2013-03-01T16:35:10Z,2010s,Mar-Apr,Release of Third ‘Hobbit’ Film Delayed,“The Hobbit: There and Back Again” is now scheduled for release in December 2014 instead of July that year.,,“The Hobbit: There and Back Again” is now scheduled for release in December 2014 instead of July that year.,Arts,,News,article,146,"Jackson, Peter; Warner Brothers",https://artsbeat.blogs.nytimes.com/2013/03/01/release-of-third-hobbit-film-delayed/
2013,2013-03-01T16:58:04Z,2010s,Mar-Apr,Paperback Row,Paperback books of particular interest.,,Paperback books of particular interest.,Books,BookReview,List,article,492,Books and Literature,https://www.nytimes.com/2013/03/03/books/review/paperback-row.html
2013,2013-03-01T17:03:12Z,2010s,Mar-Apr,The Iran Syndrome,Two analysts believe that United States policy in Iran should emulate the opening to China.,,Two analysts believe that United States policy in Iran should emulate the opening to China.,Books,BookReview,Review,article,1184,"Secor, Laura; Going To Tehran: Why the United States Must Come to Terms With the Islamic Republic of Iran (Book); Books and Literature; United States International Relations; Iran; Leverett, Flynt; Leverett, Hillary Mann",https://www.nytimes.com/2013/03/03/books/review/going-to-tehran-by-flynt-leverett-and-hillary-mann-leverett.html
2013,2013-03-01T19:28:55Z,2010s,Mar-Apr,"Before a Tourist’s Body Was Found, Rebuffed Efforts to Report Her Missing","After Li Junyun, a Korean citizen, disappeared in Queens last week, her friends tried several times to report her missing. Ms. Li’s death is now being investigated.",,"After Li Junyun, a Korean citizen, disappeared in Queens last week, her friends tried several times to report her missing. Ms. Li’s death is now being investigated.",New York,,News,article,596,"Missing Persons; Police Department (NYC); Flushing (Queens, NY)",https://cityroom.blogs.nytimes.com/2013/03/01/before-a-tourists-body-was-found-rebuffed-efforts-to-report-her-missing/
2013,2013-03-01T19:39:57Z,2010s,Mar-Apr,Shooting Vacation Video Like a Pro,"You don’t need to be a filmmaker to create high-quality travel videos. Daniel Klein, who co-produces an online video series, offers tips on everything from gear to technique.",,"You don’t need to be a filmmaker to create high-quality travel videos. Daniel Klein, who co-produces an online video series, offers tips on everything from gear to technique.",Travel,Travel,Question,article,632,"Cameras; Brennan, Emily; Travel and Vacations; Video Recordings and Downloads; Klein, Daniel; Web-Original Programming",https://www.nytimes.com/2013/03/03/travel/shooting-vacation-video-like-a-pro.html
2013,2013-03-01T19:43:29Z,2010s,Mar-Apr,Now Hear This: Works by Chinese Sound Artists,"Colgate University is presenting the exhibition, scheduled for March 26-April 26.",,"Colgate University is presenting the exhibition, scheduled for March 26-April 26.",Arts,,News,article,424,"Art; Lucier, Alvin; Colgate University; China",https://artsbeat.blogs.nytimes.com/2013/03/01/now-hear-this-works-by-chinese-sound-artists/
2013,2013-03-01T19:44:45Z,2010s,Mar-Apr,Global Event Succeeds Where It Needs To,"Many players are sending mixed signals about the World Baseball Classic, an event that has featured several foreign players who have gone on to the major leagues.",,"Many players are sending mixed signals about the World Baseball Classic, an event that has featured several foreign players who have gone on to the major leagues.",Sports,Sports,News,article,843,"Kepner, Tyler; World Baseball Classic; Baseball",https://www.nytimes.com/2013/03/02/sports/baseball/world-baseball-classic-is-still-finding-its-footing.html
2013,2013-05-01T00:42:53Z,2010s,May-Jun,Chinese Way of Doing Business: In Cash We Trust,"For all China’s modern trappings, many experts say mutual wariness between the government and its citizens means the country still prefers to pay for things the old-fashioned way.",,"For all China’s modern trappings, many experts say mutual wariness between the government and its citizens means the country still prefers to pay for things the old-fashioned way.",Business,Business,News,article,1101,"Barboza, David; Renminbi (Currency); China",https://www.nytimes.com/2013/05/01/business/global/chinese-way-of-doing-business-in-cash-we-trust.html
2013,2013-05-01T01:09:20Z,2010s,May-Jun,It’s a 401(k) World,"In today’s hyperconnected world, we all have to learn much more about investing in ourselves in order to succeed.",,"In today’s hyperconnected world, we all have to learn much more about investing in ourselves in order to succeed.",Opinion,Editorial,Op-Ed,article,911,"Friedman, Thomas L; Labor and Jobs; Computers and the Internet; Education",https://www.nytimes.com/2013/05/01/opinion/friedman-its-a-401k-world.html
2013,2013-05-01T04:22:07Z,2010s,May-Jun,"Extinction Nears for China’s ‘River Pig,’ the Finless Porpoise","Six years ago, the Baiji dolphin was declared functionally extinct in China’s Yangtze River. A close relative, the finless porpoise, may die out in 10 years, conservationists say.",,"Six years ago, the Baiji dolphin was declared functionally extinct in China’s Yangtze River. A close relative, the finless porpoise, may die out in 10 years, conservationists say.",World,,News,article,537,Biodiversity; Dolphins and Porpoises; Endangered and Extinct Species,https://rendezvous.blogs.nytimes.com/2013/05/01/extinction-nears-for-chinas-river-pig-the-finless-porpoise/
2013,2013-05-01T11:09:56Z,2010s,May-Jun,China Data Confirm Slowdown in Factories,"An official index showed a drop in growth for April, mirroring a report from the British bank HSBC.",,"An official index showed a drop in growth for April, mirroring a report from the British bank HSBC.",Business,Business,News,article,628,Factories and Manufacturing; China,https://www.nytimes.com/2013/05/02/business/global/02iht-chinapmi02.html
2013,2013-05-01T11:34:15Z,2010s,May-Jun,Safe Storage of Water? Go Underground,"Experts are urging cities to build reservoirs below the ground, where the water cannot evaporate and many of the problems associated with above-ground storage can be avoided.",,"Experts are urging cities to build reservoirs below the ground, where the water cannot evaporate and many of the problems associated with above-ground storage can be avoided.",Business,Business,News,article,873,Water; Reservoirs; Aquifers; Environment; Engineering and Engineers,https://www.nytimes.com/2013/05/02/business/energy-environment/02iht-green02.html
2013,2013-05-01T12:02:23Z,2010s,May-Jun,"Allegiance, the Privilege of the Party","Politics in China are often viewed through the prism of party politics. But something far older and more powerful is at play: an ancient moral code of fidelity to a lord, or fealty.",,"Politics in China are often viewed through the prism of party politics. But something far older and more powerful is at play: an ancient moral code of fidelity to a lord, or fealty.",World,Foreign,News,article,896,China; Communist Party of China; Hu Jintao; Xi Jinping; Bo Xilai; Cultural Revolution; Mao Zedong,https://www.nytimes.com/2013/05/02/world/asia/02iht-letter02.html
2013,2013-05-01T12:08:26Z,2010s,May-Jun,Apple’s Debt Market Foray,"Apple issued $17 billion of bonds, a record amount. | Wall Street and foreign finance ministers are fighting a proposal to require overseas offices of American-based financial firms to turn over information on certain foreign trades. | Venture capital investments can be brutal for founders and employees. | Yahoo’s deal for Dailymotion has fallen through after opposition from France.",,"Apple issued $17 billion of bonds, a record amount. | Wall Street and foreign finance ministers are fighting a proposal to require overseas offices of American-based financial firms to turn over information on certain foreign trades. | Venture capital investments can be brutal for founders and employees. | Yahoo’s deal for Dailymotion has fallen through after opposition from France.",Business,,News,article,1804,,https://dealbook.nytimes.com/2013/05/01/apples-debt-market-foray/
2013,2013-05-01T13:38:31Z,2010s,May-Jun,"In New Chinese Campaign, Concerns Over Morals and Corruption","With corruption and abuse of power rife in China, a new government campaign appears to be telling 80 million Communist Party members, “Clean up your act or else,” But how effective will it be?",,"With corruption and abuse of power rife in China, a new government campaign appears to be telling 80 million Communist Party members, “Clean up your act or else,” But how effective will it be?",World,,News,article,541,Ethics (Personal); Liu Yunshan; Xi Jinping; Communist Party of China; South China Morning Post Limited; Beijing (China); China,https://rendezvous.blogs.nytimes.com/2013/05/01/in-new-chinese-campaign-concerns-over-morals-and-corruption/
2013,2013-05-01T13:52:33Z,2010s,May-Jun,I Wanted ‘Twins’,We didn’t exactly choose to create adoptive “twins.” But we didn’t say no.,,We didn’t exactly choose to create adoptive “twins.” But we didn’t say no.,Style,,News,article,1070,Adoptions; Children and Childhood; Multiple Births; Parenting; Twins,https://parenting.blogs.nytimes.com/2013/05/01/i-wanted-twins/
2013,2013-05-01T14:00:53Z,2010s,May-Jun,"Young Movers, With a Passion for Change","Contestants for the Peace First Prize, some as young as 8 years old, have devised innovative ways to fight problems like bullying and poverty in their communities.",,"Contestants for the Peace First Prize, some as young as 8 years old, have devised innovative ways to fight problems like bullying and poverty in their communities.",Opinion,,News,article,1725,Bullies; Children and Childhood; Philanthropy; Youth,https://opinionator.blogs.nytimes.com/2013/05/01/young-peacemakers/
2013,2013-05-01T16:23:22Z,2010s,May-Jun,Shell Makes Big Bet on Boom in Natural Gas,"The oil giant has about 7 percent of global liquefied natural gas production, and wants to more than double that with new investments and acquisitions.",,"The oil giant has about 7 percent of global liquefied natural gas production, and wants to more than double that with new investments and acquisitions.",Business,Business,News,article,1351,"Reed, Stanley; Royal Dutch Shell Plc; Natural Gas",https://www.nytimes.com/2013/05/02/business/energy-environment/02iht-shell02.html
2013,2013-05-01T17:00:02Z,2010s,May-Jun,A Wholesaler Decides to Abandon His Most Profitable Sales Channel,"If you have determined that none of your retailers are interested in a business, don’t you have every right to do it yourself?",,"If you have determined that none of your retailers are interested in a business, don’t you have every right to do it yourself?",Business,,News,article,938,"Customer Relations; Small Business; Shvartsman, Gerald",https://boss.blogs.nytimes.com/2013/05/01/a-wholesaler-decides-to-abandon-his-most-profitable-sales-channel/
2013,2013-05-01T18:25:32Z,2010s,May-Jun,House Hunting in ... London,"Despite the slump after the 2008 housing crash, prices in London have rebounded to their highest levels ever.",,"Despite the slump after the 2008 housing crash, prices in London have rebounded to their highest levels ever.",Great Homes & Destinations,RealEstate,News,article,768,London (England); Real Estate and Housing (Residential),https://www.nytimes.com/2013/05/02/greathomesanddestinations/real-estate-in-london.html
2013,2013-05-01T18:26:37Z,2010s,May-Jun,"Fighting Corruption in China, One Special License Plate at a Time","Officials are cracking down on the abuse of privileges that come with a military license plate, in a bid to address public anger at the army.",,"Officials are cracking down on the abuse of privileges that come with a military license plate, in a bid to address public anger at the army.",World,Foreign,News,article,944,"China; Wong, Edward; Automobile Registration and License Plates; Military Vehicles; Corruption (Institutional); Xi Jinping; Communist Party of China",https://www.nytimes.com/2013/05/02/world/asia/china-cracks-down-on-military-license-plates.html
2013,2013-05-01T18:50:36Z,2010s,May-Jun,The Interior Performance Art,"Three pairs of readers scattered among the laptop-laden tables of New York University’s Bobst Library for the drama of turning pages, pointing fingers and eerily drifting thoughts.",,"Three pairs of readers scattered among the laptop-laden tables of New York University’s Bobst Library for the drama of turning pages, pointing fingers and eerily drifting thoughts.",Arts,,News,article,792,Libraries and Librarians; New York University,https://artsbeat.blogs.nytimes.com/2013/05/01/the-interior-performance-art/
2013,2013-05-01T19:43:20Z,2010s,May-Jun,Does Depression Contribute to Dementia?,A new study adds to evidence of a link between late-life depression and dementia.,,A new study adds to evidence of a link between late-life depression and dementia.,Health,,News,article,933,Alzheimer's Disease; Dementia; Depression (Mental); Elder Care; Mental Health and Disorders,https://newoldage.blogs.nytimes.com/2013/05/01/does-depression-contribute-to-dementia/
2013,2013-05-01T20:12:21Z,2010s,May-Jun,China Is Seen Nearing U.S.’s Military Power in Region,"A report, by the Carnegie Endowment for International Peace, said American-Chinese interdependence would prevent China from trying to force out the United States.",,"A report, by the Carnegie Endowment for International Peace, said American-Chinese interdependence would prevent China from trying to force out the United States.",World,Foreign,News,article,671,"China; Fackler, Martin; International Relations; United States; Defense and Military Forces; Japan; Taiwan; Carnegie Endowment for International Peace; Abe, Shinzo; Swaine, Michael D",https://www.nytimes.com/2013/05/02/world/asia/china-likely-to-challenge-us-supremacy-in-east-asia-report-says.html
2013,2013-05-01T21:32:46Z,2010s,May-Jun,"Emotional Tugs, Real and Fictional","In “Memories Look at Me,” the director and star, Song Fang, travels from Beijing to Nanjing, China, to visit her parents.",,"In “Memories Look at Me,” the director and star, Song Fang, travels from Beijing to Nanjing, China, to visit her parents.",Movies,Culture,Review,article,382,Movies; Memories Look at Me (Movie); Documentary Films and Programs; Song Fang,https://www.nytimes.com/2013/05/02/movies/memories-look-at-me-directed-by-song-fang.html
2013,2013-05-02T00:48:48Z,2010s,May-Jun,Trade Policy Notes,Death by PowerPoint.,,Death by PowerPoint.,Opinion,,News,article,88,,https://krugman.blogs.nytimes.com/2013/05/01/trade-policy-notes/
2013,2013-05-02T01:23:13Z,2010s,May-Jun,The Right to Speak Out,A reader sees irony in a Sunday Review article by Salman Rushdie.,,A reader sees irony in a Sunday Review article by Salman Rushdie.,Opinion,Letters,Letter,article,96,"Rushdie, Salman; Chomsky, Noam; First Amendment (US Constitution); Freedom of Speech and Expression",https://www.nytimes.com/2013/05/02/opinion/the-right-to-speak-out.html
2013,2013-07-01T00:20:50Z,2010s,Jul-Aug,"Sarah Charlesworth, Artist of Deconstructed Photographs, Dies at 66","Ms. Charlesworth, a contemporary of Cindy Sherman and Richard Prince, questioned photography’s role in culture and subverted the medium’s conventions.",,"Ms. Charlesworth, a contemporary of Cindy Sherman and Richard Prince, questioned photography’s role in culture and subverted the medium’s conventions.",Arts,Culture,Obituary (Obit),article,875,"Charlesworth, Sarah; Smith, Roberta; Photography; Deaths (Obituaries)",https://www.nytimes.com/2013/07/01/arts/design/sarah-charlesworth-artist-of-deconstructed-photographs-dies-at-66.html
2013,2013-07-01T01:37:28Z,2010s,Jul-Aug,The Revolt of the Rising Class,"In Turkey, did the ruling class get the message?",,"In Turkey, did the ruling class get the message?",Opinion,Editorial,Op-Ed,article,1319,"Turkey; Keller, Bill; Erdogan, Recep Tayyip; Demonstrations, Protests, and Riots; Muslims and Islam; Politics and Government",https://www.nytimes.com/2013/07/01/opinion/keller-the-revolt-of-the-rising-class.html
2013,2013-07-01T01:54:15Z,2010s,Jul-Aug,Regulator Says China's Banking System Liquid Enough,A Chinese official said at a forum that the country's banks have more than enough reserves to meet settlement needs and that exposure to government debt and the real estate market were manageable.,,A Chinese official said at a forum that the country's banks have more than enough reserves to meet settlement needs and that exposure to government debt and the real estate market were manageable.,Business,Business,News,article,526,Banking and Financial Institutions; Economic Conditions and Trends; People's Bank of China; China; Credit and Debt,https://www.nytimes.com/2013/07/01/business/global/regulator-says-chinas-banking-system-liquid-enough.html
2013,2013-07-01T02:50:51Z,2010s,Jul-Aug,Job Title Key to Inner Access Held by Snowden,Edward J. Snowden’s assignment as an “infrastructure analyst” helps explain how he could lay bare the National Security Agency’s efforts to identify potential targets.,,Edward J. Snowden’s assignment as an “infrastructure analyst” helps explain how he could lay bare the National Security Agency’s efforts to identify potential targets.,U.S.,Foreign,News,article,1650,"Shane, Scott; Snowden, Edward J; Sanger, David E; Surveillance of Citizens by Government; Classified Information and State Secrets; National Security Agency; Diplomatic Service, Embassies and Consulates; Guardian (British Newspaper)",https://www.nytimes.com/2013/07/01/us/job-title-key-to-inner-access-held-by-snowden.html
2013,2013-07-01T03:15:44Z,2010s,Jul-Aug,"State Agency Lax on Overseas Spending, Report Says","The audit found that Empire State Development had spent $2.7 million on foreign offices, but it is not clear whether the spending was benefiting New York businesses.",,"The audit found that Empire State Development had spent $2.7 million on foreign offices, but it is not clear whether the spending was benefiting New York businesses.",New York,Metro,News,article,706,"Kaplan, Thomas; Cuomo, Andrew M; Empire State Development Corp; Office of the Comptroller (NYS); New York State; Economic Conditions and Trends; Rubin, James P; DiNapoli, Thomas P; Foreign Investments",https://www.nytimes.com/2013/07/01/nyregion/state-agency-lax-on-overseas-spending-report-says.html
2013,2013-07-01T03:37:26Z,2010s,Jul-Aug,Manufacturing in China Cools Further in June,Two closely watched surveys of Chinese manufacturing activity released on Monday showed that output continued to slow last month.,,Two closely watched surveys of Chinese manufacturing activity released on Monday showed that output continued to slow last month.,Business,Business,News,article,496,China; Factories and Manufacturing; International Trade and World Market,https://www.nytimes.com/2013/07/02/business/global/manufacturing-in-china-cools-further-in-june.html
2013,2013-07-01T10:42:42Z,2010s,Jul-Aug,"In Tanzania, Obama Calls for a Partnership With Africa to Aid Its Economy","Arriving to an enthusiastic welcome in Tanzania, President Obama called for a new model with Africa based on trade and partnership as well as aid and assistance.",,"Arriving to an enthusiastic welcome in Tanzania, President Obama called for a new model with Africa based on trade and partnership as well as aid and assistance.",World,Foreign,News,article,1251,"Obama, Barack; Kulish, Nicholas; Tanzania; Shear, Michael D; South Africa; Mandela, Nelson; United States International Relations; Africa",https://www.nytimes.com/2013/07/02/world/africa/obama-tanzania-visit.html
2013,2013-07-01T11:34:45Z,2010s,Jul-Aug,Kerry Says Snowden Affair Will Not Upset China Relations,The remarks by Secretary of State John Kerry on Monday seemed to tone down earlier expressions of anger by the Obama administration.,,The remarks by Secretary of State John Kerry on Monday seemed to tone down earlier expressions of anger by the Obama administration.,World,Foreign,News,article,1039,"Kerry, John; Snowden, Edward J; Surveillance of Citizens by Government; China; National Security Agency",https://www.nytimes.com/2013/07/02/world/asia/john-kerry-china-relations.html
2013,2013-07-01T12:09:00Z,2010s,Jul-Aug,"Penguin and Random House Merge, Saying Change Will Come Slowly ","The new company, Penguin Random House, will control more than 25 percent of the trade book market in the United States.",,"The new company, Penguin Random House, will control more than 25 percent of the trade book market in the United States.",Business,Business,News,article,881,"Penguin Random House; Bosman, Julie; Book Trade and Publishing; Random House; Bertelsmann AG; Penguin Group; Pearson PLC; Dohle, Markus; Makinson, John",https://www.nytimes.com/2013/07/02/business/media/merger-of-penguin-and-random-house-is-completed.html
2013,2013-07-01T12:16:16Z,2010s,Jul-Aug,Deal Talk in Cable TV,"John C. Malone of Liberty Media is said to be weighing a deal for Time Warner Cable. | Criminal defense work, once shunned by top law firms, is looking increasingly lucrative. | Onyx Pharmaceuticals put itself up for sale after rejecting an unsolicited $10 billion takeover bid. | An updated analysis shows C.E.O.’s got a large raise last year.",,"John C. Malone of Liberty Media is said to be weighing a deal for Time Warner Cable. | Criminal defense work, once shunned by top law firms, is looking increasingly lucrative. | Onyx Pharmaceuticals put itself up for sale after rejecting an unsolicited $10 billion takeover bid. | An updated analysis shows C.E.O.’s got a large raise last year.",Business,,News,article,1822,,https://dealbook.nytimes.com/2013/07/01/deal-talk-in-cable-tv/
2013,2013-07-01T14:21:45Z,2010s,Jul-Aug,GlaxoSmithKline Is Investigated in China,The British pharmaceutical company said the inquiry focused on whether senior managers working for the company in China were involved in “economic crimes.”,,The British pharmaceutical company said the inquiry focused on whether senior managers working for the company in China were involved in “economic crimes.”,Business,Business,News,article,421,"Barboza, David; GlaxoSmithKline PLC; China; Corruption (Institutional); Foreign Corrupt Practices Act (1977); Drugs (Pharmaceuticals)",https://www.nytimes.com/2013/07/02/business/global/glaxosmithkline-under-investigation-by-chinese-authorities.html
2013,2013-07-01T17:26:36Z,2010s,Jul-Aug,Urban Smog and Hazy Economic Prospects in China,"China’s leadership appears to have decided to focus on the quality rather than the quantity of economic growth, the author contends.",,"China’s leadership appears to have decided to focus on the quality rather than the quantity of economic growth, the author contends.",Business,,News,article,1088,Economic Conditions and Trends; Gross Domestic Product; Xi Jinping; Zhou Xiaochuan; People's Bank of China; People's Daily; Beijing (China); China,https://dealbook.nytimes.com/2013/07/01/urban-smog-and-hazy-economic-prospects-in-china/
2013,2013-07-01T18:44:59Z,2010s,Jul-Aug,You Had Me at ‘Bigger Alligators': Times Readers Pitch Summer Blockbusters,"Karate teamwork, deutronium bombs and Nicolas Cage: Times readers share their best summer movie ideas.",,"Karate teamwork, deutronium bombs and Nicolas Cage: Times readers share their best summer movie ideas.",Arts,,News,article,1007,,https://artsbeat.blogs.nytimes.com/2013/07/01/you-had-me-at-bigger-alligators-times-readers-pitch-summer-blockbusters/
2013,2013-07-01T20:00:06Z,2010s,Jul-Aug,Disney’s Chief Agrees to Hold Off on His Retirement Until 2016 ,"The board of the entertainment company said Robert A. Iger, who was supposed to leave in 2015, now will stay in place until 2016.",,"The board of the entertainment company said Robert A. Iger, who was supposed to leave in 2015, now will stay in place until 2016.",Business,Business,News,article,515,"Barnes, Brooks; Appointments and Executive Changes; Walt Disney Company; Iger, Robert A; Star Wars (Movie)",https://www.nytimes.com/2013/07/02/business/media/iger-gets-extension-as-disney-chief-executive.html
2013,2013-07-01T20:05:38Z,2010s,Jul-Aug,Solving a Viral Mystery,Experts are testing bats and other animals as they try to trace the emergence of a deadly coronavirus in the Middle East.,,Experts are testing bats and other animals as they try to trace the emergence of a deadly coronavirus in the Middle East.,Health,Science,News,article,1855,"MERS (Middle East Respiratory Syndrome); Grady, Denise; Viruses; Middle East; Saudi Arabia",https://www.nytimes.com/2013/07/02/health/experts-scramble-to-trace-the-emergence-of-mers.html
2013,2013-07-01T21:00:25Z,2010s,Jul-Aug,Immigration and Entrepreneurship,"There are plenty of high-profile examples of immigrant inventors and entrepreneurs, and research affirms that immigrants form businesses at a higher rate than native-born Americans.",,"There are plenty of high-profile examples of immigrant inventors and entrepreneurs, and research affirms that immigrants form businesses at a higher rate than native-born Americans.",Business,,News,article,763,"Entrepreneurship; Immigration and Emigration; United States Economy; Fairlie, Robert W; Kauffman Foundation",https://economix.blogs.nytimes.com/2013/07/01/immigration-and-entrepreneurship/
2013,2013-07-01T21:19:56Z,2010s,Jul-Aug,"The Drama of Travel, Made Into Television","Elise Doganieri is a creator of “The Amazing Race,” and her travel, like the show, has an edge of the extreme.",,"Elise Doganieri is a creator of “The Amazing Race,” and her travel, like the show, has an edge of the extreme.",Business,Business,News,article,621,"Business Travel; Reality Television; Airlines and Airplanes; Television; Doganieri, Elise",https://www.nytimes.com/2013/07/02/business/the-drama-of-travel-made-into-television.html
2013,2013-07-01T22:25:46Z,2010s,Jul-Aug,"Giambattista Valli Couture, Just Right for Fashion Plates",You may need to bone up on your fine china to better appreciate Giambattista Valli’s fall haute couture collection.,,You may need to bone up on your fine china to better appreciate Giambattista Valli’s fall haute couture collection.,Style,,News,article,65,,https://runway.blogs.nytimes.com/2013/07/01/giambattista-valli-couture-just-right-for-fashion-plates/
2013,2013-07-01T23:08:53Z,2010s,Jul-Aug,Snowden Is Said to Claim U.S. Is Blocking Asylum Bids,"The former security contractor denounced President Obama, accusing him of blocking his efforts to seek asylum.",,"The former security contractor denounced President Obama, accusing him of blocking his efforts to seek asylum.",World,Foreign,News,article,655,"Snowden, Edward J; Gladstone, Rick; Surveillance of Citizens by Government; Neuman, William; Classified Information and State Secrets; Asylum, Right of; WikiLeaks; Obama, Barack; Correa, Rafael; Ecuador; Russia; Assange, Julian P; National Security Agency",https://www.nytimes.com/2013/07/02/world/europe/snowden-speaks-out-in-moscow-for-first-time.html
2013,2013-07-02T01:23:08Z,2010s,Jul-Aug,Airline Consolidation,The Air Line Pilots Associations says mergers are necessary to compete successfully.,,The Air Line Pilots Associations says mergers are necessary to compete successfully.,Opinion,Letters,Letter,article,160,Airlines and Airplanes; US Airways Group Inc,https://www.nytimes.com/2013/07/02/opinion/airline-consolidation.html
2013,2013-08-16T01:26:56Z,,,"Easy Credit Dries Up, Choking Growth in China","Growth has slowed, causing an increase in defaults on unconventional loans, chronic overcapacity in many industries and other problems.",,,Business,,,,,,https://www.nytimes.com/2013/08/16/business/global/easy-credit-dries-up-crippling-chinese-cities.html
2013,2013-08-18T00:01:30Z,,,Hiring in China by JPMorgan Under Scrutiny,Authorities have opened a bribery investigation into whether JPMorgan Chase hired the children of powerful Chinese officials to help the bank win lucrative business in the booming nation.,,,Business,,,,,,https://dealbook.nytimes.com/2013/08/17/hiring-in-china-by-jpmorgan-under-scrutiny/
2013,2013-08-19T19:08:01Z,,,China Takes Aim at Western Ideas,"A document released to Communist Party cadres enumerated what it called subversive social currents, including Western-inspired notions of human rights, that must be fought.",,,World,,,,,,https://www.nytimes.com/2013/08/20/world/asia/chinas-new-leadership-takes-hard-line-in-secret-memo.html
2013,2013-08-30T02:00:18Z,,,JPMorgan Hiring Put China’s Elite on an Easy Track,"A hiring program intended to weed out nepotism in the bank’s China operations instead has led to a federal bribery investigation in the United States, interviews and a government document show.",,,Business,,,,,,https://dealbook.nytimes.com/2013/08/29/jpmorgan-hiring-put-chinas-elite-on-an-easy-track/
2013,2013-09-01T02:43:07Z,2010s,Sep-Oct,Radiation Near Japanese Plant’s Tanks Suggests New Leaks,"The crisis over tons of contaminated water at the plant, crippled two years ago by an earthquake and tsunami, has worsened.",,"The crisis over tons of contaminated water at the plant, crippled two years ago by an earthquake and tsunami, has worsened.",World,Foreign,News,article,375,"Radiation; Fackler, Martin; Hazardous and Toxic Substances; Fukushima Daiichi Nuclear Power Plant (Japan); Tokyo Electric Power Co; Japan",https://www.nytimes.com/2013/09/01/world/asia/radiation-near-japanese-plants-tanks-suggests-new-leaks.html
2013,2013-09-01T03:16:28Z,2010s,Sep-Oct,Italian Qualifier Ends Wozniacki’s Climb Back to Top,"Camila Giorgi, the 136th-ranked player in the world, upset Caroline Wozniacki, the No. 6 seed, ending Wozniacki’s run at her first Grand Slam title.",,"Camila Giorgi, the 136th-ranked player in the world, upset Caroline Wozniacki, the No. 6 seed, ending Wozniacki’s run at her first Grand Slam title.",Sports,Sports,News,article,794,"Tennis; Rohan, Tim; United States Open (Tennis); Wozniacki, Caroline; Giorgi, Camila",https://www.nytimes.com/2013/09/01/sports/tennis/united-states-open-night-matches.html
2013,2013-09-01T06:06:44Z,2010s,Sep-Oct,China Aims for the Moon,...at the expense of the people.,,...at the expense of the people.,Opinion,OpEd,Op-Ed,article,6,China; Moon,https://www.nytimes.com/2013/08/31/opinion/global/china-aims-for-the-moon.html
2013,2013-09-01T07:34:38Z,2010s,Sep-Oct,"In Syria, Anger and Mockery as Obama Delays Plan","Syria’s government on Sunday said President Obama’s decision to have Congress weigh in on any military action was a sign of weakness, while rebel leaders expressed anger and disappointment.",,"Syria’s government on Sunday said President Obama’s decision to have Congress weigh in on any military action was a sign of weakness, while rebel leaders expressed anger and disappointment.",World,Foreign,News,article,1254,"Obama, Barack; United States Defense and Military Forces; Biological and Chemical Warfare; Syria; Middle East and North Africa Unrest (2010- )",https://www.nytimes.com/2013/09/02/world/middleeast/overseas-concern-follows-obamas-new-approach-to-syria.html
2013,2013-09-01T10:13:15Z,2010s,Sep-Oct,China Sees Revival in Factory Order Demand,"Official data showed a jump in new orders, raising hopes that a rapid economic slowdown in the world's second-largest economy may have been arrested.",,"Official data showed a jump in new orders, raising hopes that a rapid economic slowdown in the world's second-largest economy may have been arrested.",Business,Business,News,article,646,Economic Conditions and Trends; China; Factories and Manufacturing; HSBC Holdings PLC,https://www.nytimes.com/2013/09/02/business/global/china-sees-revival-in-factory-order-demand.html
2013,2013-09-01T11:44:07Z,2010s,Sep-Oct,"Attack Syria, Talk to Iran","While sending a strong military signal to Damascus, Washington should at the same time lay the diplomatic basis for an eventual peace settlement.",,"While sending a strong military signal to Damascus, Washington should at the same time lay the diplomatic basis for an eventual peace settlement.",Opinion,OpEd,Op-Ed,article,726,"Syria; Biological and Chemical Warfare; United States International Relations; Obama, Barack; Assad, Bashar al-",https://www.nytimes.com/2013/09/02/opinion/attack-syria-talk-to-iran.html
2013,2013-09-01T13:44:31Z,2010s,Sep-Oct,What’s on Sunday,Television highlights.,,Television highlights.,Arts,Culture,Schedule,article,700,,https://www.nytimes.com/2013/09/01/arts/television/whats-on-sunday.html
2013,2013-09-01T16:47:49Z,2010s,Sep-Oct,Forcing Obama’s Hand in Syria,"The risks of intervention are great, and success is uncertain, but doing nothing would be, at this point, far worse.",,"The risks of intervention are great, and success is uncertain, but doing nothing would be, at this point, far worse.",Opinion,OpEd,Op-Ed,article,923,"Syria; Biological and Chemical Warfare; United States International Relations; Obama, Barack; Assad, Bashar al-; Middle East and North Africa Unrest (2010- )",https://www.nytimes.com/2013/09/02/opinion/global/forcing-obamas-hand-in-syria.html
2013,2013-09-01T18:53:17Z,2010s,Sep-Oct,Senior Chinese Official Falls Under Scrutiny as Some Point to Larger Inquiry,"Jiang Jiemin is the first full member of the elite Central Committee to be publicly singled out on corruption charges under the country’s leader, Xi Jinping.",,"Jiang Jiemin is the first full member of the elite Central Committee to be publicly singled out on corruption charges under the country’s leader, Xi Jinping.",World,Foreign,News,article,1200,"Buckley, Chris; Communist Party of China; Ansfield, Jonathan; Jiang Zemin; Corruption (Institutional); Politburo Standing Committee of the Communist Party of China; Xi Jinping; China; Zhou Yongkang",https://www.nytimes.com/2013/09/02/world/asia/senior-chinese-official-is-investigated-for-graft.html
2013,2013-09-01T22:28:31Z,2010s,Sep-Oct,Fast and Flawed Inspections of Factories Abroad,"While some audits are performed in depth, retailers often choose “check the box” inspections that fail to uncover substandard conditions and outright fraud.",,"While some audits are performed in depth, retailers often choose “check the box” inspections that fail to uncover substandard conditions and outright fraud.",Business,Business,News,article,3183,"Clifford, Stephanie; Rana Plaza Building Collapse, Bangladesh (2013); Greenhouse, Steven; Walmart Stores Inc; Accidents and Safety; Factories and Manufacturing; Regulation and Deregulation of Industry; Labor and Jobs; Apple Inc",https://www.nytimes.com/2013/09/02/business/global/superficial-visits-and-trickery-undermine-foreign-factory-inspections.html
2013,2013-09-01T23:21:06Z,2010s,Sep-Oct,Economic Reports for the Week of Sept. 2,Information to be released this week includes construction spending for July and the Institute for Supply Management index of manufacturing activity in August.,,Information to be released this week includes construction spending for July and the Institute for Supply Management index of manufacturing activity in August.,Business,Business,Schedule,article,243,United States Economy; Labor and Jobs; Company Reports,https://www.nytimes.com/2013/09/02/business/economic-reports-for-the-week-of-sept-2.html
2013,2013-09-02T01:19:10Z,2010s,Sep-Oct,Chasing JPMorgan Chase,Will scrutiny lead to greater scrutiny at banks that now seem too big to manage?,,Will scrutiny lead to greater scrutiny at banks that now seem too big to manage?,Opinion,Editorial,Editorial,article,409,"JPMorgan Chase & Company; Dimon, James; Banking and Financial Institutions; Regulation and Deregulation of Industry; Editorials",https://www.nytimes.com/2013/09/02/opinion/chasing-jpmorgan-chase.html
2013,2013-09-02T07:57:31Z,2010s,Sep-Oct,Vodafone on Cusp of Its Next Big Deal,"Vodafone is now on the verge of selling its minority stake in Verizon Wireless, the largest U.S. cellphone company, for $130 billion to Verizon Communications, which owns the rest.",,"Vodafone is now on the verge of selling its minority stake in Verizon Wireless, the largest U.S. cellphone company, for $130 billion to Verizon Communications, which owns the rest.",Business,Business,News,article,932,"Wireless Communications; Vodafone Group Plc; Verizon Communications Inc; Mergers, Acquisitions and Divestitures",https://www.nytimes.com/2013/09/02/business/global/vodafone-on-cusp-of-its-next-big-deal.html
2013,2013-09-02T10:14:58Z,2010s,Sep-Oct,Takeover Bid for Chinese Food Company Rebuffs Short-Seller Attack,"Shares in the China Minzhong Food Corporation, targeted last week by the California short-seller Glaucus Research Group, surged 112 percent after the company received a $576 million takeover offer from Indofood Sukses Makmur.",,"Shares in the China Minzhong Food Corporation, targeted last week by the California short-seller Glaucus Research Group, surged 112 percent after the company received a $576 million takeover offer from Indofood Sukses Makmur.",Business,,News,article,645,"Mergers, Acquisitions and Divestitures; Short Selling; Stocks and Bonds; China Minzhong Food Corp; Glaucus Research Group; PT Indofood Sukses Makmur; China; Singapore",https://dealbook.nytimes.com/2013/09/02/takeover-bid-for-chinese-food-company-rebuffs-short-seller-attack/
2013,2013-09-02T11:50:43Z,2010s,Sep-Oct,Rupee Continues Decline on New Evidence of Weakness in Indian Economy,"A survey of purchasing managers at manufacturers across India, released on Monday, showed them to be at their gloomiest since March 2009.",,"A survey of purchasing managers at manufacturers across India, released on Monday, showed them to be at their gloomiest since March 2009.",Business,Business,News,article,888,"India; Bradsher, Keith; Indian Rupee (Currency)",https://www.nytimes.com/2013/09/03/business/global/indian-rupee.html
2013,2013-09-02T15:48:47Z,2010s,Sep-Oct,‘Redshirts’ Takes Hugo Award for Best Science-Fiction Novel,John Scalzi’s novel is about members of a spaceship crew who discover they are actually part of a television show.,,John Scalzi’s novel is about members of a spaceship crew who discover they are actually part of a television show.,Arts,,News,article,303,"Books and Literature; Science Fiction; Marshall, Neil; Martin, George R R; Scalzi, John; Whedon, Joss",https://artsbeat.blogs.nytimes.com/2013/09/02/redshirts-takes-hugo-award-for-best-science-fiction-novel/
2013,2013-09-02T19:11:29Z,2010s,Sep-Oct,Chinese Educators Look to American Classrooms,"While the world may be dazzled by Chinese students’ test scores, educators in China worry that the lack of hands-on science learning is stifling innovation and critical thinking.",,"While the world may be dazzled by Chinese students’ test scores, educators in China worry that the lack of hands-on science learning is stifling innovation and critical thinking.",Science,Science,News,article,761,"Education (K-12); Levin, Dan; Education; China; Science and Technology",https://www.nytimes.com/2013/09/03/science/chinese-educators-look-to-american-classrooms.html
2013,2013-09-02T20:22:27Z,2010s,Sep-Oct,Archery Gives Bhutan Its Sporting Chance,"Bhutan held the Yangphel archery tournament, its national championship, last weekend, and there was much singing, dancing and drinking as the arrows flew.",,"Bhutan held the Yangphel archery tournament, its national championship, last weekend, and there was much singing, dancing and drinking as the arrows flew.",Sports,Sports,News,article,1219,"Harris, Gardiner; Archery; Bhutan; Buddhism",https://www.nytimes.com/2013/09/03/sports/archery-gives-bhutan-its-sporting-chance.html
2013,2013-09-02T22:18:40Z,2010s,Sep-Oct,China Graft Inquiry Sweeps Up Billionaire Oil Entrepreneur,Hua Bangsong became the fifth senior industry figure in a week to become enmeshed in a corruption investigation that continues to reach higher into China’s political and economic elite.,,Hua Bangsong became the fifth senior industry figure in a week to become enmeshed in a corruption investigation that continues to reach higher into China’s political and economic elite.,Business,Business,News,article,375,"Gough, Neil; China; Hua Bangsong; PetroChina Company Ltd; China National Petroleum Corp; Corruption (Institutional); Oil (Petroleum) and Gasoline",https://www.nytimes.com/2013/09/03/business/global/china-graft-inquiry-sweeps-up-oil-entrepreneur.html
2013,2013-09-03T00:17:27Z,2010s,Sep-Oct,Factory Data Sends Markets Up,"Manufacturing activity strengthened in China and Europe, and shares rose globally. Markets were closed in the United States.",,"Manufacturing activity strengthened in China and Europe, and shares rose globally. Markets were closed in the United States.",Business,Business,News,article,271,Factories and Manufacturing; China; Europe; Stocks and Bonds,https://www.nytimes.com/2013/09/03/business/global/daily-stock-market-activity.html
2013,2013-09-21T01:52:53Z,,,"Hacking U.S. Secrets, China Pushes for Drones",A two-year hacking operation by a group linked to China’s army is the latest sign of Beijing’s ambitious plans to be at the forefront of drone manufacturing.,,,World,,,,,,https://www.nytimes.com/2013/09/21/world/asia/hacking-us-secrets-china-pushes-for-drones.html
2013,2013-10-19T23:05:59Z,,,Authors Accept Censors’ Rules to Sell in China,Western writers often face a difficult choice: accept a censor’s heavy hand or bypass the world’s biggest market.,,,World,,,,,,https://www.nytimes.com/2013/10/20/world/asia/authors-accept-censors-rules-to-sell-in-china.html
2013,2013-10-21T00:03:32Z,,,China’s Arms Industry Makes Global Inroads,"From drones to frigates to fighter jets, Chinese companies are aggressively pushing sales of high-tech hardware, mostly in the developing world.",,,World,,,,,,https://www.nytimes.com/2013/10/21/world/asia/chinas-arms-industry-makes-global-inroads.html
2013,2013-10-28T01:29:52Z,,,Forging an Art Market in China,"Works by Chinese artists are drawing prices tantamount to those of Picassos at auctions in Beijing, Shanghai and other cities, but bidders don’t always pay, and many artworks may well be no more than copies.",,,Arts,,,,,,https://www.nytimes.com/2013/10/28/arts/design/chinas-counterfeit-art-boom.html
2013,2013-11-01T00:32:31Z,2010s,Nov-Dec,Events in Connecticut,A guide to cultural and recreational events in Connecticut.,,A guide to cultural and recreational events in Connecticut.,New York,Metro,Schedule,article,4073,Art; Culture (Arts); Connecticut,https://www.nytimes.com/2013/11/03/nyregion/events-in-connecticut.html
2013,2013-11-01T00:46:00Z,2010s,Nov-Dec,"No Lights or Cameras, but Draft Has Action","The N.B.A. Development League on Friday will stage its annual draft, an unglamorous exercise that is nonetheless essential for recruiting players whom teams see value in developing.",,"The N.B.A. Development League on Friday will stage its annual draft, an unglamorous exercise that is nonetheless essential for recruiting players whom teams see value in developing.",Sports,Sports,News,article,1200,"Draft and Recruitment (Sports); Cacciola, Scott; Basketball; National Basketball Assn Development League",https://www.nytimes.com/2013/11/01/sports/basketball/draft-day-minus-the-lights-and-cameras.html
2013,2013-11-01T01:29:18Z,2010s,Nov-Dec,Germany’s Blind Spot,An obsession with exports is coming at a high cost for other euro countries and its own economy.,,An obsession with exports is coming at a high cost for other euro countries and its own economy.,Opinion,Editorial,Editorial,article,361,Germany; International Trade and World Market; Editorials,https://www.nytimes.com/2013/11/01/opinion/why-germany-needs-to-bolster-domestic-demand.html
2013,2013-11-01T04:53:52Z,2010s,Nov-Dec,Gearing Up for an Ultramarathon in Southwest China,"A 100-kilometer race that takes runners up a mountainous course exceeding heights of 4,000 meters, or 13,400 feet, is not for the weak of heart.",,"A 100-kilometer race that takes runners up a mountainous course exceeding heights of 4,000 meters, or 13,400 feet, is not for the weak of heart.",World,,News,article,1063,Dali (China); Marathon Running; Ultramarathon Running; Beijing (China); China; Dalian (China); Great Wall of China,https://sinosphere.blogs.nytimes.com/2013/11/01/gearing-up-for-an-ultramarathon-in-southwest-china/
2013,2013-11-01T05:31:47Z,2010s,Nov-Dec,China Says Terror Group Was Behind Tiananmen Attack,A Chinese official said the deadly attack that killed five people was instigated by the East Turkestan Islamic Movement.,,A Chinese official said the deadly attack that killed five people was instigated by the East Turkestan Islamic Movement.,World,,News,article,449,"Muslims and Islam; Terrorism; Uighurs (Chinese Ethnic Group); Kadeer, Rebiya; Central Intelligence Agency; East Turkestan Islamic Movement; Shanghai Cooperation Organization; Beijing (China); China; Xinjiang (China)",https://sinosphere.blogs.nytimes.com/2013/11/01/china-says-terror-group-behind-tiananmen-attack/
2013,2013-11-01T05:49:46Z,2010s,Nov-Dec,Asian Economies Strengthen as Demand for Exports Grows,"Data released Friday shows that a recovery among Western economies has fed improving conditions around Asia, analysts say.",,"Data released Friday shows that a recovery among Western economies has fed improving conditions around Asia, analysts say.",Business,Business,News,article,832,"Economic Conditions and Trends; Far East, South and Southeast Asia and Pacific Areas; China; International Trade and World Market; United States; Europe",https://www.nytimes.com/2013/11/02/business/international/asian-economies-strengthen-as-demand-for-exports-grows.html
2013,2013-11-01T06:46:51Z,2010s,Nov-Dec,Chinese Doctors Becoming the Targets of Patients’ Anger,"Doctors in China face violence at work from patients and their relatives who are dissatisfied over treatment. In growing numbers, physicians have been attacked, and sometimes killed.",,"Doctors in China face violence at work from patients and their relatives who are dissatisfied over treatment. In growing numbers, physicians have been attacked, and sometimes killed.",World,,News,article,622,Assaults; Doctors; Hospitals; Li Keqiang; China,https://sinosphere.blogs.nytimes.com/2013/11/01/doctors-the-targets-of-patients-anger/
2013,2013-11-01T08:26:46Z,2010s,Nov-Dec,Hong Kong Finds Switch to Cleaner Fuels Has Flaws,"A switch to cleaner-burning vehicles has in one respect actually worsened smog in Hong Kong, forcing the city to modify its effort.",,"A switch to cleaner-burning vehicles has in one respect actually worsened smog in Hong Kong, forcing the city to modify its effort.",World,,News,article,891,Air Pollution; Automobiles; Buses; Fuel Efficiency; Greenhouse Gas Emissions; Taxicabs and Taxicab Drivers; Trucks and Trucking; European Union; World Health Organization; Beijing (China); China; Hong Kong,https://sinosphere.blogs.nytimes.com/2013/11/01/hong-kong-finds-switch-to-cleaner-fuels-has-flaws/
2013,2013-11-01T09:55:53Z,2010s,Nov-Dec,Indonesia Confronts Australian Ambassador on Reports of Spying,A furor is growing over reports that Australian Embassies carried out intelligence-gathering missions in several Asian nations as part of a United States-led effort.,,A furor is growing over reports that Australian Embassies carried out intelligence-gathering missions in several Asian nations as part of a United States-led effort.,World,Foreign,News,article,424,"Cochrane, Joe; United States International Relations; National Security Agency; Indonesia; Surveillance of Citizens by Government; Australia; Moriarty, Greg; Espionage and Intelligence Services; Diplomatic Service, Embassies and Consulates",https://www.nytimes.com/2013/11/02/world/asia/indonesia-summons-australian-envoy-on-spying-reports.html
2013,2013-11-01T12:52:30Z,2010s,Nov-Dec,Chinese I.P.O.’s Try to Make a Comeback in U.S.,"The return, still in its early days and involving just a handful of Chinese companies, comes after several years of accounting scandals that pummeled share prices.",,"The return, still in its early days and involving just a handful of Chinese companies, comes after several years of accounting scandals that pummeled share prices.",Business,,News,article,916,Foreign Investments; Initial Public Offerings; Regulation and Deregulation of Industry; Securities and Commodities Violations; China,https://dealbook.nytimes.com/2013/11/01/chinese-i-p-o-s-attempt-a-comeback-in-u-s/
2013,2013-11-01T14:57:25Z,2010s,Nov-Dec,Editors’ Choice,Recently reviewed books of particular interest.,,Recently reviewed books of particular interest.,Books,BookReview,List,article,260,Books and Literature,https://www.nytimes.com/2013/11/03/books/review/editors-choice.html
2013,2013-11-01T14:58:05Z,2010s,Nov-Dec,Talks on Antarctic Marine Reserve Fail to Reach Agreement,"Talks aimed at creating one of the world’s largest marine reserves in the waters off Antarctica ended in failure in the face of resistance from Russia, China and Ukraine, delegates said.",,"Talks aimed at creating one of the world’s largest marine reserves in the waters off Antarctica ended in failure in the face of resistance from Russia, China and Ukraine, delegates said.",World,Foreign,News,article,437,"Antarctic Regions; Bilefsky, Dan; Oceans and Seas; Commission for the Conservation of Antarctic Marine Living Resources; Fish and Other Marine Life; Endangered and Extinct Species; Ukraine; Russia; China",https://www.nytimes.com/2013/11/02/world/talks-on-antarctic-marine-reserve-fail-to-reach-agreement.html
2013,2013-11-01T16:46:26Z,2010s,Nov-Dec,Ending Vietnam’s ‘Suicide Season’,"Students have everything riding on college entrance exams, and for those who fail, the results can be fatal.",,"Students have everything riding on college entrance exams, and for those who fail, the results can be fatal.",Opinion,,News,article,742,Admissions Standards; Colleges and Universities; News and News Media; Suicides and Suicide Attempts; Tests and Examinations; China; Ho Chi Minh City (Vietnam); Vietnam,https://latitude.blogs.nytimes.com/2013/11/01/ending-vietnams-suicide-season/
2013,2013-11-01T18:01:42Z,2010s,Nov-Dec,Star Turns Amid a Winter Flurry,Performances from four actors stand out among the season’s releases.,,Performances from four actors stand out among the season’s releases.,Movies,Arts&Leisure,News,article,1649,"Hill, Logan; Movies; Leto, Jared; Dallas Buyers Club (Movie); holiday movies; Isaac, Oscar; Chen, Tiger; Baetens, Veerle; Inside Llewyn Davis (Movie); Man of Tai Chi (Movie); The Matrix (Movie); Broken Circle Breakdown, The (Movie)",https://www.nytimes.com/2013/11/03/movies/jared-leto-veerle-baetens-and-other-standout-performances.html
2013,2013-11-01T19:47:05Z,2010s,Nov-Dec,Missing Hand in Met’s Commissions,"The future for new opera at the Met may be getting a little brighter, but one significant name was mostly missing from a recent announcement: James Levine.",,"The future for new opera at the Met may be getting a little brighter, but one significant name was mostly missing from a recent announcement: James Levine.",Arts,Arts&Leisure,News,article,1296,"Tommasini, Anthony; Opera; Metropolitan Opera; Levine, James",https://www.nytimes.com/2013/11/03/arts/music/missing-hand-in-mets-commissions.html
2013,2013-11-01T21:54:41Z,2010s,Nov-Dec,Holiday Movie Release Schedule,A listing of movies opening during the season.,,A listing of movies opening during the season.,Movies,Arts&Leisure,Schedule,article,5547,Movies,https://www.nytimes.com/2013/11/03/movies/holiday-movie-release-schedule.html
2013,2013-11-01T22:00:24Z,2010s,Nov-Dec,"Seven Days of Style | Ines de la Fressange’s Design Debut, Paris Hilton’s Many Halloween Costumes and Karl Lagerfeld’s Kerfuffle With the P.C. Police","Plus, Jay Z’s first fragrance, Jeremy Scott’s new job, Terry Richardson’s replacement and more, as we run the numbers from the last week in style and culture.",,"Plus, Jay Z’s first fragrance, Jeremy Scott’s new job, Terry Richardson’s replacement and more, as we run the numbers from the last week in style and culture.",T Magazine,,News,article,598,"Cyrus, Miley; Hilton, Paris",https://tmagazine.blogs.nytimes.com/2013/11/01/seven-days-of-style-ines-de-la-fressanges-design-debut-paris-hiltons-many-halloween-costumes-and-karl-lagerfelds-kerfuffle-with-the-p-c-police/
2013,2013-11-01T22:20:04Z,2010s,Nov-Dec,Qualcomm and Cerberus Join a Bid for BlackBerry,The consortium had the makings of a serious bid that could set it apart in what has become a messy auction process for the smartphone maker.,,The consortium had the makings of a serious bid that could set it apart in what has become a messy auction process for the smartphone maker.,Business,,News,article,678,"BlackBerry (Handheld Device); Mergers, Acquisitions and Divestitures; Smartphones; BlackBerry; Cerberus Capital Management; Fairfax Financial Holdings Ltd; Qualcomm Inc",https://dealbook.nytimes.com/2013/11/01/qualcomm-and-cerberus-joining-in-founders-bid-for-blackberry/
2013,2013-11-01T22:34:02Z,2010s,Nov-Dec,Assessing a Future From 120 Years Ago,"In “Opening the Vaults: Wonders of the 1893 World’s Fair,” the Field Museum in Chicago considers a historic exposition and the values behind it.",,"In “Opening the Vaults: Wonders of the 1893 World’s Fair,” the Field Museum in Chicago considers a historic exposition and the values behind it.",Arts,Culture,Review,article,1086,"Opening the Vaults: Wonders of the 1893 World's Fair; Rothstein, Edward; Field Museum; Chicago (Ill); Art; Museums",https://www.nytimes.com/2013/11/02/arts/design/field-museum-looks-back-at-chicagos-worlds-fair.html
2013,2013-11-02T00:14:48Z,2010s,Nov-Dec,T’s Luxury Issue,"In our latest issue, we explore the many definitions of luxury.",,"In our latest issue, we explore the many definitions of luxury.",T Magazine,TStyle,News,article,185,,https://tmagazine.blogs.nytimes.com/2013/11/01/now-online-ts-luxury-issue/
2013,2013-11-09T03:25:22Z,,,Bloomberg News Is Said to Curb Articles That Might Anger China,Employees said Bloomberg News chose not to publish investigative articles about China’s leadership because of worries that it would be evicted from the country.,,,World,,,,,,https://www.nytimes.com/2013/11/09/world/asia/bloomberg-news-is-said-to-curb-articles-that-might-anger-china.html
2013,2013-11-09T23:01:37Z,,,"New China Cities: Shoddy Homes, Broken Hope","China’s government-led urbanization, meant to solve one problem, may be creating a new set of troubles that could plague Chinese cities for generations.",,,World,,,,,,https://www.nytimes.com/2013/11/10/world/asia/new-china-cities-shoddy-homes-broken-hope.html
2013,2013-11-11T05:31:44Z,,,China’s One-Day Shopping Spree Sets Record in Online Sales,Chinese consumers were taking to the Internet in record numbers for an annual 24-hour online sale that has ballooned into the world’s biggest e-commerce event.,,,Technology,,,,,,https://www.nytimes.com/2013/11/12/business/international/online-shopping-marathon-zooms-off-the-blocks-in-china.html
2013,2013-11-13T02:31:34Z,,,Chinese Leader Gets More Sway on the Economy and Security,"President Xi Jinping wants to shift the economy away from heavy polluting industries, volatile social divisions and state-driven infrastructure spending.",,,World,,,,,,https://www.nytimes.com/2013/11/13/world/asia/chinese-leader-gets-more-sway-on-the-economy-and-security.html
2013,2013-11-15T12:15:16Z,,,China to Ease Longtime Policy of 1-Child Limit,The Communist Party also said that it would end a much-criticized “re-education through labor” system and institute economic reforms.,,,World,,,,,,https://www.nytimes.com/2013/11/16/world/asia/china-to-loosen-its-one-child-policy.html
2013,2013-11-23T03:23:10Z,,,Urbanites Flee China’s Smog for Blue Skies,"China is undergoing a surprising reverse migration: As millions leave to find work in the cities, some well-educated urban dwellers are relocating to small towns.",,,World,,,,,,https://www.nytimes.com/2013/11/23/world/asia/urbanites-flee-chinas-smog-for-blue-skies.html
2013,2013-11-26T17:43:26Z,,,U.S. Sends Two B-52 Bombers Into Air Zone Claimed by China,Officials said the United States military would continue to assert its right to fly through what it regards as international airspace after a recent Chinese claim to an “air defense identification zone.”,,,World,,,,,,https://www.nytimes.com/2013/11/27/world/asia/us-flies-b-52s-into-chinas-expanded-air-defense-zone.html
2013,2013-11-29T16:37:00Z,,,Airlines Urged by U.S. to Give Notice to China,"The Obama administration is urging American commercial airlines to comply with China’s new air defense zone, hours after China scrambled jets to patrol it.",,,World,,,,,,https://www.nytimes.com/2013/11/30/world/asia/china-scrambles-jets-for-first-time-in-new-air-zone.html
2013,2013-12-05T04:59:11Z,,,"China Pressures U.S. Journalists, Prompting Warning From Biden",Vice President Joseph R. Biden Jr. raised the issue as Beijing withholds accreditation for journalists from The New York Times and Bloomberg.,,,World,,,,,,https://www.nytimes.com/2013/12/06/world/asia/biden-faults-china-on-foreign-press-crackdown.html
2013,2013-12-07T18:24:36Z,,,JPMorgan Tracked Business Linked to China Hiring,"Confidential documents offer the most detailed account yet of JPMorgan’s “Sons and Daughters” hiring program, which has been at the center of a federal bribery investigation.",,,Business,,,,,,https://dealbook.nytimes.com/2013/12/07/bank-tabulated-business-linked-to-china-hiring/
2013,2013-12-15T19:41:54Z,,,China Focusing Graft Inquiry on Ex-Official,The decision by President Xi Jinping to investigate the former head of the domestic security apparatus is the first time that such a high-level official has been the focus of a formal corruption inquiry.,,,World,,,,,,https://www.nytimes.com/2013/12/16/world/asia/china-presses-corruption-inquiry-of-powerful-former-security-official.html
2013,2013-12-30T02:22:02Z,,,"On Defensive, JPMorgan Hired China’s Elite","Competitive pressures drove many of JPMorgan’s decisions to ramp up its “Sons and Daughters” hiring program, emails and documents show.",,,Business,,,,,,https://dealbook.nytimes.com/2013/12/29/on-defensive-jpmorgan-hired-chinas-elite/
2014,2014-01-01T00:33:39Z,2010s,Jan-Feb,"Anxious Youth, Then and Now","Today’s millennials face many of the same concerns and challenges of the late 19th century, when the booms and busts of the Industrial Age tore apart the accepted order.",,"Today’s millennials face many of the same concerns and challenges of the late 19th century, when the booms and busts of the Industrial Age tore apart the accepted order.",Opinion,OpEd,Op-Ed,article,959,"Grinspan, Jon; Youth; United States; Recession and Depression; Marriages; Teenagers and Adolescence; New Year",https://www.nytimes.com/2014/01/01/opinion/anxious-youth-then-and-now.html
2014,2014-01-01T00:55:23Z,2010s,Jan-Feb,"For Stocks, an Amazingly Good Year","Despite turbulence in Washington, China and Europe, which threatened to pull the world into another recession, stock prices just kept rising in 2013.",,"Despite turbulence in Washington, China and Europe, which threatened to pull the world into another recession, stock prices just kept rising in 2013.",Business,,News,article,1055,Dow Jones Stock Average; Nasdaq Composite Index; Standard & Poor's 500-Stock Index; Stocks and Bonds,https://dealbook.nytimes.com/2013/12/31/for-stocks-an-amazingly-good-year/
2014,2014-01-01T01:25:58Z,2010s,Jan-Feb,U.S. Solar Panel Maker Seeks to Close Loophole in Duties on Chinese Products,"Expanding a long-simmering dispute, SolarWorld Industries America has asked the Commerce Department to impose duties on solar modules containing parts made in China or Taiwan.",,"Expanding a long-simmering dispute, SolarWorld Industries America has asked the Commerce Department to impose duties on solar modules containing parts made in China or Taiwan.",Business,Business,News,article,499,"Cardwell, Diane; Solar Energy; China; Taiwan; SolarWorld AG; Customs (Tariff); International Trade and World Market; Commerce Department",https://www.nytimes.com/2014/01/01/business/energy-environment/us-solar-panel-maker-seeks-to-close-loophole-in-duties-on-chinese-products.html
2014,2014-01-01T10:00:08Z,2010s,Jan-Feb,The Quest for a Natural Sugar Substitute,Why is it so hard to make a low-cal soda that actually tastes good?,,Why is it so hard to make a low-cal soda that actually tastes good?,Magazine,Magazine,News,article,5695,"Engber, Daniel; Artificial Sweeteners; Taste; Sugar; Soft Drinks",https://www.nytimes.com/2014/01/05/magazine/the-quest-for-a-natural-sugar-substitute.html
2014,2014-01-01T12:00:45Z,2010s,Jan-Feb,The Best Small-Business Posts of 2013,Another year in the trenches with the You’re the Boss blogging team.,,Another year in the trenches with the You’re the Boss blogging team.,Business,,News,article,875,E-Commerce; Entrepreneurship; Executives and Management (Theory); Patient Protection and Affordable Care Act (2010); Small Business; Social Media; Start-ups; Work-Life Balance,https://boss.blogs.nytimes.com/2014/01/01/the-best-small-business-posts-of-2013/
2014,2014-01-01T13:29:34Z,2010s,Jan-Feb,Factory Output Growth Eases in China,"The government’s purchasing managers’ index fell more than expected in December, further evidence of lost economic momentum late in the year.",,"The government’s purchasing managers’ index fell more than expected in December, further evidence of lost economic momentum late in the year.",Business,Business,News,article,700,China; Factories and Manufacturing; Economic Conditions and Trends,https://www.nytimes.com/2014/01/02/business/international/factory-output-growth-eases-in-china.html
2014,2014-01-01T17:20:31Z,2010s,Jan-Feb,French Leader Would Reward Companies That Hire More People,President François Hollande says businesses will win more flexibility in return for hiring more workers and reducing layoffs.,,President François Hollande says businesses will win more flexibility in return for hiring more workers and reducing layoffs.,Business,Business,News,article,555,"Unemployment; Medef (Mouvement des Entreprises de France); Hollande, Francois; Paris (France); France",https://www.nytimes.com/2014/01/02/business/international/french-leader-would-reward-companies-that-hire-more-people.html
2014,2014-01-01T20:52:13Z,2010s,Jan-Feb,2 Conservatives Join Iran Nuclear Panel ,The additions to a supervisory council responsible for monitoring the country’s nuclear negotiating team appeared to strengthen the influence of critics of the talks between Iran and world powers.,,The additions to a supervisory council responsible for monitoring the country’s nuclear negotiating team appeared to strengthen the influence of critics of the talks between Iran and world powers.,World,Foreign,News,article,574,"Erdbrink, Thomas; Iran; Nuclear Weapons; United States International Relations; Legislatures and Parliaments; United Nations",https://www.nytimes.com/2014/01/02/world/middleeast/iran-nuclear.html
2014,2014-01-02T04:06:31Z,2010s,Jan-Feb,"For Prostitutes Jailed in China, Forced Labor With No Recourse","China’s murky penal system for prostitutes is similar to re-education through labor, with women being held in centers for up to two years and often required to work seven days a week for no pay.",,"China’s murky penal system for prostitutes is similar to re-education through labor, with women being held in centers for up to two years and often required to work seven days a week for no pay.",World,Foreign,News,article,1238,"Jacobs, Andrew; China; Ministry of Public Security of the People's Republic of China; Prostitution; Prisons and Prisoners",https://www.nytimes.com/2014/01/02/world/asia/for-prostitutes-in-china-jail-with-no-recourse.html
2014,2014-01-02T04:07:45Z,2010s,Jan-Feb,Shrinking Exports Slow Growth for Chinese Manufacturing,"China’s factory activity expanded at the slowest pace in three months in December, according to a private index.",,"China’s factory activity expanded at the slowest pace in three months in December, according to a private index.",Business,Business,News,article,247,Economic Conditions and Trends; China; Factories and Manufacturing,https://www.nytimes.com/2014/01/03/business/international/shrinking-exports-slow-growth-for-chinese-manufacturing.html
2014,2014-01-02T07:46:47Z,2010s,Jan-Feb,"With Downed Balloon, China and Japan Cooperate","A Chinese balloonist who attempted to land on a disputed islet in the East China Sea was rescued by the Japanese Coast Guard, a rare peaceful resolution in fiercely contested waters.",,"A Chinese balloonist who attempted to land on a disputed islet in the East China Sea was rescued by the Japanese Coast Guard, a rare peaceful resolution in fiercely contested waters.",World,,News,article,429,Balloons; United States Defense and Military Forces; Japan Times; China; Japan; Senkaku Islands,https://sinosphere.blogs.nytimes.com/2014/01/02/with-downed-balloon-china-and-japan-cooperate/
2014,2014-01-02T10:18:58Z,2010s,Jan-Feb,Japan’s Forward Flight,The government is constantly creating emergencies to avoid dealing with more serious problems.,,The government is constantly creating emergencies to avoid dealing with more serious problems.,Opinion,Editorial,Op-Ed,article,875,Japan; Classified Information and State Secrets; Politics and Government,https://www.nytimes.com/2014/01/03/opinion/norihiro-kato-japans-forward-flight.html
2014,2014-01-02T10:38:57Z,2010s,Jan-Feb,Joining the New Trade Club,Three Asian nations seek help in modernizing their economies.,,Three Asian nations seek help in modernizing their economies.,Opinion,Editorial,Editorial,article,357,"International Trade and World Market; Far East, South and Southeast Asia and Pacific Areas; Economic Conditions and Trends",https://www.nytimes.com/2014/01/03/opinion/joining-the-new-trade-club.html
2014,2014-01-02T10:58:06Z,2010s,Jan-Feb,Complex Effort for Antarctic Rescue,"Video and images shared on social media show the long-awaited rescue of the 52 passengers of a Russian ship, the Akademik Shokalskiy, which has been trapped in ice off the coast of Antarctica since Dec. 24.",,"Video and images shared on social media show the long-awaited rescue of the 52 passengers of a Russian ship, the Akademik Shokalskiy, which has been trapped in ice off the coast of Antarctica since Dec. 24.",World,,News,article,953,"Aurora Australis; Ice; Icebreakers; Rescues; Turney, Chris; Xinhua; Antarctic Regions; Australia; China; Russia",https://sinosphere.blogs.nytimes.com/2014/01/02/complex-effort-for-antarctic-rescue/
2014,2014-01-02T12:42:35Z,2010s,Jan-Feb,Fiat Gaining Full Ownership of Chrysler,"Fiat reaches a $4.35 billion deal for Chrysler with the U.A.W. retiree health care fund. | The animal spirits appear to be finally returning to the corporate world. | With its merger with Direct Edge closes, BATS Global Markets is likely to be the biggest stock exchange company in the United States.",,"Fiat reaches a $4.35 billion deal for Chrysler with the U.A.W. retiree health care fund. | The animal spirits appear to be finally returning to the corporate world. | With its merger with Direct Edge closes, BATS Global Markets is likely to be the biggest stock exchange company in the United States.",Business,,News,article,1582,,https://dealbook.nytimes.com/2014/01/02/morning-agenda-fiat-gaining-full-ownership-of-chrysler/
2014,2014-01-02T13:00:07Z,2010s,Jan-Feb,"Life Goes On, at Long Last",The gripping “Downton Abbey” is back on PBS’s “Masterpiece” for its long-awaited fourth season.,,The gripping “Downton Abbey” is back on PBS’s “Masterpiece” for its long-awaited fourth season.,Arts,Arts&Leisure,News,article,1767,"Television; Lyall, Sarah; Public Broadcasting Service; Downton Abbey (TV Program)",https://www.nytimes.com/2014/01/05/arts/television/downton-abbey-returns-to-pbs.html
2014,2014-01-02T17:00:00Z,2010s,Jan-Feb,Weak Yen Takes a Toll on Hyundai Sales Forecast,The chairman of Hyundai said sales at Hyundai and at Kia would likely grow just 4 percent in 2014 because Japanese rivals would have an advantage.,,The chairman of Hyundai said sales at Hyundai and at Kia would likely grow just 4 percent in 2014 because Japanese rivals would have an advantage.,Business,Business,News,article,974,Hyundai Motor Co; Yen (Currency); Company Reports,https://www.nytimes.com/2014/01/03/business/international/weak-yen-takes-a-toll-on-hyundai-sales-forecast.html
2014,2014-01-02T17:26:29Z,2010s,Jan-Feb,Times Minute | A Pair of Rescues,"Also on the Minute, married fashion photographers redefine themselves as a lifestyle brand and Capitol Hill in 2014.",,"Also on the Minute, married fashion photographers redefine themselves as a lifestyle brand and Capitol Hill in 2014.",Multimedia/Photos,,News,article,38,Art; Fashion and Apparel; Ice; Icebreakers; Photography; Rescues; Ships and Shipping; United States Politics and Government; House of Representatives; Senate; Antarctic Regions; China; East China Sea; Japan,https://www.nytimes.com/news/minute/2014/01/02/times-minute-a-pair-of-rescues/
2014,2014-01-02T17:39:40Z,2010s,Jan-Feb,Kerry Quietly Makes Priority of Climate Pact,"While public attention has been fixed on the Middle East, Secretary of State John Kerry has started a push to create an agencywide focus on global warming.",,"While public attention has been fixed on the Middle East, Secretary of State John Kerry has started a push to create an agencywide focus on global warming.",U.S.,Foreign,News,article,1275,"Kerry, John; Davenport, Coral; Global Warming; Greenhouse Gas Emissions; United States International Relations; State Department",https://www.nytimes.com/2014/01/03/world/asia/kerry-shifts-state-department-focus-to-environment.html
2014,2014-01-02T19:28:00Z,2010s,Jan-Feb,Diving Into the Wreck,Chang-rae Lee’s new novel imagines a future after the breakdown of society.,,Chang-rae Lee’s new novel imagines a future after the breakdown of society.,Books,BookReview,Review,article,1189,"On Such a Full Sea (Book); Lee, Chang-Rae; Books and Literature",https://www.nytimes.com/2014/01/05/books/review/on-such-a-full-sea-by-chang-rae-lee.html
2014,2014-03-01T07:05:10Z,2010s,Mar-Apr,South Korea Assails Japan on Wartime Brothels,President Park Geun-hye of South Korea urged Prime Minister Shinzo Abe of Japan to acknowledge Japan’s 20th-century aggressions.,,President Park Geun-hye of South Korea urged Prime Minister Shinzo Abe of Japan to acknowledge Japan’s 20th-century aggressions.,World,Foreign,News,article,705,"South Korea; Japan; Park Geun-hye; Abe, Shinzo",https://www.nytimes.com/2014/03/02/world/asia/south-korea.html
2014,2014-03-01T12:01:17Z,2010s,Mar-Apr,The Evolution of First Lady Media Strategy,"Documents describe the first lady Hillary Rodham Clinton’s cutting-edge media strategy, including AOL and “Home Improvement.”",,"Documents describe the first lady Hillary Rodham Clinton’s cutting-edge media strategy, including AOL and “Home Improvement.”",U.S.,National,News,article,692,"Caputo, Lisa; Presidential Election of 2016; United States Politics and Government; Caputo, Lisa (1965- ); Clinton, Hillary Rodham; Grunwald, Mandy",https://thecaucus.blogs.nytimes.com/2014/03/01/the-evolution-of-first-lady-media-strategy/
2014,2014-03-01T20:50:24Z,2010s,Mar-Apr,Attackers With Knives Kill 29 at Chinese Rail Station,"A group of assailants, dressed in black and wielding knives, stormed into a train station in Kunming in southwestern China, slashing employees and commuters.",,"A group of assailants, dressed in black and wielding knives, stormed into a train station in Kunming in southwestern China, slashing employees and commuters.",World,Foreign,News,article,565,"Kunming (China); Buckley, Chris; Deaths (Fatalities); Stations and Terminals (Passenger); Murders and Attempted Murders; Railroads; Uighurs (Chinese Ethnic Group); China",https://www.nytimes.com/2014/03/02/world/asia/china.html
2014,2014-03-02T02:35:10Z,2010s,Mar-Apr,Antigay Laws Gain Global Attention; Countering Them Remains Challenge,"The United States, the European Union and the United Nations have made their advocacy of gay rights clear, but officials question how much they can really do to effect change.",,"The United States, the European Union and the United Nations have made their advocacy of gay rights clear, but officials question how much they can really do to effect change.",World,Foreign,News,article,1126,"Sengupta, Somini; Homosexuality; Human Rights and Human Rights Violations; United Nations Human Rights Council; Uganda; Nigeria; Africa; Discrimination; United Nations; European Union; United States; Law and Legislation; Middle East; United States International Relations",https://www.nytimes.com/2014/03/02/world/africa/antigay-laws-gain-global-attention-countering-them-remains-challenge.html
2014,2014-03-02T04:03:26Z,2010s,Mar-Apr,Home Prices in China May Hurt Families,"Chinese households have an overwhelming share of their assets in their homes, and any slump in prices could lead to widespread anger, findings say.",,"Chinese households have an overwhelming share of their assets in their homes, and any slump in prices could lead to widespread anger, findings say.",Business,Business,News,article,692,"Bradsher, Keith; China; Real Estate and Housing (Residential); Economic Conditions and Trends",https://www.nytimes.com/2014/03/03/business/international/families-left-vulnerable-in-chinas-housing-market-study-finds.html
2014,2014-03-02T04:57:15Z,2010s,Mar-Apr,"Crimea, the Tinderbox",The West and Russia have a common interest: forestalling civil war in Ukraine.,,The West and Russia have a common interest: forestalling civil war in Ukraine.,Opinion,OpEd,Op-Ed,article,1531,"King, Charles; Crimea (Ukraine); Russia; Yanukovych, Viktor F; Putin, Vladimir V; United States International Relations; Coups D'Etat and Attempted Coups D'Etat; Ukraine",https://www.nytimes.com/2014/03/03/opinion/crimea-the-tinderbox.html
2014,2014-03-02T09:05:37Z,2010s,Mar-Apr,An E.U. Plan That Could Work for Cameron,"If David Cameron puts his energy into making the European Union more competitive, the prize of overhauling it may well be within his grasp.",,"If David Cameron puts his energy into making the European Union more competitive, the prize of overhauling it may well be within his grasp.",Business,Business,News,article,897,"European Union; Cameron, David; Merkel, Angela; International Trade and World Market",https://www.nytimes.com/2014/03/03/business/international/an-eu-plan-that-could-work-for-cameron.html
2014,2014-03-02T10:35:42Z,2010s,Mar-Apr,Thousands in Hong Kong Support Wounded Editor ,Protesters called for respect for the rule of law and justice for a former newspaper editor who is in a hospital after a near-deadly assault.,,Protesters called for respect for the rule of law and justice for a former newspaper editor who is in a hospital after a near-deadly assault.,World,Foreign,News,article,852,"Ming Pao Daily News; Forsythe, Michael; Hong Kong; Demonstrations, Protests, and Riots; Freedom of the Press; Lau Chun-to, Kevin; Assaults",https://www.nytimes.com/2014/03/03/world/asia/attack-on-hong-kong-journalist-prompts-march-for-press-freedom.html
2014,2014-03-02T10:45:07Z,2010s,Mar-Apr,China Blames Xinjiang Separatists for Stabbing Rampage at Train Station,"At least 29 were killed and 143 wounded in a knife attack by a group in Kunming, the regional capital of Yunnan Province.",,"At least 29 were killed and 143 wounded in a knife attack by a group in Kunming, the regional capital of Yunnan Province.",World,Foreign,News,article,1101,"Jacobs, Andrew; Xinjiang (China); Railroads; Buckley, Chris; Stations and Terminals (Passenger); Murders and Attempted Murders; Kunming (China); Terrorism; Uighurs (Chinese Ethnic Group); China",https://www.nytimes.com/2014/03/03/world/asia/china.html
2014,2014-03-02T17:01:01Z,2010s,Mar-Apr,Science Publishers Remove Papers Generated as a Hoax,Two publishers are removing some 120 papers from their web sites after it was revealed that the works were computer-generated gibberish.,,Two publishers are removing some 120 papers from their web sites after it was revealed that the works were computer-generated gibberish.,World,Foreign,News,article,364,,https://www.nytimes.com/2014/03/03/world/americas/science-publishers-remove-papers-generated-as-a-hoax.html
2014,2014-03-02T17:02:01Z,2010s,Mar-Apr,Helping Foreign Students Thrive on U.S. Campuses,International education professionals in the United States are starting to focus on ways to prevent foreign students from dropping out of colleges.,,International education professionals in the United States are starting to focus on ways to prevent foreign students from dropping out of colleges.,World,Foreign,News,article,641,Foreign Students (in US); Colleges and Universities; United States; Education,https://www.nytimes.com/2014/03/03/world/americas/helping-foreign-students-thrive-on-us-campuses.html
2014,2014-03-02T20:06:53Z,2010s,Mar-Apr,Paris Fash File,"Notes from the Charlotte Olympia, Roger Vivier, Delfina Delettrez, Pedro Lourenço, Sonia Rykiel and Acne shows in Paris.",,"Notes from the Charlotte Olympia, Roger Vivier, Delfina Delettrez, Pedro Lourenço, Sonia Rykiel and Acne shows in Paris.",Fashion,Styles,News,article,819,"Paris Fashion Week; Fashion and Apparel; Roger Vivier; Rykiel, Sonia; de la Fressange, Ines",https://www.nytimes.com/2014/03/03/fashion/paris-fashion-week-Charlotte-Olympia-Roger-Vivier-Delfina-Delettrez-Pedro-Loureno-Sonia-Rykiel-Acne.html
2014,2014-03-02T23:59:43Z,2010s,Mar-Apr,Tibet’s Enduring Defiance,There have been far fewer self-immolations. But it would be wrong to see this as a sign that Beijing has gained the upper hand.,,There have been far fewer self-immolations. But it would be wrong to see this as a sign that Beijing has gained the upper hand.,Opinion,OpEd,Op-Ed,article,821,Immolation; Tibet; China; Monasteries and Monks,https://www.nytimes.com/2014/03/03/opinion/international/tibets-enduring-defiance.html
2014,2014-03-03T00:09:08Z,2010s,Mar-Apr,Mr. Abe's Dangerous Revisionism,The prime minister's reading of history complicates his relations with America.,,The prime minister's reading of history complicates his relations with America.,Opinion,Editorial,Editorial,article,314,"Japan; Abe, Shinzo; Defense and Military Forces; China; United States; United States International Relations; World War II (1939-45)",https://www.nytimes.com/2014/03/03/opinion/mr-abes-dangerous-revisionism.html
2014,2014-03-03T03:05:33Z,2010s,Mar-Apr,High-Interest Web Banks on the Rise in China,"The sector’s growth is intensifying competition for deposits and putting pressure on state-run banks, which are struggling with a severe cash squeeze.",,"The sector’s growth is intensifying competition for deposits and putting pressure on state-run banks, which are struggling with a severe cash squeeze.",Business,Business,News,article,1373,"Barboza, David; Banking and Financial Institutions; Alipay; Computers and the Internet; E-Commerce; Alibaba.com; China; Suits and Litigation (Civil); Finances; PayPal",https://www.nytimes.com/2014/03/03/business/international/web-banks-offering-high-interest-rates-rise-in-china.html
2014,2014-03-03T06:44:08Z,2010s,Mar-Apr,U.N. Security Council Condemns ‘Terrorist Attack’ in Kunming,"As the United Nations Security Council condemned the attack in China’s Kunming train station that left at least 29 dead, the authorities moved to delete social media posts that called on leaders to allow open discussion of the situation in Xinjiang, where tensions are running high.",,"As the United Nations Security Council condemned the attack in China’s Kunming train station that left at least 29 dead, the authorities moved to delete social media posts that called on leaders to allow open discussion of the situation in Xinjiang, where tensions are running high.",World,Foreign,News,article,983,"Terrorism; Uighurs (Chinese Ethnic Group); Liu Xiang; Putin, Vladimir V; Xi Jinping; Yao Ming; Zhou Yongkang; Communist Party of China; National People's Congress (China); People's Daily; Security Council (UN); China; Kunming (China); Xinjiang (China)",https://sinosphere.blogs.nytimes.com/2014/03/03/u-n-security-council-condemns-terrorist-attack-in-kunming/
2014,2014-03-03T09:28:08Z,2010s,Mar-Apr,"Report People From Xinjiang, Police Say After Deadly Attack","A police station in the southern region of Guangxi has called on citizens to report any people from Xinjiang in their midst, after attackers believed to be from the far western region killed at least 29 people on Saturday.",,"A police station in the southern region of Guangxi has called on citizens to report any people from Xinjiang in their midst, after attackers believed to be from the far western region killed at least 29 people on Saturday.",World,Foreign,News,article,512,Guangxi (China); Discrimination; Han Chinese (Ethnic Group); Terrorism; Uighurs (Chinese Ethnic Group); Sina Weibo; China; Kunming (China); Xinjiang (China),https://sinosphere.blogs.nytimes.com/2014/03/03/report-people-from-xinjiang-police-say-after-deadly-attack/
2014,2014-03-03T11:49:27Z,2010s,Mar-Apr,Putin's Crimean Crime,There is a grotesque amnesia to Russia's Ukrainian gambit.,,There is a grotesque amnesia to Russia's Ukrainian gambit.,Opinion,Editorial,Editorial,article,813,"Crimea (Ukraine); Cohen, Roger; Russia; Ukraine; Putin, Vladimir V; United States International Relations",https://www.nytimes.com/2014/03/04/opinion/putins-crimean-crime.html
2014,2014-03-03T12:00:33Z,2010s,Mar-Apr,"The Mystery of Chinese New Year, Solved","A little more than a week into the New Year, our whole team returned to us — including one particular employee with a heartwarming story.",,"A little more than a week into the New Year, our whole team returned to us — including one particular employee with a heartwarming story.",Business,Business,News,article,961,"CHINA; Labor and Jobs; Lunar New Year; Small Business; Weidenhamer, Deb; Auction Systems Auctioneers and Appraisers Inc; China; Shanghai (China)",https://boss.blogs.nytimes.com/2014/03/03/the-mystery-of-chinese-new-year-solved/
2014,2014-03-03T12:50:52Z,2010s,Mar-Apr,A Record Profit for Berkshire,Berkshire Hathaway posted a record profit in 2013. | Tensions in Ukraine rattle global financial markets. | A Mexican unit of Citigroup was defrauded of as much as $400 million. | A JPMorgan Chase shareholder has introduced a proposal to break up the bank. | Mt. Gox and a steady erosion of faith in the Bitcoin community.,,Berkshire Hathaway posted a record profit in 2013. | Tensions in Ukraine rattle global financial markets. | A Mexican unit of Citigroup was defrauded of as much as $400 million. | A JPMorgan Chase shareholder has introduced a proposal to break up the bank. | Mt. Gox and a steady erosion of faith in the Bitcoin community.,Business,Business,News,article,2542,,https://dealbook.nytimes.com/2014/03/03/morning-agenda-a-record-profit-for-berkshire/
2014,2014-05-01T01:31:05Z,2010s,May-Jun,Director and Deputy of Intelligence Agency Are to Retire by Fall,Lt. Gen. Michael T. Flynn of the Army and his civilian deputy are stepping down at a time when the Defense Intelligence Agency is shifting priorities.,,Lt. Gen. Michael T. Flynn of the Army and his civilian deputy are stepping down at a time when the Defense Intelligence Agency is shifting priorities.,U.S.,National,News,article,749,"Appointments and Executive Changes; Schmitt, Eric; Defense Intelligence Agency; Sanger, David E; Flynn, Michael T; Espionage and Intelligence Services; United States Defense and Military Forces; United States Army; Central Intelligence Agency; Hagel, Chuck; Shedd, David R; Shedd, David R",https://www.nytimes.com/2014/05/01/us/director-and-deputy-of-intelligence-agency-are-to-retire-by-fall.html
2014,2014-05-01T06:36:41Z,2010s,May-Jun,"In Shanghai, a Warehouse Becomes a Home","Jonas Merian and Nina Chen, tired of living in a tiny one-bedroom place, decided to take on a renovation.",,"Jonas Merian and Nina Chen, tired of living in a tiny one-bedroom place, decided to take on a renovation.",Great Homes & Destinations,Business,News,article,928,Real Estate and Housing (Residential); Shanghai (China),https://www.nytimes.com/2014/05/02/greathomesanddestinations/in-shanghai-a-warehouse-becomes-a-home.html
2014,2014-05-01T08:16:34Z,2010s,May-Jun,"After Obama Visit, Planned Naval Drills With Russia Reported","Shortly after President Obama concluded his four-nation Asia trip, a Chinese newspaper reported that Russia and China would hold joint naval exercises near disputed islands in the East China Sea in a challenge to the United States.",,"Shortly after President Obama concluded his four-nation Asia trip, a Chinese newspaper reported that Russia and China would hold joint naval exercises near disputed islands in the East China Sea in a challenge to the United States.",World,Foreign,News,article,481,"Obama, Barack; Putin, Vladimir V; China Central Television; European Union; China; Philippines; Russia; Senkaku Islands; Ukraine; United States",https://sinosphere.blogs.nytimes.com/2014/05/01/after-obama-visit-planned-naval-drills-with-russia-reported/
2014,2014-05-01T08:40:45Z,2010s,May-Jun,"Online, a Censored Reaction to Urumqi Bombing","As news spread of the explosion in Xinjiang, home to mostly Muslim ethnic Uighurs, the state said it would “struggle” against terrorism, and some members of the public deplored the fading of ethnic harmony.",,"As news spread of the explosion in Xinjiang, home to mostly Muslim ethnic Uighurs, the state said it would “struggle” against terrorism, and some members of the public deplored the fading of ethnic harmony.",World,Foreign,News,article,673,Terrorism; Uighurs (Chinese Ethnic Group); Mao Zedong; Xi Jinping; Baidu Inc; Communist Party of China; People's Daily; Sina Weibo; Twitter; Xinhua; China; Kunming (China); Urumqi (China); Xinjiang (China),https://sinosphere.blogs.nytimes.com/2014/05/01/online-a-censored-reaction-to-urumqi-bombing/
2014,2014-05-01T10:38:58Z,2010s,May-Jun,China’s Leader Warns of Long-Term Terror Fight After Blast,The death toll in the attack in the restive Chinese region of Xinjiang rose to three after officials said that two attackers were killed in the incident.,,The death toll in the attack in the restive Chinese region of Xinjiang rose to three after officials said that two attackers were killed in the incident.,World,Foreign,News,article,926,"China; Forsythe, Michael; Uighurs (Chinese Ethnic Group); Assaults; Bombs and Explosives; Murders and Attempted Murders",https://www.nytimes.com/2014/05/02/world/asia/chinas-leader-warns-of-long-term-terror-fight-after-blast.html
2014,2014-05-01T11:06:24Z,2010s,May-Jun,Sex Abuse and China's Children,"The Chinese are starting to discuss the problem openly, but much more needs to be done.",,"The Chinese are starting to discuss the problem openly, but much more needs to be done.",Opinion,OpEd,Op-Ed,article,963,"Child Abuse and Neglect; Zhang, Lijia; Sex Crimes; China; Chen Zaipeng; Ye Haiyan",https://www.nytimes.com/2014/05/02/opinion/sex-abuse-and-chinas-children.html
2014,2014-05-01T11:14:12Z,2010s,May-Jun,Russia’s Weimar Syndrome,Nationalist fever in Moscow demands U.S. resolve. Nothing is more dangerous than American weakness.,,Nationalist fever in Moscow demands U.S. resolve. Nothing is more dangerous than American weakness.,Opinion,Editorial,Op-Ed,article,817,"Russia; Weimar (Germany); Putin, Vladimir V",https://www.nytimes.com/2014/05/02/opinion/cohen-russias-weimar-syndrome.html
2014,2014-05-01T11:29:24Z,2010s,May-Jun,Activity at China’s Factories Increases Slightly,"A government survey suggested that manufacturing output edged up but that export orders dropped, leaving doubts as to whether a slowdown is ending.",,"A government survey suggested that manufacturing output edged up but that export orders dropped, leaving doubts as to whether a slowdown is ending.",Business,Business,News,article,693,Economic Conditions and Trends; China; Factories and Manufacturing; Li Keqiang; National Bureau of Statistics (China),https://www.nytimes.com/2014/05/02/business/international/activity-at-chinas-factories-increases-slightly.html
2014,2014-05-01T13:10:34Z,2010s,May-Jun,A Complete U-Turn,"In a widely expected transition, the chief executive of Ford, Alan R. Mulally, will be succeeded by the chief operating officer, Mark Fields.",,"In a widely expected transition, the chief executive of Ford, Alan R. Mulally, will be succeeded by the chief operating officer, Mark Fields.",Business,Business,News,article,1113,"Automobiles; Vlasic, Bill; Appointments and Executive Changes; Ford Motor Co; Fields, Mark (1961- ); Mulally, Alan R",https://www.nytimes.com/2014/05/02/business/ford-motor-chief-to-retire.html
2014,2014-05-01T20:08:52Z,2010s,May-Jun,Wheelies: The Police Truck Edition,Chevrolet introduces a police version of its Silverado pickup; the federal government says it lost $11.2 billion in bailing out General Motors.,,Chevrolet introduces a police version of its Silverado pickup; the federal government says it lost $11.2 billion in bailing out General Motors.,Automobiles,Business,News,article,429,Automobiles; Trucks and Trucking; Chevrolet Division of General Motors Corp; Chrysler Group LLC; Baltimore (Md); San Antonio (Tex); General Motors,https://www.nytimes.com/2014/05/02/automobiles/wheelies-the-police-truck-edition.html
2014,2014-05-01T20:55:02Z,2010s,May-Jun,History’s Stranglehold,A wide-ranging account of Congo’s turbulent past balances research with personal testimonies.,,A wide-ranging account of Congo’s turbulent past balances research with personal testimonies.,Books,BookReview,Review,article,1944,"Congo: The Epic History of a People (Book); Books and Literature; Van Reybrouck, David",https://www.nytimes.com/2014/05/04/books/review/david-van-reybroucks-congo.html
2014,2014-05-01T21:15:12Z,2010s,May-Jun,Maritime Treasures Surface at Museums,Gallery displays in the next few months will feature antiques from New York’s vanished coastal workplaces.,,Gallery displays in the next few months will feature antiques from New York’s vanished coastal workplaces.,Arts,Weekend,News,article,1055,"Kahn, Eve M; Antiques; Lighthouses and Lightships; Snug Harbor Cultural Center; Staten Island (NYC); Brooklyn (NYC); Ships and Shipping; Waterfront Barge Museum; National Lighthouse Museum; City Island Nautical Museum; Maritime Industry Museum at Fort Schuyler",https://www.nytimes.com/2014/05/02/arts/design/maritime-treasures-surface-at-museums.html
2014,2014-05-01T22:08:13Z,2010s,May-Jun,"Attackers Use Microsoft Security Hole Against Energy, Defense, Finance Targets","Microsoft raced to issue a fix Thursday to a vulnerability in its Internet Explorer browser, which security researchers believe was being exploited by nation-state sponsored attack groups.",,"Microsoft raced to issue a fix Thursday to a vulnerability in its Internet Explorer browser, which security researchers believe was being exploited by nation-state sponsored attack groups.",Technology,Business,News,article,549,Blogs and Blogging (Internet); Computer Malware; Computer Security; Computers and the Internet; Laboratories and Scientific Equipment; Web Browsers; Apple Inc; Cisco Systems Inc; FireEye Inc; General Dynamics Corporation; Google Inc; Microsoft Corporation; Patch.com; China; San Francisco (Calif),https://bits.blogs.nytimes.com/2014/05/01/attackers-use-microsoft-security-hole-against-energy-defense-finance-targets/
2014,2014-05-01T22:12:46Z,2010s,May-Jun,Art Listings for May 2-8,A critical guide to exhibitions and installations in the New York area.,,A critical guide to exhibitions and installations in the New York area.,Arts,Weekend,Schedule,article,5979,Museums; Art,https://www.nytimes.com/2014/05/02/arts/design/art-listings-for-may-2-8.html
2014,2014-05-01T22:16:41Z,2010s,May-Jun,"Out of Japan, Rising","The Museum of the Moving Image will show 30 films, some rarely screened, as part of a retrospective of the films of the Japanese director Kenji Mizoguchi.",,"The Museum of the Moving Image will show 30 films, some rarely screened, as part of a retrospective of the films of the Japanese director Kenji Mizoguchi.",Movies,Weekend,News,article,1182,"Hale, Mike; Movies; Mizoguchi, Kenji; Museum of the Moving Image",https://www.nytimes.com/2014/05/02/movies/mizoguchi-films-in-a-museum-of-the-moving-image-series.html
2014,2014-05-01T23:00:06Z,2010s,May-Jun,"Q & A: Jeffrey Wasserstrom on History, Dissent and the Power of May 4 in China","Jeffrey Wasserstrom, a history professor at the University of California, Irvine, who has studied student protests in China, discusses the history of May 4 and whether protesters might rise again.",,"Jeffrey Wasserstrom, a history professor at the University of California, Irvine, who has studied student protests in China, discusses the history of May 4 and whether protesters might rise again.",World,Foreign,News,article,1716,"Jeffrey Wasserstrom; Cultural Revolution; Demonstrations, Protests and Riots; Deng Xiaoping; Mao Zedong; Wasserstrom, Jeffrey; Communist Party of China; North Atlantic Treaty Organization; University of California, Irvine; China; Japan; Tiananmen Square (Beijing); United States",https://sinosphere.blogs.nytimes.com/2014/05/01/q-a-jeffrey-wasserstrom-on-history-dissent-and-the-power-of-may-4-in-china/
2014,2014-05-01T23:01:25Z,2010s,May-Jun,Kevin Spacey and Company Hit the Road,"“NOW” follows Kevin Spacey and his fellow actors in a production of “Richard III” that is staged around the world, from Beijing to Brooklyn.",,"“NOW” follows Kevin Spacey and his fellow actors in a production of “Richard III” that is staged around the world, from Beijing to Brooklyn.",Movies,Weekend,Review,article,287,"Movies; Theater; NOW (Movie); Whelehan, Jeremy; Spacey, Kevin; Documentary Films and Programs; Bridge Project, The",https://www.nytimes.com/2014/05/02/movies/now-chronicles-a-traveling-production-of-richard-iii.html
2014,2014-05-02T01:24:49Z,2010s,May-Jun,"Events in Connecticut for May 4-10, 2014",A guide to cultural and recreational events in Connecticut.,,A guide to cultural and recreational events in Connecticut.,New York,Metro,Schedule,article,4191,Culture (Arts); Connecticut,https://www.nytimes.com/2014/05/04/nyregion/events-in-connecticut-for-may-4-10-2014.html
2014,2014-05-02T02:11:12Z,2010s,May-Jun,Avon to Pay $135 Million to Settle Bribery Inquiry,The cosmetics company Avon Products has agreed to pay $135 million to settle a long-running investigation by the federal government into whether Avon paid bribes in China and other countries to gain favors.,,The cosmetics company Avon Products has agreed to pay $135 million to settle a long-running investigation by the federal government into whether Avon paid bribes in China and other countries to gain favors.,Business,Business,Brief,article,142,Avon Products Inc; Securities and Commodities Violations; Foreign Corrupt Practices Act (1977); Bribery and Kickbacks; China,https://www.nytimes.com/2014/05/02/business/avon-to-pay-135-million-to-settle-bribery-inquiry.html
2014,2014-05-02T04:21:29Z,2010s,May-Jun,Interest Grows in Animal Testing Alternatives,"Now that China is planning to loosen its animal testing requirement, a government training program in alternative testing methods is so popular it has had to turn away applicants.",,"Now that China is planning to loosen its animal testing requirement, a government training program in alternative testing methods is so popular it has had to turn away applicants.",World,Foreign,News,article,849,"Human Society International; Institute for In Vitro Sciences; Animal Abuse, Rights and Welfare; Product Tests; Avon Products Inc; Humane Society International; Institute for In Vitro Sciences; People for the Ethical Treatment of Animals; Beijing (China); China; Guangdong Province (China); Guangzhou (China)",https://sinosphere.blogs.nytimes.com/2014/05/02/interest-grows-in-animal-testing-alternatives/
2014,2014-05-10T21:08:53Z,,,China Says Goodbye in the Key of G: Kenny G,"For years, Kenny G’s saxophone instrumental “Going Home” has been piped into shopping malls, schools, train stations and gyms in China as a signal to the public that it is time, indeed, to go.",,,World,,,,,,https://www.nytimes.com/2014/05/11/world/asia/china-says-goodbye-in-the-key-of-g-kenny-g.html
2014,2014-05-19T12:13:34Z,,,5 in China Army Face U.S. Charges of Cyberattacks,The Department of Justice charged five individuals from the People’s Liberation Army in connection with stealing trade secrets from American companies.,,,U.S.,,,,,,https://www.nytimes.com/2014/05/20/us/us-to-charge-chinese-workers-with-cyberspying.html
2014,2014-05-20T01:23:19Z,,,Ukraine Crisis Pushing Putin Toward China,"Conciliatory remarks on Ukraine by President Vladimir V. Putin were probably intended for China, where he arrives Tuesday determined to strengthen “mutually beneficial trade and economic ties.”",,,World,,,,,,https://www.nytimes.com/2014/05/20/world/europe/ukraine-crisis-pushing-putin-toward-china.html
2014,2014-05-21T10:09:33Z,,,China and Russia Reach 30-Year Gas Deal,"Capping a decade-long negotiation, the two countries agreed on Wednesday to a deal, expected to be worth about $400 billion, that would send gas from Siberia by pipeline to China.",,,World,,,,,,https://www.nytimes.com/2014/05/22/world/asia/china-russia-gas-deal.html
2014,2014-05-23T01:42:07Z,,,U.S. Case Offers Glimpse Into China’s Hacker Army,Many of the hackers employed by the Chinese government are men in their 20s and 30s who have been trained at universities run by the People’s Liberation Army.,,,World,,,,,,https://www.nytimes.com/2014/05/23/world/asia/us-case-offers-glimpse-into-chinas-hacker-army.html
2014,2014-05-31T01:33:24Z,,,U.S. Sway in Asia Is Imperiled as China Challenges Alliances,"As Defense Secretary Chuck Hagel visited Singapore, the Obama administration’s Asia policy appeared to be turning into a street fight, with the United States playing referee.",,,World,,,,,,https://www.nytimes.com/2014/05/31/world/asia/us-sway-in-asia-is-imperiled-as-china-challenges-alliances.html
2014,2014-06-17T22:02:49Z,,,"As China’s Leader Fights Graft, His Relatives Shed Assets",Evidence suggests that President Xi Jinping has been pushing his family to sell hundreds of millions of dollars in holdings in an effort to reduce his political vulnerability.,,,World,,,,,,https://www.nytimes.com/2014/06/18/world/asia/chinas-president-xi-jinping-investments.html
2014,2014-07-01T03:00:19Z,2010s,Jul-Aug,Chinese Manufacturing Expansion Hits 6-Month High,"A government report put growth in the sector in June at its highest point this year, an indication that the economy has stabilized.",,"A government report put growth in the sector in June at its highest point this year, an indication that the economy has stabilized.",Business,Business,News,article,342,China; Economic Conditions and Trends; Factories and Manufacturing,https://www.nytimes.com/2014/07/02/business/international/chinese-manufacturing-expansion-hits-6-month-high.html
2014,2014-07-01T06:57:50Z,2010s,Jul-Aug,Shanghai Trims List of Restrictions on Foreign Investment,"The change in free trade zone rules is mostly a matter of deleting repetitions, rather than tearing down barriers.",,"The change in free trade zone rules is mostly a matter of deleting repetitions, rather than tearing down barriers.",Business,Business,News,article,457,China; Shanghai (China); Economic Conditions and Trends,https://www.nytimes.com/2014/07/02/business/international/shanghai-trims-list-of-restrictions-on-foreign-investment.html
2014,2014-07-01T07:50:19Z,2010s,Jul-Aug,"Huge Crowds Turn Out for Pro-Democracy March in Hong Kong, Defying Beijing","A huge throng of people, mostly young, took to Hong Kong’s streets Tuesday, defying Beijing’s dwindling tolerance for challenges to its control.",,"A huge throng of people, mostly young, took to Hong Kong’s streets Tuesday, defying Beijing’s dwindling tolerance for challenges to its control.",World,Foreign,News,article,824,"Demonstrations, Protests and Riots; Bradsher, Keith; Hong Kong; Forsythe, Michael; China; Buckley, Chris",https://www.nytimes.com/2014/07/02/world/asia/hong-kong-china-democracy-march.html
2014,2014-07-01T08:28:22Z,2010s,Jul-Aug,China Reaches Out to Myanmar on Maritime Dispute,"Myanmar is enjoying some new diplomatic clout, leading China to court the country as Beijing presses its territorial claims in the South China Sea.",,"Myanmar is enjoying some new diplomatic clout, leading China to court the country as Beijing presses its territorial claims in the South China Sea.",World,Foreign,News,article,783,"Embargoes and Sanctions; Human Rights and Human Rights Violations; Offshore Drilling and Exploration; United States International Relations; Malinowski, Tom; Mao Zedong; Perlez, Jane; Thein Sein; Xi Jinping; Assn of Southeast Asian Nations; House of Representatives; Treasury Department; Beijing (China); Cambodia; China; Far East, South and Southeast Asia and Pacific Areas; Laos; Myanmar; Naypyidaw (Myanmar); Philippines; South China Sea; United States; Vietnam",https://sinosphere.blogs.nytimes.com/2014/07/01/china-reaches-out-to-myanmar-on-maritime-dispute/
2014,2014-07-01T10:59:11Z,2010s,Jul-Aug,1969: A Warning on Global Warming,In a year full of man-made conflagrations came the first use of a term with the potential to make those hot spots look like campfires in comparison — global warming.,,In a year full of man-made conflagrations came the first use of a term with the potential to make those hot spots look like campfires in comparison — global warming.,Blogs,,News,article,259,"Global Warming; Water Pollution; Carter, Jimmy; American Geophysical Union; National Academy of Sciences",https://www.nytimes.com/times-insider/2014/07/01/1969-a-warning-on-global-warming/
2014,2014-07-01T11:26:17Z,2010s,Jul-Aug,Sparse Turnout at Pro-China Rally in Hong Kong,Two people who turned out for a pro-Beijing rally in Hong Kong said they were paid to attend the event.,,Two people who turned out for a pro-Beijing rally in Hong Kong said they were paid to attend the event.,World,Foreign,News,article,310,"Demonstrations, Protests and Riots; Luxury Goods and Services; Hermes International SA; Pew Research Center; Beijing (China); China; Hong Kong; Pakistan",https://sinosphere.blogs.nytimes.com/2014/07/01/sparse-turnout-at-pro-china-rally-in-hong-kong/
2014,2014-07-01T11:51:24Z,2010s,Jul-Aug,What’s News in Washington: The Politics of Women,The Supreme Court’s Hobby Lobby ruling has already raised the possibility of new legislation from Democrats in Congress and more executive action from President Obama.,,The Supreme Court’s Hobby Lobby ruling has already raised the possibility of new legislation from Democrats in Congress and more executive action from President Obama.,U.S.,National,News,article,511,,https://thecaucus.blogs.nytimes.com/2014/07/01/whats-news-in-washington-the-politics-of-women/
2014,2014-07-01T11:57:33Z,2010s,Jul-Aug,One Nation Among Many,David Brooks is looking for reasons to justify a narrow vision of one country in a world of countries.,,David Brooks is looking for reasons to justify a narrow vision of one country in a world of countries.,Opinion,Editorial,Letter,article,738,Rome (Italy); United States; Japan; Iran,https://www.nytimes.com/2014/07/02/opinion/one-nation-among-many.html
2014,2014-07-01T12:03:01Z,2010s,Jul-Aug,Japan Announces a Military Shift to Thwart China,The Japanese prime minister announced that his government would reinterpret the antiwar Constitution to allow the armed forces to come to the aid of friendly nations.,,The Japanese prime minister announced that his government would reinterpret the antiwar Constitution to allow the armed forces to come to the aid of friendly nations.,World,Foreign,News,article,1414,"Abe, Shinzo; Fackler, Martin; Japan; Sanger, David E; Defense and Military Forces; Constitutions; China; International Relations",https://www.nytimes.com/2014/07/02/world/asia/japan-moves-to-permit-greater-use-of-its-military.html
2014,2014-07-01T14:00:06Z,2010s,Jul-Aug,Are Categories Like Immigrant Fiction and ‘New American’ Fiction Valid or Worthwhile?,Pankaj Mishra and Francine Prose discuss whether categories like immigrant fiction are useful or meaningful labels.,,Pankaj Mishra and Francine Prose discuss whether categories like immigrant fiction are useful or meaningful labels.,Books,BookReview,News,article,1534,"Books and Literature; Prose, Francine; Writing and Writers; Mishra, Pankaj",https://www.nytimes.com/2014/07/06/books/review/are-categories-like-immigrant-fiction-and-new-american-fiction-valid-or-worthwhile.html
2014,2014-07-01T14:10:06Z,2010s,Jul-Aug,"Wall Street Climbs to New Heights as the Dow Nears 17,000 ","The Dow Jones industrial average flirts with the 17,000 milestone as the third quarter begins.",,"The Dow Jones industrial average flirts with the 17,000 milestone as the third quarter begins.",Business,Business,News,article,605,Nasdaq Composite Index; Standard & Poor's 500-Stock Index; Dow Jones Stock Average; Stocks and Bonds,https://www.nytimes.com/2014/07/02/business/daily-stock-market-activity.html
2014,2014-07-01T15:39:33Z,2010s,Jul-Aug,New York Summer Stories: Getting Out of Town,The New York Times is sharing stories that tell the tales of city summers across the decades during the next week. Today’s theme: escaping the city heat.,,The New York Times is sharing stories that tell the tales of city summers across the decades during the next week. Today’s theme: escaping the city heat.,New York,Metro,News,article,321,Catskills (NYS Area); Connecticut; Long Island (NY); New York City,https://cityroom.blogs.nytimes.com/2014/07/01/new-york-summer-stories-getting-out-of-town/
2014,2014-07-01T16:05:48Z,2010s,Jul-Aug,"In Britain-China Summit, a New Paradigm of Power","The June meeting between David Cameron, the British prime minister, and the Chinese prime minister, Li Keqiang, revealed both nations’ insecurities.",,"The June meeting between David Cameron, the British prime minister, and the Chinese prime minister, Li Keqiang, revealed both nations’ insecurities.",World,Foreign,News,article,700,"Great Britain; China; Li Keqiang; Cameron, David",https://www.nytimes.com/2014/07/02/world/europe/in-britain-china-summit-a-new-paradigm-of-power.html
2014,2014-07-01T16:11:37Z,2010s,Jul-Aug,The N.S.A. Can Spy on These 193 Foreign Governments,"That’s every country except Britain, Canada, Australia and New Zealand.",,"That’s every country except Britain, Canada, Australia and New Zealand.",Opinion,OpEd,News,article,316,Espionage and Intelligence Services; Surveillance of Citizens by Government; National Security Agency; Washington Post,https://takingnote.blogs.nytimes.com/2014/07/01/the-n-s-a-can-spy-on-these-193-foreign-governments/
2014,2014-07-01T17:30:21Z,2010s,Jul-Aug,Orwell Birthplace in India to Become a Museum,"The bungalo where George Orwell was born, in what is now Motihari, India, is being restored.",,"The bungalo where George Orwell was born, in what is now Motihari, India, is being restored.",Arts,Culture,News,article,223,"Museums; Writing and Writers; Orwell, George; Bihar (India)",https://artsbeat.blogs.nytimes.com/2014/07/01/orwell-birthplace-in-india-to-become-a-museum/
2014,2014-07-01T18:58:08Z,2010s,Jul-Aug,"In BNP Paribas Case, an Example of How Mighty the Dollar Is",Being the holder of the world's reserve currency gives the United States surprising power over things that might seem unrelated to finance.,,Being the holder of the world's reserve currency gives the United States surprising power over things that might seem unrelated to finance.,The Upshot,Business,News,article,674,"United States International Relations; Irwin, Neil; US Dollar (Currency); Embargoes and Sanctions; BNP Paribas; Justice Department; Banking and Financial Institutions",https://www.nytimes.com/2014/07/03/upshot/the-dollars-big-role-in-foreign-policy.html
2014,2014-07-01T22:01:05Z,2010s,Jul-Aug,China’s Hurdle to Fast Action on Climate Change,The existential question in Beijing remains whether China can simultaneously cut carbon emissions while pursuing strong economic growth.,,The existential question in Beijing remains whether China can simultaneously cut carbon emissions while pursuing strong economic growth.,Business,Business,News,article,1406,"China; Porter, Eduardo; Carbon Dioxide; Greenhouse Gas Emissions; United Nations Framework Convention on Climate Change; Global Warming; Factories and Manufacturing; Intergovernmental Panel on Climate Change",https://www.nytimes.com/2014/07/02/business/economy/persuading-china-to-act-fast-on-climate-change.html
2014,2014-07-01T22:03:57Z,2010s,Jul-Aug,The Court’s Ruling on Contraception,Readers react to the Supreme Court ruling in the Hobby Lobby case.,,Readers react to the Supreme Court ruling in the Hobby Lobby case.,Opinion,Letters,Letter,article,680,Supreme Court (US); Hobby Lobby Stores Inc; Patient Protection and Affordable Care Act (2010); Decisions and Verdicts; Health Insurance and Managed Care; Religion-State Relations; United States; Corporations; Birth Control and Family Planning,https://www.nytimes.com/2014/07/02/opinion/the-courts-ruling-on-contraception.html
2014,2014-07-02T01:30:55Z,2010s,Jul-Aug,"Public Schools in New York City Are Poorer and More Crowded, Budget Agency Finds","Total enrollment has not risen, but average class sizes are up and federal and state aid have fallen, a report by the Independent Budget Office said.",,"Total enrollment has not risen, but average class sizes are up and federal and state aid have fallen, a report by the Independent Budget Office said.",New York,Metro,News,article,672,"Baker, Al; New York City; Education (K-12); Independent Budget Office; Farina, Carmen; Education Department (NYC)",https://www.nytimes.com/2014/07/02/nyregion/new-york-citys-public-schools-are-poorer-and-more-crowded-report-says.html
2014,2014-07-02T03:23:33Z,2010s,Jul-Aug,Protesters in Hong Kong Confront Beijing Over Elections,"The demonstration Tuesday rivaled the territory’s largest-ever pro-democracy march in size, as thousands filled the streets to call for more democratic methods to choose the next chief executive.",,"The demonstration Tuesday rivaled the territory’s largest-ever pro-democracy march in size, as thousands filled the streets to call for more democratic methods to choose the next chief executive.",World,Foreign,News,article,242,,https://sinosphere.blogs.nytimes.com/2014/07/01/protesters-in-hong-kong-confront-beijing-over-elections/
2014,2014-08-31T09:08:10Z,,,China Restricts Voting Reforms for Hong Kong,"China’s legislature laid down strict limits to proposed voting reforms in Hong Kong, drawing battle lines in what could be a deepening confrontation over the future of the city and of China.",,,World,,,,,,https://www.nytimes.com/2014/09/01/world/asia/hong-kong-elections.html
2014,2014-09-01T00:19:21Z,2010s,Sep-Oct,China Plans a Market for Carbon Permits,"The nation plans to use the market, expected to be introduced in 2016, to slow its rapid growth in climate-changing emissions.",,"The nation plans to use the market, expected to be introduced in 2016, to slow its rapid growth in climate-changing emissions.",Business,Business,News,article,357,Greenhouse Gas Emissions; China; Global Warming; Carbon Dioxide; Air Pollution; National Development and Reform Commission (China),https://www.nytimes.com/2014/09/01/business/international/china-plans-a-market-for-carbon-permits.html
2014,2014-09-01T01:17:02Z,2010s,Sep-Oct,P.R. Firm for Putin’s Russia Now Walking a Fine Line,Ketchum’s staff members who provide public relations advice to Russia must avoid being seen as defending acts contrary to American interests while still providing some luster for a lucrative client.,,Ketchum’s staff members who provide public relations advice to Russia must avoid being seen as defending acts contrary to American interests while still providing some luster for a lucrative client.,Business,Business,News,article,1147,"Ketchum Inc; Somaiya, Ravi; Public Relations and Publicity; Russia; Putin, Vladimir V; Ukraine; Jeavons, Kathy",https://www.nytimes.com/2014/09/01/business/media/pr-firm-for-putins-russia-now-walking-a-fine-line.html
2014,2014-09-01T06:48:41Z,2010s,Sep-Oct,"Ukraine Conflict Has Been a Lift for China, Scholars Say","As the United States and the European Union have imposed sanctions on Russia over the unrest in eastern Ukraine, China has been able to stand apart and gain concrete advantages, experts on foreign policy say.",,"As the United States and the European Union have imposed sanctions on Russia over the unrest in eastern Ukraine, China has been able to stand apart and gain concrete advantages, experts on foreign policy say.",World,Foreign,News,article,520,"Bobo Lo; Shi Yinhong; Embargoes and Sanctions; International Relations; Friedman, Tom; Lo, Bobo; Obama, Barack; Putin, Vladimir V; Shi Yinhong; Chatham House (The Royal Institute of International Affairs); European Union; German Marshall Fund of the United States; China; Crimea (Ukraine); Russia; United States",https://sinosphere.blogs.nytimes.com/2014/09/01/ukraine-conflict-has-been-a-lift-for-china-scholars-say/
2014,2014-09-01T11:43:40Z,2010s,Sep-Oct,Parent Stabs to Death 3 Students and Teacher at School in China,"The attacker, who killed himself, had been angry that his daughter had been barred from registering because she had not completed homework.",,"The attacker, who killed himself, had been angry that his daughter had been barred from registering because she had not completed homework.",World,Foreign,News,article,294,"Wong, Edward; China; Teachers and School Employees; Suicides and Suicide Attempts; Murders and Attempted Murders; Hubei Province (China); Chen Yanfu",https://www.nytimes.com/2014/09/02/world/asia/china-school-stabbing.html
2014,2014-09-01T12:07:17Z,2010s,Sep-Oct,Democracy Backers in Hong Kong Face Tough Choices,"Students and organizers planned strikes, legal obstruction and a sit-in after the national legislature placed strict limits on how the city may pick its next leader.",,"Students and organizers planned strikes, legal obstruction and a sit-in after the national legislature placed strict limits on how the city may pick its next leader.",World,Foreign,News Analysis,article,1134,"Forsythe, Michael; Hong Kong; Buckley, Chris; Occupy Central; China; Demonstrations, Protests and Riots; Communist Party of China; National People's Congress (China); Elections",https://www.nytimes.com/2014/09/02/world/asia/beijings-stance-has-democrats-in-hong-kong-facing-tough-choices.html
2014,2014-09-01T13:00:45Z,2010s,Sep-Oct,"New Nick Cave Sculptures, a History of High Heels and More from the Cultural Calendar","Plus, fall art openings in Chelsea, leather goods from Marlow & Sons at the Wythe Hotel and an outdoor Brooklyn food festival.",,"Plus, fall art openings in Chelsea, leather goods from Marlow & Sons at the Wythe Hotel and an outdoor Brooklyn food festival.",T Magazine,TStyle,News,article,612,"Art; Museums; Cave, Nick (1959- ); Boesky, Marianne, Gallery; Brooklyn Museum; Wythe Hotel (Brooklyn, NY)",https://tmagazine.blogs.nytimes.com/2014/09/01/things-to-do-this-week-new-nick-cave-sculptures-a-history-of-high-heels-and-more-from-the-cultural-calendar/
2014,2014-09-01T13:26:16Z,2010s,Sep-Oct,German Broadcaster Is Urged to Speak for Press Freedom in China,"In an open letter, Su Yutong, a Chinese journalist who was fired from a German public broadcaster last month after a debate over the Tiananmen Square massacre, called on the broadcaster’s director general to speak out for press freedom while in China.",,"In an open letter, Su Yutong, a Chinese journalist who was fired from a German public broadcaster last month after a debate over the Tiananmen Square massacre, called on the broadcaster’s director general to speak out for press freedom while in China.",World,Foreign,News,article,1312,"Freedom of the Press; Human Rights and Human Rights Violations; Propaganda; Radio; Gao Yu; Liao Yiwu; Sieren, Frank (1967- ); Su Yutong; Communist Party of China; Deutsche Welle; Global Times; People's Daily; Beijing (China); Berlin (Germany); Tiananmen Square (Beijing); Xinjiang (China)",https://sinosphere.blogs.nytimes.com/2014/09/01/german-broadcaster-is-urged-to-speak-for-press-freedom-in-china/
2014,2014-09-01T13:37:04Z,2010s,Sep-Oct,China Authorizes Local Governments to Issue Bonds,The lifting of a 20-year ban represents a fundamentally different approach to a chronic problem: how to finance projects like roads and bridges without unsustainable levels of debt.,,The lifting of a 20-year ban represents a fundamentally different approach to a chronic problem: how to finance projects like roads and bridges without unsustainable levels of debt.,Business,Business,News,article,571,"Bradsher, Keith; China; Government Bonds; Credit and Debt; Infrastructure (Public Works); National People's Congress (China)",https://www.nytimes.com/2014/09/02/business/international/china-authorizes-local-governments-to-issue-bonds.html
2014,2014-09-01T15:34:44Z,2010s,Sep-Oct,"From Afar, the United States Seems at Odds With Its Ideals","A mysterious sign at the protests in Ferguson, Mo., bespoke a larger truth: America has lost influence by failing to embody its own creeds.",,"A mysterious sign at the protests in Ferguson, Mo., bespoke a larger truth: America has lost influence by failing to embody its own creeds.",U.S.,National,News,article,626,Terrorism; News and News Media; Islamic State in Iraq and Syria (ISIS); United States; Signs and Signage,https://www.nytimes.com/2014/09/02/us/from-afar-the-united-states-seems-at-odds-with-its-ideals.html
2014,2014-09-01T16:24:38Z,2010s,Sep-Oct,Solar Company Seeks Stiff U.S. Tariffs to Deter Chinese Spying ,An Oregon-based solar company is proposing that punitive tariffs be imposed on Chinese manufacturers that have benefited from online espionage.,,An Oregon-based solar company is proposing that punitive tariffs be imposed on Chinese manufacturers that have benefited from online espionage.,Business,Business,News,article,1424,"Cardwell, Diane; SolarWorld AG; China; Customs (Tariff); Cyberwarfare; Industrial Espionage; Solar Energy; International Trade and World Market; United States",https://www.nytimes.com/2014/09/02/business/trade-duties-urged-as-new-deterrent-against-cybertheft.html
2014,2014-09-01T16:30:13Z,2010s,Sep-Oct,"China’s Factories Slowing, Surveys Show","At the same time, surveys of purchasing managers across Asia told a tale of fewer new orders and faltering exports, but with brighter spots like India and Taiwan.",,"At the same time, surveys of purchasing managers across Asia told a tale of fewer new orders and faltering exports, but with brighter spots like India and Taiwan.",Business,Business,News,article,938,China; Factories and Manufacturing; International Trade and World Market; Labor and Jobs,https://www.nytimes.com/2014/09/02/business/international/chinas-factories-slowing-surveys-show.html
2014,2014-09-01T21:41:00Z,2010s,Sep-Oct,Leveling the College Playing Field,Readers respond to a front-page article on the rarity of the poor at elite schools.,,Readers respond to a front-page article on the rarity of the poor at elite schools.,Opinion,Letters,Letter,article,846,Admissions Standards; Financial Aid (Education); Colleges and Universities; Private and Sectarian Schools; Income Inequality; Smith College; Yale University,https://www.nytimes.com/2014/09/02/opinion/leveling-the-college-playing-field.html
2014,2014-09-02T01:32:31Z,2010s,Sep-Oct,"Militants Add Cluster Bombing to Tactics, Rights Group Says",Human Rights Watch said there was evidence that the extremist group used the munitions in July and August as it fought in northern Syria.,,Human Rights Watch said there was evidence that the extremist group used the munitions in July and August as it fought in northern Syria.,World,Foreign,News,article,392,"Gladstone, Rick; Islamic State in Iraq and Syria (ISIS); Syria; War Crimes, Genocide and Crimes Against Humanity; Human Rights Watch; Cluster Munitions; Kurds",https://www.nytimes.com/2014/09/02/world/middleeast/militants-add-cluster-bombing-to-tactics-rights-group-says.html
2014,2014-09-02T05:22:12Z,2010s,Sep-Oct,"With Land Scarce, Chinese School Builds Rooftop Track","The running track atop the school building provides enough play and exercise space for 1,600 students at a time, the school’s principal told Chinese radio.",,"The running track atop the school building provides enough play and exercise space for 1,600 students at a time, the school’s principal told Chinese radio.",World,Foreign,News,article,466,Architecture; Education (K-12); Real Estate and Housing (Residential); Track and Field; China Central Television; China Daily; People's Daily; Xinhua; China; Zhejiang Province (China),https://sinosphere.blogs.nytimes.com/2014/09/02/with-land-scarce-chinese-school-builds-rooftop-track/
2014,2014-09-02T07:22:42Z,2010s,Sep-Oct,Chinese Company’s Shares Suspended on Critical Report,"Anonymous Analytics, a faction of the hacking group Anonymous, said Tianhe Chemicals grossly overstated its revenue and profit in recent years. Tianhe said those were “malicious accusations” and that it was preparing a response.",,"Anonymous Analytics, a faction of the hacking group Anonymous, said Tianhe Chemicals grossly overstated its revenue and profit in recent years. Tianhe said those were “malicious accusations” and that it was preparing a response.",Business,Business,News,article,1204,Frauds and Swindling; Initial Public Offerings; Research; Stocks and Bonds; Anonymous (Internet Group); Securities and Exchange Commission; State Administration for Industry and Commerce (China); China; Hong Kong,https://dealbook.nytimes.com/2014/09/02/chinese-companys-shares-suspended-on-critical-report/
2014,2014-09-02T08:02:25Z,2010s,Sep-Oct,National Goals Still Murky After Zhejiang Church Razings,"The pulling down of crosses and churches in Zhejiang Province could point to the beginnings of a national campaign against Christianity, according to an adviser to the Anglican archbishop in Hong Kong.",,"The pulling down of crosses and churches in Zhejiang Province could point to the beginnings of a national campaign against Christianity, according to an adviser to the Anglican archbishop in Hong Kong.",World,Foreign,News,article,589,Christians and Christianity; Crosses and Crucifixes; Xi Jinping; Communist Party of China; Three-Self Patriotic Movement (China); China; Hong Kong; Zhejiang Province (China),https://sinosphere.blogs.nytimes.com/2014/09/02/national-goals-still-murky-after-zhejiang-church-razings/
2014,2014-09-02T09:19:37Z,2010s,Sep-Oct,3 Universities Pledge to Uphold Party Ideals on Campus,"Peking University, Fudan University and Sun Yat-sen University outlined how they would continue to exert ideological controls over their students and faculty in a party journal published over the weekend.",,"Peking University, Fudan University and Sun Yat-sen University outlined how they would continue to exert ideological controls over their students and faculty in a party journal published over the weekend.",World,Foreign,News,article,1046,Fudan University; Peking University; Sun Yat-sen University; Colleges and Universities; Human Rights and Human Rights Violations; Xi Jinping; Xia Yeliang; Zhang Xuezhong; Communist Party of China; Fudan University; Peking University; People's Daily; Qiushi; Sun Yat-sen University; Xinhua; Beijing (China); China; Guangzhou (China); Tiananmen Square (Beijing),https://sinosphere.blogs.nytimes.com/2014/09/02/3-universities-pledge-to-uphold-party-ideals-on-campus/
2014,2014-09-02T09:30:24Z,2010s,Sep-Oct,"When Buildings Are Political, Should Architects Be Politicians?","Many of the world’s most acclaimed architects design buildings in some of the most oppressive countries. Are they neutral artists, or should they take more ethical responsibility for their projects?",,"Many of the world’s most acclaimed architects design buildings in some of the most oppressive countries. Are they neutral artists, or should they take more ethical responsibility for their projects?",Opinion,,News,article,832,"Accidents and Safety; Architecture; Buildings (Structures); Foreign Workers; Human Rights and Human Rights Violations; Foster, Norman; Gehry, Frank; Hadid, Zaha; Koolhaas, Rem; Abu Dhabi (United Arab Emirates); Azerbaijan; China",https://op-talk.blogs.nytimes.com/2014/09/02/when-buildings-are-political-should-architects-be-politicians/
2014,2014-09-02T10:17:37Z,2010s,Sep-Oct,Hong Kong’s Democracy Dilemma,Beijing’s plan to control elections in Hong Kong has opened a new era of civil disobedience.,,Beijing’s plan to control elections in Hong Kong has opened a new era of civil disobedience.,Opinion,OpEd,Op-Ed,article,904,"Hong Kong; Ng, Margaret; China; Democracy (Theory and Philosophy); Elections; Demonstrations, Protests and Riots; National People's Congress (China)",https://www.nytimes.com/2014/09/03/opinion/hong-kongs-democracy-dilemma.html
2014,2014-09-02T10:37:01Z,2010s,Sep-Oct,Finland’s Lesson for Ukraine,Small countries with big and powerful neighbors must find their own way to survive.,,Small countries with big and powerful neighbors must find their own way to survive.,Opinion,OpEd,Op-Ed,article,861,Finland; Ukraine; Politics and Government; Russia,https://www.nytimes.com/2014/09/03/opinion/finlands-lesson-for-ukraine.html
2014,2014-09-23T18:48:41Z,,,Obama Presses Chinese on Global Warming,"President Obama, emboldened by his use of executive powers to fight climate change at home, challenged China to make the same effort to reduce greenhouse-gas emissions.",,,World,,,,,,https://www.nytimes.com/2014/09/24/world/asia/obama-at-un-climate-summit-calls-for-vast-international-effort.html
2014,2014-10-06T02:07:05Z,,,"To Reach China, LinkedIn Plays by Local Rules","The professional social network’s Chinese-language version, which lacks certain features of Western versions, seems to have the tacit approval of China’s government.",,,Technology,,,,,,https://www.nytimes.com/2014/10/06/technology/to-reach-china-linkedin-plays-by-local-rules.html
2014,2014-10-09T01:28:42Z,,,"Chinese Return to the Waldorf, With $2 Billion","An obscure Chinese company, Anbang Insurance, is buying the landmark hotel with plans to restore the 83-year-old Art Deco building to its original splendor.",,,Business,,,,,,https://dealbook.nytimes.com/2014/10/08/chinese-return-to-the-waldorf-with-2-billion/
2014,2014-10-09T15:32:22Z,,,U.S. Opposing China’s Answer to World Bank,The United States views the proposed Asian Infrastructure Investment Bank as a political tool for China to bring countries in Southeast Asia closer to its orbit.,,,World,,,,,,https://www.nytimes.com/2014/10/10/world/asia/chinas-plan-for-regional-development-bank-runs-into-us-opposition.html
2014,2014-10-10T21:23:06Z,,,"‘Putin’s Tiger,’ in a Territory Grab All His Own, Swims to China","A Siberian tiger released into the wild in Russia in the spring crossed a river this week into China, where wildlife officials are tracking his whereabouts.",,,World,,,,,,https://www.nytimes.com/2014/10/11/world/asia/putins-tiger-crosses-into-china-prompting-a-diplomatic-rush.html
2014,2014-10-20T00:07:20Z,,,"Presumed Guilty in China’s War on Corruption, Targets Suffer Abuses","China is in the midst of a scorching campaign against government corruption, but its system of investigation often operates in secret and beyond the law, leading to abuses suffered by the officials being targeted.",,,World,,,,,,https://www.nytimes.com/2014/10/20/world/asia/the-new-victims-of-chinas-war-on-corruption.html
2014,2014-11-01T00:53:58Z,2010s,Nov-Dec,Transcript of New York Times Interview With President Ma Ying-jeou of Taiwan,An official transcript from the office of President Ma Ying-jeou of Taiwan of an interview with The New York Times.,,An official transcript from the office of President Ma Ying-jeou of Taiwan of an interview with The New York Times.,World,Foreign,Interview,article,5573,Taiwan; Ma Ying-jeou; Hong Kong; China; Asia-Pacific Economic Cooperation,https://www.nytimes.com/2014/11/01/world/asia/transcript-of-new-york-times-interview-with-president-ma-ying-jeou-of-taiwan.html
2014,2014-11-01T02:32:27Z,2010s,Nov-Dec,China: Millions in Cash Found at an Official’s Home,"Investigators in China have found more than $33 million in cash at the home of an energy official accused of receiving bribes, a senior prosecutor said Friday.",,"Investigators in China have found more than $33 million in cash at the home of an energy official accused of receiving bribes, a senior prosecutor said Friday.",World,Foreign,Brief,article,143,China; Wei Pengyuan; Bribery and Kickbacks; Corruption (Institutional); National Development and Reform Commission (China),https://www.nytimes.com/2014/11/01/world/asia/china-millions-in-cash-found-at-an-officials-home.html
2014,2014-11-01T18:30:10Z,2010s,Nov-Dec,The Missing Campus Climate Debate,Universities must consider divesting from fossil fuels.,,Universities must consider divesting from fossil fuels.,Opinion,OpEd,Op-Ed,article,1099,"Colleges and Universities; Mandery, Evan J; Global Warming; Endowments; Greenhouse Gas Emissions; Oil (Petroleum) and Gasoline; Energy and Power",https://www.nytimes.com/2014/11/02/opinion/sunday/the-missing-campus-climate-debate.html
2014,2014-11-01T18:30:11Z,2010s,Nov-Dec,A Cup of G.I. Joe,Howard Schultz of Starbucks says America is good at sending people to war but bad at bringing them home. He has a plan to help.,,Howard Schultz of Starbucks says America is good at sending people to war but bad at bringing them home. He has a plan to help.,Opinion,Editorial,Op-Ed,article,1151,"Veterans; Dowd, Maureen; Schultz, Howard D; Starbucks Corporation; United States Defense and Military Forces; Post-Traumatic Stress Disorder",https://www.nytimes.com/2014/11/02/opinion/sunday/maureen-dowd-a-cup-of-gi-joe.html
2014,2014-11-01T20:54:01Z,2010s,Nov-Dec,Even Brutes Can Learn to Cry,"Hafthor Julius Bjornsson, an Icelandic strongman best known for lifting cars or tugging trucks or throwing barrels, has parlayed his imposing size into a role on “Game of Thrones.”",,"Hafthor Julius Bjornsson, an Icelandic strongman best known for lifting cars or tugging trucks or throwing barrels, has parlayed his imposing size into a role on “Game of Thrones.”",Sports,Sports,News,article,1853,"Borden, Sam; Bjornsson, Hafthor Julius; Television; Game of Thrones (TV Program); Weight Lifting",https://www.nytimes.com/2014/11/02/sports/icelandic-strongman-does-heavy-lifting-on-a-second-career-as-an-actor.html
2014,2014-11-01T23:16:12Z,2010s,Nov-Dec,Dog Meat Trade in Thailand Is Under Pressure and May Be Banned,"The police have arrested what they describe as the country’s dog meat kingpins, and the military government is considering banning the trade.",,"The police have arrested what they describe as the country’s dog meat kingpins, and the military government is considering banning the trade.",World,Foreign,News,article,1122,"Thailand; Fuller, Thomas; Dogs; Animal Abuse, Rights and Welfare; Meat",https://www.nytimes.com/2014/11/02/world/asia/dog-meat-trade-in-thailand-is-under-pressure-and-may-be-banned.html
2014,2014-11-02T02:45:20Z,2010s,Nov-Dec,"For Macy’s, a Makeover on 34th Street","Macy’s flagship has long tried to be everything to everyone. But in a $400 million renovation, it’s taking sharper aim at millennials and free-spending tourists.",,"Macy’s flagship has long tried to be everything to everyone. But in a $400 million renovation, it’s taking sharper aim at millennials and free-spending tourists.",Business,SundayBusiness,News,article,3124,"Singer, Natasha; Macy's Inc; Shopping and Retail; Fashion and Apparel; Lundgren, Terry J; Herald Square (Manhattan, NY)",https://www.nytimes.com/2014/11/02/business/for-macys-a-makeover-on-34th-street.html
2014,2014-11-02T09:23:39Z,2010s,Nov-Dec,China Approves Security Law Emphasizing Counterespionage,"The change, made official on Saturday, targets foreign spies and their domestic collaborators, reflecting top-level concerns about growing political threats from abroad, analysts said.",,"The change, made official on Saturday, targets foreign spies and their domestic collaborators, reflecting top-level concerns about growing political threats from abroad, analysts said.",World,Foreign,News,article,449,"Tatlow, Didi Kirsten; China; Espionage and Intelligence Services; National Security Commission (China); Xi Jinping; Law and Legislation",https://www.nytimes.com/2014/11/03/world/asia/china-approves-security-law-emphasizing-counterespionage.html
2014,2014-11-02T15:44:07Z,2010s,Nov-Dec,1939: American Ships Hasten to Sail Before New Bill Takes Effect,"Highlights from the International Herald Tribune archives: American ships rush to sail before a neutrality bill goes into effect, prohibiting travel to states designated as belligerent.",,"Highlights from the International Herald Tribune archives: American ships rush to sail before a neutrality bill goes into effect, prohibiting travel to states designated as belligerent.",World,Foreign,News,article,196,Ships and Shipping; United States Politics and Government; World War II (1939-45),https://iht-retrospective.blogs.nytimes.com/2014/11/02/1939-american-ships-hasten-to-sail-before-new-bill-takes-effect/
2014,2014-11-02T17:08:30Z,2010s,Nov-Dec,Panel’s Latest Warming Warning Misses Global Slumber Party on Energy Research,The latest global warming report from the U.N. climate panel helpfully clarifies risks but largely misses a key factor in driving an energy transformation — research.,,The latest global warming report from the U.N. climate panel helpfully clarifies risks but largely misses a key factor in driving an energy transformation — research.,Opinion,OpEd,News,article,1360,"Air Pollution; Carbon Dioxide; Energy and Power; Energy Efficiency; Global Warming; Greenhouse Gas Emissions; Science and Technology; United Nations Framework Convention on Climate Change; Caldeira, Ken; Gillis, Justin; Roston, Eric; Carnegie Mellon University; Exxon Mobil Corporation; Intergovernmental Panel on Climate Change; Organization for Economic Cooperation and Development",https://dotearth.blogs.nytimes.com/2014/11/02/panels-latest-warming-warning-misses-global-slumber-party-on-energy-research/
2014,2014-11-02T22:18:16Z,2010s,Nov-Dec,"Legions of Faiths, Girded for Battle","The latest Norton anthology takes on major world religions, in 4,000-plus pages.",,"The latest Norton anthology takes on major world religions, in 4,000-plus pages.",Books,Culture,News,article,1421,"Books and Literature; Schuessler, Jennifer; Norton, W W, & Co; Religion and Belief; Miles, Jack; The Norton Anthology of World Religions (Book)",https://www.nytimes.com/2014/11/03/arts/nortons-latest-anthology-explores-world-religion.html
2014,2014-11-02T22:30:13Z,2010s,Nov-Dec,Medal for American Pair at World Championships,The only American medalists in the three concluding pair events at the world championships in China last month were Reese Milner of Los Angeles and Hemant Lall of Dallas.,,The only American medalists in the three concluding pair events at the world championships in China last month were Reese Milner of Los Angeles and Hemant Lall of Dallas.,Gameplay,Culture,News,article,263,Bridge (Card Game); Cards and Card Games,https://www.nytimes.com/2014/11/03/crosswords/bridge/medal-for-american-pair-at-world-championships.html
2014,2014-11-03T01:16:20Z,2010s,Nov-Dec,"Over the Hill, and Beyond It","Slower but lighter at age 60, a writer who had lost all enthusiasm for running marathons decided to test his body in New York one more time.",,"Slower but lighter at age 60, a writer who had lost all enthusiasm for running marathons decided to test his body in New York one more time.",Sports,Sports,News,article,2074,"New York City Marathon; Longman, Jere; Marathon Running; New York City",https://www.nytimes.com/2014/11/03/sports/running-the-new-york-city-marathon-2014-at-age-60.html
2014,2014-11-03T10:15:15Z,2010s,Nov-Dec,The Right to Say ‘God’ Divides a Diverse Nation ,"According to government orders and rulings by the country’s Islamic councils, the word for God in the Malay language cannot be used by people of other faiths.",,"According to government orders and rulings by the country’s Islamic councils, the word for God in the Malay language cannot be used by people of other faiths.",World,Foreign,News,article,1262,"Fuller, Thomas; Religion and Belief; Muslims and Islam; Language and Languages; Malaysia; Freedom of Religion",https://www.nytimes.com/2014/11/04/world/asia/in-malaysia-allah-is-reserved-for-muslims-only.html
2014,2014-11-03T10:17:45Z,2010s,Nov-Dec,Why Afghanistan Courts China,China is perhaps the only power that has the incentives to make Afghan ambitions a reality.,,China is perhaps the only power that has the incentives to make Afghan ambitions a reality.,Opinion,OpEd,Op-Ed,article,937,Afghanistan; Afghanistan War (2001- ); China; Economic Conditions and Trends; International Relations,https://www.nytimes.com/2014/11/04/opinion/why-afghanistan-courts-china.html
2014,2014-11-03T12:00:16Z,2010s,Nov-Dec,Preparing for ‘APEC War’ in China,A bevy of government orders are kicking in to prepare Beijing for the Asia-Pacific Economic Cooperation meeting beginning on Wednesday.,,A bevy of government orders are kicking in to prepare Beijing for the Asia-Pacific Economic Cooperation meeting beginning on Wednesday.,World,Foreign,News,article,729,Air Pollution; Asia-Pacific Economic Cooperation; Beijing (China); China,https://sinosphere.blogs.nytimes.com/2014/11/03/preparing-for-apec-war-in-china/
2014,2014-11-03T12:25:42Z,2010s,Nov-Dec,Manual on How to Spot a Spy Circulates in an Increasingly  Wary China,"A guide to counterespionage aimed at the average Chinese citizen is undergoing a surge in popularity online, just as Beijing passes a stricter national security code, with an emphasis on countering threats from abroad.",,"A guide to counterespionage aimed at the average Chinese citizen is undergoing a surge in popularity online, just as Beijing passes a stricter national security code, with an emphasis on countering threats from abroad.",World,Foreign,News,article,1052,Christians and Christianity; Classified Information and State Secrets; Espionage and Intelligence Services; International Relations; Law and Legislation; Search and Seizure; Xi Jinping; CNA Corp; Communist Party of China; National Security Commission (China); Occupy Central; People's Liberation Army (China); China; Dandong (China); Taiwan,https://sinosphere.blogs.nytimes.com/2014/11/03/manual-on-how-to-spot-a-spy-circulates-in-an-increasingly-wary-china/
2014,2014-11-03T14:59:24Z,2010s,Nov-Dec,Positive Manufacturing News Keeps Market Steady,"A report that the manufacturing sector in the United States had rebounded helped keep the stock market close to nominal levels, while falling oil prices dragged down energy stocks.",,"A report that the manufacturing sector in the United States had rebounded helped keep the stock market close to nominal levels, while falling oil prices dragged down energy stocks.",Business,Business,News,article,355,Nasdaq Composite Index; Standard & Poor's 500-Stock Index; Stocks and Bonds; Dow Jones Stock Average,https://www.nytimes.com/2014/11/04/business/daily-stock-market-activity.html
2014,2014-11-03T18:13:18Z,2010s,Nov-Dec,When the Message on Marijuana Is Still ‘Just Say No’,"While some families may approach it differently, there remain excellent reasons for taking a ‘Just Say No’ stance on marijuana use and teens — without expecting that to end the conversation.",,"While some families may approach it differently, there remain excellent reasons for taking a ‘Just Say No’ stance on marijuana use and teens — without expecting that to end the conversation.",U.S.,Styles,News,article,842,Drug Abuse and Traffic; Marijuana; Parenting,https://parenting.blogs.nytimes.com/2014/11/03/when-the-message-on-marijuana-is-still-just-say-no/
2014,2014-11-03T18:18:00Z,2010s,Nov-Dec,Asian Hopes for North American L.N.G. Dim,"High costs, regulatory processes and social opposition have slowed the development of L.N.G. export terminals in Canada and the United States.",,"High costs, regulatory processes and social opposition have slowed the development of L.N.G. export terminals in Canada and the United States.",Business,Business,News,article,969,"Natural Gas; Far East, South and Southeast Asia and Pacific Areas; North America",https://www.nytimes.com/2014/11/04/business/international/asian-hopes-for-north-american-lng-dim.html
2014,2014-11-11T11:26:24Z,,,"In New China, ‘Hostile’ West Is Still Derided","Using language reminiscent of the Cold War, Chinese officials have voiced conspiracy theories accusing foreigners of plotting to weaken or overthrow the Communist Party.",,,World,,,,,,https://www.nytimes.com/2014/11/12/world/asia/china-turns-up-the-rhetoric-against-the-west.html
2014,2014-11-11T19:27:17Z,,,U.S. and China Reach Climate Accord After Months of Talks,"The deal, the signature achievement of President Obama’s state visit to China, could galvanize efforts to negotiate a new global agreement.",,,World,,,,,,https://www.nytimes.com/2014/11/12/world/asia/china-us-xi-obama-apec.html
2014,2014-11-13T02:51:30Z,,,"In Climate Deal With China, Obama May Set 2016 Theme",The landmark agreement to cut greenhouse gas pollution is a bet by President Obama that the environment will be a winning cause for Democrats.,,,U.S.,,,,,,https://www.nytimes.com/2014/11/13/world/asia/in-climate-deal-with-china-obama-may-set-theme-for-2016.html
2014,2014-12-13T18:59:56Z,,,China’s E-Cigarette Boom Lacks Oversight for Safety ,"Almost all of the world’s e-cigarettes are made without oversight, and experts say flawed or sloppy manufacturing could account for some of the hazards seen in the devices.",,,Business,,,,,,https://www.nytimes.com/2014/12/14/business/international/chinas-e-cigarette-boom-lacks-oversight-for-safety-.html
2014,2014-12-20T20:52:18Z,,,U.S. Asks China to Help Rein In Korean Hackers,"As part of its response to the cyberattack on Sony Pictures, the Obama administration has asked China to assist in blocking North Korea’s ability to launch such attacks.",,,World,,,,,,https://www.nytimes.com/2014/12/21/world/asia/us-asks-china-to-help-rein-in-korean-hackers.html
2014,2014-12-27T20:18:26Z,,,"In Limbo, a City in China Faces Life After Graft","The town of Lüliang in Shanxi Province, whose coal helped fuel China’s economic boom, is at the center of a crackdown that challenges the close ties between business and government.",,,World,,,,,,https://www.nytimes.com/2014/12/28/world/asia/china-anti-corruption-campaign-takes-toll-on-luliang-shanxi.html
2015,2015-01-01T01:45:56Z,2010s,Jan-Feb,"In Foiling Gmail, China Foils Itself ","China faces a dilemma in dealing with Western information giants like Google, Twitter and Facebook.",,"China faces a dilemma in dealing with Western information giants like Google, Twitter and Facebook.",Opinion,Editorial,Editorial,article,506,Editorials; China; Computers and the Internet; Censorship; Social Media; Google Inc; E-Mail,https://www.nytimes.com/2015/01/01/opinion/in-foiling-gmail-china-foils-itself.html
2015,2015-01-01T07:51:23Z,2010s,Jan-Feb,China-Japan Dispute Over Islands Spreads to Cyberspace,"In a new effort to bolster its claim to disputed islands in the East China Sea, the Chinese government has introduced a website under their Chinese name, Diaoyu. Japan already has a website detailing its sovereignty.",,"In a new effort to bolster its claim to disputed islands in the East China Sea, the Chinese government has introduced a website under their Chinese name, Diaoyu. Japan already has a website detailing its sovereignty.",World,Foreign,News,article,539,"Abe, Shinzo; Xi Jinping; Asia-Pacific Economic Cooperation; Beijing (China); China; East China Sea; Japan; Senkaku Islands; Tokyo (Japan)",https://sinosphere.blogs.nytimes.com/2015/01/01/china-japan-dispute-over-islands-spreads-to-cyberspace/
2015,2015-01-01T12:04:57Z,2010s,Jan-Feb,"In Moments, New Year’s Revelry Became Fatal Crush in Shanghai","Most of the 36 victims were young revelers who had come to ring in 2015 on the Bund, the city’s iconic riverfront promenade.",,"Most of the 36 victims were young revelers who had come to ring in 2015 on the Bund, the city’s iconic riverfront promenade.",World,Foreign,News,article,1102,"Stampedes; Barboza, David; Shanghai (China); New Year; China; Deaths (Fatalities)",https://www.nytimes.com/2015/01/02/world/asia/witnesses-recall-panic-of-deadly-stampede-in-shanghai.html
2015,2015-01-01T16:05:42Z,2010s,Jan-Feb,"New Year, Old Problems",The euro crisis is back; Russia is behaving like a revisionist power; the Middle East remains in chaos; and nationalism in China and Japan is on the rise.,,The euro crisis is back; Russia is behaving like a revisionist power; the Middle East remains in chaos; and nationalism in China and Japan is on the rise.,World,Foreign,News,article,655,Euro (Currency); Russia; Middle East and North Africa Unrest (2010- ); China; Japan; Europe; Middle East,https://www.nytimes.com/2015/01/02/world/europe/new-year-old-euro-crisis-and-middle-east-problems.html
2015,2015-01-01T22:42:13Z,2010s,Jan-Feb,Spare Times for Children for Jan. 2-8,"A selected guide to cultural events for children, teenagers and families in New York City.",,"A selected guide to cultural events for children, teenagers and families in New York City.",Arts,Weekend,Schedule,article,3018,Culture (Arts); Children and Childhood,https://www.nytimes.com/2015/01/02/arts/spare-times-for-children-for-jan-2-8.html
2015,2015-01-01T23:42:38Z,2010s,Jan-Feb,Finding Meaning in a Dish,"Ian Cheney’s documentary “The Search for General Tso” is about history, heritage and struggle as much as about a certain chicken dish popular in Chinese restaurants.",,"Ian Cheney’s documentary “The Search for General Tso” is about history, heritage and struggle as much as about a certain chicken dish popular in Chinese restaurants.",Movies,Weekend,Review,article,261,"Movies; Cheney, Ian; Documentary Films and Programs; The Search for General Tso (Movie); Chinese Food (Cuisine)",https://www.nytimes.com/2015/01/02/movies/heritage-and-food-in-the-search-for-general-tso.html
2015,2015-01-01T23:48:04Z,2010s,Jan-Feb,Theater Listings for Jan. 2-8,"A critical guide to productions in New York City, including shows in previews.",,"A critical guide to productions in New York City, including shows in previews.",Theater,Weekend,Schedule,article,5122,Theater,https://www.nytimes.com/2015/01/02/theater/theater-listings-for-jan-2-8.html
2015,2015-01-01T23:52:39Z,2010s,Jan-Feb,China’s Economy Faces Sluggish Start for New Year,Data indicate that Beijing may have to resort to more stimulus measures to avert job losses and debt default in the world’s second-largest economy.,,Data indicate that Beijing may have to resort to more stimulus measures to avert job losses and debt default in the world’s second-largest economy.,Business,Business,News,article,383,China; Economic Conditions and Trends; Labor and Jobs; Banking and Financial Institutions,https://www.nytimes.com/2015/01/02/business/international/china-facing-sluggish-start-for-new-year.html
2015,2015-01-02T00:28:21Z,2010s,Jan-Feb,Web Freedom Is Seen as a Growing Global Issue,"The new year promises further attempts at online censorship, as the web increasingly serves as a platform for civil rights efforts.",,"The new year promises further attempts at online censorship, as the web increasingly serves as a platform for civil rights efforts.",Business,Business,News,article,1630,"Goel, Vindu; Censorship; Kramer, Andrew E; Computers and the Internet; Russia; Freedom of Speech and Expression; Social Media; Facebook Inc; Google Inc; Twitter; Turkey",https://www.nytimes.com/2015/01/02/business/international/web-freedom-is-seen-to-be-growing-as-a-global-issue-in-2015.html
2015,2015-01-02T00:34:40Z,2010s,Jan-Feb,Growth in South Korea Exports Exceeded December Forecasts,"Exports for the whole of 2014 set a record high of $573.1 billion, underlining strengthening competitiveness for some of its companies.",,"Exports for the whole of 2014 set a record high of $573.1 billion, underlining strengthening competitiveness for some of its companies.",Business,Business,Brief,article,130,International Trade and World Market; South Korea,https://www.nytimes.com/2015/01/02/business/growth-in-south-korea-exports-exceeded-december-forecasts.html
2015,2015-01-02T01:42:10Z,2010s,Jan-Feb,"A Vital Nuclear Agreement, at Risk",Russia needs to know that defiance of arms control treaties will come at a cost.,,Russia needs to know that defiance of arms control treaties will come at a cost.,Opinion,Editorial,Editorial,article,673,"Russia; Nuclear Weapons; Arms Control and Limitation and Disarmament; Treaties; Editorials; United States; United States International Relations; Missiles and Missile Defense Systems; Putin, Vladimir V",https://www.nytimes.com/2015/01/02/opinion/a-vital-nuclear-agreement-at-risk.html
2015,2015-01-02T02:00:14Z,2010s,Jan-Feb,"Events on Long Island for Jan. 4-10, 2015",A guide to cultural and recreational events on Long Island.,,A guide to cultural and recreational events on Long Island.,New York,Metro,Schedule,article,2549,Culture (Arts); Long Island (NY),https://www.nytimes.com/2015/01/04/nyregion/events-on-long-island-for-jan-4-10-2015.html
2015,2015-01-02T02:07:36Z,2010s,Jan-Feb,Twin Peaks Planet,Our current global setup isn’t working for everyone. What consequences from that are ahead if we don’t do something about it?,,Our current global setup isn’t working for everyone. What consequences from that are ahead if we don’t do something about it?,Opinion,Editorial,Op-Ed,article,819,"Krugman, Paul; Income Inequality; Economic Conditions and Trends; Fringe Groups and Movements; Europe; International Trade and World Market; Income; Politics and Government",https://www.nytimes.com/2015/01/02/opinion/paul-krugman-twin-peaks-planet.html
2015,2015-01-02T10:24:29Z,2010s,Jan-Feb,Euro Starts New Year at New Low,"It sank as far as $1.2035, the lowest since mid-2010, while the dollar climbed close to its highest level in nine years against a basket of major currencies.",,"It sank as far as $1.2035, the lowest since mid-2010, while the dollar climbed close to its highest level in nine years against a basket of major currencies.",Business,Business,News,article,415,Euro (Currency); US Dollar (Currency); Stocks and Bonds; European Central Bank,https://www.nytimes.com/2015/01/03/business/international/euro-starts-new-year-at-new-low.html
2015,2015-01-02T10:55:33Z,2010s,Jan-Feb,Your Friday Briefing,Here’s what you need to know to start your day.,,Here’s what you need to know to start your day.,NYT Now,NYTNow,News,article,899,,https://www.nytimes.com/2015/01/02/nytnow/latest-news-airasia-crash-migrant-ship-the-flu.html
2015,2015-01-02T12:26:11Z,2010s,Jan-Feb,Morning Agenda: Looking Back on a Year of Deals,Deal makers notched $3.5 trillion worth of deals in 2014. | Stock markets ended the year on a high note. | DealBook’s annual “Closing Dinner.”,,Deal makers notched $3.5 trillion worth of deals in 2014. | Stock markets ended the year on a high note. | DealBook’s annual “Closing Dinner.”,Business,Business,News,article,1931,,https://dealbook.nytimes.com/2015/01/02/morning-agenda-looking-back-on-a-year-of-deals/
2015,2015-01-02T12:33:34Z,2010s,Jan-Feb,A Historical Drama Shows Too Much Cleavage for China’s Censors,"“The Empress of China” was pulled briefly from the air, but when it returned it was clear that the show’s aesthetic had undergone a major transformation: The ample chests that once filled the screen were nowhere to be seen.",,"“The Empress of China” was pulled briefly from the air, but when it returned it was clear that the show’s aesthetic had undergone a major transformation: The ample chests that once filled the screen were nowhere to be seen.",World,Foreign,News,article,607,"Fan Bingbing; ""The Empress of China"" (TV Program); Censorship; Television; Fan Bingbing; Jiang Wen; China Central Television; China",https://sinosphere.blogs.nytimes.com/2015/01/02/a-historical-drama-shows-too-much-cleavage-for-chinas-censors/
2015,2015-01-02T16:30:30Z,2010s,Jan-Feb,"Corky Pollan: Supershopper, and Now, Cookbook Author","A home visit with Corky Pollan, New York magazine’s weekly former Best Bets columnist.",,"A home visit with Corky Pollan, New York magazine’s weekly former Best Bets columnist.",Real Estate,RealEstate,News,article,1119,"Pollan, Corky; Real Estate and Housing (Residential); Interior Design and Furnishings; Cooking and Cookbooks; Upper East Side (Manhattan, NY); New York City",https://www.nytimes.com/2015/01/04/realestate/corky-pollan-supershopper-and-now-cookbook-author.html
2015,2015-01-02T19:01:01Z,2010s,Jan-Feb,More Sanctions on North Korea After Sony Case,The Obama administration doubled down on its allegation that North Korea’s leadership was behind the hacking of Sony Pictures.,,The Obama administration doubled down on its allegation that North Korea’s leadership was behind the hacking of Sony Pictures.,U.S.,Foreign,News,article,1045,"North Korea; Sanger, David E; Sony Pictures Entertainment; Schmidt, Michael S; Cyberwarfare; Movies; Embargoes and Sanctions; United States Politics and Government; Obama, Barack; The Interview (Movie)",https://www.nytimes.com/2015/01/03/us/in-response-to-sony-attack-us-levies-sanctions-on-10-north-koreans.html
2015,2015-01-03T00:40:46Z,2010s,Jan-Feb,Euro Falls Lower as Central Bank Hints at Increase in Stimulus Plan,"Statements by Mario Draghi, president of the European Central Bank, led investors to conclude that the bank would soon buy large quantities of eurobonds.",,"Statements by Mario Draghi, president of the European Central Bank, led investors to conclude that the bank would soon buy large quantities of eurobonds.",Business,Business,News,article,1163,"Currency; Deflation (Economics); Euro (Currency); US Dollar (Currency); Draghi, Mario; European Central Bank; Europe",https://dealbook.nytimes.com/2015/01/02/euro-falls-lower-as-central-bank-hints-at-increase-in-stimulus-plan/
2015,2015-03-01T00:46:27Z,2010s,Mar-Apr,Mexico Moves to Save Endangered Porpoise,The government’s new policy bans gillnets for two years across the northern Gulf of California and compensates shrimp fishermen for their lost catch.,,The government’s new policy bans gillnets for two years across the northern Gulf of California and compensates shrimp fishermen for their lost catch.,World,Foreign,News,article,481,"Endangered and Extinct Species; Malkin, Elizabeth; Dolphins and Porpoises; Mexico; Fishing, Commercial",https://www.nytimes.com/2015/03/01/world/americas/mexico-moves-to-save-endangered-porpoise.html
2015,2015-03-01T10:13:47Z,2010s,Mar-Apr,Documentary on Air Pollution Grips China,"Since its online debut on Saturday, “Under the Dome” has inspired an unusually passionate eruption of public and mass media discussion.",,"Since its online debut on Saturday, “Under the Dome” has inspired an unusually passionate eruption of public and mass media discussion.",World,Foreign,News,article,763,Under the Dome; Chai Jing; Under the Dome (Movie); Air Pollution; Documentary Films and Programs; Chai Jing (1976- ); Xi Jinping; China Central Television; Beijing (China); China; Shanxi Province (China),https://sinosphere.blogs.nytimes.com/2015/03/01/documentary-on-air-pollution-in-china-grips-a-nation/
2015,2015-03-01T17:57:35Z,2010s,Mar-Apr,Dressing for the Digital Divide,"Versace, Bottega Veneta, Jil Sander and others are focusing on a blend of the past and the future.",,"Versace, Bottega Veneta, Jil Sander and others are focusing on a blend of the past and the future.",Fashion,Styles,News,article,845,"Milan Fashion Week; Friedman, Vanessa; Versace, Gianni, SpA; Bottega Veneta; Jil Sander AG; Tod's Group",https://www.nytimes.com/2015/03/02/fashion/dressing-for-the-digital-divide-milan-fashion-week-2015.html
2015,2015-03-01T23:00:01Z,2010s,Mar-Apr,Xi Jinping’s ‘Four Comprehensives’ Give Shape to a Crowded Agenda,"President Xi Jinping’s “Four Comprehensives,” praised lavishly by state-run media, shows how party messages are crafted with vagueness to give an aura of grandeur to the business of ruling.",,"President Xi Jinping’s “Four Comprehensives,” praised lavishly by state-run media, shows how party messages are crafted with vagueness to give an aura of grandeur to the business of ruling.",World,Foreign,News,article,1106,"Four Comprehensives; Slogans and Mottoes; Deng Xiaoping; Jiang Zemin; Link, Perry; Mao Zedong; Xi Jinping; Communist Party of China; China",https://sinosphere.blogs.nytimes.com/2015/03/01/the-evolution-of-xi-jinpings-four-comprehensives/
2015,2015-03-02T02:03:47Z,2010s,Mar-Apr,How Superfish’s Security-Compromising Adware Came to Inhabit Lenovo’s PCs,"The Chinese computer maker says the aim was to enhance the consumer experience, but the deeply hidden software also undermined protections for online transactions and communications.",,"The Chinese computer maker says the aim was to enhance the consumer experience, but the deeply hidden software also undermined protections for online transactions and communications.",Technology,Business,News,article,1215,"Lenovo Group; Perlroth, Nicole; Superfish Inc; Computer Security; Computers and the Internet; Cyberattacks and Hackers; Privacy; Mergers, Acquisitions and Divestitures",https://www.nytimes.com/2015/03/02/technology/how-superfishs-security-compromising-adware-came-to-inhabit-lenovos-pcs.html
2015,2015-03-02T02:54:06Z,2010s,Mar-Apr,China’s Long Food Chain Plugs In ,"The country’s sprawling supply chain has challenged governmental efforts to ensure quality, and so its tech giants are working to provide shoppers with useful tools.",,"The country’s sprawling supply chain has challenged governmental efforts to ensure quality, and so its tech giants are working to provide shoppers with useful tools.",Business,Business,News,article,1212,"China; Mozur, Paul; Food Contamination and Poisoning; Stevenson, Alexandra; Agriculture and Farming; Computers and the Internet; Data-Mining and Database Marketing; Hazardous and Toxic Substances",https://www.nytimes.com/2015/03/02/business/international/chinas-long-food-chain-plugs-in.html
2015,2015-03-02T08:27:35Z,2010s,Mar-Apr,Congress’s Critical Role on Trade ,The Trans-Pacific Partnership trade deal may go far beyond issues like tariffs and quotas. Lawmakers have a responsibility to give negotiators clear instructions.,,The Trans-Pacific Partnership trade deal may go far beyond issues like tariffs and quotas. Lawmakers have a responsibility to give negotiators clear instructions.,Opinion,Editorial,Editorial,article,617,Trans-Pacific Partnership; International Trade and World Market; United States Politics and Government; Editorials; United States; Currency; Senate; House of Representatives,https://www.nytimes.com/2015/03/02/opinion/congresss-critical-role-on-trade.html
2015,2015-03-02T09:31:33Z,2010s,Mar-Apr,China Cracks Down on Steel's Smog,"The move could put more pressure on mills that are already struggling with weak growth, as the Chinese economy loses momentum.",,"The move could put more pressure on mills that are already struggling with weak growth, as the Chinese economy loses momentum.",Business,Business,News,article,294,,https://www.nytimes.com/2015/03/03/business/energy-environment/china-takes-on-steel-smog.html
2015,2015-03-02T10:39:14Z,2010s,Mar-Apr,"Eurozone Prices Continue to Fall, Fueling Concerns","The Continent had a third straight month of declining prices in February, but the jobless rate declined to the lowest level since 2012.",,"The Continent had a third straight month of declining prices in February, but the jobless rate declined to the lowest level since 2012.",Business,Business,News,article,666,"Jolly, David; European Union; Europe; Deflation (Economics); Unemployment; Prices (Fares, Fees and Rates); Inflation (Economics); Draghi, Mario; European Central Bank; Eurostat",https://www.nytimes.com/2015/03/03/business/international/european-prices-unemployment-rate.html
2015,2015-03-02T12:31:56Z,2010s,Mar-Apr,Morning Agenda: Buffett Hints at Successor,Warren E. Buffett hinted at a successor in his annual letter to shareholders. | Wells Fargo puts a cap on subprime auto loans. | Semiconductor giants agree to merger. | A former Tyco chief’s path to obscurity. | Bitcoin’s true value may lie in its underlying technology.,,Warren E. Buffett hinted at a successor in his annual letter to shareholders. | Wells Fargo puts a cap on subprime auto loans. | Semiconductor giants agree to merger. | A former Tyco chief’s path to obscurity. | Bitcoin’s true value may lie in its underlying technology.,Blogs,,News,article,2455,,https://news.blogs.nytimes.com/2015/03/02/morning-agenda-buffett-hints-at-successor/
2015,2015-03-02T13:51:19Z,2010s,Mar-Apr,China Overtakes U.S. at the Box Office,"Riding on a slate of domestic films in the Lunar New Year holiday season, China’s monthly box office receipts in February surpassed those of the United States for the first time.",,"Riding on a slate of domestic films in the Lunar New Year holiday season, China’s monthly box office receipts in February surpassed those of the United States for the first time.",World,Foreign,News,article,284,"Man From Macau 2 (Movie); Lunar New Year; Movies; Annaud, Jean-Jacques; Brody, Adrien; Chan, Jackie; Chow Yun-Fat; Cusack, John; Hollywood Reporter; China; Macau",https://sinosphere.blogs.nytimes.com/2015/03/02/china-overtakes-the-u-s-at-the-box-office/
2015,2015-03-02T14:23:19Z,2010s,Mar-Apr,Billionaire Lawmakers Ensure the Rich Are Represented in China’s Legislature ,"Among the 1,271 richest Chinese people tracked by the Shanghai-based Hurun Report, 203 are delegates to the nation’s Parliament or its advisory body, which will convene jointly this week.",,"Among the 1,271 richest Chinese people tracked by the Shanghai-based Hurun Report, 203 are delegates to the nation’s Parliament or its advisory body, which will convene jointly this week.",World,Foreign,News,article,847,"China; Forsythe, Michael; High Net Worth Individuals; National People's Congress (China); Legislatures and Parliaments; Communist Party of China; United States Politics and Government",https://www.nytimes.com/2015/03/03/world/asia/in-chinas-legislature-the-rich-are-more-than-represented.html
2015,2015-03-02T15:08:27Z,2010s,Mar-Apr,"Nasdaq Tops 5,000 for the First Time in 15 Years","The market headed higher on encouraging deals and economic news. The tech-heavy Nasdaq rose 44 points to 5,008.",,"The market headed higher on encouraging deals and economic news. The tech-heavy Nasdaq rose 44 points to 5,008.",Business,Business,News,article,936,Stocks and Bonds; Nasdaq Composite Index; Standard & Poor's 500-Stock Index; Dow Jones Stock Average,https://www.nytimes.com/2015/03/03/business/daily-stock-market-activity.html
2015,2015-03-02T15:20:30Z,2010s,Mar-Apr,Etihad Airways’ Rapid Growth Frustrates Rivals,"How Etihad runs and is financed are central in a fight with airlines in the United States, which accuse Persian Gulf carriers of stealing passengers.",,"How Etihad runs and is financed are central in a fight with airlines in the United States, which accuse Persian Gulf carriers of stealing passengers.",Business,Business,News,article,1448,"Mouawad, Jad; Etihad Airways; Airlines and Airplanes; Abu Dhabi (United Arab Emirates); Airports",https://www.nytimes.com/2015/03/03/business/etihad-airways-rapid-growth-frustrates-rivals.html
2015,2015-03-02T20:04:25Z,2010s,Mar-Apr,Vitamin-Packed With Promises,"How supplements became ubiquitous in our food and in our stores, even though evidence they work is scant.",,"How supplements became ubiquitous in our food and in our stores, even though evidence they work is scant.",Science,Science,News,article,849,"Dietary Supplements and Herbal Remedies; Vitamins; Goldberger, Joseph (1874-1929); Niacin; pellagra; Books and Literature; Price, Catherine; Vitamania: Our Obsessive Quest for Nutritional Perfection (Book)",https://www.nytimes.com/2015/03/03/science/vitamania-tracks-the-history-of-nutrition-supplements.html
2015,2015-03-02T22:55:12Z,2010s,Mar-Apr,"March 2, 2015 — Pictures of the Day","Photos from Ukraine, Russia, South Africa and China.",,"Photos from Ukraine, Russia, South Africa and China.",Multimedia/Photos,,News,article,13,Photography; China; Russia; South Africa; Ukraine,https://lens.blogs.nytimes.com/2015/03/02/march-2-2015-pictures-of-the-day/
2015,2015-03-03T00:19:11Z,2010s,Mar-Apr,"In Homeland Security Funding Standoff, Business Travelers Face Uncertainty","Recurring threats to partly shut down Homeland Security are frustrating travel planning, with many employees unsure whether to postpone a trip or risk delays.",,"Recurring threats to partly shut down Homeland Security are frustrating travel planning, with many employees unsure whether to postpone a trip or risk delays.",Business,Business,News,article,889,"Sharkey, Joe; Business Travel; Airlines and Airplanes; Homeland Security Department; Shutdowns (Institutional); Airport Security; Airports; Delays (Transportation); United States Economy; American Airlines; Customs and Border Protection (US); Transportation Security Administration; Johnson, Jeh C",https://www.nytimes.com/2015/03/03/business/in-homeland-security-funding-standoff-business-travelers-face-uncertainty.html
2015,2015-03-03T01:30:44Z,2010s,Mar-Apr,"For the U.S. and China, a Test of Diplomacy on South Sudan","Peace talks funded by both Beijing and Washington are underway this week, but so far the prospects for a breakthrough appear slim.",,"Peace talks funded by both Beijing and Washington are underway this week, but so far the prospects for a breakthrough appear slim.",World,Foreign,News,article,1080,"South Sudan; Sengupta, Somini; China; United Nations; United States International Relations; Defense and Military Forces; Refugees and Displaced Persons; United States",https://www.nytimes.com/2015/03/03/world/africa/for-the-us-and-china-a-test-of-diplomacy-on-south-sudan.html
2015,2015-03-03T01:41:29Z,2010s,Mar-Apr,China Names 14 Generals Suspected of Corruption ,"The generals, including the son of a former high-ranking leader, were the latest to fall under President Xi Jinping’s sweeping anticorruption campaign.",,"The generals, including the son of a former high-ranking leader, were the latest to fall under President Xi Jinping’s sweeping anticorruption campaign.",World,Foreign,News,article,748,"Levin, Dan; China; Xi Jinping; Corruption (Institutional); People's Liberation Army (China); Central Military Commission (China); Communist Party of China",https://www.nytimes.com/2015/03/03/world/china-names-14-generals-suspected-of-corruption.html
2015,2015-03-03T02:33:37Z,2010s,Mar-Apr,"Europe Unlikely to Meet Climate Goal, Study Finds","The European Union will most likely fail to meet an ambitious goal of reducing greenhouse gas emissions by 2050, a report has found.",,"The European Union will most likely fail to meet an ambitious goal of reducing greenhouse gas emissions by 2050, a report has found.",World,Foreign,News,article,1043,"Eddy, Melissa; European Union; Greenhouse Gas Emissions; European Environment Agency; Global Warming; Europe; Air Pollution; China",https://www.nytimes.com/2015/03/03/world/europe-unlikely-to-meet-climate-goal-study-finds.html
2015,2015-05-01T01:39:28Z,2010s,May-Jun,"Richard Suzman, 72, Dies; Researcher Influenced Global Surveys on Aging","At the National Institutes of Health, Dr. Suzman’s signature accomplishment was the central role he played in creating a global network of surveys on aging.",,"At the National Institutes of Health, Dr. Suzman’s signature accomplishment was the central role he played in creating a global network of surveys on aging.",Health,Business,Obituary (Obit),article,893,"Deaths (Obituaries); Leonhardt, David; Suzman, Richard; National Institute of Aging; National Institutes of Health",https://www.nytimes.com/2015/05/01/health/richard-suzman-who-influenced-research-on-health-aging-and-economics-dies-at-72.html
2015,2015-05-01T08:18:30Z,2010s,May-Jun,Q. and A.: Francis Fukuyama on China’s Political Development,"The author of the widely read essay “The End of History?” which posited that Western liberal democracy may turn out to be the endpoint of political development, discusses what China’s past and present portend for its future.",,"The author of the widely read essay “The End of History?” which posited that Western liberal democracy may turn out to be the endpoint of political development, discusses what China’s past and present portend for its future.",World,Foreign,News,article,1908,"Economic Conditions and Trends; Deng Xiaoping; Fukuyama, Francis; Xi Jinping; Communist Party of China; End of History; Stanford University; World Trade Organization; China; United States",https://sinosphere.blogs.nytimes.com/2015/05/01/q-and-a-francis-fukuyama-on-chinas-political-development/
2015,2015-05-01T09:45:25Z,2010s,May-Jun,Are You Man Enough for a Small Watch?,"Tastemaker watch brands are putting their weight behind neoclassic models built to human scale, each sending a message of cool midcentury elegance",,"Tastemaker watch brands are putting their weight behind neoclassic models built to human scale, each sending a message of cool midcentury elegance",Fashion,Styles,News,article,589,Watches and Clocks; Fashion and Apparel; Rolex SA; Omega SA; Timex Group USA,https://www.nytimes.com/2015/05/01/fashion/mens-style/are-you-man-enough-for-a-small-watch.html
2015,2015-05-01T10:59:06Z,2010s,May-Jun,New York City From a Pint-Size Perspective,"Francine Prose takes her granddaughter on a tour of New York City and sees the Empire State Building, Times Square and Ellis Island anew.",,"Francine Prose takes her granddaughter on a tour of New York City and sees the Empire State Building, Times Square and Ellis Island anew.",Travel,Travel,News,article,2298,"Travel and Vacations; Prose, Francine; Children and Childhood; Grandparents; Statue of Liberty; Madame Tussaud's; Metropolitan Museum of Art; New Victory Theater; Ellis Island (NYC); Central Park (Manhattan, NY); Liberty Island (NYC); Times Square and 42nd Street (Manhattan, NY); Prose, Francine",https://www.nytimes.com/2015/05/03/travel/new-york-city-from-a-pint-size-perspective.html
2015,2015-05-01T11:01:05Z,2010s,May-Jun,A Collected Home for Inger McCabe Elliott,The former Life photojournalist and textile designer lives in a 1914 co-op on the Upper East Side of Manhattan.,,The former Life photojournalist and textile designer lives in a 1914 co-op on the Upper East Side of Manhattan.,Magazine,Magazine,News,article,48,"Elliott, Inger McCabe; Stauss, Luise; Interior Design and Furnishings; Upper East Side (Manhattan, NY); Design; Money Issue Standard",https://www.nytimes.com/2015/05/03/magazine/a-collected-home-for-inger-mccabe-elliott.html
2015,2015-05-01T11:40:32Z,2010s,May-Jun,Morning Agenda: Greenberg Still in the Ring,"Greenberg Still in the Ring | New York Fed Official to Leave | Maltese, and E.U., Citizenship for a Mere $1.3 Million | China Rethinks Banks’ Safety Net",,"Greenberg Still in the Ring | New York Fed Official to Leave | Maltese, and E.U., Citizenship for a Mere $1.3 Million | China Rethinks Banks’ Safety Net",Blogs,,News,article,1675,"Banking and Financial Institutions; Deposit Insurance; Hedge Funds; Immigration and Emigration; Initial Public Offerings; Mergers, Acquisitions and Divestitures; Private Equity; Greenberg, Maurice R; American International Group Inc; Charter Communications Inc; Deutsche Bank AG; European Union; Federal Reserve Bank of New York; LinkedIn Corporation; McGraw-Hill Education; Pfizer Inc; Time Warner Cable Inc; Twitter; Yelp; China; Malta",https://news.blogs.nytimes.com/2015/05/01/morning-agenda-greenberg-still-in-the-ring/
2015,2015-05-01T12:31:41Z,2010s,May-Jun,"Even at the Top, Making Plans for Life’s ‘Third Chapter’","As they age, a growing number of high-powered executives are preparing for the next phase, and challenge, in life.",,"As they age, a growing number of high-powered executives are preparing for the next phase, and challenge, in life.",Your Money,Business,News,article,1405,Retirement; Executives and Management (Theory); Work-Life Balance; Labor and Jobs,https://www.nytimes.com/2015/05/02/your-money/even-at-the-top-making-plans-for-lifes-third-chapter.html
2015,2015-05-01T13:20:37Z,2010s,May-Jun,Stuff We Liked,Where do people drink the most? Where are the high-heeled shoes the highest?,,Where do people drink the most? Where are the high-heeled shoes the highest?,The Upshot,Upshot,News,article,274,Shoes and Boots; Alcohol Abuse; Colleges and Universities; Income,https://www.nytimes.com/2015/05/02/upshot/stuff-we-liked.html
2015,2015-05-01T13:38:53Z,2010s,May-Jun,What’s On This Week Around The World,"A festival of light in Mexico city, alternative operas in Rotterdam, and the opening of the Venice Biennale.",,"A festival of light in Mexico city, alternative operas in Rotterdam, and the opening of the Venice Biennale.",Arts,Culture,News,article,810,"Circuses; Venice Biennale; Enwezor, Okwui; Lupertz, Markus; Mori, Mariko; Tempest, Kate; Abounaddara; Britten Sinfonia",https://artsbeat.blogs.nytimes.com/2015/05/01/whats-on-this-week-around-the-world-22/
2015,2015-05-01T14:26:48Z,2010s,May-Jun,Topical Fiction,"New books by Cecilia Rodríguez Milanés, Amanda Eyre Ward, Andrew Roe and Margaret Vandenburg.",,"New books by Cecilia Rodríguez Milanés, Amanda Eyre Ward, Andrew Roe and Margaret Vandenburg.",Books,BookReview,News,article,1030,"Books and Literature; Holt, Elliott; Roe, Andrew (Author); Ward, Amanda Eyre; Vandenburg, Margaret; Milanes, Cecilia Rodriquez; Oye What I'm Gonna Tell You (Book); The Same Sky (Book); The Miracle Girl (Book); The Home Front (Book)",https://www.nytimes.com/2015/05/03/books/review/topical-fiction.html
2015,2015-05-01T14:26:57Z,2010s,May-Jun,"‘Academy Street,’ by Mary Costello",Mary Costello’s debut novel is an intimate portrait of one Irish immigrant’s life.,,Mary Costello’s debut novel is an intimate portrait of one Irish immigrant’s life.,Books,BookReview,Review,article,569,"Books and Literature; Costello, Mary; Academy Street (Book)",https://www.nytimes.com/2015/05/03/books/review/academy-street-by-mary-costello.html
2015,2015-05-01T14:27:55Z,2010s,May-Jun,"‘Manchu Princess, Japanese Spy,’ by Phyllis Birnbaum","A Qing royal led resistance forces, often dressed as a man.",,"A Qing royal led resistance forces, often dressed as a man.",Books,BookReview,Review,article,631,"Books and Literature; Birnbaum, Phyllis; Yoshiko, Kawashima; Kawashima, Yoshiko (1907-48); Manchu Princess, Japanese Spy (Book)",https://www.nytimes.com/2015/05/03/books/review/manchu-princess-japanese-spy-by-phyllis-birnbaum.html
2015,2015-05-01T15:11:43Z,2010s,May-Jun,Daniel Loeb Takes Stake in Yum Brands,The hedge fund billionaire says the owner of KFC is “turning the page” on its troubles in China.,,The hedge fund billionaire says the owner of KFC is “turning the page” on its troubles in China.,Business,Business,News,article,381,"Fast Food Industry; Yum Brands Inc; Third Point LLC; Loeb, Daniel S; Mergers, Acquisitions and Divestitures",https://www.nytimes.com/2015/05/02/business/dealbook/daniel-loeb-takes-stake-in-yum-brands.html
2015,2015-05-01T15:34:35Z,2010s,May-Jun,How Growth in Dairy Is Affecting the Environment,Industrial-scale farms in California — and their pollution — are at the center of a global debate about how to tackle global warming.,,Industrial-scale farms in California — and their pollution — are at the center of a global debate about how to tackle global warming.,Business,Business,Special Report,article,1222,United States; Agriculture and Farming; Dairy Products; Cattle; California,https://www.nytimes.com/2015/05/04/business/energy-environment/how-growth-in-dairy-is-affecting-the-environment.html
2015,2015-05-01T16:50:00Z,2010s,May-Jun,Summer 2015 Movie Releases: A Look at What’s Coming,A listing of films releasing this summer.,,A listing of films releasing this summer.,Movies,Arts&Leisure,Schedule,article,11085,Movies,https://www.nytimes.com/2015/05/03/movies/summer-2015-movie-releases-a-look-at-whats-coming.html
2015,2015-05-01T17:31:36Z,2010s,May-Jun,The End of California?,"Ingenuity created an Eden, and ingenuity will save it, despite those who imagine the parched state is doomed.",,"Ingenuity created an Eden, and ingenuity will save it, despite those who imagine the parched state is doomed.",Opinion,OpEd,Op-Ed,article,2105,"Egan, Timothy; California; Drought; Water; Shortages; Conservation of Resources; Agriculture and Farming",https://www.nytimes.com/2015/05/03/opinion/sunday/the-end-of-california.html
2015,2015-05-01T18:15:07Z,2010s,May-Jun,The Inevitable Spectacle of Mayweather vs. Pacquiao,"The cultural, financial and technological convergence that produced a billion-dollar bout.",,"The cultural, financial and technological convergence that produced a billion-dollar bout.",Magazine,Magazine,News,article,2988,"Boxing; Mayweather, Floyd Jr; Pacquiao, Manny; Arum, Bob; Roach, Freddie",https://www.nytimes.com/2015/05/01/magazine/the-inevitable-spectacle-of-mayweather-vs-pacquiao.html
2015,2015-05-01T20:55:25Z,2010s,May-Jun,"Kindred Spirits, Five Years in the Making","Rebuffed initially, the son of a diplomat waits years for his bride to realize she is just that.",,"Rebuffed initially, the son of a diplomat waits years for his bride to realize she is just that.",Fashion,Society,News,article,1409,"Vows (Times Column); Smith, Jada F; Weddings and Engagements; Schmidt, Michael S",https://www.nytimes.com/2015/05/03/fashion/weddings/kindred-spirits-five-years-in-the-making.html
2015,2015-05-01T22:02:11Z,2010s,May-Jun,"Amid Katmandu’s Earthquake Wreckage, Hints of a Shift to Safer Construction","Amid the carnage and wreckage in Katmandu, earthquake engineers see subtle signs that the country’s builders are shifting to safer practices.",,"Amid the carnage and wreckage in Katmandu, earthquake engineers see subtle signs that the country’s builders are shifting to safer practices.",Opinion,OpEd,News,article,1389,Accidents and Safety; Building (Construction); Concrete; Earthquakes; Engineering and Engineers; Social Media; Third World and Developing Countries; California; Himalayas; Katmandu (Nepal); Nepal; Oregon; Pacific Northwestern States (US); Pakistan; Sichuan Province (China),https://dotearth.blogs.nytimes.com/2015/05/01/amid-katmandu-earthquake-wreckage-hints-of-a-shift-to-safer-construction/
2015,2015-05-02T00:04:18Z,2010s,May-Jun,A Secret Warrior Leaves the Pentagon as Quietly as He Entered,Michael G. Vickers retired this week as under secretary of defense for intelligence.,,Michael G. Vickers retired this week as under secretary of defense for intelligence.,U.S.,Foreign,Biography,article,1246,"Shanker, Thom; Vickers, Michael G; Central Intelligence Agency; Retirement; Terrorism; United States Defense and Military Forces; Defense Department",https://www.nytimes.com/2015/05/02/us/a-secret-warrior-leaves-the-pentagon-as-quietly-as-he-entered.html
2015,2015-07-01T00:34:32Z,2010s,Jul-Aug,"From All Corners of the World, Becoming Fellow Americans ","About 680,000 people annually take an oath binding them to a nation that one new immigrant, Felix A. Okema of the Ivory Coast, said has “a system that opens its doors to opportunity, to others.”",,"About 680,000 people annually take an oath binding them to a nation that one new immigrant, Felix A. Okema of the Ivory Coast, said has “a system that opens its doors to opportunity, to others.”",New York,Metro,News,article,797,"Citizenship and Naturalization; Dwyer, Jim; Immigration and Emigration; Brooklyn (NYC); United States",https://www.nytimes.com/2015/07/01/nyregion/from-all-corners-of-the-world-becoming-fellow-americans.html
2015,2015-07-01T04:01:04Z,2010s,Jul-Aug,"Average Home Price in Manhattan Reaches $1.87 Million, a New High","The average sales price rose 11 percent, to $1.87 million, compared with the same period in 2014, thanks to a strong local economy, combined with high demand and not enough listings.",,"The average sales price rose 11 percent, to $1.87 million, compared with the same period in 2014, thanks to a strong local economy, combined with high demand and not enough listings.",New York,Metro,News,article,694,"Higgins, Michelle; Real Estate and Housing (Residential); Prices (Fares, Fees and Rates); Manhattan (NYC); New York City",https://www.nytimes.com/2015/07/01/nyregion/home-prices-in-manhattan-reach-new-high.html
2015,2015-07-01T05:00:05Z,2010s,Jul-Aug,What’s On TV Wednesday,Television highlights.,,Television highlights.,Arts,Culture,Schedule,article,717,Television,https://www.nytimes.com/2015/07/01/arts/television/whats-on-tv-wednesday.html
2015,2015-07-01T05:21:36Z,2010s,Jul-Aug,"Corrections: July 1, 2015","Corrections appearing in print on Wednesday, July 1, 2015",,"Corrections appearing in print on Wednesday, July 1, 2015",Corrections,Summary,News,article,658,,https://www.nytimes.com/2015/07/01/pageoneplus/corrections-july-1-2015.html
2015,2015-07-01T07:21:05Z,2010s,Jul-Aug,A Good Bad Deal?,"It’s too late for a great accord on limiting Iran’s nuclear program, but maybe not a worthwhile one.",,"It’s too late for a great accord on limiting Iran’s nuclear program, but maybe not a worthwhile one.",Opinion,OpEd,Op-Ed,article,915,"Friedman, Thomas L; Iran; Nuclear Weapons; International Relations; Khamenei, Ali",https://www.nytimes.com/2015/07/01/opinion/thomas-friedman-a-good-bad-deal.html
2015,2015-07-01T07:33:24Z,2010s,Jul-Aug,Canto-Pop Sings Hong Kong’s Working-Class Blues,"The Hong Kong musicians performing on the compilation album “WildFires” were inspired by members of the city’s struggling working class, who have fallen behind amid rising income inequality and living costs.",,"The Hong Kong musicians performing on the compilation album “WildFires” were inspired by members of the city’s struggling working class, who have fallen behind amid rising income inequality and living costs.",World,Foreign,News,article,737,"Adrien Chow; Labor and Jobs; Music; Ho, Stanley; Li Ka-shing; China; Hong Kong; Kowloon (Hong Kong)",https://sinosphere.blogs.nytimes.com/2015/07/01/canto-pop-sings-hong-kongs-working-class-blues/
2015,2015-07-01T08:05:38Z,2010s,Jul-Aug,"After Heads Bang, Interests Collide for FIFA",The reaction to the collision between Morgan Brian and Alexandra Popp further raised questions about whether FIFA was more concerned about the players’ interest than its own.,,The reaction to the collision between Morgan Brian and Alexandra Popp further raised questions about whether FIFA was more concerned about the players’ interest than its own.,Sports,Sports,News,article,993,"Soccer; Longman, Jere; International Federation of Association Football (FIFA); Concussions; Brian, Morgan (1993- ); Popp, Alexandra (1991- ); World Cup (Soccer); United States Women's National Soccer Team; Women's World Cup (Soccer)",https://www.nytimes.com/2015/07/02/sports/soccer/womens-world-cup-semifinal-injuries-morgan-brian-alexandra-popp.html
2015,2015-07-01T08:51:47Z,2010s,Jul-Aug,"Chinese Markets Fall Again, Ignoring Beijing’s Efforts to Soothe Them","Mainland indexes fell about 5 percent after gains the previous day, despite government reassurances that the stock markets are strong.",,"Mainland indexes fell about 5 percent after gains the previous day, despite government reassurances that the stock markets are strong.",Business,Business,News,article,750,China; Stocks and Bonds; Shanghai (China); Shenzhen (China); China Securities Regulatory Commission,https://www.nytimes.com/2015/07/02/business/international/chinese-markets-fall-again-ignoring-beijings-efforts-to-soothe-them.html
2015,2015-07-01T09:38:56Z,2010s,Jul-Aug,"China Approves Sweeping Security Law, Bolstering Communist Rule","The measure is even broader than an earlier draft, extending its call for security to be defended on seabeds, at the poles and in space.",,"The measure is even broader than an earlier draft, extending its call for security to be defended on seabeds, at the poles and in space.",World,Foreign,News,article,786,China; Xi Jinping; Communist Party of China; Human Rights and Human Rights Violations; National People's Congress (China); National Security Commission (China); Ministry of Public Security of the People's Republic of China; Amnesty International; Foreign Aid,https://www.nytimes.com/2015/07/02/world/asia/china-approves-sweeping-security-law-bolstering-communist-rule.html
2015,2015-07-01T09:41:11Z,2010s,Jul-Aug,"In Hong Kong, Handover Day Is a Day of Protest","With the 2014 protests behind us and the vote for the chief executive two years away, we asked demonstrators how they see the future of Hong Kong and why they came out for the July 1 protest.",,"With the 2014 protests behind us and the vote for the chief executive two years away, we asked demonstrators how they see the future of Hong Kong and why they came out for the July 1 protest.",World,Foreign,News,article,380,Freedom of Speech and Expression; Occupy Central; China; Hong Kong,https://sinosphere.blogs.nytimes.com/2015/07/01/in-hong-kong-handover-day-is-a-day-of-protest/
2015,2015-07-01T09:45:04Z,2010s,Jul-Aug,Wednesday’s Travel News and Tips,"What you need to know if you’re on a trip or planning one soon, including a Bach festival in California and an art weekend in London.",,"What you need to know if you’re on a trip or planning one soon, including a Bach festival in California and an art weekend in London.",Travel,Travel,News,article,534,Travel and Vacations,https://www.nytimes.com/2015/07/01/travel/wednesdays-travel-news-and-tips.html
2015,2015-07-01T10:55:17Z,2010s,Jul-Aug,What You Need to Know About China’s New National Security Law,"The law addresses purported security threats in areas as varied as cyberspace, the food supply and religion.",,"The law addresses purported security threats in areas as varied as cyberspace, the food supply and religion.",World,Foreign,News,article,391,Cyberwarfare and Defense; Law and Legislation; Amnesty International; Beijing (China); China; Hong Kong; Macau,https://sinosphere.blogs.nytimes.com/2015/07/01/what-you-need-to-know-about-chinas-new-national-security-law/
2015,2015-07-01T11:42:51Z,2010s,Jul-Aug,Morning Agenda: Tsipras Signals Acceptance of Creditors’ Terms,Tsipras Signals Acceptance of Creditors’ Terms | How Puerto Rico’s Debt Got Out of Control | Cautious Optimism as Merger Deals Near Peak Level,,Tsipras Signals Acceptance of Creditors’ Terms | How Puerto Rico’s Debt Got Out of Control | Cautious Optimism as Merger Deals Near Peak Level,Blogs,,News,article,1367,"Banking and Financial Institutions; Constitutions; European Sovereign Debt Crisis (2010- ); Hedge Funds; Initial Public Offerings; Mergers, Acquisitions and Divestitures; Municipal Bonds; Private Equity; Regulation and Deregulation of Industry; Venture Capital; European Central Bank; European Union; Export-Import Bank of US; Fitch Ratings; Goldman Sachs Group Inc; International Monetary Fund; JPMorgan Chase & Company; Morgan Stanley; Greece; Puerto Rico",https://news.blogs.nytimes.com/2015/07/01/morning-agenda-tsipras-signals-acceptance-of-creditors-terms/
2015,2015-07-01T12:56:01Z,2010s,Jul-Aug,Thousands Protest on Anniversary of Hong Kong’s Return to China,"The turnout was notably smaller than a similar march last year, a sign of the exhaustion felt by many pro-democracy demonstrators after a tumultuous year.",,"The turnout was notably smaller than a similar march last year, a sign of the exhaustion felt by many pro-democracy demonstrators after a tumultuous year.",World,Foreign,News,article,1017,"Hong Kong; Demonstrations, Protests and Riots; China; Democracy (Theory and Philosophy); Communist Party of China; Leung Chun-ying; Wong, Joshua (1996- ); Civic Passion; Great Britain",https://www.nytimes.com/2015/07/02/world/asia/thousands-protest-on-anniversary-of-hong-kongs-return-to-china.html
2015,2015-07-01T14:44:35Z,2010s,Jul-Aug,U.S. Can Thank Defense for Spot in Women’s World Cup Final,"The Americans have not been scored upon since the 27th minute of the tournament’s first match, a run of 513 minutes.",,"The Americans have not been scored upon since the 27th minute of the tournament’s first match, a run of 513 minutes.",Sports,Sports,News,article,503,"Women's World Cup (Soccer); United States Women's National Soccer Team; Lloyd, Carli; Soccer; Johnston, Julie (1992- )",https://www.nytimes.com/2015/07/02/sports/soccer/us-can-thank-defense-for-spot-in-womens-world-cup-final.html
2015,2015-07-01T15:05:14Z,2010s,Jul-Aug,Macy’s Drops Donald Trump’s Fashion Line Over Immigrant Remarks,"Macy’s is ending its relationship with Mr. Trump and phasing out his line of suits, shirts and ties after remarks he made about Mexican immigrants.",,"Macy’s is ending its relationship with Mr. Trump and phasing out his line of suits, shirts and ties after remarks he made about Mexican immigrants.",U.S.,Politics,News,article,547,"Immigration and Emigration; Presidential Election of 2016; Shopping and Retail; Trump, Donald J; Macy's Inc; MoveOn.org",https://www.nytimes.com/politics/first-draft/2015/07/01/macys-drops-donald-trumps-fashion-line-over-immigrant-remarks/
2015,2015-07-01T17:30:28Z,2010s,Jul-Aug,"36 Hours in Chengdu, China","Despite being a center of high-tech industry, the old way of life persists in the city, with graceful teahouses, serene parks and a lively Tibetan quarter.",,"Despite being a center of high-tech industry, the old way of life persists in the city, with graceful teahouses, serene parks and a lively Tibetan quarter.",Travel,Travel,News,article,1422,"Bergman, Justin; Travel and Vacations; China; Google Maps; Chengdu (China)",https://www.nytimes.com/2015/07/05/travel/what-to-do-in-36-hours-in-chengdu-china.html
2015,2015-07-01T19:38:32Z,2010s,Jul-Aug,Cuba’s Environmental Concerns Grow With Prospect of U.S. Presence,"Some fear development and tourism would result in the destroyed forests, polluted rivers and damaged coral reefs faced by some of Cuba’s neighbors.",,"Some fear development and tourism would result in the destroyed forests, polluted rivers and damaged coral reefs faced by some of Cuba’s neighbors.",Science,Foreign,News,article,1262,"Cuba; Goode, Erica; Environment; Embargoes and Sanctions; Economic Conditions and Trends; United States",https://www.nytimes.com/2015/07/02/science/earth/cubas-environmental-concerns-grow-with-prospect-of-us-presence.html
2015,2015-07-01T22:10:04Z,2010s,Jul-Aug,Your Wednesday Evening Briefing,Our nightly rundown will get you caught up on the day’s big stories.,,Our nightly rundown will get you caught up on the day’s big stories.,NYT Now,NYTNow,News,article,500,,https://www.nytimes.com/2015/07/01/nytnow/your-wednesday-evening-briefing.html
2015,2015-07-02T01:20:03Z,2010s,Jul-Aug,"A Problem of ‘Religion,’ and Polling, in China",China’s seemingly high number of atheists may have more to do with the politics of language than a rejection of religious belief.,,China’s seemingly high number of atheists may have more to do with the politics of language than a rejection of religious belief.,World,Foreign,News,article,761,,https://sinosphere.blogs.nytimes.com/2015/07/01/a-problem-of-religion-and-polling-in-china/
2015,2015-07-08T06:15:17Z,,,China’s Efforts Fail to Contain Market Plunge,"Despite further steps by Beijing to calm trading, shares plunged, extending a rout that began last month.",,,Business,,,,,,https://www.nytimes.com/2015/07/09/business/international/stock-sell-off-unabated-in-china.html
2015,2015-07-22T15:36:34Z,,,China Targeting Rights Lawyers in a Crackdown,More than 200 lawyers and associates have been detained on accusations of exploiting cases to enrich themselves and to attack the Communist Party.,,,World,,,,,,https://www.nytimes.com/2015/07/23/world/asia/china-crackdown-human-rights-lawyers.html
2015,2015-08-11T21:50:45Z,,,China’s Currency Move Clouds Its Policy Goals,"A month before President Xi Jinping’s visit to Washington, China devalued the renminbi, a move that could inflame critics in Congress.",,,Business,,,,,,https://www.nytimes.com/2015/08/12/business/international/china-renminbi-currency-devaluation.html
2015,2015-08-12T17:36:46Z,,,Devaluation Hints at China’s Rising Distress Over Economy,"China allowed the renminbi to weaken significantly for a third consecutive day, its biggest plunge in decades, increasing concerns that the sluggish economy is even worse off and that the government is panicking.",,,Business,,,,,,https://www.nytimes.com/2015/08/13/business/international/chinese-economic-vigor-is-disputed.html
2015,2015-08-17T15:34:37Z,,,China Turned to Risky Devaluation as Export Machine Stalled,A statement by China’s top leadership showed its willingness to make trade-offs to reinvigorate exports as a troubled economy risks setting off political turmoil.,,,Business,,,,,,https://www.nytimes.com/2015/08/18/business/international/chinas-devaluation-of-its-currency-was-a-call-to-action.html
2015,2015-08-22T13:11:44Z,,,Fading Economy and Graft Crackdown Rattle China’s Leaders,"A slowdown could mark the end of fast growth, while a campaign against official corruption has continued longer and reached higher than most had expected.",,,World,,,,,,https://www.nytimes.com/2015/08/23/world/asia/chinas-economy-and-graft-crackdown-rattle-leaders.html
2015,2015-08-27T01:08:42Z,,,"China Falters, and the Global Economy Is Forced to Adapt","With deepening economic fears about China, multinational corporations and countries are having to respond to a new reality as a once sure bet becomes uncertain.",,,Business,,,,,,https://www.nytimes.com/2015/08/27/business/international/china-falters-and-the-global-economy-is-forced-to-adapt.html
2015,2015-08-28T23:37:59Z,,,Consumer Anxiety in China Undermines Government’s Economic Plans,"Middle-class Chinese are reining in spending amid the economic slowdown, damaging the ruling party’s hopes to push consumer spending as a new engine of growth.",,,World,,,,,,https://www.nytimes.com/2015/08/29/world/asia/consumer-anxiety-in-china-undermines-governments-economic-plans.html
2015,2015-09-01T00:01:57Z,2010s,Sep-Oct,End-of-Summer Business Reading: Dreamers and the Defiant,"Summer’s almost gone, but in these last warm days you might reach into a few books on some of the people and creations that shape the economy.",,"Summer’s almost gone, but in these last warm days you might reach into a few books on some of the people and creations that shape the economy.",Business,Business,News,article,1159,"Sorkin, Andrew Ross; Books and Literature; Bernanke, Ben S; Browder, William F; McLean, Bethany; Musk, Elon; Popper, Nathaniel; Steinmetz, Gregory W (1961- ); Thiel, Peter A; Vance, Ashlee; Wolff, Michael (1953- )",https://www.nytimes.com/2015/09/01/business/dealbook/end-of-summer-reading-dreamers-and-the-defiant.html
2015,2015-09-01T00:14:50Z,2010s,Sep-Oct,Japan Nears Test Flight for Long-Delayed Regional Passenger Jet,Japan’s first commercial airliner in half a century — the Mitsubishi Regional Jet — will take its first test flight in October.,,Japan’s first commercial airliner in half a century — the Mitsubishi Regional Jet — will take its first test flight in October.,Business,Business,News,article,912,"Japan; Mouawad, Jad; Airlines and Airplanes; Mitsubishi Heavy Industries Limited; Factories and Manufacturing",https://www.nytimes.com/2015/09/01/business/international/japan-nears-test-flight-for-long-delayed-regional-passenger-jet.html
2015,2015-09-01T00:23:09Z,2010s,Sep-Oct,A Wild Month on Wall St. Ends Quietly ,"August’s turbulence interrupted an unusually long period of tranquillity, but some analysts found reasons to believe that the markets may have found a bottom.",,"August’s turbulence interrupted an unusually long period of tranquillity, but some analysts found reasons to believe that the markets may have found a bottom.",Business,Business,News,article,912,"Eavis, Peter; Stocks and Bonds; Standard & Poor's 500-Stock Index; United States Economy; Nasdaq Composite Index; Interest Rates; Dow Jones Stock Average; Federal Reserve System",https://www.nytimes.com/2015/09/01/business/a-wild-month-on-wall-st-ends-quietly.html
2015,2015-09-01T02:57:48Z,2010s,Sep-Oct,Explosion at Chinese Chemical Plant Is Said to Kill at Least 1,"The blast occurred in Shandong Province on Monday night, according to a report in the Chinese news media, and the fire was put out by early Tuesday.",,"The blast occurred in Shandong Province on Monday night, according to a report in the Chinese news media, and the fire was put out by early Tuesday.",World,Foreign,News,article,139,Explosions (Accidental); Deaths (Fatalities); Rui Hai International Logistics Co Ltd; China; Shandong Province (China),https://www.nytimes.com/2015/09/01/world/asia/explosion-at-chinese-chemical-plant-is-said-to-kill-at-least-1.html
2015,2015-09-01T06:23:18Z,2010s,Sep-Oct,Obama to Call for More Icebreakers in Arctic as U.S. Seeks Foothold,"The Coast Guard has the equivalent of just two “fully functional” heavy icebreakers, according to the White House, while Russia has 41.",,"The Coast Guard has the equivalent of just two “fully functional” heavy icebreakers, according to the White House, while Russia has 41.",U.S.,National,News,article,779,"Arctic Regions; Davis, Julie Hirschfeld; Icebreakers; Alaska; Global Warming; Obama, Barack; Glaciers; Ships and Shipping",https://www.nytimes.com/2015/09/02/us/politics/obama-to-call-for-more-icebreakers-in-arctic-as-us-seeks-foothold.html
2015,2015-09-01T07:21:05Z,2010s,Sep-Oct,China’s Crackdown on Rumors Will Only Hurt Its Economy,Jailing people won’t help the broader economy or the financial markets.,,Jailing people won’t help the broader economy or the financial markets.,Opinion,Editorial,Editorial,article,546,Editorials; Explosions (Accidental); Tianjin (China); Stocks and Bonds; News and News Media; Freedom of the Press; Economic Conditions and Trends; China,https://www.nytimes.com/2015/09/01/opinion/chinas-crackdown-on-rumors-will-only-hurt-its-economy.html
2015,2015-09-01T08:59:02Z,2010s,Sep-Oct,Between Iraq and a Hawk Base,G.O.P. presidential candidates are struggling to craft a foreign policy that can please the gung-ho and win in 2016 — without overpromising military force.,,G.O.P. presidential candidates are struggling to craft a foreign policy that can please the gung-ho and win in 2016 — without overpromising military force.,Magazine,Magazine,News,article,4413,"Draper, Robert (1959- ); Presidential Election of 2016; Iraq War (2003-11); United States Politics and Government; United States Defense and Military Forces; Islamic State in Iraq and Syria (ISIS); United States International Relations; Fontaine, Richard; Middle East",https://www.nytimes.com/2015/09/06/magazine/between-iraq-and-a-hawk-base.html
2015,2015-09-01T09:41:01Z,2010s,Sep-Oct,Slowdown at Chinese Factories Accelerates,"The service sector, which has been a bright spot, also showed signs of cooling in August.",,"The service sector, which has been a bright spot, also showed signs of cooling in August.",Business,Business,News,article,656,,https://www.nytimes.com/2015/09/02/business/international/slowdown-at-chinese-factories-accelerates.html
2015,2015-09-01T09:43:25Z,2010s,Sep-Oct,"As China’s Economy Falters, Military Parade Offers Chance to Burnish Image",The timing could hardly be better for the Communist Party as it grapples with a slumping stock market and fears that a slowdown could spur social unrest.,,The timing could hardly be better for the Communist Party as it grapples with a slumping stock market and fears that a slowdown could spur social unrest.,World,Foreign,News,article,1430,"Jacobs, Andrew; China; Parades; World War II (1939-45); Propaganda; Communist Party of China; Xi Jinping; Defense and Military Forces; Economic Conditions and Trends; Holidays and Special Occasions",https://www.nytimes.com/2015/09/02/world/asia/as-economy-falters-military-parade-offers-chance-to-burnish-chinas-image.html
2015,2015-09-01T09:49:55Z,2010s,Sep-Oct,A 2nd Suspect Is Arrested in Bangkok Shrine Bombing,"The capture, announced by the military government, was said to have been made at the border between Thailand and Cambodia.",,"The capture, announced by the military government, was said to have been made at the border between Thailand and Cambodia.",World,Foreign,News,article,807,"Fuller, Thomas; Bangkok (Thailand); Bombs and Explosives; Thailand; Erawan Shrine (Bangkok, Thailand)",https://www.nytimes.com/2015/09/02/world/asia/foreigner-arrested-in-connection-with-bangkok-shrine-bombing.html
2015,2015-09-01T10:23:48Z,2010s,Sep-Oct,GE Capital’s Australian Units Said to Be Receiving Final Bids From 3,"The businesses, which are being sold as General Electric moves away from banking, have a book value of about $1.8 billion.",,"The businesses, which are being sold as General Electric moves away from banking, have a book value of about $1.8 billion.",Business,Business,News,article,308,Auctions; Private Equity; GE Capital Corp; HNA Group Co Ltd; Australia,https://www.nytimes.com/2015/09/02/business/dealbook/ge-capital-buyers-narrowed-to-sankaty-lone-star-hna.html
2015,2015-09-01T10:28:37Z,2010s,Sep-Oct,Lawyer Who Advised Churches in China Faces Secretive Detention,"The police have issued an order that could place the lawyer, Zhang Kai, under secretive detention for six months, a colleague said.",,"The police have issued an order that could place the lawyer, Zhang Kai, under secretive detention for six months, a colleague said.",World,Foreign,News,article,533,"China; Buckley, Chris; Zhang Kai (Attorney); Legal Profession; Political Prisoners; Churches (Buildings); Christians and Christianity; Human Rights and Human Rights Violations",https://www.nytimes.com/2015/09/02/world/asia/china-lawyer-churches-zhang-kai.html
2015,2015-09-01T11:15:25Z,2010s,Sep-Oct,Morning Agenda: David Einhorn Surveys Investors,Dreamers and the Defiant | China Cracks Down on ‘Spreading Rumors’,,Dreamers and the Defiant | China Cracks Down on ‘Spreading Rumors’,Blogs,,News,article,1894,"Banking and Financial Institutions; Bitcoin (Currency); CHINA; Copper, Brass and Bronze; Hedge Funds; Popes; Stocks and Bonds; Moynihan, Brian T; Thiel, Peter A; ARGENTINA; AstraZeneca PLC; Bank of America Corporation; Bank of New York Mellon Corporation; MERGERS, ACQUISITIONS AND DIVESTITURES; RadioShack Corporation; Securities and Exchange Commission; Tesla Motors Inc; Valeant Pharmaceuticals International Inc; Whirlpool Corporation; Silicon Valley (Calif)",https://news.blogs.nytimes.com/2015/09/01/morning-agenda-david-einhorn-surveys-investors/
2015,2015-09-01T13:27:29Z,2010s,Sep-Oct,"Tests, Near and Far, for Sebastian Coe, Track’s New Chief","Coe, a Briton who was once the world’s best middle-distance runner, takes the helm at the I.A.A.F. amid questions about a potential conflict of interest and the dark cloud of doping.",,"Coe, a Briton who was once the world’s best middle-distance runner, takes the helm at the I.A.A.F. amid questions about a potential conflict of interest and the dark cloud of doping.",Sports,Sports,News,article,1073,"Clarey, Christopher; Track and Field; Coe, Sebastian; International Assn of Athletics Federations",https://www.nytimes.com/2015/09/01/sports/as-tracks-new-leader-sebastian-coe-faces-own-set-of-hurdles.html
2015,2015-09-01T14:42:08Z,2010s,Sep-Oct,Emails Show How Hillary Clinton Valued Input From Sidney Blumenthal,"As secretary of state, Mrs. Clinton often received messages from Mr. Blumenthal, a former journalist and White House official who addressed her as “H.”",,"As secretary of state, Mrs. Clinton often received messages from Mr. Blumenthal, a former journalist and White House official who addressed her as “H.”",U.S.,National,News,article,1485,"Clinton, Hillary Rodham; Baker, Peter; Blumenthal, Sidney; E-Mail; State Department; Presidential Election of 2016; United States Politics and Government",https://www.nytimes.com/2015/09/02/us/politics/emails-show-how-hillary-clinton-valued-input-from-sidney-blumenthal.html
2015,2015-09-01T17:25:33Z,2010s,Sep-Oct,Stocks Dive as Worries About Asia Reverberate,The Standard & Poor’s 500-stock index closed down nearly 3 percent and the Dow Jones industrial average plunged 469 points as turbulence continued.,,The Standard & Poor’s 500-stock index closed down nearly 3 percent and the Dow Jones industrial average plunged 469 points as turbulence continued.,Business,Business,News,article,1074,"Eavis, Peter; Stocks and Bonds; Jolly, David; Economic Conditions and Trends; China; United States; Factories and Manufacturing",https://www.nytimes.com/2015/09/02/business/dealbook/daily-stock-market-activity.html
2015,2015-09-01T17:52:21Z,2010s,Sep-Oct,Obama Nears Needed Votes on Iran Nuclear Deal,"Bob Casey and Chris Coons, both Democrats, say they will back the accord, all but clinching victory for the agreement.",,"Bob Casey and Chris Coons, both Democrats, say they will back the accord, all but clinching victory for the agreement.",World,Foreign,News,article,1149,"Herszenhorn, David M; Iran; Nuclear Weapons; Coons, Christopher A; Casey, Robert P Jr; Obama, Barack; United States Politics and Government; Democratic Party; Senate",https://www.nytimes.com/2015/09/02/us/politics/obama-gains-support-of-senator-bob-casey-for-iran-deal.html
2015,2015-09-01T18:48:45Z,2010s,Sep-Oct,"Growth at U.S. Factories Falls, but Construction Spending Reaches a 7-Year High",The Institute for Supply Management said its manufacturing index slid to 51.1 in August from 52.7 in July. A strong dollar and China’s lagging economy took their toll.,,The Institute for Supply Management said its manufacturing index slid to 51.1 in August from 52.7 in July. A strong dollar and China’s lagging economy took their toll.,Business,Business,News,article,449,United States Economy; Building (Construction); Factories and Manufacturing; Commerce Department; Institute for Supply Management; Economic Conditions and Trends,https://www.nytimes.com/2015/09/02/business/economy/factory-production-grows-at-slowest-pace-since-may-2013.html
2015,2015-09-01T19:24:32Z,2010s,Sep-Oct,Mr. Obama’s Urgent Arctic Message  ,The president’s trip to Alaska drove his point home that there’s no time to waste on climate change.,,The president’s trip to Alaska drove his point home that there’s no time to waste on climate change.,Opinion,Editorial,Editorial,article,697,"Editorials; Obama, Barack; Alaska; Arctic Regions; Global Warming",https://www.nytimes.com/2015/09/02/opinion/mr-obamas-urgent-arctic-message.html
2015,2015-09-01T20:51:09Z,2010s,Sep-Oct,"Google Antitrust Inquiries Spread Over Globe, With India the Latest Problem","While Google’s biggest regulatory challenge remains in Europe, authorities around the world are investigating its practices, with a report from India’s competition commission its latest problem.",,"While Google’s biggest regulatory challenge remains in Europe, authorities around the world are investigating its practices, with a report from India’s competition commission its latest problem.",Technology,Business,News,article,886,"Dougherty, Conor; Google Inc; Scott, Mark; Antitrust Laws and Competition Issues; India; Search Engines; Regulation and Deregulation of Industry; European Commission; Brazil",https://www.nytimes.com/2015/09/02/technology/google-antitrust-investigations-spread-across-the-globe.html
2015,2015-09-09T01:24:10Z,,,China Flexes Tech Muscles Before a State Visit,"As President Xi Jinping prepared to visit the United States, Washington warned of possible sanctions over digital attacks. Beijing pushed back by organizing a technology forum of industry leaders.",,,Technology,,,,,,https://www.nytimes.com/2015/09/09/science/china-flexes-tech-muscles-before-state-visit-with-meeting-of-industry-giants.html
2015,2015-09-09T12:00:04Z,,,China’s Response to Stock Plunge Rattles Traders,"In addition to imposing extraordinary restrictions on the sale of stocks, the authorities have harnessed a security apparatus usually more focused on political dissent.",,,World,,,,,,https://www.nytimes.com/2015/09/10/world/asia/in-china-a-forceful-crackdown-in-response-to-stock-market-crisis.html
2015,2015-09-19T16:12:11Z,,,U.S. and China Seek Arms Deal for Cyberspace,"The countries are discussing what could be the first arms control accord for cyberspace, and an agreement could be announced as soon as Thursday, according to officials.",,,World,,,,,,https://www.nytimes.com/2015/09/20/world/asia/us-and-china-seek-arms-deal-for-cyberspace.html
2015,2015-09-21T09:00:05Z,,,Xi Jinping of China Arriving in U.S. at Moment of Vulnerability,"The chill on the Chinese economy has eroded some of the sheen attached to Mr. Xi, and some analysts say he may want to project an especially strong image when holding talks in the United States.",,,World,,,,,,https://www.nytimes.com/2015/09/22/world/asia/chinas-xi-jinping-arriving-in-us-at-a-moment-of-vulnerability.html
2015,2015-09-24T09:00:06Z,,,China to Announce Cap-and-Trade Program to Limit Emissions,"China will announce a landmark commitment on Friday to limit and put a price on greenhouse gas emissions, a substantial step by the world’s largest polluter.",,,World,,,,,,https://www.nytimes.com/2015/09/25/world/asia/xi-jinping-china-president-obama-summit.html
2015,2015-10-29T11:10:45Z,,,"China Ends One-Child Policy, Allowing Families Two Children",The decision ends decades of restrictive policies that limited most urban families to one child.,,,World,,,,,,https://www.nytimes.com/2015/10/30/world/asia/china-end-one-child-policy.html
2015,2015-11-01T04:05:00Z,2010s,Nov-Dec,Four-Way Tie at Worlds,"Fan Yilin of China, Viktoria Komova of Russia and Daria Spiridonova and Madison Kocian of the United States tied for the top spot in the uneven bars finals at the world gymnastics championships in Glasgow.",,"Fan Yilin of China, Viktoria Komova of Russia and Daria Spiridonova and Madison Kocian of the United States tied for the top spot in the uneven bars finals at the world gymnastics championships in Glasgow.",Sports,Sports,Brief,article,134,Gymnastics; China; Russia; United States; Glasgow (Scotland),https://www.nytimes.com/2015/11/01/sports/four-way-tie-at-worlds.html
2015,2015-11-01T04:07:14Z,2010s,Nov-Dec,McIlroy a Stroke Back,"Rory McIlroy shot a five-under-par 67 in the third round, leaving him a stroke behind the leaders at the Turkish Airlines Open in Antalya, Turkey.",,"Rory McIlroy shot a five-under-par 67 in the third round, leaving him a stroke behind the leaders at the Turkish Airlines Open in Antalya, Turkey.",Sports,Sports,Brief,article,105,"Golf; McIlroy, Rory; Thomas, Justin (1993- ); Kim, Sei Young (1993- ); Steele, Brendan",https://www.nytimes.com/2015/11/01/sports/golf/mcilroy-a-stroke-back.html
2015,2015-11-01T08:34:38Z,2010s,Nov-Dec,"China, Japan and South Korea Pledge to Expand Trade at Joint Meeting","The return of trilateral talks among the three powers, last held in 2012, reflects their reliance on one another for badly needed growth.",,"The return of trilateral talks among the three powers, last held in 2012, reflects their reliance on one another for badly needed growth.",World,Foreign,News,article,764,"China; Choe Sang-Hun; Japan; South Korea; International Trade and World Market; Park Geun-hye; Abe, Shinzo; Li Keqiang",https://www.nytimes.com/2015/11/02/world/asia/china-japan-and-south-korea-conduct-first-trilateral-meeting-in-3-years.html
2015,2015-11-01T11:00:45Z,2010s,Nov-Dec,"Your Weekend Briefing: Syria, Sinai, Hillary Clinton, World Series",Here's what you need to know about the week's top stories.,,Here's what you need to know about the week's top stories.,NYT Now,NYTNow,News,article,847,,https://www.nytimes.com/2015/11/01/nytnow/your-weekend-briefing-syria-sinai-hillary-clinton-world-series.html
2015,2015-11-01T22:00:22Z,2010s,Nov-Dec,Q. and A.: Chan Koonchung on Imagining a Non-Communist China,"In Mr. Chan’s alternative history novel, “The Second Year of Jianfeng,” the country “would definitely have been a nicer place,” he said.",,"In Mr. Chan’s alternative history novel, “The Second Year of Jianfeng,” the country “would definitely have been a nicer place,” he said.",World,Foreign,News,article,815,Chan Koonchung; Communist Party; Chiang Ching-kuo; Books and Literature; Cultural Revolution; Chan Koonchung (1952- ); Chiang Ching-kuo (1910-88); Chiang Kai-shek; Deng Xiaoping; Mao Zedong; Chinese Nationalist Party (Taiwan); Communist Party of China; China; Taiwan,https://sinosphere.blogs.nytimes.com/2015/11/01/chan-koonchung-china-communist-nationalista-communist-defeat-in-china/
2015,2015-11-01T22:10:04Z,2010s,Nov-Dec,"Your Asia Briefing: Turkey’s Election, Russian Plane Crash, Asian Leaders",Here’s what you need to know to start your day in Asia.,,Here’s what you need to know to start your day in Asia.,NYT Now,NYTNow,briefing,article,911,,https://www.nytimes.com/2015/11/02/nytnow/your-asia-briefing.html
2015,2015-11-01T22:19:27Z,2010s,Nov-Dec,"In Lee Mingwei’s ‘Sonic Blossom’ at the Met, Schubert Is Intimate Installation Art",Mr. Lee’s installation presents singers performing Schubert lieder at face-to-face proximity to visitors in a contemporary gallery.,,Mr. Lee’s installation presents singers performing Schubert lieder at face-to-face proximity to visitors in a contemporary gallery.,Arts,Culture,News,article,866,"Art; Oestreich, James R; Metropolitan Museum of Art; Music; Classical Music; Opera; Lee Mingwei",https://www.nytimes.com/2015/11/02/arts/music/in-lee-mingweis-sonic-blossom-at-the-met-schubert-is-intimate-installation-art.html
2015,2015-11-01T22:47:20Z,2010s,Nov-Dec,"‘The Diplomat,’ a Son’s Documentary on Richard C. Holbrooke","The film is a career retrospective of a brilliant if infuriating statesman, coupled with a son’s search for the father who had been absent much of his life.",,"The film is a career retrospective of a brilliant if infuriating statesman, coupled with a son’s search for the father who had been absent much of his life.",Arts,Culture,News,article,850,"Holbrooke, Richard C; Shattuck, Kathryn; Holbrooke, David (Film Director); Television; Documentary Films and Programs; The Diplomat (Movie); Diplomatic Service, Embassies and Consulates",https://www.nytimes.com/2015/11/02/arts/television/the-diplomat-a-sons-documentary-on-richard-c-holbrooke.html
2015,2015-11-02T02:04:42Z,2010s,Nov-Dec,"Media Earnings, Yellen’s Testimony and the Jobs Report","This week, a pack of media companies will report earnings, the Federal Reserve chairwoman will testify about regulatory issues and the Labor Department will release the latest figures on hiring and unemployment.",,"This week, a pack of media companies will report earnings, the Federal Reserve chairwoman will testify about regulatory issues and the Labor Department will release the latest figures on hiring and unemployment.",Business,Business,News,article,1164,Company Reports; European Central Bank; Facebook Inc; Anheuser-Busch InBev NV; United States Economy; Labor and Jobs; Berkshire Hathaway Inc; Computers and the Internet; News and News Media,https://www.nytimes.com/2015/11/02/business/media-earnings-yellens-testimony-and-the-jobs-report.html
2015,2015-11-02T02:08:51Z,2010s,Nov-Dec,"Debris Suggests Russian Airliner Disintegrated While Aloft, Officials Say","The potential explanations for the fatal Egyptian Sinai crash include several possibilities, from a sudden mechanical or structural failure to a terrorist attack.",,"The potential explanations for the fatal Egyptian Sinai crash include several possibilities, from a sudden mechanical or structural failure to a terrorist attack.",World,Foreign,News,article,885,"Egypt; Clark, Nicola; Aviation Accidents, Safety and Disasters; Russia; Metrojet Flight 9268; Kogalymavia (Metrojet); Sinai Peninsula (Egypt)",https://www.nytimes.com/2015/11/02/world/europe/russian-airliner-evidently-disintegrated-while-aloft-officials-say.html
2015,2015-11-02T02:19:42Z,2010s,Nov-Dec,Lionsgate Seeks to Build on Its Library of Film Properties With Theme Parks,"Roller coasters and other rides based on the “Hunger Games” movies will anchor new theme parks in the United States and China, the studio’s chief brand officer said.",,"Roller coasters and other rides based on the “Hunger Games” movies will anchor new theme parks in the United States and China, the studio’s chief brand officer said.",Business,Business,News,article,1115,"Amusement and Theme Parks; Barnes, Brooks; Lions Gate Entertainment Corporation; Movies; The Hunger Games (Book); Step Up (Movie); Divergent (Movie)",https://www.nytimes.com/2015/11/02/business/media/lionsgate-seeks-to-build-on-its-library-of-film-properties-with-theme-parks.html
2015,2015-11-02T03:44:33Z,2010s,Nov-Dec,Leaders of South Korea and Japan Meet in Effort to Mend Ties,"Park Geun-hye of South Korea and Shinzo Abe of Japan agreed to support talks already underway between their governments to narrow differences, especially over the issue of so-called comfort women.",,"Park Geun-hye of South Korea and Shinzo Abe of Japan agreed to support talks already underway between their governments to narrow differences, especially over the issue of so-called comfort women.",World,Foreign,News,article,740,"Abe, Shinzo; Japan; Park Geun-hye; South Korea; Prostitution; World War II (1939-45); Comfort women; International Relations",https://www.nytimes.com/2015/11/02/world/asia/japan-south-korea-summit-park-geun-hye-shinzo-abe.html
2015,2015-11-02T07:46:56Z,2010s,Nov-Dec,HSBC Profit Rises on Lower Costs and Gains at Investment Bank,The British bank said its quarterly results had benefited from lower legal and regulatory costs and gains related to the value of its own debt.,,The British bank said its quarterly results had benefited from lower legal and regulatory costs and gains related to the value of its own debt.,Business,Business,News,article,793,"Bray, Chad; HSBC Holdings PLC.; Banking and Financial Institutions; Company Reports; Gulliver, Stuart T",https://www.nytimes.com/2015/11/03/business/dealbook/hsbc-third-quarter-bank-earnings.html
2015,2015-11-02T08:19:02Z,2010s,Nov-Dec,China’s New Two-Child Policy: ‘Too Little and Too Late’,A Population Council official calls on China to “drop all limits on childbearing.”,,A Population Council official calls on China to “drop all limits on childbearing.”,Opinion,Letters,Letter,article,182,Population; China,https://www.nytimes.com/2015/11/02/opinion/chinas-new-two-child-policy-too-little-and-too-late.html
2015,2015-11-02T08:20:22Z,2010s,Nov-Dec,Amartya Sen: Women’s Progress Outdid China’s One-Child Policy,"What really brought down China’s birthrate was its education and empowerment of women, not the one-child policy.",,"What really brought down China’s birthrate was its education and empowerment of women, not the one-child policy.",Opinion,OpEd,Op-Ed,article,947,"Sen, Amartya; China; Birth Rates; Population; Women and Girls; Birth Control and Family Planning; Child Abandonment; Women's Rights; Social Conditions and Trends",https://www.nytimes.com/2015/11/02/opinion/amartya-sen-womens-progress-outdid-chinas-one-child-policy.html
2015,2015-11-02T08:30:18Z,2010s,Nov-Dec,Asset Manager Amundi Could Raise Up to $2.2 Billion in I.P.O.,"The company was created in 2010 by a merger of the asset management operations of two French banks, Crédit Agricole and Société Générale.",,"The company was created in 2010 by a merger of the asset management operations of two French banks, Crédit Agricole and Société Générale.",Business,Business,News,article,287,Initial Public Offerings; Societe Generale; Credit Agricole SA,https://www.nytimes.com/2015/11/03/business/dealbook/amundi-asset-manager-ipo.html
2015,2015-11-02T08:58:58Z,2010s,Nov-Dec,Chinese Manager of Highflying Funds Is Arrested in Insider Trading Case,"The Shanghai investment firm of Xu Xiang, known as China’s Carl Icahn, was the subject of intense market speculation in September.",,"The Shanghai investment firm of Xu Xiang, known as China’s Carl Icahn, was the subject of intense market speculation in September.",Business,Business,News,article,934,"Forsythe, Michael; China; Xu Xiang; Insider Trading; Central Commission for Discipline Inspection (Communist Party of China); Corruption (Institutional); Zexi Investment; Citic Securities; Xinhua",https://www.nytimes.com/2015/11/03/business/international/xu-xiang-zexi-insider-trading-arrest-china.html
2015,2015-11-02T10:04:16Z,2010s,Nov-Dec,Former Editor of Xinjiang Newspaper in China Is Ousted From Communist Party,"The party said the former editor, Zhao Xinyu, had been expelled for openly discussing party policy and for corruption.",,"The party said the former editor, Zhao Xinyu, had been expelled for openly discussing party policy and for corruption.",World,Foreign,News,article,801,"Wong, Edward; China; Zhao Xinyu; Xinjiang Daily (Newspaper); Xinjiang (China); Communist Party of China; Uighurs (Chinese Ethnic Group); News and News Media; Newspapers",https://www.nytimes.com/2015/11/03/world/asia/china-editor-at-xinjiang-daily-zhao-xinyu-ousted-from-communist-party.html
2015,2015-11-02T11:02:43Z,2010s,Nov-Dec,The Morning Agenda:  The Privatization of the Justice System,Lessons in Investing From Valeant | HSBC Profit Jumps,,Lessons in Investing From Valeant | HSBC Profit Jumps,Blogs,,News,article,1694,"Accounting and Accountants; Arbitration, Conciliation and Mediation; Banking and Financial Institutions; Courts and the Judiciary; Cyberattacks and Hackers; Gold; Hedge Funds; Initial Public Offerings; Mergers, Acquisitions and Divestitures; SUPREME COURT (US); Dell, Michael S; Berkshire Hathaway Inc; Commerzbank AG; HSBC Holdings PLC.; Valeant Pharmaceuticals International Inc",https://news.blogs.nytimes.com/2015/11/02/the-morning-agenda-the-privatization-of-the-justice-system/
2015,2015-11-02T11:20:16Z,2010s,Nov-Dec,"Seen a Spy? With New Hotline, China Invites You to Call It In",The hotline comes after a spate of reported spying episodes around the country.,,The hotline comes after a spate of reported spying episodes around the country.,World,Foreign,News,article,695,"Espionage and Intelligence Services; Garratt, Julia Dawn; Garratt, Kevin; Phan-Gillis, Phan; Communist Party of China; China",https://sinosphere.blogs.nytimes.com/2015/11/02/seen-a-spy-with-new-hotline-china-invites-you-to-call-it-in/
2015,2015-11-03T22:14:37Z,,,"China, Taiwan and a Meeting After 66 Years","President Ma Ying-jeou of Taiwan is to confer with President Xi Jinping of China in Singapore on Saturday, according to statements from both.",,,World,,,,,,https://www.nytimes.com/2015/11/04/world/asia/leaders-of-china-and-taiwan-to-meet-for-first-time-since-1949.html
2015,2015-11-03T22:24:35Z,,,"China Burns Much More Coal Than Reported, Complicating Climate Talks","China has been using up to 17 percent more coal a year than reported. By some estimates, that means almost a billion more tons of carbon dioxide released annually.",,,World,,,,,,https://www.nytimes.com/2015/11/04/world/asia/china-burns-much-more-coal-than-reported-complicating-climate-talks.html
2015,2015-11-26T22:05:43Z,,,"China Bars Anastasia Lin, Miss World Canada (and Rights Advocate)","Miss Canada, Anastasia Lin, was denied a visa to attend the international pageant, apparently because she is outspoken about human-rights abuses in the country of her birth.",,,World,,,,,,https://www.nytimes.com/2015/11/27/world/asia/miss-world-contestant-barred-from-final-in-china-over-human-rights-advocacy.html
2015,2015-11-30T17:21:36Z,,,China’s Renminbi Is Approved by I.M.F. as a Main World Currency,"The International Monetary Fund’s move paves the way for the currency’s wider use in trade and finance, but may add volatility to the economy.",,,Business,,,,,,https://www.nytimes.com/2015/12/01/business/international/china-renminbi-reserve-currency.html
2015,2015-12-21T09:22:33Z,,,"Shenzhen, Embodying China’s Growth, Falls Risk to It","China’s rapid construction of new buildings, and the short life of many of those structures, have long created problems with unregulated dumping of construction waste.",,,World,,,,,,https://www.nytimes.com/2015/12/22/world/asia/china-landslide-shenzhen.html
2015,2015-12-25T10:30:26Z,,,"China Plans a New Silk Road, but Trade Partners Are Wary","Beijing’s effort to revive ancient trade routes is causing geopolitical strains, with countries like Turkey increasingly worried about becoming too dependent on China.",,,Business,,,,,,https://www.nytimes.com/2015/12/26/business/china-plans-a-new-silk-road-but-trading-partners-are-wary.html
2016,2016-01-01T04:42:31Z,2010s,Jan-Feb,China’s Homeless Find Shelter Under McDonald’s Golden Arches,"In major cities across East Asia, downtrodden people with no better place to sleep have made 24-hour McDonald’s restaurants their overnight home.",,"In major cities across East Asia, downtrodden people with no better place to sleep have made 24-hour McDonald’s restaurants their overnight home.",World,Foreign,News,article,1212,"Far East, South and Southeast Asia and Pacific Areas; Hernandez, Javier C; Restaurants; Homeless Persons; Tokyo (Japan); Beijing (China); Hong Kong; Fast Food Industry; China; McDonald's Corporation",https://www.nytimes.com/2016/01/02/world/asia/chinas-homeless-find-shelter-under-mcdonalds-golden-arches.html
2016,2016-01-01T08:20:22Z,2010s,Jan-Feb,Global Trade After the Failure of the Doha Round,"With the Doha talks dead, world leaders need to start thinking differently about the global trading system.",,"With the Doha talks dead, world leaders need to start thinking differently about the global trading system.",Opinion,Editorial,Editorial,article,600,International Trade and World Market; World Trade Organization; Trans-Pacific Partnership; Doha (Qatar); Editorials; Third World and Developing Countries,https://www.nytimes.com/2016/01/01/opinion/global-trade-after-the-failure-of-the-doha-round.html
2016,2016-01-01T14:34:52Z,2010s,Jan-Feb,Nostalgia and Surrealism Infuse Works of Chinese Animation Artist,The films of Zhang Xiaotao try to show what the intense pressure to achieve wealth and success in modern China does to the soul.,,The films of Zhang Xiaotao try to show what the intense pressure to achieve wealth and success in modern China does to the soul.,World,Foreign,Biography,article,1268,"Perlez, Jane; Zhang Xiaotao (1970- ); Movies; Animated Films; China; Art; Comic Books and Strips; Cultural Revolution; Berlin International Film Festival",https://www.nytimes.com/2016/01/02/world/asia/nostalgia-and-surrealism-infuse-works-of-chinese-animation-artist.html
2016,2016-01-01T22:29:06Z,2010s,Jan-Feb,"Jewish Deportee on Persecution, Past and Present","Marceline Loridan-Ivens, whose memoir takes the form of a letter to her murdered father, says the France where her family sought protection is increasingly at risk.",,"Marceline Loridan-Ivens, whose memoir takes the form of a letter to her murdered father, says the France where her family sought protection is increasingly at risk.",Books,Culture,News,article,1135,"Books and Literature; Erlanger, Steven; Loridan-Ivens, Marceline (1928- ); France; Holocaust and the Nazi Era; Terrorism; Concentration Camps; Charlie Hebdo; But You Did Not Come Back (Book); Jews and Judaism",https://www.nytimes.com/2016/01/02/books/a-french-deportee-life-at-auschwitz-and-history-repeating.html
2016,2016-01-02T00:25:50Z,2010s,Jan-Feb,China’s Economy Starts 2016 at Slowest Pace in Years,"China, the world’s second-largest economy, looked set for a weak start to 2016 after activity in the manufacturing sector contracted for a fifth straight month in December.",,"China, the world’s second-largest economy, looked set for a weak start to 2016 after activity in the manufacturing sector contracted for a fifth straight month in December.",Business,Business,Brief,article,164,China; Factories and Manufacturing; Economic Conditions and Trends,https://www.nytimes.com/2016/01/02/business/international/chinas-economy-starts-2016-at-slowest-pace-in-years.html
2016,2016-01-02T01:33:00Z,2010s,Jan-Feb,Our Favorite Styles Photos of 2015,A look at some of the year’s most striking Styles section images.,,A look at some of the year’s most striking Styles section images.,Fashion,Styles,News,article,58,Photography; Fashion and Apparel,https://www.nytimes.com/2016/01/01/fashion/our-favorite-styles-photos-of-2015.html
2016,2016-01-02T18:54:13Z,2010s,Jan-Feb,Sheldon Adelson’s Purchase of Las Vegas Paper Seen as a Power Play,The billionaire casino magnate's recent purchase of The Las Vegas Review-Journal has prompted concerns that he could use the newspaper to influence a lawsuit against his business empire.,,The billionaire casino magnate's recent purchase of The Las Vegas Review-Journal has prompted concerns that he could use the newspaper to influence a lawsuit against his business empire.,Business,Business,News,article,1936,"Meier, Barry; Las Vegas Review-Journal; Lovett, Ian; Adelson, Sheldon G; Somaiya, Ravi; Casinos; Las Vegas (Nev); Suits and Litigation (Civil); Gonzalez, Elizabeth (Judge); Smith, John L; Taylor, Jason P (1974- ); Nevada",https://www.nytimes.com/2016/01/03/business/media/sheldon-adelsonspurchase-of-las-vegas-paper-seen-as-a-power-play.html
2016,2016-01-02T22:26:01Z,2010s,Jan-Feb,China Grants Courts Greater Autonomy on Limited Matters,"China has been making significant reforms to its legal system, but many people see the past year as a period of retreat, rather than advance, in China’s effort to establish the rule of law.",,"China has been making significant reforms to its legal system, but many people see the past year as a period of retreat, rather than advance, in China’s effort to establish the rule of law.",World,Foreign,News,article,1249,China; Courts and the Judiciary; Suits and Litigation (Civil),https://www.nytimes.com/2016/01/03/world/asia/china-grants-courts-greater-autonomy-on-limited-matters.html
2016,2016-01-02T22:29:13Z,2010s,Jan-Feb,Xinjiang Seethes Under Chinese Crackdown ,The Chinese government has introduced unprecedented measures aimed at shaping the behavior and beliefs of China’s 10 million Uighurs.,,The Chinese government has introduced unprecedented measures aimed at shaping the behavior and beliefs of China’s 10 million Uighurs.,World,Foreign,News,article,1463,China; Xinjiang (China); Uighurs (Chinese Ethnic Group); Muslims and Islam; Search and Seizure; Minorities,https://www.nytimes.com/2016/01/03/world/asia/xinjiang-seethes-under-chinese-crackdown.html
2016,2016-01-02T22:54:50Z,2010s,Jan-Feb,Foreign-Policy Trips Fill Obama’s Schedule for Final Year,"In addition to travel to support Democratic candidates for the 2016 elections, President Obama’s calendar already includes two trips to Asia, two to Europe and at least one to Latin America.",,"In addition to travel to support Democratic candidates for the 2016 elections, President Obama’s calendar already includes two trips to Asia, two to Europe and at least one to Latin America.",U.S.,National,News,article,933,"Obama, Barack; Harris, Gardiner; Air Force One (Jet); United States International Relations; Sunnylands (Rancho Mirage, Calif); Assn of Southeast Asian Nations",https://www.nytimes.com/2016/01/03/us/foreign-policy-trips-fill-obamas-schedule-for-final-year.html
2016,2016-01-03T09:56:18Z,2010s,Jan-Feb,Be True to Yourself,"Daniela Riccardi is chief executive of Baccarat, a manufacturer and retailer of luxury crystal products.",,"Daniela Riccardi is chief executive of Baccarat, a manufacturer and retailer of luxury crystal products.",Business,Business,Question,article,1218,Executives and Management (Theory),https://www.nytimes.com/2016/01/04/business/international/daniela-riccardi-of-baccarat-be-true-to-yourself.html
2016,2016-01-03T17:14:04Z,2010s,Jan-Feb,A Chinese Almanac That Takes a Wary View of the New Year,"Joanna C. Lee and her husband, Ken Smith, the publishers of the Pocket Chinese Almanac, say this year’s version warns of unpredictable climates and unusual circumstances.",,"Joanna C. Lee and her husband, Ken Smith, the publishers of the Pocket Chinese Almanac, say this year’s version warns of unpredictable climates and unusual circumstances.",New York,Metro,News,article,1183,"Almanacs; Barron, James; Books and Literature; Lee, Joanna C (1963- ); Smith, Kenneth E (1965- ); Two Thousand Sixteen; Lunar New Year; Translation and Interpreters; Chinese-Americans; Pocket Chinese Almanac (Book)",https://www.nytimes.com/2016/01/04/nyregion/a-chinese-almanac-that-takes-a-wary-view-of-the-new-year.html
2016,2016-01-03T18:45:20Z,2010s,Jan-Feb,"A Standout Year for Deals, in Volume and Complexity","Last year generated $4.7 trillion in announced deals, but it was also characterized by dozens of complex and creative financial structures.",,"Last year generated $4.7 trillion in announced deals, but it was also characterized by dozens of complex and creative financial structures.",Business,Business,News,article,1266,"Mergers, Acquisitions and Divestitures; Picker, Leslie; Shareholder Rights and Activism; Regulation and Deregulation of Industry; Corporate Taxes",https://www.nytimes.com/2016/01/04/business/dealbook/a-standout-year-for-deals-in-volume-and-complexity.html
2016,2016-01-03T19:37:20Z,2010s,Jan-Feb,‘Star Wars: The Force Awakens’ Continues Box-Office Reign,"The film has now sold $740.3 million in tickets at domestic theaters, according to Rentrak, which compiles box- office data.",,"The film has now sold $740.3 million in tickets at domestic theaters, according to Rentrak, which compiles box- office data.",Arts,Culture,News,article,173,"Movies; Tarantino, Quentin; Paramount Pictures; Walt Disney Company; Weinstein Co; North America",https://artsbeat.blogs.nytimes.com/2016/01/03/star-wars-the-force-awakens-continues-box-office-reign/
2016,2016-01-03T22:00:08Z,2010s,Jan-Feb,Bringing U.S. Presidential Debates to a Chinese Audience,"The Guojiang Subtitle Group brings together about 70 volunteers from across the country to produce Chinese subtitles, including for the presidential debates.",,"The Guojiang Subtitle Group brings together about 70 volunteers from across the country to produce Chinese subtitles, including for the presidential debates.",World,Foreign,News,article,1013,"China; Guo, Owen; Presidential Election of 2016; Video Recordings, Downloads and Streaming; Guojiang Subtitle Group (China); Debates (Political); Translation and Interpreters; Polls and Public Opinion; United States International Relations",https://www.nytimes.com/2016/01/04/world/asia/china-presidential-debates-trump-clinton.html
2016,2016-01-04T00:50:32Z,2010s,Jan-Feb,"Raine Group Finds Deals for Clients, and Itself","Quiet, huge transactions include selling a $400 million stake in Manchester City soccer team’s parent to China Media.",,"Quiet, huge transactions include selling a $400 million stake in Manchester City soccer team’s parent to China Media.",Business,Business,News,article,1181,"de la Merced, Michael J; Raine Group LLC; Ravitch, Joseph (1962- ); Sine, Jeffrey (1954- ); Mergers, Acquisitions and Divestitures; News and News Media",https://www.nytimes.com/2016/01/04/business/dealbook/raine-group-finds-deals-for-clients-and-itself.html
2016,2016-01-04T03:28:14Z,2010s,Jan-Feb,"A Soccer Team, Its Foreign Owner and Local Discontent","Eighteen months after Wang Hui, a Chinese businessman, bought the Dutch soccer club ADO Den Haag, the team is far from being the powerhouse Wang promised to make it.",,"Eighteen months after Wang Hui, a Chinese businessman, bought the Dutch soccer club ADO Den Haag, the team is far from being the powerhouse Wang promised to make it.",Sports,Sports,News,article,1605,"Soccer; Montague, James; Wang Hui; Netherlands; Hague (Netherlands); Coaches and Managers; ADO Den Haag (Soccer Team); China; Wang Hui (Businessman)",https://www.nytimes.com/2016/01/04/sports/soccer/dutch-soccer-team-ado-den-haag-chinese-owner-wang-hui.html
2016,2016-01-04T05:00:08Z,2010s,Jan-Feb,Library of Congress Anoints Graphic Novelist as Ambassador for Young People’s Literature,"Gene Luen Yang, known for “Secret Coders” and “American Born Chinese,” hopes to lure readers beyond their comfort zones.",,"Gene Luen Yang, known for “Secret Coders” and “American Born Chinese,” hopes to lure readers beyond their comfort zones.",Books,Culture,News,article,874,"Gustines, George Gene; Books and Literature; Yang, Gene Luen; Comic Books and Strips; Library of Congress; National Ambassador for Young People's Literature; DC Comics; American Born Chinese (Book); Secret Coders (Book)",https://www.nytimes.com/2016/01/04/books/library-of-congress-anoints-graphic-novelist-as-ambassador-for-young-peoples-literature.html
2016,2016-01-04T08:30:08Z,2010s,Jan-Feb,Wall St. Slides After Chinese Stocks Plunge,Weak manufacturing data for China and worries about the depreciation of the renminbi pushed stocks in the United States and Europe sharply lower.,,Weak manufacturing data for China and worries about the depreciation of the renminbi pushed stocks in the United States and Europe sharply lower.,Business,Business,News,article,1045,"China; Stocks and Bonds; Far East, South and Southeast Asia and Pacific Areas; Renminbi (Currency); Factories and Manufacturing; Hong Kong; Company Reports; New Year",https://www.nytimes.com/2016/01/05/business/international/stocks-asia-markets-china.html
2016,2016-01-04T10:00:20Z,2010s,Jan-Feb,"As Voting for Successor Nears, Obama Seeks to Keep the Spotlight","The president is determined to remain relevant in his final year of office, a time that recent experience shows can be of enormous consequence even if his influence is waning.",,"The president is determined to remain relevant in his final year of office, a time that recent experience shows can be of enormous consequence even if his influence is waning.",U.S.,National,News,article,1211,"Obama, Barack; Baker, Peter; State of the Union Message (US); Trans-Pacific Partnership; International Trade and World Market; Crime and Criminals; Presidential Election of 2016; Presidents and Presidency (US); United States Politics and Government; Bush, George W; Clinton, Bill; Reagan, Ronald Wilson",https://www.nytimes.com/2016/01/05/us/politics/as-voting-for-successor-nears-obama-seeks-to-keep-the-spotlight.html
2016,2016-03-01T02:08:53Z,2010s,Mar-Apr,Utilities Cautioned About Potential for a Cyberattack,"Working remotely, attackers conducted “extensive reconnaissance” of the Ukraine power system’s networks, stole the credentials of operators and learned how to switch off the breakers, plunging more than 225,000 Ukrainians into darkness.",,"Working remotely, attackers conducted “extensive reconnaissance” of the Ukraine power system’s networks, stole the credentials of operators and learned how to switch off the breakers, plunging more than 225,000 Ukrainians into darkness.",U.S.,Foreign,News,article,951,"Sanger, David E; Cyberwarfare and Defense; Ukraine; Russia; Power Failures and Blackouts; United States; Homeland Security Department; Obama, Barack; Cyberattacks and Hackers",https://www.nytimes.com/2016/03/01/us/politics/utilities-cautioned-about-potential-for-a-cyberattack-after-ukraines.html
2016,2016-03-01T08:35:01Z,2010s,Mar-Apr,Glencore’s Big Loss Reflects Hard Times for Mining Companies,"With Rio Tinto and BHP Billiton, among others, the company is struggling as a result of the slowdown in China and other countries that had driven global growth.",,"With Rio Tinto and BHP Billiton, among others, the company is struggling as a result of the slowdown in China and other countries that had driven global growth.",Business,Business,News,article,1123,"Reed, Stanley; Glencore International AG; Mines and Mining; Commodities; Company Reports",https://www.nytimes.com/2016/03/02/business/international/glencore-earnings.html
2016,2016-03-01T09:12:00Z,2010s,Mar-Apr,Chinese Court Upholds Life Sentence for Top Aide to Bo Xilai,"The court rejected an appeal by the aide, Wu Wenkang, who had been given a life sentence by a lower court in late 2014.",,"The court rejected an appeal by the aide, Wu Wenkang, who had been given a life sentence by a lower court in late 2014.",World,Foreign,News,article,685,"China; Wu, Wenkang; Bo Xilai; Communist Party of China; Gu Kailai",https://www.nytimes.com/2016/03/02/world/asia/china-bo-xilai-aide-wu-wenkang.html
2016,2016-03-01T10:54:46Z,2010s,Mar-Apr,Morning Agenda: Barclays to Sell Unit in Africa,Argentina Reaches Deal With Hedge Funds | Britain’s Donald Trump Moment,,Argentina Reaches Deal With Hedge Funds | Britain’s Donald Trump Moment,Blogs,,News,article,1808,"Banking and Financial Institutions; Bonuses; Cyberattacks and Hackers; Data Storage; E-Commerce; Economic Conditions and Trends; GREAT BRITAIN; Hedge Funds; Insider Trading; Referendums; Icahn, Carl C; Chevron Corporation; Citigroup Inc; Dick's Sporting Goods Inc; European Union; Federal Housing Administration; Goldman Sachs Group Inc; HSBC Holdings PLC.; International Business Machines Corporation; New York Stock Exchange; Securities and Exchange Commission; Valeant Pharmaceuticals International Inc; Africa; Argentina; China",https://news.blogs.nytimes.com/2016/03/01/morning-agenda-barclays-to-sell-unit-in-africa/
2016,2016-03-01T11:05:10Z,2010s,Mar-Apr,Q. and A.: Zhang Fan on Chinese ‘Parachute Kids’ in the U.S.,"Zhang Fan, whose son is in prison for a grisly assault in California, discusses the problems faced by youths sent to the United States for better opportunities.",,"Zhang Fan, whose son is in prison for a grisly assault in California, discusses the problems faced by youths sent to the United States for better opportunities.",World,Foreign,Question,article,1004,China; International Study and Teaching; Assaults; Kidnapping and Hostages; Liu Yiran; Yang Yuhan; Zhai Yunyao; Zhang Xinlei; Rowland Heights (Calif),https://www.nytimes.com/2016/03/02/world/asia/china-parachute-kids-california.html
2016,2016-03-01T12:23:07Z,2010s,Mar-Apr,"In a Harvard Scholar’s 18th-Century History, Glimpses of Modern China","The Harvard historian Philip A. Kuhn’s book on a 1768 sorcery scare has drawn parallels to today’s China, and his death has revived the questions he posed.",,"The Harvard historian Philip A. Kuhn’s book on a 1768 sorcery scare has drawn parallels to today’s China, and his death has revived the questions he posed.",World,Foreign,News,article,866,"Soulstealers: The Chinese Sorcery Scare of 1768 (Book); Kuhn, Philip A; China; History (Academic Subject); Books and Literature; Harvard University Press",https://www.nytimes.com/2016/03/02/world/asia/philip-kuhn-china-harvard.html
2016,2016-03-01T17:58:38Z,2010s,Mar-Apr,Chinese Brewer to Buy SABMiller’s Stake in Snow Beer Maker,"Anheuser-Busch InBev hopes the sale will ease regulators’ concerns about its nearly $104 billion merger with SABMiller, which owns part of CR Snow.",,"Anheuser-Busch InBev hopes the sale will ease regulators’ concerns about its nearly $104 billion merger with SABMiller, which owns part of CR Snow.",Business,Business,News,article,370,"Bray, Chad; China Resources Holdings; de la Merced, Michael J; SABMiller; Anheuser-Busch InBev NV; Mergers, Acquisitions and Divestitures; Antitrust Laws and Competition Issues; Beer",https://www.nytimes.com/2016/03/02/business/dealbook/sabmiller-said-to-be-in-talks-to-sell-stake-in-snow-brand.html
2016,2016-03-01T21:03:13Z,2010s,Mar-Apr,Does a Carbon Tax Work? Ask British Columbia,A conservative party in the province introduced a carbon tax in 2008. The important lesson for American skeptics is that the policy worked as advertised.,,A conservative party in the province introduced a carbon tax in 2008. The important lesson for American skeptics is that the policy worked as advertised.,Business,Business,News,article,1397,"Porter, Eduardo; Global Warming; Greenhouse Gas Emissions; Canada; Carbon Dioxide; Presidential Election of 2016; Carbon Caps and Emissions Trading Programs",https://www.nytimes.com/2016/03/02/business/does-a-carbon-tax-work-ask-british-columbia.html
2016,2016-03-01T23:20:33Z,2010s,Mar-Apr,How North Korea Poses a Threat,A look at why North Korea has festered as an international crisis for more than a half-century and the international response to that threat.,,A look at why North Korea has festered as an international crisis for more than a half-century and the international response to that threat.,World,Foreign,Question,article,613,Economic Conditions and Trends; United States International Relations; North Korea; Kim Jong-un; Security Council (UN); China,https://www.nytimes.com/2016/03/02/world/asia/how-north-korea-poses-a-threat.html
2016,2016-03-01T23:25:51Z,2010s,Mar-Apr,A Conversation With Paul L. Whalen,Paul L. Whalen is a partner of Robert A.M. Stern Architects and a lead designer of prominent residential buildings like 15 Central Park West.,,Paul L. Whalen is a partner of Robert A.M. Stern Architects and a lead designer of prominent residential buildings like 15 Central Park West.,Real Estate,Business,Interview,article,1095,"Whalen, Paul L (1955- ); Marino, Vivian; Stern, Robert A M; Architecture; Real Estate and Housing (Residential); Design; Manhattan (NYC)",https://www.nytimes.com/2016/03/02/realestate/commercial/a-conversation-with-paul-l-whalen.html
2016,2016-03-02T00:40:17Z,2010s,Mar-Apr,Vote Is Set on North Korea Sanctions,"The United States and China spent seven weeks negotiating the new sanctions, which includes mandatory inspections of cargo ships.",,"The United States and China spent seven weeks negotiating the new sanctions, which includes mandatory inspections of cargo ships.",World,Foreign,Brief,article,98,North Korea; United Nations; Russia; Nuclear Tests; International Relations; Embargoes and Sanctions; Security Council (UN); United States,https://www.nytimes.com/2016/03/02/world/asia/vote-is-set-on-north-korea-sanctions.html
2016,2016-03-02T00:57:15Z,2010s,Mar-Apr," As Air Worsens, New Delhi Turns to Masks. The Flashier the Better.",Expatriates and health-conscious Indians are leading the way in protecting themselves against the health-threatening atmosphere.,,Expatriates and health-conscious Indians are leading the way in protecting themselves against the health-threatening atmosphere.,World,Foreign,News,article,994,"Anand, Geeta; New Delhi (India); Air Pollution; Protective Clothing and Gear; Masks; World Health Organization; American Embassy School (New Delhi, India)",https://www.nytimes.com/2016/03/02/world/asia/as-air-worsens-new-delhi-turns-to-masks-the-flashier-the-better.html
2016,2016-03-02T03:28:28Z,2010s,Mar-Apr,Why Trump Now?,What made it all come together for the Republican presidential frontrunner in 2016.,,What made it all come together for the Republican presidential frontrunner in 2016.,Opinion,OpEd,Op-Ed,article,1676,"Presidential Election of 2016; Trump, Donald J; Republican Party; United States Economy; Labor and Jobs; Income Inequality; Wages and Salaries; China; International Trade and World Market",https://www.nytimes.com/2016/03/02/opinion/campaign-stops/why-trump-now.html
2016,2016-03-02T09:47:08Z,2010s,Mar-Apr,Statistics From China Say Coal Consumption Continues to Drop,The data lends further support to the view that the world’s largest emitter of carbon dioxide may be reaching a peak in coal consumption.,,The data lends further support to the view that the world’s largest emitter of carbon dioxide may be reaching a peak in coal consumption.,World,Foreign,News,article,790,"Wong, Edward; China; Coal; Greenhouse Gas Emissions; Global Warming; Economic Conditions and Trends; Xi Jinping; Global Carbon Project; National Bureau of Statistics (China)",https://www.nytimes.com/2016/03/03/world/asia/china-coal-consumption-down.html
2016,2016-03-02T10:56:09Z,2010s,Mar-Apr,Morning Agenda: Shale Baron Is Charged in Rigging of Leases,Tenure Voting Could Shift Power Balance | SABMiller Sells Stake in Top Beer | Even Traders Are Confused by Stock Exchange Prices,,Tenure Voting Could Shift Power Balance | SABMiller Sells Stake in Top Beer | Even Traders Are Confused by Stock Exchange Prices,Blogs,,News,article,1844,"ARGENTINA; Beer; Bitcoin (Currency); Bribery and Kickbacks; Drilling and Boring; Hedge Funds; High-Frequency and Flash Trading; Mortgages; Shale; Shareholder Rights and Activism; Stocks and Bonds; Trump, Donald J; Alibaba Group Holding Ltd; Apollo Global Management L.L.C; Ball Corporation; Barclays PLC; Chesapeake Energy Corporation; CHINA; Facebook Inc; Honeywell International Inc; Justice Department; KKR & Co LP; Rexam PLC.; Securities and Exchange Commission; The Blackstone Group; United Technologies Corporation; India",https://news.blogs.nytimes.com/2016/03/02/morning-agenda-shale-baron-is-charged-in-rigging-of-leases/
2016,2016-03-02T12:00:06Z,2010s,Mar-Apr,Annie Dillard’s Impossible Pages,Three early and unpublished works by the author of “Pilgrim at Tinker Creek.”,,Three early and unpublished works by the author of “Pilgrim at Tinker Creek.”,Magazine,Magazine,News,article,2776,"Dillard, Annie; Books and Literature; Poetry and Poets; Comedy and Humor; Writing and Writers",https://www.nytimes.com/2016/03/06/magazine/annie-dillards-impossible-pages.html
2016,2016-03-02T12:22:10Z,2010s,Mar-Apr,"Hidden Message Suspected on Chinese Front Page, and Speculation Swirls","Though hidden poems are a political tradition in China, some were skeptical that anyone would take the risk in a time of tightening government control.",,"Though hidden poems are a political tradition in China, some were skeptical that anyone would take the risk in a time of tightening government control.",World,Foreign,News,article,889,Southern Metropolitan Daily (Newspaper); Newspapers; Beijing (China); Nanfang Media Group; China; Southern Metropolis Daily; Shenzhen (China); Communist Party of China; Poetry and Poets; Freedom of Speech and Expression; Xi Jinping; Yuan Geng (1917-2016); Ren Tianyang; Wang Haijun; Liu Yuxia,https://www.nytimes.com/2016/03/03/world/asia/china-southern-metropolis-daily.html
2016,2016-03-02T15:27:14Z,2010s,Mar-Apr,U.N. Toughens Sanctions on North Korea in Response to Its Nuclear Program,"The Council adopted a draft resolution calling for stricter measures to curb the North’s nuclear program, but much depends on whether China will enforce it.",,"The Council adopted a draft resolution calling for stricter measures to curb the North’s nuclear program, but much depends on whether China will enforce it.",World,Foreign,News,article,1047,"Choe Sang-Hun; North Korea; China; Sengupta, Somini; United States International Relations; United Nations; Nuclear Weapons; United States; Nuclear Tests; Security Council (UN); Embargoes and Sanctions; Missiles and Missile Defense Systems; Kim Jong-un; International Relations; Obama, Barack; Human Rights and Human Rights Violations; International Trade and World Market; Arms Control and Limitation and Disarmament",https://www.nytimes.com/2016/03/03/world/asia/north-korea-un-sanctions.html
2016,2016-03-02T15:37:04Z,2010s,Mar-Apr,Obama’s Long Game for Cubans’ Rights,The gamble: Coercing the Castro government hasn’t worked. Engaging it will produce more freedom and openness in the end.,,The gamble: Coercing the Castro government hasn’t worked. Engaging it will produce more freedom and openness in the end.,Opinion,OpEd,Op-Ed,article,908,Cuba; Human Rights and Human Rights Violations; United States International Relations,https://www.nytimes.com/2016/03/03/opinion/obamas-long-game-for-cubans-rights.html
2016,2016-03-02T16:54:18Z,2010s,Mar-Apr,U.S. Proposes Reviving Naval Coalition to Balance China’s Expansion,The proposal is the latest overture to India to become part of an informal network of naval powers seeking to balance China’s maritime growth.,,The proposal is the latest overture to India to become part of an informal network of naval powers seeking to balance China’s maritime growth.,World,Foreign,News,article,737,"Japan; Australia; India; United States International Relations; Defense and Military Forces; Harris, Harry B Jr; China; United States Defense and Military Forces; Modi, Narendra; Xi Jinping",https://www.nytimes.com/2016/03/03/world/asia/us-proposes-india-naval-coalition-balance-china-expansion.html
2016,2016-05-01T04:29:57Z,2010s,May-Jun,Brian Stuard Holds One-Shot Lead in Zurich Classic,"Stuard completed his second straight bogey-free round to take a one-shot lead at the waterlogged Zurich Classic in Avondale, La.",,"Stuard completed his second straight bogey-free round to take a one-shot lead at the waterlogged Zurich Classic in Avondale, La.",Sports,Sports,Brief,article,137,"Golf; Stuard, Brian; Zurich Classic (Golf)",https://www.nytimes.com/2016/05/01/sports/golf/brian-stuard-holds-one-shot-lead-in-zurich-classic.html
2016,2016-05-01T09:30:35Z,2010s,May-Jun,"Your Weekend Briefing: Ted Cruz, Donald Trump, N.F.L.",Here’s what you need to know about the week’s top stories.,,Here’s what you need to know about the week’s top stories.,NYT Now,NYTNow,News,article,825,,https://www.nytimes.com/2016/05/01/nytnow/your-weekend-briefing-ted-cruz-donald-trump-nfl.html
2016,2016-05-01T12:11:32Z,2010s,May-Jun,Indiana Economy Offers Caution and Inspiration as Primary Nears,"Closed factories and lost jobs are driving economic themes as the state votes on Tuesday, but this Midwestern manufacturing hub is no image of decline.",,"Closed factories and lost jobs are driving economic themes as the state votes on Tuesday, but this Midwestern manufacturing hub is no image of decline.",U.S.,National,News,article,1085,"Indiana; Gabriel, Trip; United States Economy; Factories and Manufacturing; Presidential Election of 2016; Labor and Jobs; Elkhart (Ind); Layoffs and Job Reductions; Trump, Donald J; Clinton, Hillary Rodham; Sanders, Bernard",https://www.nytimes.com/2016/05/02/us/politics/indiana-primary-economy.html
2016,2016-05-01T17:17:40Z,2010s,May-Jun,Ignoring the Politics of Bad News,"The candidates are portraying an America under threat from its challenges, which plays down progress made on many economic and social issues.",,"The candidates are portraying an America under threat from its challenges, which plays down progress made on many economic and social issues.",U.S.,National,News,article,630,United States Economy; Presidential Election of 2016; Recession and Depression; Income Inequality,https://www.nytimes.com/2016/05/02/us/politics/us-elections-economy.html
2016,2016-05-01T19:25:40Z,2010s,May-Jun,Nico Rosberg Takes Russian Grand Prix for Seventh Win in a Row,"Rosberg extended his lead in the Formula One series over his Mercedes teammate Lewis Hamilton, who finished second on Sunday.",,"Rosberg extended his lead in the Formula One series over his Mercedes teammate Lewis Hamilton, who finished second on Sunday.",Sports,Sports,News,article,942,Formula One,https://www.nytimes.com/2016/05/02/sports/autoracing/nico-rosberg-wins-russian-grand-prix-mercedes-formula-one.html
2016,2016-05-01T22:15:04Z,2010s,May-Jun,Little Sugarcoating in Cao Wenxuan’s Children’s Books,The chaotic years of the Cultural Revolution in China form the backdrop for many of his stories.,,The chaotic years of the Cultural Revolution in China form the backdrop for many of his stories.,Books,Culture,News,article,1066,Cao Wenxuan; Books and Literature; China; Lu Xun (1881-1936),https://www.nytimes.com/2016/05/02/arts/international/profile-cao-wenxuan-hans-christian-andersen-award-winner.html
2016,2016-05-01T23:13:09Z,2010s,May-Jun,New York City Casts a Net to Catch the Next Big Start-Up,"A nonprofit, Tech:NYC, aims to make New York more appealing to start-ups, big tech companies and venture firms.",,"A nonprofit, Tech:NYC, aims to make New York more appealing to start-ups, big tech companies and venture firms.",Technology,Business,News,article,1279,"Lohr, Steve; Start-ups; Tech:NYC; New York City; Entrepreneurship; Computers and the Internet; Venture Capital; Labor and Jobs; Relocation of Business",https://www.nytimes.com/2016/05/02/technology/new-york-city-casts-a-net-to-catch-the-next-big-start-up.html
2016,2016-05-01T23:43:43Z,2010s,May-Jun,An Economic Forecast for the European Union,"The European Commission will discuss growth and employment across its member states, and earnings reports are expected for Alibaba, HSBC and UBS.",,"The European Commission will discuss growth and employment across its member states, and earnings reports are expected for Alibaba, HSBC and UBS.",Business,Business,News,article,952,Labor and Jobs; Automobiles; Company Reports; Banking and Financial Institutions; Steel and Iron; Wills and Estates,https://www.nytimes.com/2016/05/02/business/an-economic-forecast-for-the-european-union.html
2016,2016-05-02T00:02:53Z,2010s,May-Jun,Thai Officials Battle Buddhist Monks Over Tigers’ Fate,"The Tiger Temple, a wildlife attraction backed by monks but accused of abuse and exploitation, filed a lawsuit to stop the government from shutting it down.",,"The Tiger Temple, a wildlife attraction backed by monks but accused of abuse and exploitation, filed a lawsuit to stop the government from shutting it down.",World,Foreign,News,article,1471,"Tigers; Paddock, Richard C; Thailand; Monasteries and Monks; Buddhism; Endangered and Extinct Species; Animal Abuse, Rights and Welfare; Tiger Temple (Thailand); Suits and Litigation (Civil); Poaching (Wildlife); Kanchanaburi Province (Thailand)",https://www.nytimes.com/2016/05/02/world/asia/thailand-tiger-temple.html
2016,2016-05-02T00:42:05Z,2010s,May-Jun,"China Lending Inflates Real Estate, Stocks, Even Egg Futures","Beijing’s infusions of cash to support its economy tend to lead to investment bubbles, often in unexpected places, as the commodities market shows.",,"Beijing’s infusions of cash to support its economy tend to lead to investment bubbles, often in unexpected places, as the commodities market shows.",Business,Business,News,article,1038,"China; Eggs; Futures and Options Trading; Commodities; Economic Conditions and Trends; Prices (Fares, Fees and Rates)",https://www.nytimes.com/2016/05/02/business/dealbook/china-lending-inflates-real-estate-stocks-even-egg-futures.html
2016,2016-05-02T03:30:34Z,2010s,May-Jun,Two Share Lead in Louisiana,"Jhonattan Vegas birdied two holes in the rain-delayed third round of the Zurich Classic in Avondale, La., giving him a share of the lead with Brian Stuard.",,"Jhonattan Vegas birdied two holes in the rain-delayed third round of the Zurich Classic in Avondale, La., giving him a share of the lead with Brian Stuard.",Sports,Sports,Brief,article,147,"Golf; Vegas, Jhonattan; Stuard, Brian; Zurich Classic (Golf)",https://www.nytimes.com/2016/05/02/sports/golf/two-share-lead-in-louisiana.html
2016,2016-05-02T07:21:04Z,2010s,May-Jun,North Korea’s Brazen Nuclear Moves,"At some point, we will have to find a way to revive negotiations aimed at curbing the North’s nuclear program.",,"At some point, we will have to find a way to revive negotiations aimed at curbing the North’s nuclear program.",Opinion,Editorial,Editorial,article,581,"Editorials; Nuclear Weapons; Kim Jong-un; Embargoes and Sanctions; Obama, Barack; Arms Control and Limitation and Disarmament; United States International Relations; North Korea",https://www.nytimes.com/2016/05/02/opinion/north-koreas-brazen-nuclear-moves.html
2016,2016-05-02T08:45:59Z,2010s,May-Jun,News Q’s | Kenya Burns Ivory Worth $105 Million to Protest Poaching,Why did the Kenyan government burn massive piles of elephant tusks?,,Why did the Kenyan government burn massive piles of elephant tusks?,Education,,News,article,208,,https://learning.blogs.nytimes.com/2016/05/02/news-qs-kenya-burns-ivory-worth-105-million-to-protest-poaching/
2016,2016-05-02T09:30:03Z,2010s,May-Jun,"‘Alter Egos: Hillary Clinton, Barack Obama, and the Twilight Struggle Over American Power,’ by Mark Landler",A correspondent surveys the relationship between Hillary Clinton and Barack Obama.,,A correspondent surveys the relationship between Hillary Clinton and Barack Obama.,Books,BookReview,Review,article,1224,"Heilbrunn, Jacob; Books and Literature; Landler, Mark; Clinton, Hillary Rodham; Obama, Barack; United States Politics and Government; Alter Egos: Hillary Clinton, Barack Obama, and the Twilight Struggle Over American Power (Book)",https://www.nytimes.com/2016/05/08/books/review/alter-egos-hillary-clinton-barack-obama-and-the-twilight-struggle-over-american-power-by-mark-landler.html
2016,2016-05-02T10:09:43Z,2010s,May-Jun,Morning Agenda: Halliburton and Baker Hughes Call Off Merger,Puerto Rico to Miss Largest Payment to Date | China Lending Sends Egg Futures Soaring,,Puerto Rico to Miss Largest Payment to Date | China Lending Sends Egg Futures Soaring,Blogs,,News,article,1671,"Banking and Financial Institutions; Campaign Finance; Cyberattacks and Hackers; Executive Compensation; Hedge Funds; Law and Legislation; Mergers, Acquisitions and Divestitures; Municipal Bonds; Private Equity; Puerto Ricans; Regulation and Deregulation of Industry; Sovereign Wealth Funds; Start-ups; Stocks and Bonds; Suits and Litigation (Civil); Venture Capital; Women and Girls; Buffett, Warren E; Garcia Padilla, Alejandro; Lesar, David J; Lynch, Loretta E; Munger, Charles T; Pearson, John Michael (1959- ); Ryan, Paul D Jr; Wright, Craig Steven (1970- ); Baker Hughes Inc; Banco Popolare; Berkshire Hathaway Inc; Deutsche Borse AG; European Union; Halliburton Company; Intercontinental Exchange Inc; Intesa Sanpaolo SpA; Justice Department; Koninklijke Philips Electronics NV; London Stock Exchange; Quaker Oats Co; SWIFT(Society for Worldwide Interbank Financial Telecommunication); Valeant Pharmaceuticals International Inc; China; Norway; Puerto Rico; Silicon Valley (Calif)",https://news.blogs.nytimes.com/2016/05/02/morning-agenda-halliburton-and-baker-hughes-call-off-merger/
2016,2016-05-02T10:15:09Z,2010s,May-Jun,"For Hillary Clinton and John Kerry, Divergent Paths to Iran Nuclear Talks",The former secretary of state’s role in facilitating last year’s nuclear accord was complicated by Mr. Kerry’s comparative eagerness to engage.,,The former secretary of state’s role in facilitating last year’s nuclear accord was complicated by Mr. Kerry’s comparative eagerness to engage.,U.S.,National,News,article,1918,"Landler, Mark; Clinton, Hillary Rodham; Kerry, John; Iran; Nuclear Weapons; Obama, Barack; Presidential Election of 2016; National Security Council; Security Council (UN); United States International Relations; Oman; Books and Literature",https://www.nytimes.com/2016/05/03/us/politics/for-hillary-clinton-and-john-kerry-divergent-paths-to-iran-nuclear-talks.html
2016,2016-05-02T10:48:42Z,2010s,May-Jun,Video of Beatings Amid Demolition in China Leads to Punishments,One person resigned and two were dismissed after footage showing law enforcement officers beating women and at least one child circulated on social media.,,One person resigned and two were dismissed after footage showing law enforcement officers beating women and at least one child circulated on social media.,World,Foreign,News,article,391,"China; Video Recordings, Downloads and Streaming; Huang Hongru; Assaults; Demolition; Land Use Policies; Hainan Island (China)",https://www.nytimes.com/2016/05/03/world/asia/china-demolition-hainan-beating.html
2016,2016-05-02T11:23:23Z,2010s,May-Jun,Putin Took Credit for the Boom. Now There’s a Bust.,"Vladimir V. Putin, the Russian president, having long taken credit for boom times and cultivated an image of prowess, finds himself unable to end the nation’s longest recession since he came to power.",,"Vladimir V. Putin, the Russian president, having long taken credit for boom times and cultivated an image of prowess, finds himself unable to end the nation’s longest recession since he came to power.",World,Foreign,News,article,1695,"Russia; Higgins, Andrew; Putin, Vladimir V; Recession and Depression; Pikalevo (Russia); Economic Conditions and Trends; Labor and Jobs",https://www.nytimes.com/2016/05/03/world/europe/russia-economy-putin.html
2016,2016-05-02T12:19:36Z,2010s,May-Jun,"China Puts a Tycoon, Ren Zhiqiang, on Probation for Criticizing Policies",Mr. Ren had questioned a major announcement by President Xi Jinping that Chinese news organizations must serve the Communist Party.,,Mr. Ren had questioned a major announcement by President Xi Jinping that Chinese news organizations must serve the Communist Party.,World,Foreign,News,article,558,China; Ren Zhiqiang; Xi Jinping; Propaganda; Freedom of Speech and Expression; Beijing (China); Communist Party of China; Freedom of the Press; Censorship,https://www.nytimes.com/2016/05/03/world/asia/china-ren-zhiqiang.html
2016,2016-05-02T13:17:21Z,2010s,May-Jun,Experts Warn of Backlash in Donald Trump’s China Trade Policies,"They say that his proposals are more likely to deepen the United States’ economic pains, particularly if China or other targeted nations retaliate.",,"They say that his proposals are more likely to deepen the United States’ economic pains, particularly if China or other targeted nations retaliate.",U.S.,National,News,article,1537,"Trump, Donald J; Presidential Election of 2016; International Trade and World Market; China; Customs (Tariff); World Trade Organization; Layoffs and Job Reductions",https://www.nytimes.com/2016/05/03/us/politics/donald-trump-trade-policy-china.html
2016,2016-07-01T00:47:12Z,2010s,Jul-Aug,"Donald Trump, in a Trade Speech in New Hampshire, Veers Off to Jab Mexico","The comment was reminiscent of the primary campaign, rather than the more disciplined approach Mr. Trump has sought to take in recent weeks.",,"The comment was reminiscent of the primary campaign, rather than the more disciplined approach Mr. Trump has sought to take in recent weeks.",U.S.,National,News,article,831,"Haberman, Maggie; Presidential Election of 2016; Trump, Donald J; International Trade and World Market; Mexico; New Hampshire; North American Free Trade Agreement",https://www.nytimes.com/2016/07/01/us/politics/donald-trump-campaign.html
2016,2016-07-01T07:21:04Z,2010s,Jul-Aug,We’re Better Than That,The sun never sets on a stupid idea. Britain is cracking up now because it followed the crackpots. The U.S. could make the same mistake.,,The sun never sets on a stupid idea. Britain is cracking up now because it followed the crackpots. The U.S. could make the same mistake.,Opinion,OpEd,Op-Ed,article,843,"Egan, Timothy; Great Britain Withdrawal from EU (Brexit); Trump, Donald J; Presidential Election of 2016; Discrimination; Immigration and Emigration; Race and Ethnicity; Great Britain",https://www.nytimes.com/2016/07/01/opinion/were-better-than-that.html
2016,2016-07-01T07:57:14Z,2010s,Jul-Aug,"Taiwan Navy Accidentally Fires Antiship Missile, Killing Fisherman","The supersonic missile, which was set off during a training exercise, hit a fishing boat, killing its captain and injuring three crew members.",,"The supersonic missile, which was set off during a training exercise, hit a fishing boat, killing its captain and injuring three crew members.",World,Foreign,News,article,341,Maritime Accidents and Safety; Tsai Ing-wen; Taiwan; China; Defense and Military Forces; Missiles and Missile Defense Systems,https://www.nytimes.com/2016/07/02/world/asia/taiwan-china-missile.html
2016,2016-07-01T09:51:46Z,2010s,Jul-Aug,Morning Agenda: Half of Williams Board Resigns,Hershey Rejects Mondelez Takeover Offer | Puerto Rico Debt Relief Stirs Colonial Resentment,,Hershey Rejects Mondelez Takeover Offer | Puerto Rico Debt Relief Stirs Colonial Resentment,Blogs,,News,article,1693,"Appointments and Executive Changes; Banking and Financial Institutions; Bankruptcies; Chocolate; Credit Cards; Ethics and Official Misconduct; Great Britain Withdrawal from EU (Brexit); Law and Legislation; Mergers, Acquisitions and Divestitures; Music; Private Equity; Puerto Ricans; Regulation and Deregulation of Industry; Suits and Litigation (Civil); Carney, Mark J; Diller, Barry; Jay-Z; Redstone, Sumner M; Apple Inc; Apple Music; Bank of England; Chevron Corporation; Energy Transfer Equity LP; Exxon Mobil Corp; Federal Reserve System; Google Inc; Hershey Company; Hershey Foods Corp; Lions Gate Entertainment Corporation; MasterCard Inc; Mondelez International; Starz; Takata Corp; Tidal (Aspiro AB); Unicredito Italiano SpA; Williams Companies Inc; Zenefits Insurance Services",https://news.blogs.nytimes.com/2016/07/01/morning-agenda-half-of-williams-board-resigns/
2016,2016-07-01T10:51:50Z,2010s,Jul-Aug,"Citing Safety, Bookseller Pulls Out of Hong Kong Pro-Democracy March","Lam Wing-kee had indicated that he had been followed over the previous two days by people he did not recognize, an official said.",,"Lam Wing-kee had indicated that he had been followed over the previous two days by people he did not recognize, an official said.",World,Foreign,News,article,765,"Hong Kong; Freedom of Speech and Expression; Book Trade and Publishing; Demonstrations, Protests and Riots; Lam Wing-kee; Mighty Current Media; China",https://www.nytimes.com/2016/07/02/world/asia/hong-kong-handover-protest.html
2016,2016-07-01T11:35:59Z,2010s,Jul-Aug,"Chinese Court Postpones Trial of Activist, Angering Supporters","The court did not give the artist and liberal political activist, Chen Yunfei, a new date for the trial or explain the delay, his lawyer said.",,"The court did not give the artist and liberal political activist, Chen Yunfei, a new date for the trial or explain the delay, his lawyer said.",World,Foreign,News,article,426,China; Chen Yunfei; Tiananmen Square (Beijing); Political Prisoners; Communist Party of China; Freedom of Speech and Expression; Censorship; Art; Liao Yiwu,https://www.nytimes.com/2016/07/02/world/asia/china-chen-yunfei.html
2016,2016-07-01T12:32:16Z,2010s,Jul-Aug,How to Get Your Passport in Order,What you need to know about renewing your passport and getting a visa.,,What you need to know about renewing your passport and getting a visa.,Travel,Travel,News,article,588,Travel and Vacations; Passports; Visas,https://www.nytimes.com/2016/07/03/travel/passport-renewal.html
2016,2016-07-01T14:16:42Z,2010s,Jul-Aug,"Taking Down Politicians for Decades, and Rising in India’s Government","Subramanian Swamy is arguably the most vicious infighter in the country’s politics, but the question is whether the prime minister can keep him on a tight enough leash.",,"Subramanian Swamy is arguably the most vicious infighter in the country’s politics, but the question is whether the prime minister can keep him on a tight enough leash.",World,Foreign,Biography,article,1420,"Anand, Geeta; Bharatiya Janata Party; Modi, Narendra; India; Swamy, Subramanian",https://www.nytimes.com/2016/07/02/world/asia/india-subramanian-swamy.html
2016,2016-07-01T14:51:31Z,2010s,Jul-Aug,Hassan Whiteside Announces He’s Staying in Miami,Whiteside made his announcement Friday after he met with the Heat and the Dallas Mavericks in New York to hear their sales pitches.,,Whiteside made his announcement Friday after he met with the Heat and the Dallas Mavericks in New York to hear their sales pitches.,Sports,Sports,News,article,647,"Basketball; Free Agents (Sports); Miami Heat; Whiteside, Hassan (1989- )",https://www.nytimes.com/2016/07/02/sports/basketball/hassan-whiteside-miami-heat-nba-free-agency.html
2016,2016-07-01T15:39:53Z,2010s,Jul-Aug,Paperback Row,Seven new paperbacks to check out this week.,,Seven new paperbacks to check out this week.,Books,BookReview,List,article,473,Books and Literature,https://www.nytimes.com/2016/07/03/books/review/paperback-row.html
2016,2016-07-01T21:33:08Z,2010s,Jul-Aug,Nations Hinder U.S. Effort to Deport Immigrants Convicted of Crime,"Thousands of convicted immigrants were released into the United States, with about 100 of those later charged in homicides, federal records show.",,"Thousands of convicted immigrants were released into the United States, with about 100 of those later charged in homicides, federal records show.",U.S.,National,News,article,1074,"Nixon, Ron; Deportation; Crime and Criminals; Immigration and Emigration; Murders, Attempted Murders and Homicides; Homeland Security Department; Immigration and Customs Enforcement (US); United States International Relations",https://www.nytimes.com/2016/07/02/us/homeland-security-immigrants-criminal-conviction.html
2016,2016-07-02T00:28:26Z,2010s,Jul-Aug,"After ‘Brexit,’ Some in E.U. Push Military Unity, but Voters Focus on Threats Within","France and Germany have a chance to pursue a long-held goal of an integrated European military, but such a move would do little to address terrorism.",,"France and Germany have a chance to pursue a long-held goal of an integrated European military, but such a move would do little to address terrorism.",World,Foreign,News,article,1417,"Fisher, Max; Great Britain Withdrawal from EU (Brexit); Great Britain; European Union; Defense and Military Forces",https://www.nytimes.com/2016/07/02/world/brexit-eu-military-union.html
2016,2016-07-02T02:06:27Z,2010s,Jul-Aug,"Geoffrey Hill, Dense and Allusive British Poet, Is Dead at 84",His poems ranged from dark meditations on political violence to rapturous evocations of the English countryside.,,His poems ranged from dark meditations on political violence to rapturous evocations of the English countryside.,Books,Culture,Obituary (Obit),article,1082,"Hill, Geoffrey (1932-2016); Grimes, William; Poetry and Poets; Deaths (Obituaries)",https://www.nytimes.com/2016/07/02/books/geoffrey-hill-dense-and-allusive-british-poet-is-dead-at-84.html
2016,2016-07-02T16:55:07Z,2010s,Jul-Aug,"Yes, Those Are My Tonsils",How a press photo took over my life.,,How a press photo took over my life.,Opinion,OpEd,Op-Ed,article,809,Photography; News and News Media; Law Schools; Colleges and Universities,https://www.nytimes.com/2016/07/03/opinion/sunday/yes-those-are-my-tonsils.html
2016,2016-07-02T19:26:34Z,2010s,Jul-Aug,Donald Trump’s Appeal to Rust Belt Workers,His message resonates with many workers whose wages — and hopes — are stuck in a rut.,,His message resonates with many workers whose wages — and hopes — are stuck in a rut.,Opinion,OpEd,News Analysis,article,1142,"Income Inequality; Greenhouse, Steven; Wages and Salaries; Organized Labor; Presidential Election of 2016; North American Free Trade Agreement; Republican Party; United Steelworkers of America; American Federation of Labor-Congress of Industrial Organizations; Trump, Donald J; Clinton, Hillary Rodham; Pennsylvania; Ohio; Michigan; Wisconsin",https://www.nytimes.com/2016/07/03/opinion/sunday/donald-trumps-appeal-to-rust-belt-workers.html
2016,2016-07-03T03:16:33Z,2010s,Jul-Aug,"A Remote Pacific Nation, Threatened by Rising Seas","Climate change is threatening the livelihoods of the people of tiny Kiribati, and even the island nation’s existence. The government is making plans for the island’s demise.",,"Climate change is threatening the livelihoods of the people of tiny Kiribati, and even the island nation’s existence. The government is making plans for the island’s demise.",World,Foreign,News,article,1733,"Kiribati; Oceans and Seas; Coast Erosion; Global Warming; Tidal Waves and Tsunamis; Tong, Anote; Migrants (Environmental)",https://www.nytimes.com/2016/07/03/world/asia/climate-change-kiribati.html
2016,2016-07-03T13:36:17Z,2010s,Jul-Aug,1966: France Conducts Nuclear Test in Pacific,"From the archives of The International New York Times: In July 1966, France tested an atomic bomb in the Pacific.",,"From the archives of The International New York Times: In July 1966, France tested an atomic bomb in the Pacific.",World,Foreign,News,article,240,Cold War Era; Nuclear Weapons; China; France; Great Britain; Pacific Ocean; Tahiti; United States,https://iht-retrospective.blogs.nytimes.com/2016/07/03/1966-france-conducts-nuclear-test-in-pacific/
2016,2016-07-03T15:51:30Z,2010s,Jul-Aug,An Irish-German-Chinese Perspective on ‘Brexit’,A Beijing-based Times correspondent with Irish citizenship visited family in Munich and reflected on the golden words on her passport: “European Union.”,,A Beijing-based Times correspondent with Irish citizenship visited family in Munich and reflected on the golden words on her passport: “European Union.”,Times Insider,Insider,News,article,787,Great Britain Withdrawal from EU (Brexit); Munich (Germany); Europe; Ireland; European Union; China,https://www.nytimes.com/2016/06/30/insider/an-irish-german-chinese-perspective-on-brexit.html
2016,2016-07-03T18:26:31Z,2010s,Jul-Aug,Heng on Presidential Candidates Targeting China,"Vying for votes, Donald Trump and Hillary Clinton are each promising to do more to preserve American jobs at a time of slowing global economic growth.",,"Vying for votes, Donald Trump and Hillary Clinton are each promising to do more to preserve American jobs at a time of slowing global economic growth.",Opinion,OpEd,Op-Ed,article,26,"China; Trump, Donald J; Clinton, Hillary Rodham",https://www.nytimes.com/2016/07/03/opinion/heng-on-presidential-candidates-targeting-china.html
2016,2016-07-03T19:16:51Z,2010s,Jul-Aug,‘The BFG’ Stumbles as ‘Finding Dory’ Rules Box Office,"Steven Spielberg’s new film, “The BFG,” yielded disappointing results, while “The Legend of Tarzan” exceeded the predictions of analysts.",,"Steven Spielberg’s new film, “The BFG,” yielded disappointing results, while “The Legend of Tarzan” exceeded the predictions of analysts.",Movies,Culture,News,article,570,"Barnes, Brooks; Movies; Walt Disney Company; Warner Brothers Pictures; Pixar Animation Studios; Spielberg, Steven; The BFG (Movie); Finding Dory (Movie); The Legend of Tarzan (Movie); The Purge: Election Year (Movie); Ratings (Audience Measurement)",https://www.nytimes.com/2016/07/04/movies/finding-dory-rules-the-box-office-as-the-bfg-stumbles.html
2016,2016-07-12T07:53:35Z,,,Tribunal Rejects Beijing’s Claims in South China Sea,"An international panel in The Hague delivered a sweeping rebuke of China’s behavior, deciding that its expansive claim to sovereignty over the waters had no legal basis.",,,World,,,,,,https://www.nytimes.com/2016/07/13/world/asia/south-china-sea-hague-ruling-philippines.html
2016,2016-08-02T00:46:00Z,,,Even Uber Couldn’t Bridge the China Divide,The ride-hailing company joins the top tech giants in failing to overcome the enormous and varied barriers to competing effectively in China.,,,Technology,,,,,,https://www.nytimes.com/2016/08/02/technology/uber-china-internet.html
2016,2016-09-01T00:58:59Z,2010s,Sep-Oct,Obama Heads to Asia Seeking Breakthrough on Trade and Climate Change,He is hoping to announce progress with China on the Paris climate accord and will state his case with other Asian countries on the Trans-Pacific Partnership.,,He is hoping to announce progress with China on the Paris climate accord and will state his case with other Asian countries on the Trans-Pacific Partnership.,U.S.,National,News,article,1042,"United States Politics and Government; United States International Relations; Trans-Pacific Partnership; United Nations Framework Convention on Climate Change; Obama, Barack; China; Global Warming",https://www.nytimes.com/2016/09/01/us/politics/obama-heads-to-asia-seeking-breakthrough-on-trade-and-climate-change.html
2016,2016-09-01T07:21:05Z,2010s,Sep-Oct,Pariahs for Donald Trump,"ISIS jihadists, North Korea and the K.K.K. agree on a candidate.",,"ISIS jihadists, North Korea and the K.K.K. agree on a candidate.",Opinion,OpEd,Op-Ed,article,819,"Presidential Election of 2016; Kristof, Nicholas D; Endorsements; Trump, Donald J; Terrorism; Islamic State in Iraq and Syria (ISIS); Ku Klux Klan; Republican Party; National Enquirer; China; North Korea; Russia; Shkreli, Martin (1983- )",https://www.nytimes.com/2016/09/01/opinion/pariahs-for-donald-trump.html
2016,2016-09-01T07:21:06Z,2010s,Sep-Oct,Why This Economy Needs Donald Trump,We’re facing dismal growth and an economy that leaves millions of Americans out of work and out of luck. It’s time for a shock to the system.,,We’re facing dismal growth and an economy that leaves millions of Americans out of work and out of luck. It’s time for a shock to the system.,Opinion,OpEd,Op-Ed,article,907,"Malpass, David; United States Economy; Federal Taxes (US); Presidential Election of 2016; Trump, Donald J; Clinton, Hillary Rodham",https://www.nytimes.com/2016/09/01/opinion/why-this-economy-needs-donald-trump.html
2016,2016-09-01T08:21:13Z,2010s,Sep-Oct,Explaining What Donald Trump Wants to Do Now on Immigration,"His proposals include ending so-called sanctuary cities, assembling a deportation task force, maintaining “zero tolerance for criminal aliens” and putting up a wall.",,"His proposals include ending so-called sanctuary cities, assembling a deportation task force, maintaining “zero tolerance for criminal aliens” and putting up a wall.",U.S.,National,News,article,1297,"Presidential Election of 2016; Preston, Julia; Illegal Immigration; Immigration and Emigration; Immigration Detention; Deportation; Immigration and Customs Enforcement (US); Mexico; Trump, Donald J",https://www.nytimes.com/2016/09/02/us/politics/donald-trump-far-from-softening-lays-out-tough-immigration-plans.html
2016,2016-09-01T09:00:29Z,2010s,Sep-Oct,How Some Chinese Men Meet Summer’s Swelter: With Midriff Bare and Bulging,"Nothing defines China’s hottest days more than the Beijing Bikini: grown men, without a hint of shame, rolling up shirts to expose often generous bellies.",,"Nothing defines China’s hottest days more than the Beijing Bikini: grown men, without a hint of shame, rolling up shirts to expose often generous bellies.",World,Foreign,News,article,265,Summer (Season); Fashion and Apparel; China; Beijing Bikini; Men and Boys,https://www.nytimes.com/2016/09/02/world/what-in-the-world/china-summer-beijing-bikini.html
2016,2016-09-01T09:53:06Z,2010s,Sep-Oct,"Donald Trump, Dilma Rousseff, Florida: Your Thursday Briefing",Here’s what you need to know to start your day.,,Here’s what you need to know to start your day.,Briefing,NYTNow,briefing,article,1039,,https://www.nytimes.com/2016/09/01/briefing/donald-trump-dilma-rousseff-florida.html
2016,2016-09-01T11:18:52Z,2010s,Sep-Oct,"For Curb Appeal and Making an Impression, a Palace Suffices",Prestige residences around Europe are appealing to a new generation of wealthy buyers who want to own a home with a significant heritage.,,Prestige residences around Europe are appealing to a new generation of wealthy buyers who want to own a home with a significant heritage.,Real Estate,Business,News,article,1122,Palaces and Castles; Real Estate and Housing (Residential),https://www.nytimes.com/2016/09/02/realestate/for-curb-appeal-and-making-an-impression-a-palace-suffices.html
2016,2016-09-01T12:02:50Z,2010s,Sep-Oct,Hong Kong Independence Movement Contests Beijing at the Polls,"A new, youthful force, supporting some degree of greater self-determination for Hong Kong, may acquire a small measure of actual power in the election on Sunday.",,"A new, youthful force, supporting some degree of greater self-determination for Hong Kong, may acquire a small measure of actual power in the election on Sunday.",World,Foreign,News,article,1128,"Hong Kong; China; Leung, Sixtus; Civil Rights and Liberties; Legislatures and Parliaments; Elections; Constitutions; Xi Jinping; Youngspiration (Hong Kong Political Party)",https://www.nytimes.com/2016/09/02/world/asia/hong-kong-elections-legco.html
2016,2016-09-01T12:44:44Z,2010s,Sep-Oct,"China’s ‘Core Socialist Values,’ the Song-and-Dance Version","In Hunan Province, the authorities have come up with 20 “square dance” routines to extol qualities like patriotism, dedication and equality.",,"In Hunan Province, the authorities have come up with 20 “square dance” routines to extol qualities like patriotism, dedication and equality.",World,Foreign,News,article,627,Dancing; Music; Mao Zedong; China; Xi Jinping; Hunan Province (China); Communist Party of China,https://www.nytimes.com/2016/09/02/world/asia/china-dance-socialist-values.html
2016,2016-09-01T15:50:12Z,2010s,Sep-Oct,Transcript of Donald Trump’s Immigration Speech,"Following is a transcript of the remarks by Donald J. Trump on immigration in Phoenix on Wednesday, as transcribed by the Federal News Service.",,"Following is a transcript of the remarks by Donald J. Trump on immigration in Phoenix on Wednesday, as transcribed by the Federal News Service.",U.S.,National,News,article,7528,Presidential Election of 2016,https://www.nytimes.com/2016/09/02/us/politics/transcript-trump-immigration-speech.html
2016,2016-09-01T21:09:32Z,2010s,Sep-Oct,Dismal Days for Brazilian Democracy,"Unpopular as Dilma Rousseff’s presidency was, the irony of her ouster is that she was one of the few politicians untainted by corruption.",,"Unpopular as Dilma Rousseff’s presidency was, the irony of her ouster is that she was one of the few politicians untainted by corruption.",Opinion,OpEd,Op-Ed,article,924,"Brazil; Rousseff, Dilma; Impeachment; Temer, Michel (1940- ); Demonstrations, Protests and Riots; Corruption (Institutional)",https://www.nytimes.com/2016/09/02/opinion/dismal-days-for-brazilian-democracy.html
2016,2016-09-01T22:02:00Z,2010s,Sep-Oct,A Chinese Mystery: Who Owns a Firm on a Global Shopping Spree?,"Owners of Anbang, a Chinese insurer behind a wave of multibillion-dollar deals, include relatives and friends of its politically connected chairman.",,"Owners of Anbang, a Chinese insurer behind a wave of multibillion-dollar deals, include relatives and friends of its politically connected chairman.",Business,Business,News,article,1888,"Anbang Insurance Group Co; Mergers, Acquisitions and Divestitures; Wu Xiaohui; China; High Net Worth Individuals",https://www.nytimes.com/2016/09/02/business/dealbook/anbang-global-shopping-spree-china-mystery-ownership.html
2016,2016-09-01T22:02:20Z,2010s,Sep-Oct,Behind China’s Anbang: Empty Offices and Obscure Names,"The Chinese insurer has made a global splash with its deals, but its ownership lacks the marquee investors that a major company typically boasts.",,"The Chinese insurer has made a global splash with its deals, but its ownership lacks the marquee investors that a major company typically boasts.",World,Business,News,article,838,Anbang Insurance Group Co; Wu Xiaohui; Chen Xiaolu; China,https://www.nytimes.com/2016/09/02/world/asia/china-anbang-insurance.html
2016,2016-09-01T22:15:29Z,2010s,Sep-Oct,Movie Listings for Sept. 2-8,"A guide to movies playing at theaters in the New York City area, as well as select festivals and film series.",,"A guide to movies playing at theaters in the New York City area, as well as select festivals and film series.",Movies,Weekend,Schedule,article,3034,Movies,https://www.nytimes.com/2016/09/02/movies/movie-listings-for-sept-2-8.html
2016,2016-09-01T23:42:29Z,2010s,Sep-Oct,T.P.P. Faces Rough Road in Congress,Democrats and Republicans are finding the politics of the far-reaching Trans-Pacific Partnership trade accord so risky that its prospects are uncertain.,,Democrats and Republicans are finding the politics of the far-reaching Trans-Pacific Partnership trade accord so risky that its prospects are uncertain.,Business,Business,News,article,1151,"Calmes, Jackie; Trans-Pacific Partnership; United States Politics and Government; Presidential Election of 2016; International Trade and World Market; Obama, Barack; Democratic Party; Republican Party",https://www.nytimes.com/2016/09/02/business/international/pacific-trade-pact-faces-rough-road-in-congress.html
2016,2016-09-02T00:28:15Z,2010s,Sep-Oct,"Obama Visits Midway, Highlighting Monument and Commitment to Environment","The president, an eye on his legacy, recognized the expansion of the Papahanaumokuakea Marine National Monument in the remote reaches of the Pacific.",,"The president, an eye on his legacy, recognized the expansion of the Papahanaumokuakea Marine National Monument in the remote reaches of the Pacific.",U.S.,National,News,article,1010,"Midway Atoll; Davis, Julie Hirschfeld; Coral; Oceans and Seas; Fish and Other Marine Life; Global Warming; National Parks, Monuments and Seashores",https://www.nytimes.com/2016/09/02/us/politics/obama-climate-change-midway-marine-monument.html
2016,2016-09-02T04:22:38Z,2010s,Sep-Oct,"Behind Referee’s Inaction, a FIFA Video Replay Milestone",FIFA’s president said “football history” was made when video replay was tested during a friendly between France and Italy over a perceived hand ball.,,FIFA’s president said “football history” was made when video replay was tested during a friendly between France and Italy over a perceived hand ball.,Sports,Sports,News,article,672,"Soccer; International Federation of Association Football (FIFA); Video Recordings, Downloads and Streaming; Officiating (Sports); New York City Football Club (Soccer Team); Lampard, Frank",https://www.nytimes.com/2016/09/02/sports/soccer/fifa-claims-video-replay-milestone-in-france-italy-match.html
2016,2016-09-02T05:00:30Z,2010s,Sep-Oct,What’s on TV Friday: Season 2 of ‘Narcos’ and ‘Chef’s Table: France’,A second season of “Narcos” follows Pablo Escobar to the bitter end. And “Eat the World With Emeril Lagasse” faces off against “Chef’s Table: France.”,,A second season of “Narcos” follows Pablo Escobar to the bitter end. And “Eat the World With Emeril Lagasse” faces off against “Chef’s Table: France.”,Arts,Weekend,Schedule,article,509,Television; Web-Original Programming,https://www.nytimes.com/2016/09/02/arts/television/whats-on-tv-friday-season-2-of-narcos-and-chefs-table-france.html
2016,2016-09-02T06:55:46Z,2010s,Sep-Oct,China Opens Antitrust Investigation Into Uber’s Deal With Didi,"The sale of the ride-hailing company’s Chinese operations to a rival, Didi Chuxing, would create a company worth about $35 billion.",,"The sale of the ride-hailing company’s Chinese operations to a rival, Didi Chuxing, would create a company worth about $35 billion.",Business,Business,News,article,655,Antitrust Laws and Competition Issues; Uber Technologies Inc; Didi Chuxing; China,https://www.nytimes.com/2016/09/03/business/china-uber-didi-chuxing.html
2016,2016-09-02T07:00:12Z,2010s,Sep-Oct,"The Week in Pictures, Sept. 2, 2016",Photos from The New York Times and photographers from around the world.,,Photos from The New York Times and photographers from around the world.,Multimedia/Photos,,News,article,25,Andrew Testa; Chang W. Lee; Ruth Fremson; Stephen Crowley; Todd Heisler; Photography,https://lens.blogs.nytimes.com/2016/09/02/the-week-in-pictures-sept-2-2016/
2016,2016-09-03T11:50:57Z,,,Rare Harmony as China and U.S. Commit to Climate Deal,President Obama and President Xi Jinping of China formally committed to the Paris climate agreement at a time of increasingly discordant relations between their nations.,,,World,,,,,,https://www.nytimes.com/2016/09/04/world/asia/obama-xi-jinping-china-climate-accord.html
2016,2016-09-12T00:29:46Z,,,"Marriage Falls in China, Transforming Finances and Families","The drop in marriage stems in part from China’s aging population, but also reflects that women who once were pushed to wed are exploring new options.",,,Business,,,,,,https://www.nytimes.com/2016/09/12/business/international/china-marriage-falls.html
2016,2016-10-04T23:59:12Z,,,"Xi Jinping May Delay Picking China’s Next Leader, Stoking Speculation",The apparent plan by the Chinese president has unsettled the party elite and created uncertainty over whether Mr. Xi will try to stay in power beyond the usual two terms.,,,World,,,,,,https://www.nytimes.com/2016/10/05/world/asia/china-president-xi-jinping-successor.html
2016,2016-10-10T00:52:48Z,,,An Open Letter to the Woman Who Told My Family to Go Back to China,"After a racist attack on his family on the streets of the Upper East Side, a New York Times editor wonders whether Asian-Americans will ever feel like they belong.",,,New York,,,,,,https://www.nytimes.com/2016/10/10/nyregion/to-the-woman-who-told-my-family-to-go-back-to-china.html
2016,2016-10-17T00:28:52Z,,,"In China, Property Frenzy, Fake Divorces and a Bloating Bubble","As experts warn about the soaring cost of housing, the growing use of mortgages could make the country’s latest property boom particularly unstable.",,,Business,,,,,,https://www.nytimes.com/2016/10/17/business/international/china-home-price-bubble.html
2016,2016-10-21T09:40:39Z,,,"Corruption in China: Crocodile Meat, Jade, Piles of Cash",A documentary series about corruption has been shown on state TV this week to underline that President Xi Jinping is serious about wiping out graft.,,,World,,,,,,https://www.nytimes.com/2016/10/22/world/asia/china-corrupt-officials-tv-series.html
2016,2016-11-01T05:00:41Z,2010s,Nov-Dec,"Hillary Clinton, Michel Aoun, Mosul: Your Tuesday Briefing",Here’s what you need to know to start your day.,,Here’s what you need to know to start your day.,Briefing,NYTNow,briefing,article,1093,,https://www.nytimes.com/2016/11/01/briefing/europe-briefing.html
2016,2016-11-01T08:00:20Z,2010s,Nov-Dec,The ‘Female Gaze’ in Fashion Photography,An exhibit at PhotoVogue Festival in Milan explores how female photographers are redefining the concept of beauty in fashion images.,,An exhibit at PhotoVogue Festival in Milan explores how female photographers are redefining the concept of beauty in fashion images.,Multimedia/Photos,,News,article,1503,PhotoVogue Festival; PhotoVogue Festival; Beauty (Concept); Fashion and Apparel; Photography; Women and Girls; Milan (Italy),https://lens.blogs.nytimes.com/2016/11/01/the-female-gaze-in-fashion-photography/
2016,2016-11-01T10:00:35Z,2010s,Nov-Dec,Want the ‘Real’ Brooklyn? Go Cheap,Brooklyn is a bona fide cultural capital — but you don’t have to spend a lot to appreciate it.,,Brooklyn is a bona fide cultural capital — but you don’t have to spend a lot to appreciate it.,Travel,Travel,News,article,3109,"Brooklyn (NYC); Peterson, Lucas; Budget Travel; Culture (Arts); Bars and Nightclubs; Food; Travel and Vacations",https://www.nytimes.com/2016/11/06/travel/brooklyn-budget-frugal-travel.html
2016,2016-11-01T10:36:51Z,2010s,Nov-Dec,Standard Chartered Faces Inquiry Into Hong Kong Stock Sale,The bank expects the Securities and Futures Commission in the territory to take action over its role as a sponsor of a 2009 initial public offering.,,The bank expects the Securities and Futures Commission in the territory to take action over its role as a sponsor of a 2009 initial public offering.,Business,Business,News,article,437,"Banking and Financial Institutions; Standard Chartered Bank PLC; Regulation and Deregulation of Industry; Company Reports; Winters, William T; Hong Kong",https://www.nytimes.com/2016/11/02/business/dealbook/standard-chartered-inquiry-hong-kong-ipo.html
2016,2016-11-01T11:51:44Z,2010s,Nov-Dec,"To Many in China, Bai Ling’s Role in Documentary Is a Step Too Far",The Hollywood actress’s scenes in a Chinese state TV series on the Communists’ Long March were deleted after complaints from those who see her as anti-China.,,The Hollywood actress’s scenes in a Chinese state TV series on the Communists’ Long March were deleted after complaints from those who see her as anti-China.,World,Foreign,News,article,799,China; Bai Ling (1966- ); Long March (China); Communist Party of China; Documentary Films and Programs; People's Liberation Army (China),https://www.nytimes.com/2016/11/02/world/asia/china-bai-ling-long-march.html
2016,2016-11-01T13:22:11Z,2010s,Nov-Dec,"A Toddler Dies as Her Mother Checks Her Phone, and China Wrings Its Hands",Chinese social media users have been in an uproar over a 2-year-old killed by an S.U.V. while her mother was distracted by a smartphone.,,Chinese social media users have been in an uproar over a 2-year-old killed by an S.U.V. while her mother was distracted by a smartphone.,World,Foreign,News,article,696,Smartphones; Traffic Accidents and Safety; China,https://www.nytimes.com/2016/11/02/world/asia/china-mobile-phone-mother-daughter.html
2016,2016-11-01T13:57:29Z,2010s,Nov-Dec,Markets Close Lower as Presidential Race Appears to Tighten,"Manufacturing grew last month at the fastest pace since July, a sign that factories were coping with economic weakness overseas and a strong dollar.",,"Manufacturing grew last month at the fastest pace since July, a sign that factories were coping with economic weakness overseas and a strong dollar.",Business,Business,News,article,602,Stocks and Bonds; Nasdaq Composite Index; Standard & Poor's 500-Stock Index; Dow Jones Stock Average,https://www.nytimes.com/2016/11/02/business/stock-markets.html
2016,2016-11-01T14:20:07Z,2010s,Nov-Dec,Powering Australia’s Economic Surge,"While other wealthy nations struggle to define their purpose, Australia has unlocked the secret to its next wave of prosperity: immigration.",,"While other wealthy nations struggle to define their purpose, Australia has unlocked the secret to its next wave of prosperity: immigration.",Opinion,OpEd,Op-Ed,article,1026,Immigration and Emigration; Economic Conditions and Trends; Labor and Jobs; Australia,https://www.nytimes.com/2016/11/02/opinion/powering-australias-economic-surge.html
2016,2016-11-01T16:59:12Z,2010s,Nov-Dec,"Xi Jinping May be ‘Core Leader’ of China, but He’s Still Really Nervous","The Communist Party gave the president the exalted title of “core leader” last week, a victory clouded by warnings in official documents about risks the country and party face.",,"The Communist Party gave the president the exalted title of “core leader” last week, a victory clouded by warnings in official documents about risks the country and party face.",World,Foreign,News Analysis,article,1200,Communist Party of China; Xi Jinping; China,https://www.nytimes.com/2016/11/02/world/asia/xi-jinping-core-leader-china.html
2016,2016-11-01T20:11:41Z,2010s,Nov-Dec,"Hatched From Peanuts, the South’s Hot New Oil",A small farmer’s experiment pressing green peanut oil has inspired big-name chefs.,,A small farmer’s experiment pressing green peanut oil has inspired big-name chefs.,Food,Dining,News,article,1500,"Severson, Kim; Peanuts; Oliver, Clay (1976- ); Oils and Fats; Agriculture and Farming; Cooking and Cookbooks; Chefs; Georgia; Oliver, Clay; Food",https://www.nytimes.com/2016/11/02/dining/green-peanut-oil-cold-pressed-south.html
2016,2016-11-01T21:36:26Z,2010s,Nov-Dec,"Mosul, Clinton, Pakistan: Your Wednesday Briefing",Here’s what you need to know to start your day.,,Here’s what you need to know to start your day.,Briefing,NYTNow,briefing,article,1153,,https://www.nytimes.com/2016/11/02/briefing/asia-briefing.html
2016,2016-11-01T22:57:45Z,2010s,Nov-Dec,Glaxo’s Fallout in China,A whistle-blower working for GlaxoSmithKline began sending anonymous tips about fraud and corruption at its operation in China. Here’s what happened next.,,A whistle-blower working for GlaxoSmithKline began sending anonymous tips about fraud and corruption at its operation in China. Here’s what happened next.,Business,Business,News,article,541,"vis-multimedia; GlaxoSmithKline PLC; Bribery and Kickbacks; Whistle-Blowers; Frauds and Swindling; Humphrey, Peter; China",https://www.nytimes.com/2016/11/02/business/international/timeline-glaxo-fallout-china.html
2016,2016-11-01T22:59:47Z,,,Drug Giant Faced a Reckoning as China Took Aim at Bribery,China sought to make an example of GlaxoSmithKline in a case that involved bribery of doctors and investigators and ended with guilty pleas and record penalties.,,,Business,,,,,,https://www.nytimes.com/2016/11/02/business/international/china-rules-glaxo-bribes-sex-tape-whistleblower-cautionary-tale.html
2016,2016-11-01T23:32:39Z,2010s,Nov-Dec,"As South Sudan Troops Killed and Raped, U.N. Forces Didn’t Stop Them","An investigation found that a peacekeeping mission failed to act in July as government soldiers carried out an attack on civilians, including aid workers.",,"An investigation found that a peacekeeping mission failed to act in July as government soldiers carried out an attack on civilians, including aid workers.",World,Foreign,News,article,803,"Gladstone, Rick; South Sudan; United Nations; Ban Ki-moon; Machar, Riek; Kiir Mayardit, Salva; Juba (South Sudan)",https://www.nytimes.com/2016/11/02/world/africa/united-nations-peacekeeping-south-sudan.html
2016,2016-11-02T04:53:35Z,2010s,Nov-Dec,"Hillary Clinton, Syria, Pope Francis: Your Wednesday Briefing",Here’s what you need to know to start your day.,,Here’s what you need to know to start your day.,Briefing,NYTNow,briefing,article,1068,,https://www.nytimes.com/2016/11/02/briefing/europe-briefing.html
2016,2016-11-02T05:26:04Z,2010s,Nov-Dec,"Report on Malaysia Airlines Flight 370 Narrows Search Area, if Not Mystery",The report said debris indicated that the plane had not been configured to prepare for a landing or for ditching in the sea.,,The report said debris indicated that the plane had not been configured to prepare for a landing or for ditching in the sea.,World,Foreign,News,article,633,"Malaysia Airlines Flight 370; Aviation Accidents, Safety and Disasters; Australian Transport Safety Bureau; Australia; Indian Ocean",https://www.nytimes.com/2016/11/02/world/asia/malaysia-flight-370-missing-search-debris.html
2016,2016-11-02T09:00:28Z,2010s,Nov-Dec,"Despite Similarities, Candidate for New Jersey Governor Says He’s No Corzine","Philip D. Murphy, a former Goldman Sachs executive, appears to have wrapped up the Democratic nomination a year before the election.",,"Philip D. Murphy, a former Goldman Sachs executive, appears to have wrapped up the Democratic nomination a year before the election.",New York,Metro,News,article,1515,"Elections, Governors; Chen, David W; George Washington Bridge Scandal (2013); Primaries and Caucuses; Murphy, Philip D (1957- ); New Jersey",https://www.nytimes.com/2016/11/03/nyregion/despite-similarities-candidate-for-new-jersey-governor-says-hes-no-corzine.html
2016,2016-11-02T09:48:36Z,2010s,Nov-Dec,"Morning Agenda: Wells Fargo Hit Again, Bygone Times",Wells Fargo has been hit with a $50 million payment to settle a class-action lawsuit for the overcharging of home appraisals.,,Wells Fargo has been hit with a $50 million payment to settle a class-action lawsuit for the overcharging of home appraisals.,Business,Business,News,article,486,"Suits and Litigation (Civil); Newspapers; Mergers, Acquisitions and Divestitures; Wells Fargo & Company",https://www.nytimes.com/2016/11/03/business/dealbook/wells-fargo-gannett-mergers.html
2016,2016-11-02T09:50:28Z,2010s,Nov-Dec,"F.B.I., Mosul, Standing Rock: Your Wednesday Briefing",Here’s what you need to know to start your day.,,Here’s what you need to know to start your day.,Briefing,NYTNow,briefing,article,1007,,https://www.nytimes.com/2016/11/02/briefing/us-briefing-fbi-mosul-standing-rock.html
2016,2016-11-02T09:50:30Z,2010s,Nov-Dec,A Guide to Getting a Bachelor’s Abroad,"Opportunities for earning an undergraduate degree on foreign soil, taught in English, are growing by the year. And the price is right: In some countries, it’s free.",,"Opportunities for earning an undergraduate degree on foreign soil, taught in English, are growing by the year. And the price is right: In some countries, it’s free.",Education,EdLife,News,article,2956,Colleges and Universities; International Study and Teaching; Europe; Americans Abroad; study abroad,https://www.nytimes.com/2016/11/06/education/edlife/a-guide-to-getting-a-bachelors-abroad.html
2016,2016-11-07T03:23:46Z,,,Hong Kong Elected 2 Separatists. China Took Drastic Action.,"By acting against two dissident lawmakers, Beijing is asserting an authority to set policy in the territory, challenging its semiautonomous status.",,,World,,,,,,https://www.nytimes.com/2016/11/08/world/asia/china-hong-kong-sixtus-leung-yau-wai-ching.html
2016,2016-11-15T11:00:18Z,,,"Secret Back Door in Some U.S. Phones Sent Data to China, Analysts Say","Security contractors recently discovered preinstalled software in some Android phones that monitors where users go, whom they talk to and what they write in texts.",,,U.S.,,,,,,https://www.nytimes.com/2016/11/16/us/politics/china-phones-software-security.html
2016,2016-11-16T17:28:05Z,,,"Across China, Walmart Faces Labor Unrest as Authorities Stand Aside","Workers are bypassing Communist Party unions and are appealing to nationalist ideals, though the government has long discouraged labor activism.",,,World,,,,,,https://www.nytimes.com/2016/11/17/world/asia/across-china-walmart-faces-labor-unrest-as-authorities-stand-aside.html
2016,2016-11-22T22:34:34Z,,,Facebook Said to Create Censorship Tool to Get Back Into China,"The social network, blocked in China since 2009, has developed software to keep posts from appearing in users’ news feeds in specific geographic areas, current and former employees said.",,,Technology,,,,,,https://www.nytimes.com/2016/11/22/technology/facebook-censorship-tool-china.html
2016,2016-11-29T23:30:36Z,,,"Despite Climate Change Vow, China Pushes to Dig More Coal","China is reopening mines amid worries about power supplies, demonstrating how difficult it will be to wean its giant economy from coal dependence.",,,Business,,,,,,https://www.nytimes.com/2016/11/29/business/energy-environment/china-coal-climate-change.html
2016,2016-12-02T23:02:00Z,,,"Trump Speaks With Taiwan’s Leader, an Affront to China",The president-elect spoke by phone with the president of Taiwan in the first such contact since the United States severed diplomatic relations with the island.,,,U.S.,,,,,,https://www.nytimes.com/2016/12/02/us/politics/trump-speaks-with-taiwans-leader-a-possible-affront-to-china.html
2016,2016-12-15T16:51:38Z,,,China Suggests It Has Placed Weapons on Disputed Spratly Islands in South China Sea,China’s plan to strengthen its claims over the islands has raised tensions with neighbors and the United States over freedom of navigation in the South China Sea.,,,World,,,,,,https://www.nytimes.com/2016/12/15/world/asia/china-spratly-islands.html
2016,2016-12-16T18:02:09Z,,,U.S. Demands Return of Drone Seized by Chinese Warship,American officials said they were still trying to determine whether the taking of the unmanned ship in the South China Sea was a low-level action or a strategic order.,,,U.S.,,,,,,https://www.nytimes.com/2016/12/16/us/politics/us-underwater-drone-china.html
2016,2016-12-26T02:03:22Z,,,‘Suplex’ in Chinese? Professional Wrestling Tries a Big New Market,World Wrestling Entertainment tries to bring body slams and drop-kicks to a country where other companies have run into government restrictions.,,,Business,,,,,,https://www.nytimes.com/2016/12/25/business/media/professional-wrestling-china-media.html
2016,2016-12-29T08:00:44Z,,,How China Built ‘iPhone City’ With Billions in Perks for Apple’s Partner,"A hidden bounty of benefits for Foxconn’s plant in Zhengzhou, the world’s biggest iPhone factory, is central to the production of Apple’s most profitable product.",,,Technology,,,,,,https://www.nytimes.com/2016/12/29/technology/apple-iphone-china-foxconn.html
2016,2016-12-30T23:02:21Z,,,"China Bans Its Ivory Trade, Moving Against Elephant Poaching",China’s decision gives wildlife protection advocates hope that the threatened extinction of certain elephant populations in Africa can be averted.,,,World,,,,,,https://www.nytimes.com/2016/12/30/world/asia/china-ivory-ban-elephants.html
2017,2017-01-01T16:46:00Z,2010s,Jan-Feb,"Couple Held in China Are Free, but ‘Even Now We Live Under a Cloud’","Kevin and Julia Garratt, Christian aid workers who had lived in China off and on for 30 years, are back in Canada, but say they do not feel completely safe.",,"Kevin and Julia Garratt, Christian aid workers who had lived in China off and on for 30 years, are back in Canada, but say they do not feel completely safe.",World,Foreign,News,article,1588,Dandong (China); Beijing (China); China; Canada; Extradition,https://www.nytimes.com/2017/01/01/world/canada/canadian-couple-china-detention.html
2017,2017-01-01T17:48:25Z,2010s,Jan-Feb,‘Dixie Mission’ Americans Scorned for Backing Mao Are Hailed in China,"Members of a 1944 mission to assess Mao Zedong, who had made Yan’an in northern China his guerrilla redoubt, are heralded at a museum in the city.",,"Members of a 1944 mission to assess Mao Zedong, who had made Yan’an in northern China his guerrilla redoubt, are heralded at a museum in the city.",World,Foreign,News,article,1194,"China; Yan'an (China); Yan'an Revolution Memorial Hall (Yan'an, China); Diplomatic Service, Embassies and Consulates; Davies, John Paton; Service, John S; United States International Relations; Museums; Communist Party of China; State Department; Mao Zedong",https://www.nytimes.com/2017/01/01/world/asia/dixie-mission-americans-china-mao.html
2017,2017-01-01T18:17:51Z,2010s,Jan-Feb,"Huston Smith, Author of ‘The World’s Religions,’ Dies at 97","Professor Smith, whose work has been a college fixture for decades, pursued enlightenment in churches, monasteries and even Timothy Leary’s living room.",,"Professor Smith, whose work has been a college fixture for decades, pursued enlightenment in churches, monasteries and even Timothy Leary’s living room.",U.S.,National,Obituary (Obit),article,1455,"Smith, Huston; Religion and Belief; Deaths (Obituaries); The World's Religions (Book)",https://www.nytimes.com/2017/01/01/us/huston-smith-author-of-the-worlds-religions-dies-at-97.html
2017,2017-01-02T06:51:45Z,2010s,Jan-Feb,"In Banning Ivory Trade, China Saw Benefits for Itself, Too",The decision to bring the world’s largest ivory market to a halt by the end of 2017 lets China burnish its image as a global guardian of the environment.,,The decision to bring the world’s largest ivory market to a halt by the end of 2017 lets China burnish its image as a global guardian of the environment.,World,Foreign,News Analysis,article,1046,"China; Ivory; Elephants; Poaching (Wildlife); Africa; Xi Jinping; Obama, Barack; International Trade and World Market",https://www.nytimes.com/2017/01/02/world/asia/china-ivory-ban-elephants.html
2017,2017-01-02T10:00:26Z,2010s,Jan-Feb,"As Scandal Roils South Korea, Fingers Point to Mixing of Politics and Business",Outrage over President Park Geun-hye’s actions has turned to broader concerns over the power of the presidency and its relationship with conglomerates.,,Outrage over President Park Geun-hye’s actions has turned to broader concerns over the power of the presidency and its relationship with conglomerates.,World,Foreign,News,article,1988,Politics and Government; Impeachment; Park Geun-hye; Choi Soon-sil; Bribery and Kickbacks; Samsung Group; South Korea,https://www.nytimes.com/2017/01/02/world/asia/south-korea-park-geun-hye-samsung.html
2017,2017-01-02T13:50:00Z,2010s,Jan-Feb,Saving Private Enterprise in Afghanistan,"For a future beyond aid, Afghanistan needs to harness its natural resources and not let bureaucrats choke its struggling private sector.",,"For a future beyond aid, Afghanistan needs to harness its natural resources and not let bureaucrats choke its struggling private sector.",Opinion,OpEd,Op-Ed,article,1163,International Trade and World Market; Foreign Investments; Metals and Minerals; Agriculture and Farming; Computers and the Internet; Afghanistan,https://www.nytimes.com/2017/01/02/opinion/saving-private-enterprise-in-afghanistan.html
2017,2017-01-02T18:48:16Z,2010s,Jan-Feb,"Istanbul, Donald Trump, Benjamin Netanyahu: Your Morning Briefing",Here’s what you need to know to start your day.,,Here’s what you need to know to start your day.,Briefing,NYTNow,briefing,article,1088,,https://www.nytimes.com/2017/01/02/briefing/asia-australia-briefing.html
2017,2017-01-02T21:55:46Z,2010s,Jan-Feb,Review: ‘The Big Stick’ Argues for a Robust Military Role Abroad,"Eliot A. Cohen, a military historian who worked for President George W. Bush, argues for the use of force in the service of American security.",,"Eliot A. Cohen, a military historian who worked for President George W. Bush, argues for the use of force in the service of American security.",Books,Culture,Review,article,1179,"Books and Literature; Cohen, Eliot A; The Big Stick: The Limits of Soft Power & the Necessity of Military Force (Book); United States International Relations; United States Defense and Military Forces",https://www.nytimes.com/2017/01/02/books/review-the-big-stick-argues-for-a-robust-military-role-abroad.html
2017,2017-01-03T02:07:51Z,2010s,Jan-Feb,"Nixon Tried to Spoil Johnson’s Vietnam Peace Talks in ’68, Notes Show",Richard M. Nixon feared that progress toward ending the war would hurt his chances for the presidency.,,Richard M. Nixon feared that progress toward ending the war would hurt his chances for the presidency.,U.S.,National,News,article,1404,"Nixon, Richard Milhous; Vietnam War; Haldeman, H R; Johnson, Lyndon Baines; Presidential Election of 1968",https://www.nytimes.com/2017/01/02/us/politics/nixon-tried-to-spoil-johnsons-vietnam-peace-talks-in-68-notes-show.html
2017,2017-01-03T02:19:15Z,2010s,Jan-Feb,"‘It Won’t Happen,’ Donald Trump Says of North Korean Missile Test","Mr. Trump takes office in less than three weeks, and a successful long-range-missile test would present one of his first big national security tests.",,"Mr. Trump takes office in less than three weeks, and a successful long-range-missile test would present one of his first big national security tests.",World,Foreign,News,article,648,"Trump, Donald J; Kim Jong-un; North Korea; Missiles and Missile Defense Systems",https://www.nytimes.com/2017/01/02/world/asia/trump-twitter-north-korea-missiles-china.html
2017,2017-01-03T02:33:50Z,2010s,Jan-Feb,"With Trump, an Economic Feast With Surprises on the Menu","Welcome to the annual DealBook closing dinner at the Trump International Hotel, time to toast and roast the year’s deal makers and to look ahead.",,"Welcome to the annual DealBook closing dinner at the Trump International Hotel, time to toast and roast the year’s deal makers and to look ahead.",Business,Business,News,article,1434,"United States Politics and Government; United States Economy; Trump, Donald J",https://www.nytimes.com/2017/01/02/business/dealbook/with-trump-an-economic-feast-with-surprises-on-the-menu.html
2017,2017-01-03T07:33:47Z,2010s,Jan-Feb,Time-Lapse Video Shows Beijing Swamped by a Tide of Smog,"The pollution in Beijing has been particularly bad recently, and the city has been enveloped in smog for extended periods starting in October.",,"The pollution in Beijing has been particularly bad recently, and the city has been enveloped in smog for extended periods starting in October.",World,Foreign,News,article,343,"Air Pollution; Beijing (China); Video Recordings, Downloads and Streaming",https://www.nytimes.com/2017/01/03/world/asia/beijing-smog-video.html
2017,2017-01-03T10:00:03Z,2010s,Jan-Feb,One Man’s Quest to Change the Way We Die,"How B.J. Miller, a doctor and triple amputee, used his own experience to pioneer a new model of palliative care at a small, quirky hospice in San Francisco.",,"How B.J. Miller, a doctor and triple amputee, used his own experience to pioneer a new model of palliative care at a small, quirky hospice in San Francisco.",Magazine,Magazine,News,article,8022,"Death and Dying; Miller, BJ (1971- ); Zen Hospice Project",https://www.nytimes.com/2017/01/03/magazine/one-mans-quest-to-change-the-way-we-die.html
2017,2017-01-03T10:00:25Z,2010s,Jan-Feb,Trump and Senate Move Quickly to Repeal Affordable Care Act,"President-elect Donald J. Trump took to Twitter to denounce President Obama’s signature domestic achievement, as Senate Republicans disclosed legislation to dismantle it.",,"President-elect Donald J. Trump took to Twitter to denounce President Obama’s signature domestic achievement, as Senate Republicans disclosed legislation to dismantle it.",U.S.,National,News,article,2022,"Trump, Donald J; United States Politics and Government; Cyberwarfare and Defense; Law and Legislation; Computers and the Internet; Constitution (US); Politics and Government; Republican Party; Democratic Party; Senate; House of Representatives; Kim Jong-un; Schumer, Charles E; United States",https://www.nytimes.com/2017/01/03/us/politics/donald-trump-transition-hacking.html
2017,2017-01-03T18:59:08Z,2010s,Jan-Feb,"Istanbul, Donald Trump, Syria: Your Morning Briefing",Here’s what you need to know to start your day.,,Here’s what you need to know to start your day.,Briefing,NYTNow,briefing,article,1054,,https://www.nytimes.com/2017/01/03/briefing/asia-australia-briefing.html
2017,2017-01-03T19:44:20Z,2010s,Jan-Feb,"Coal Fire, Not Just Iceberg, Doomed the Titanic, a Journalist Claims",A documentary posits that the demise of the ship may have been accelerated by a giant blaze in its hull that appeared to have started as long as three weeks before it set off.,,A documentary posits that the demise of the ship may have been accelerated by a giant blaze in its hull that appeared to have started as long as three weeks before it set off.,World,Foreign,News,article,981,"Titanic (Ship); Titanic: The New Evidence (TV Program); Shipwrecks (Historic); Maritime Accidents and Safety; Documentary Films and Programs; Molony, Senan",https://www.nytimes.com/2017/01/03/world/europe/titanic-coal-fire-iceberg.html
2017,2017-01-04T00:18:59Z,2010s,Jan-Feb,2016 in Charts. (And Can Trump Deliver in 2017?),The numbers show a strong economy in 2016. Will Trump really make good on his pledges to the people who elected him in the coming year?,,The numbers show a strong economy in 2016. Will Trump really make good on his pledges to the people who elected him in the coming year?,Opinion,OpEd,News,article,1157,"Two Thousand Sixteen; Trump, Donald J; United States Politics and Government; United States Economy; Labor and Jobs; Unemployment; Wages and Salaries; Health Insurance and Managed Care",https://www.nytimes.com/2017/01/03/opinion/2016-in-charts-and-can-trump-deliver-in-2017.html
2017,2017-01-04T00:48:09Z,2010s,Jan-Feb,China Joins the Fight to Save Elephants,"The announcement of a halt to commercial ivory trade is welcome, but the ban needs to be enforced and other markets can’t be allowed to open.",,"The announcement of a halt to commercial ivory trade is welcome, but the ban needs to be enforced and other markets can’t be allowed to open.",Opinion,Editorial,Editorial,article,472,Ivory; Elephants; Poaching (Wildlife); China; Convention on International Trade in Endangered Species; Africa,https://www.nytimes.com/2017/01/03/opinion/china-joins-the-fight-to-save-elephants.html
2017,2017-01-04T01:04:51Z,2010s,Jan-Feb,"Bitcoin Price Soars, Fueled by Speculation and Global Currency Turmoil",A tilt toward isolationism in American and European politics has made a currency that can cross borders with little oversight more attractive.,,A tilt toward isolationism in American and European politics has made a currency that can cross borders with little oversight more attractive.,Business,Business,News,article,1015,Bitcoin (Currency); China; Venezuela; Virtual Currency,https://www.nytimes.com/2017/01/03/business/dealbook/bitcoin-price-soars-fueled-by-speculation-and-global-currency-turmoil.html
2017,2017-01-04T01:31:52Z,2010s,Jan-Feb,"With Choice of Trade Negotiator, Trump Prepares to Confront Mexico and China",Robert Lighthizer shares a view with the president-elect that the United States has prioritized the ideal of free trade over its own self-interest.,,Robert Lighthizer shares a view with the president-elect that the United States has prioritized the ideal of free trade over its own self-interest.,U.S.,National,News,article,1332,"Lighthizer, Robert E; International Trade and World Market; United States Politics and Government; Trump, Donald J; China; Mexico",https://www.nytimes.com/2017/01/03/us/politics/trump-robert-lighthizer-trade-mexico.html
2017,2017-03-01T02:19:03Z,2010s,Mar-Apr,Trump’s Speech to Congress: Video and Transcript,President Trump on Tuesday delivered his first address to a joint session of Congress. Here is a transcript of his remarks.,,President Trump on Tuesday delivered his first address to a joint session of Congress. Here is a transcript of his remarks.,U.S.,National,News,article,5264,"Trump, Donald J; House of Representatives; Senate; Speeches and Statements",https://www.nytimes.com/2017/02/28/us/politics/trump-congress-video-transcript.html
2017,2017-03-01T03:40:48Z,2010s,Mar-Apr,"Ever a Showman, Donald Trump Keeps Washington Guessing","On the day of his first speech to Congress, a new president rips up the script and opens the door to an unexpected compromise on immigration policy.",,Mr. Trump again tore up the script and threw his young administration into upheaval.,U.S.,National,News,article,1252,"Trump, Donald J; United States Politics and Government; Law and Legislation",https://www.nytimes.com/2017/02/28/us/politics/trump-speech.html
2017,2017-03-01T05:00:25Z,2010s,Mar-Apr,The Workers Who Regret Trump’s Scrapping of a Trade Deal,"The T.P.P. and other trade deals required tougher labor and environment measures. Some call them fig leaves, but others bemoan their loss.",,"The Trans-Pacific Partnership and other trade deals required tougher labor and environment measures. Some call them fig leaves, but others bemoan their loss.",Business,Business,News,article,1367,"Trans-Pacific Partnership; Vietnam; International Trade and World Market; Workplace Hazards and Violations; Trump, Donald J; Far East, South and Southeast Asia and Pacific Areas",https://www.nytimes.com/2017/03/01/business/trump-tpp-trade-vietnam-labor-environment.html
2017,2017-03-01T05:01:30Z,2010s,Mar-Apr,"Donald Trump, Samsung, François Hollande: Your Wednesday Briefing",Here’s what you need to know to start your day.,,Here’s what you need to know to start your day.,Briefing,NYTNow,briefing,article,1135,,https://www.nytimes.com/2017/03/01/briefing/donald-trump-samsung-francois-hollande.html
2017,2017-03-01T05:18:00Z,2010s,Mar-Apr,From ‘America First’ to a More Conventional View of U.S. Diplomacy,"The president’s first address to Congress came after a turbulent debut on the world stage, but also reflected a return to established U.S. positions.",,"The president’s first address to Congress came after a turbulent debut on the world stage, but also reflected a return to established U.S. positions.",U.S.,National,News,article,845,United States Politics and Government,https://www.nytimes.com/2017/03/01/us/politics/national-security-foreign-policy-white-house.html
2017,2017-03-01T08:21:15Z,2010s,Mar-Apr,Tony Blair’s Lesson for President Trump,The parallels between Brexit and Trumpism are profound.,,The parallels between Brexit and Trumpism are profound.,Opinion,OpEd,Op-Ed,article,1333,"Great Britain Withdrawal from EU (Brexit); Trump, Donald J; Blair, Tony; International Trade and World Market; United States Politics and Government; United States International Relations",https://www.nytimes.com/2017/03/01/opinion/tony-blairs-lesson-for-president-trump.html
2017,2017-03-01T08:21:16Z,2010s,Mar-Apr,Russia Sides With Chemical Weapons,Even chlorine bombs couldn’t stir Moscow to punish Syria in the U.N.,,Even chlorine bombs couldn’t stir Moscow to punish Syria in the U.N.,Opinion,Editorial,Editorial,article,401,"Syria; Biological and Chemical Warfare; Russia; Security Council (UN); International Relations; Defense and Military Forces; Assad, Bashar al-; Putin, Vladimir V; Human Rights and Human Rights Violations; Haley, Nikki R; Trump, Donald J",https://www.nytimes.com/2017/03/01/opinion/russia-sides-with-chemical-weapons.html
2017,2017-03-01T10:00:36Z,2010s,Mar-Apr,My Bangkok: City of Spirits,"In a city filled with haunted sites, ghosts are woven into the fabric of daily life.",,"Thailand’s capital is filled with haunted sites, and ghosts are woven into the fabric of daily life.",Travel,Travel,News,article,2644,Travel and Vacations; Bangkok (Thailand),https://www.nytimes.com/2017/03/01/travel/bangkok-thailand-city-of-spirits-culture.html
2017,2017-03-01T14:31:27Z,2010s,Mar-Apr,House Hunting in … Sydney,"With up to 75 percent growth over the last few years, Sydney is not just the strongest property market in Australia. It is also the priciest.",,"With up to 75 percent growth over the last few years, Sydney is not just the strongest property market in Australia. It is also the priciest.",Real Estate,RealEstate,News,article,1051,Real Estate and Housing (Residential); Australia,https://www.nytimes.com/2017/03/01/realestate/house-hunting-in-sydney.html
2017,2017-03-01T14:47:33Z,2010s,Mar-Apr,U.N. Investigators Say Syria Bombed Convoy and Did So Deliberately,A hard-hitting report says that the government airstrike was “one of the most egregious” assaults in the battle for Aleppo and that rebel groups also committed abuses.,,A hard-hitting report says that the government airstrike was “one of the most egregious” assaults in the battle for Aleppo and that rebel groups also committed abuses.,World,Foreign,News,article,963,"Syria; War Crimes, Genocide and Crimes Against Humanity; United Nations; Civilian Casualties; Biological and Chemical Warfare; Aleppo (Syria); Homs (Syria); Russia",https://www.nytimes.com/2017/03/01/world/middleeast/united-nations-war-crimes-syria.html
2017,2017-03-01T17:00:05Z,2010s,Mar-Apr,"A Philharmonic Farewell, With Musicians from Nations Trump Sought to Ban","Alan Gilbert has invited musicians from all over, including Iran and Iraq, who were targets of President Trump’s travel ban, for shows in June.",,"Alan Gilbert has invited musicians from all over, including Iran and Iraq, who were targets of President Trump’s travel ban, for shows in June.",Arts,Culture,News,article,443,"Classical Music; New York Philharmonic; Gilbert, Alan; Immigration and Emigration; Trump, Donald J; A Concert for Unity; Geffen, David, Hall (Manhattan, NY); United States Politics and Government; Refugees and Displaced Persons; Executive Orders and Memorandums; Trump Travel Bans",https://www.nytimes.com/2017/03/01/arts/music/alan-gilbert-philharmonic-finale-global-unity-concert.html
2017,2017-03-01T17:17:44Z,2010s,Mar-Apr,"For China’s Factories, a Weaker Currency Is a Double-Edged Sword","Chinese manufacturers once reaped big benefits from a falling renminbi, but heavy debt and intense competition now reduce the positive impact.",,"Chinese manufacturers once reaped big benefits from a falling renminbi, but heavy debt and intense competition now reduce the positive impact.",Business,Business,News,article,1352,Renminbi (Currency); International Trade and World Market; China; Air Conditioning; Guangdong Chigo Air Conditioning Co,https://www.nytimes.com/2017/03/01/business/china-dollar-yuan-renminbi.html
2017,2017-03-01T17:31:51Z,2010s,Mar-Apr,Austerity? Not on This Saudi Itinerary,"King Salman has traveled to Asia with 1,500 people, six Boeing jets and a military plane with 506 tons of cargo, including two Mercedes limos.",,"In touring Asia to strengthen economic ties, King Salman of Saudi Arabia is living luxuriously even as his country’s citizens struggle under an austerity plan.",World,Foreign,News,article,663,"Saudi Arabia; Indonesia; Salman, King of Saudi Arabia; Economic Conditions and Trends; Oil (Petroleum) and Gasoline; International Relations; Saudi Aramco; High Net Worth Individuals",https://www.nytimes.com/2017/03/01/world/middleeast/saudi-king-indonesia-wealth.html
2017,2017-03-01T19:04:29Z,2010s,Mar-Apr,"China’s Bird Flu Surge Is a Low Epidemic Threat, W.H.O. Says",But the virus’s division into two strains will probably force development of a second small stockpile of emergency vaccine to be introduced if the virus becomes more transmissible.,,But the virus’s division into two strains will probably force development of a second small stockpile of emergency vaccine to be introduced if the virus becomes more transmissible.,Health,Science,News,article,452,Avian Influenza; China; World Health Organization; Vaccination and Immunization; Centers for Disease Control and Prevention,https://www.nytimes.com/2017/03/01/health/avian-flu-china-who.html
2017,2017-03-01T19:10:42Z,2010s,Mar-Apr,"Donald Trump’s Speech, Mosul, Kim Jong-nam: Your Morning Briefing",Here’s what you need to know to start your day.,,Here’s what you need to know to start your day.,Briefing,NYTNow,briefing,article,1170,,https://www.nytimes.com/2017/03/01/briefing/donald-trump-mosul-kim-jong-nam-your-morning-briefing.html
2017,2017-03-01T20:27:07Z,2010s,Mar-Apr,"After Trump Win, Anti-Soros Forces Are Emboldened in Eastern Europe","In Hungary, Macedonia and elsewhere, populist governments have intensified attacks on “foreign-funded” advocacy groups often associated with George Soros.",,"In Hungary, Macedonia and elsewhere, populist governments have intensified attacks on “foreign-funded” advocacy groups often associated with George Soros.",World,Foreign,News,article,1457,"United States Politics and Government; Soros, George; Eastern Europe; Open Society Foundations; Human Rights and Human Rights Violations; Freedom of Speech and Expression; Fidesz Party; Gruevski, Nikola (1970- ); Kaczynski, Jaroslaw; Orban, Viktor; Szydlo, Beata (1963- ); Trump, Donald J; Hungary; Macedonia; Romania; Slovakia; Serbia; Nongovernmental organizations",https://www.nytimes.com/2017/03/01/world/europe/after-trump-win-anti-soros-forces-are-emboldened-in-eastern-europe.html
2017,2017-03-02T00:52:18Z,2010s,Mar-Apr,Obama Administration Rushed to Preserve Intelligence of Russian Election Hacking,Obama administration officials scrambled to ensure intelligence of connections between the Trump campaign and Russian officials was preserved after they left office.,,Obama administration officials scrambled to ensure intelligence of connections between the Trump campaign and Russian officials was preserved after they left office,U.S.,National,News,article,2230,"Russia; Obama, Barack; Putin, Vladimir V; Trump, Donald J; Cyberwarfare and Defense; United States International Relations; Presidential Election of 2016; Espionage and Intelligence Services; United States Politics and Government",https://www.nytimes.com/2017/03/01/us/politics/obama-trump-russia-election-hacking.html
2017,2017-03-02T01:43:40Z,2010s,Mar-Apr,<div>Jon Huntsman Is in Running to Be Ambassador to Russia</div>,"Sending Mr. Huntsman to Moscow would remove him as a primary challenger to Utah’s 82-year-old Republican senator, Orrin Hatch.",,"Sending Mr. Huntsman to Moscow would remove him as a primary challenger to Utah’s 82-year-old Republican senator, Orrin Hatch.",U.S.,Foreign,News,article,855,"United States Politics and Government; United States International Relations; Diplomatic Service, Embassies and Consulates; Atlantic Council; Senate; Huntsman, Jon M Jr; Russia",https://www.nytimes.com/2017/03/01/us/politics/trump-russia-jon-huntsman.html
2017,2017-03-02T01:58:38Z,2010s,Mar-Apr,"Now, About That Role as Commander in Chief ...",Mr. Trump leaves us in the dark on major foreign policy issues.,,Mr. Trump leaves us in the dark on major foreign policy issues.,Opinion,Editorial,Editorial,article,700,"Trump, Donald J; Speeches and Statements; United States Politics and Government; United States International Relations; United States Defense and Military Forces",https://www.nytimes.com/2017/03/01/opinion/now-about-that-role-as-commander-in-chief.html
2017,2017-03-02T08:21:15Z,2010s,Mar-Apr,"However Much Trump Spends on Arms, We Can’t Bomb Ebola","A bigger military isn’t a substitute for diplomacy, foreign aid and good will.",,"A bigger military isn’t a substitute for diplomacy, foreign aid and good will.",Opinion,OpEd,Op-Ed,article,846,Politics and Government; Terrorism; United States International Relations; United States Politics and Government; Foreign Aid; United States Defense and Military Forces; Defense Department; State Department; United States Agency for International Development; Oman,https://www.nytimes.com/2017/03/02/opinion/however-much-trump-spends-on-arms-we-cant-bomb-ebola.html
2017,2017-05-01T01:00:05Z,2010s,May-Jun,"Fed Will Update Economic Outlook, and April Jobs Data Is Ahead","The Federal Reserve will meet Tuesday and Wednesday, and on Friday analysts expect to hear that 193,000 jobs were added in April.",,"The Federal Reserve will meet Tuesday and Wednesday, and on Friday analysts expect to hear that 193,000 jobs were added in April.",Business,Business,News,article,944,United States Economy; Banking and Financial Institutions; Labor and Jobs; Airlines and Airplanes; Automobiles; Berkshire Hathaway Inc; Federal Reserve System; HSBC Holdings PLC.; Volkswagen AG; Writers Guild of America,https://www.nytimes.com/2017/04/30/business/fed-will-update-economic-outlook-and-april-jobs-data-is-ahead.html
2017,2017-05-01T03:56:12Z,2010s,May-Jun,Celtics Open Conference Semifinal by Beating Wizards,"Isaiah Thomas, a day after attending his sister’s funeral, scored 33 points as Boston won Game 1.",,"Isaiah Thomas, a day after attending his sister’s funeral, scored 33 points as Boston won Game 1.",Sports,Sports,News,article,992,Basketball; Boston Celtics; Washington Wizards,https://www.nytimes.com/2017/04/30/sports/basketball/celtics-open-conference-semifinal-by-beating-wizards.html
2017,2017-05-01T04:00:46Z,2010s,May-Jun,"France, Russia, Donald Trump: Your Monday Briefing",Here’s what you need to know to start your day.,,Here’s what you need to know to start your day.,Briefing,NYTNow,briefing,article,1071,,https://www.nytimes.com/2017/05/01/briefing/france-russia-donald-trump.html
2017,2017-05-01T04:01:21Z,2010s,May-Jun,My Beijing: The Sacred City,"This metropolis was once a total work of art, epitomizing the religious and political system that ran China for millennia. The remnants of that time are being restored anew.",,"This metropolis was once a total work of art, epitomizing the religious and political system that ran China for millennia. The remnants of that time are being restored.",Travel,Travel,News,article,2412,Travel and Vacations; Beijing (China); Religion and Belief,https://www.nytimes.com/2017/05/01/travel/beijing-china-history-sacred-city-temples-culture.html
2017,2017-05-01T05:00:16Z,2010s,May-Jun,What’s on TV Monday: The 2017 Met Gala and Matt LeBlanc in ‘Episodes’,Navigate the red carpet with E! at one of the year’s hottest tickets: the Met Gala. Or prepare for the final season of the Showtime comedy “Episodes.”,,Navigate the red carpet with E! at one of the year’s hottest tickets: the Met Gala. Or prepare for the final season of the Showtime comedy “Episodes.”,Arts,Culture,Schedule,article,492,Television; Web-Original Programming,https://www.nytimes.com/2017/05/01/arts/television/whats-on-tv-monday-the-2017-met-gala-and-matt-leblanc-in-episodes.html
2017,2017-05-01T09:00:25Z,2010s,May-Jun,"In Europe’s Election Season, Tech Vies to Fight Fake News",Computer scientists and tech giants are using algorithms and online data to spot misinformation faster than traditional fact-checkers can.,,Computer scientists and tech giants are using algorithms and online data to spot misinformation faster than traditional fact-checkers can.,Technology,Business,News,article,1184,News and News Media; Elections; Europe; Computers and the Internet; Rumors and Misinformation; Artificial Intelligence,https://www.nytimes.com/2017/05/01/business/europe-election-fake-news.html
2017,2017-05-01T09:00:28Z,2010s,May-Jun,Trump Administration’s Push for Gas Exports Faces Market Glut,Efforts to ramp up shipments could be complicated by a renegotiation of the North American Free Trade Agreement.,,Efforts to ramp up shipments could be complicated by a renegotiation of the North American Free Trade Agreement.,Business,Business,News,article,1372,International Trade and World Market; Natural Gas; North American Free Trade Agreement; United States Politics and Government,https://www.nytimes.com/2017/05/01/business/energy-environment/trump-natural-gas-exports.html
2017,2017-05-01T09:14:15Z,2010s,May-Jun,Morning Agenda: Fox and Blackstone Teaming Up for Tribune Media,The potential arrangement could set off a bidding war for Tribune’s stable of television stations.,,The potential arrangement could set off a bidding war for Tribune’s stable of television stations.,Business,Business,News,article,520,,https://www.nytimes.com/2017/05/01/business/dealbook/fox-blackstone-tribune-trump.html
2017,2017-05-01T12:02:15Z,2010s,May-Jun,"After Failed Talks With Kushner, More Trouble for a Chinese Tycoon",Wu Xiaohui has threatened to sue a Chinese magazine that examined his company’s labyrinthine funding.,,Wu Xiaohui has threatened to sue a Chinese magazine that examined his company’s labyrinthine funding.,World,Foreign,News,article,1265,"Anbang Insurance Group Co; Caixin; Communist Party of China; Wu Xiaohui; Kushner, Jared; China; Fifth Avenue (Manhattan, NY)",https://www.nytimes.com/2017/05/01/world/asia/anbang-caixin-china.html
2017,2017-05-01T13:31:27Z,2010s,May-Jun,John Paulson’s Fall From Hedge Fund Stardom,"The hedge fund Paulson & Company manages just under $10 billion today, down from $36 billion in 2011.",,"The hedge fund Paulson & Company manages just under $10 billion today, down from $36 billion in 2011.",Business,Business,News,article,1234,"Paulson, John A; Hedge Funds; Subprime Mortgage Crisis; Paulson & Co",https://www.nytimes.com/2017/05/01/business/dealbook/john-paulsons-fall-from-hedge-fund-stardom.html
2017,2017-05-01T13:45:23Z,2010s,May-Jun,Rodrigo Duterte Says He May Be Too Busy for White House Visit,"The Philippines leader, who is accused of ordering extrajudicial killings, has said he “cannot make any definite promise” to accept President Trump’s invitation.",,"The Philippine leader, who is accused of ordering extrajudicial killings, has said he “cannot make any definite promise” to accept President Trump’s invitation.",World,Foreign,News,article,660,"United States International Relations; Duterte, Rodrigo; Trump, Donald J; Philippines",https://www.nytimes.com/2017/05/01/world/asia/trump-philippines-duterte.html
2017,2017-05-01T19:42:22Z,2010s,May-Jun,Trump’s Volatility in Asia Distresses a Longtime U.S. Ally: Australia,"Some in Australia worry about the risk of being drawn into a conflict that forces it to side with either the United States, its military ally, or China, its biggest trading partner.",,"Some in Australia worry about the risk of being drawn into a conflict that forces it to side with either the United States, its military ally, or China, its biggest trading partner.",World,Foreign,News,article,1590,"United States Defense and Military Forces; United States International Relations; Afghanistan War (2001-14); Military Bases and Installations; International Relations; Cold War Era; World War II (1939-45); United States Army; United States Marine Corps; Pence, Mike; Trump, Donald J; Turnbull, Malcolm (1954- ); Australia; Darwin (Australia); China; Far East, South and Southeast Asia and Pacific Areas",https://www.nytimes.com/2017/05/01/world/australia/trump-north-korea-us-china.html
2017,2017-05-01T19:46:39Z,2010s,May-Jun,"Japan, Rodrigo Duterte, Israel: Your Morning Briefing",Here’s what you need to know to start your day.,,Here’s what you need to know to start your day.,Briefing,NYTNow,briefing,article,1144,,https://www.nytimes.com/2017/05/01/briefing/australia-rodrigo-duterte-israel.html
2017,2017-05-02T00:20:16Z,2010s,May-Jun,Twitter Signs a Deal to Stream Regular-Season W.N.B.A. Games,The 20-game agreement makes the basketball league the first women’s professional sports group to sign a rights deal with the social media service.,,The agreement is for 20 regular-season games in each of the next three seasons.,Sports,Sports,News,article,748,"Social Media; Video Recordings, Downloads and Streaming; Basketball; Borders, Lisa M (1957- ); Amazon.com Inc; Twitter; Women's National Basketball Assn; Facebook Inc",https://www.nytimes.com/2017/05/01/sports/basketball/wnba-twitter-streaming.html
2017,2017-05-02T00:21:52Z,2010s,May-Jun,Donald Trump Embraces Another Despot,His White House invitation to Rodrigo Duterte of the Philippines erodes America’s reputation.,,"His fondness for strongmen, seen again in his White House invitation to Rodrigo Duterte of the Philippines, erodes America’s reputation.",Opinion,Editorial,Editorial,article,655,"United States International Relations; United States Politics and Government; Duterte, Rodrigo; Philippines; Trump, Donald J",https://www.nytimes.com/2017/05/01/opinion/donald-trump-embraces-rodrigo-duterte.html
2017,2017-05-02T01:02:11Z,2010s,May-Jun,"Trump Follows Instincts, Not Establishment, With Overtures to Kim and Duterte",President Trump‘s willingness to meet with the North Korean and Philippine leaders illustrated his confidence in his own deal making but alarmed critics.,,President Trump‘s willingness to meet with the North Korean and Philippine leaders illustrated his confidence in his own deal making but alarmed critics.,World,Foreign,News,article,1262,"United States Politics and Government; Kim Jong-un; North Korea; Trump, Donald J; Duterte, Rodrigo; Philippines; United States International Relations",https://www.nytimes.com/2017/05/01/world/asia/trump-north-korea-kim-jong-un.html
2017,2017-05-02T07:00:05Z,2010s,May-Jun,Right and Left: Partisan Writing You Shouldn’t Miss,"Read about how the other side thinks: The power of the “climate denial” label, when colleges mute free speech and what Democrats should seek in Obama.",,"Read about how the other side thinks: The power of the “climate denial” label, when colleges mute free speech and what Democrats should seek in Obama.",U.S.,National,News,article,863,United States Politics and Government,https://www.nytimes.com/2017/05/02/us/politics/right-and-left-partisan-writing-you-shouldnt-miss.html
2017,2017-05-02T07:15:03Z,2010s,May-Jun,U.S. Antimissile System Goes Live in South Korea,"The Thaad system, deployed to counter North Korea’s missile threats, has angered China and become a contentious issue in South Korea’s presidential race.",,"The Thaad system, deployed to counter North Korea’s missile threats, has angered China and become a contentious issue in South Korea’s presidential race.",World,Foreign,News,article,817,"South Korea; Missiles and Missile Defense Systems; United States Defense and Military Forces; North Korea; China; United States International Relations; Moon Jae-in; Trump, Donald J",https://www.nytimes.com/2017/05/02/world/asia/thaad-north-korea-missile-defense-us.html
2017,2017-05-02T07:21:06Z,2010s,May-Jun,President Trump Is Asked to Show His Cards,The Office of Government Ethics is demanding that the White House release the names of officials allowed to bypass its own ethics rules.,,The Office of Government Ethics is demanding that the White House release the names of officials allowed to bypass its own ethics rules.,Opinion,Editorial,Editorial,article,563,"United States Politics and Government; Ethics and Official Misconduct; Conflicts of Interest; Office of Government Ethics; Grassley, Charles E; Trump, Donald J; Passantino, Stefan C",https://www.nytimes.com/2017/05/02/opinion/donald-trump-government-ethics.html
2017,2017-05-02T09:00:09Z,2010s,May-Jun,Is China the World’s New Colonial Power?,"The rising superpower has built up enormous holdings in poor, resource-rich African countries — but its business partners there aren’t always thrilled.",,"The rising superpower has built up enormous holdings in poor, resource-rich African countries — but its business partners there aren’t always thrilled.",Magazine,Magazine,News,article,6985,China; International Trade and World Market; Third World and Developing Countries; Namibia; Labor and Jobs; Poaching (Wildlife); Mines and Mining; Philanthropy; Uranium; Africa,https://www.nytimes.com/2017/05/02/magazine/is-china-the-worlds-new-colonial-power.html
2017,2017-06-25T00:00:36Z,,,Is a Buddhist Group Changing China? Or Is China Changing It?,"Millions have joined faith organizations like Fo Guang Shan, aiming to fill what they see as a moral vacuum. But to operate in China, groups like Fo Guang Shan must compromise.",,,World,,,,,,https://www.nytimes.com/2017/06/24/world/asia/china-buddhism-fo-guang-shan.html
2017,2017-07-01T00:56:00Z,2010s,Jul-Aug,Trump Takes More Aggressive Stance With U.S. Friends and Foes in Asia,"The president pressed South Korea on trade and made moves that angered China, posing a test of whether he can keep campaign promises while also cooperating on security.",,"The president pressed South Korea on trade and made moves that angered China, posing a test of whether he can keep campaign promises while also cooperating on security.",World,Foreign,News,article,1117,"United States Politics and Government; United States International Relations; International Trade and World Market; Embargoes and Sanctions; Steel and Iron; Trump, Donald J; Moon Jae-in; Xi Jinping; China; Seoul (South Korea); North Korea",https://www.nytimes.com/2017/06/30/world/asia/trump-south-korea-china.html
2017,2017-07-01T02:50:13Z,2010s,Jul-Aug,Carrie Lam Is Sworn In as Hong Kong’s First Female Leader,"Ms. Lam, the fourth chief executive since the territory was returned to Chinese control, promised to renew trust in government in her inauguration speech.",,Ms. Lam promised to renew trust in government.,World,Foreign,News,article,556,"Politics and Government; Lam, Carrie (1957- ); Hong Kong",https://www.nytimes.com/2017/06/30/world/asia/carrie-lam-hong-kong-first-female-leader.html
2017,2017-07-01T08:42:17Z,2010s,Jul-Aug,"Xi Delivers Tough Speech on Hong Kong, as Protests Mark Handover Anniversary","The Chinese president warned against challenging Beijing’s rule, a jarring contrast with protests later in the day.",,"President Xi Jinping of China warned against challenging Beijing’s rule, a jarring contrast with protests later in the day.",World,Foreign,News,article,1122,"Politics and Government; Demonstrations, Protests and Riots; Hong Kong; China; Xi Jinping",https://www.nytimes.com/2017/07/01/world/asia/hong-kong-china-xi-jinping.html
2017,2017-07-01T13:00:41Z,2010s,Jul-Aug,American Companies Still Make Aluminum. In Iceland.,The Trump administration blames China for the decline of aluminum production in the U.S. But where has it really gone?,,The Trump administration blames China for the decline of aluminum production in the U.S. But where has it really gone?,U.S.,SundayBusiness,News,article,2265,Aluminum; Aluminum Co of America; Iceland; Protectionism (Trade); International Trade and World Market,https://www.nytimes.com/2017/07/01/us/politics/american-companies-still-make-aluminum-in-iceland.html
2017,2017-07-01T15:43:00Z,2010s,Jul-Aug,5 North Koreans Found in South’s Waters Appear to Be Defectors,"The four men and one woman, who indicated that they wanted to defect when their boat was stopped by the South Korean Coast Guard, are being interviewed.",,"The four men and one woman, who indicated that they wanted to defect when their boat was stopped by the South Korean Coast Guard, are being interviewed.",World,Foreign,News,article,541,North Korea; South Korea; Politics and Government; Defectors (Political); Rescues,https://www.nytimes.com/2017/07/01/world/asia/north-korea-boat-defect.html
2017,2017-07-01T16:01:54Z,2010s,Jul-Aug,"A Prague Leader Tries to Bury a Bodies Exhibition, Once and for All","Inspired by a citizen complaint, a district mayor says a Czech law requires the entombing of remains — even if plasticized for traveling shows.",,"Inspired by a citizen complaint, a district mayor says a Czech law requires the entombing of remains — even if plasticized for traveling shows.",World,Foreign,News,article,1160,Cadavers; Prague (Czech Republic); Anatomy and Physiology; Bodies: The Exhibition (Exhibit); Dalian (China),https://www.nytimes.com/2017/07/01/world/europe/prague-czech-republic-body-the-exhibition.html
2017,2017-07-01T17:24:13Z,2010s,Jul-Aug,"In Russia’s Far East, a Fledgling Las Vegas for Asia’s Gamblers","At a time when few Chinese investors want to take a risk on Russia, a new casino in a forest, 4,000 miles east of Moscow, beckons deep-pocketed Asians.",,"At a time when few Chinese investors want to take a risk on Russia, a new casino in a forest, 4,000 miles east of Moscow, beckons deep-pocketed Asians.",World,Foreign,News,article,1535,"Vladivostok (Russia); Casinos; Gambling; Russia; China; Putin, Vladimir V; Economic Conditions and Trends; Foreign Investments",https://www.nytimes.com/2017/07/01/world/europe/russia-vladivostok-gambling-casinos.html
2017,2017-07-01T20:30:55Z,2010s,Jul-Aug,"As Beijing Joins Climate Fight, Chinese Companies Build Coal Plants",China has asserted itself as a global climate leader even as Chinese companies are planning to build half of all new coal plants at home and overseas.,,China has asserted itself as a global climate leader even as Chinese companies are planning to build half of all new coal plants at home and overseas.,Climate,Climate,News,article,1229,China; Coal; Global Warming; Greenhouse Gas Emissions; Factories and Manufacturing; Electric Light and Power,https://www.nytimes.com/2017/07/01/climate/china-energy-companies-coal-plants-climate-change.html
2017,2017-07-02T10:00:17Z,2010s,Jul-Aug,"Republicans, Mika Brzezinski, Trump: Your Weekend Briefing",Here’s what you need to know about the week’s top stories.,,Here’s what you need to know about the week’s top stories.,Briefing,NYTNow,briefing,article,1098,,https://www.nytimes.com/2017/07/02/briefing/republicans-mika-brzezinski-trump.html
2017,2017-07-02T14:00:26Z,2010s,Jul-Aug,Harlem Woman Owned 100 Hats. Then She Bought the Factory.,"When a hat designer mentioned that the ailing S&S Hat Company in Philadelphia was for sale, Georgiette Morgan-Thomas jumped at the opportunity.",,"When a hat designer mentioned that the ailing S&S Hat Company in Philadelphia was for sale, Georgiette Morgan-Thomas jumped at the opportunity.",New York,Metro,News,article,1157,"Hats and Caps; Factories and Manufacturing; Morgan-Thomas, Georgiette; American Hats LLC; Harlem (Manhattan, NY)",https://www.nytimes.com/2017/07/02/nyregion/harlem-woman-owned-100-hats-then-she-bought-the-factory.html
2017,2017-07-02T16:28:58Z,2010s,Jul-Aug,French Energy Giant to Invest $1 Billion on Iran Gas Field,The firm is the first Western energy company to invest in a large infrastructure project in Iran since the nuclear deal with Tehran was agreed to in 2015.,,Total would be the first Western energy company to invest in Iran since the 2015 nuclear deal.,World,Business,News,article,350,"Iran; Total SA; Oil (Petroleum) and Gasoline; United States International Relations; International Relations; Trump, Donald J; France",https://www.nytimes.com/2017/07/02/world/middleeast/iran-gas-field-total-nuclear-deal.html
2017,2017-07-02T18:19:42Z,2010s,Jul-Aug,"With Social Media, Vietnam’s Dissidents Grow Bolder Despite Crackdown",Facebook and other online forums have become the connecting tissue for Vietnam’s increasingly public dissident voices. And the government is fighting back.,,Facebook and other online forums have become the connecting tissue for Vietnam’s increasingly public dissident voices. And the government is fighting back.,World,Foreign,News,article,1320,"Vietnam; Human Rights and Human Rights Violations; Social Media; Human Rights Watch; Quang A, Nguyen; Quynh, Nguyen Ngoc Nhu; Facebook Inc; Twitter; YouTube.com; Computers and the Internet; Demonstrations, Protests and Riots; Police Brutality, Misconduct and Shootings",https://www.nytimes.com/2017/07/02/world/asia/vietnam-mother-mushroom-social-media-dissidents.html
2017,2017-07-02T20:19:35Z,2010s,Jul-Aug,"Damascus, CNN, George Pell: Your Morning Briefing",Here’s what you need to know to start your day.,,Here’s what you need to know to start your day.,Briefing,NYTNow,briefing,article,1230,,https://www.nytimes.com/2017/07/02/briefing/damascus-cnn-george-pell.html
2017,2017-07-02T22:20:18Z,2010s,Jul-Aug,Hackers Find ‘Ideal Testing Ground’ for Attacks: Developing Countries,"Often the best way to see if a cyberweapon works is to try it out in a country without the best digital defenses, as recent attacks have indicated.",,"Often the best way to see if a cyberweapon works is to try it out in a country without the best digital defenses, as recent attacks have indicated.",Technology,Business,News,article,978,Cyberwarfare and Defense; Cyberattacks and Hackers; Third World and Developing Countries; Bangladesh Bank; Artificial Intelligence; Darktrace Ltd; India; Computer Security,https://www.nytimes.com/2017/07/02/technology/hackers-find-ideal-testing-ground-for-attacks-developing-countries.html
2017,2017-07-03T01:00:27Z,2010s,Jul-Aug,Doctor’s Killing at Bronx Hospital Called a ‘Monumental Loss’,"Though early in her career, Dr. Tracy Sin-Yee Tam had established a remarkable reputation for being caring and conscientious.",,Dr. Tracy Sin-Yee Tam had established a remarkable reputation for being caring and conscientious in her young career.,New York,Metro,News,article,1065,"Tam, Tracy Sin-Yee; Bronx-Lebanon Hospital Center; Murders, Attempted Murders and Homicides; Hospitals; Bronx (NYC); Doctors; Bello, Henry W (1972-2017)",https://www.nytimes.com/2017/07/02/nyregion/doctor-killed-bronx-lebanon-hospital-tracy-tam.html
2017,2017-07-03T05:23:16Z,2010s,Jul-Aug,Trump Warns China He Is Willing to Pressure North Korea on His Own,"The president’s warning, after a series of tough measures aimed at China, shows how he and the Chinese leader, Xi Jinping, are reassessing their approach to each other.",,President Trump spoke with President Xi Jinping about the “growing threat” posed by North Korea’s nuclear weapons program.,World,Foreign,News,article,1232,"China; North Korea; Xi Jinping; Trump, Donald J; Nuclear Weapons; International Relations",https://www.nytimes.com/2017/07/03/world/asia/trump-xi-jinping-china-north-korea.html
2017,2017-07-03T06:55:24Z,2010s,Jul-Aug,"Tesla’s First Mass-Market Car, the Model 3, Hits Production This Week","As the electric-car maker moves to expand its lineup, it said problems with battery manufacturing had held down sales of existing models this year.",,"After years of producing luxury cars in small numbers, Tesla hopes sales of its new model, priced around $35,000, will push its output to 500,000 cars a year.",Business,Business,News,article,560,"Tesla Motors Inc; Musk, Elon; Automobiles; Factories and Manufacturing; Electric and Hybrid Vehicles",https://www.nytimes.com/2017/07/03/business/tesla-model-3-elon-musk.html
2017,2017-07-03T07:21:14Z,2010s,Jul-Aug,China’s Ignoble Treatment of a Nobel Laureate,"Liu Xiaobo, the country’s most famous dissident, wants to spend his last days in freedom. This Fourth of July, Donald Trump should demand it.",,"Liu Xiaobo, the country’s most famous dissident, wants to spend his last days in freedom. This Fourth of July, Donald Trump should demand it.",Opinion,OpEd,Op-Ed,article,897,Liu Xiaobo; Political Prisoners; China; Human Rights and Human Rights Violations; Communist Party of China,https://www.nytimes.com/2017/07/03/opinion/liu-xiaobo-china-political-prisoner.html
2017,2017-07-03T09:01:14Z,2010s,Jul-Aug,"Hippos and Monkeys and Chimps, Oh My! The History of the London Zoo","Animals fare really badly in “The Zoo,” Isobel Charman’s entertaining account of the London Zoo’s 19th-century origins.",,"Animals fare really badly in “The Zoo,” Isobel Charman’s entertaining account of the London Zoo’s 19th-century origins.",Books,BookReview,Review,article,849,"Books and Literature; London Zoo; Zoos; The Zoo: The Wild and Wonderful Tale of the Founding of London Zoo: 1826-1851 (Book); Charman, Isobel; London (England)",https://www.nytimes.com/2017/07/03/books/review/london-zoo-history-isobel-charman.html
2017,2017-07-03T09:33:16Z,2010s,Jul-Aug,"CNN, Chris Christie, Tesla: Your Monday Briefing",Here’s what you need to know to start your day.,,Here’s what you need to know to start your day.,Briefing,NYTNow,briefing,article,1048,,https://www.nytimes.com/2017/07/03/briefing/cnn-chris-christie-tesla.html
2017,2017-07-19T18:32:49Z,,,"China Showers Myanmar With Attention, as Trump Looks Elsewhere","Myanmar’s opening had been considered an American victory, but Beijing is bringing it into its fold with money and diplomacy.",,,World,,,,,,https://www.nytimes.com/2017/07/19/world/asia/myanmar-china-us-diplomacy-trump.html
2017,2017-08-06T20:52:48Z,,,"Weaning Itself From Elephant Ivory, China Turns to Mammoths",Promoters of ivory from the extinct animals say it’s an ethical alternative. Others fear it may give cover to the black-market elephant ivory trade.,,,World,,,,,,https://www.nytimes.com/2017/08/06/world/asia/china-elephant-mammoth-ivory.html
2017,2017-08-11T18:38:34Z,,,"In China, Facebook Tests the Waters With a Stealth App","The social media giant has quietly authorized the release of a Chinese version of its Moments app, a highly unusual move that raises transparency questions.",,,Technology,,,,,,https://www.nytimes.com/2017/08/11/technology/facebook-china-moments-colorful-balloons.html
2017,2017-08-12T16:15:25Z,,,Trump Eyes China Sanctions While Seeking Its Help on North Korea,The American president is trying to enlist Beijing in his struggle with North Korea even as the White House is set to announce trade crackdown.,,,World,,,,,,https://www.nytimes.com/2017/08/12/world/asia/trump-china-north-korea.html
2017,2017-08-14T15:05:48Z,,,"Seeking Greater Global Power, China Looks to Robots and Microchips","The country’s effort to take a lead in the technologies of the future, often with the help of foreign companies, is the subject of a United States trade investigation.",,,World,,,,,,https://www.nytimes.com/2017/08/14/world/asia/china-trump-us-trade-intellectual-property-technology.html
2017,2017-08-15T23:43:12Z,,,"Squeezed by an India-China Standoff, Bhutan Holds Its Breath","There are fears that ambition and nationalism could lead China and India to war again, but now with more firepower at their disposal.",,,World,,,,,,https://www.nytimes.com/2017/08/15/world/asia/squeezed-by-an-india-china-standoff-bhutan-holds-its-breath.html
2017,2017-08-26T09:00:47Z,,,"Chastised by E.U., a Resentful Greece Embraces China’s Cash and Interests","Chinese investments in Greece are beginning to pay off, not only economically, but also by providing Beijing with a seemingly reliable ally in Brussels.",,,World,,,,,,https://www.nytimes.com/2017/08/26/world/europe/greece-china-piraeus-alexis-tsipras.html
2017,2017-09-01T00:43:25Z,2010s,Sep-Oct,"Stephon Marbury Stops at N.Y.U., as His Story Continues","After a contentious N.B.A. career, the basketball standout from Brooklyn became a star in China; he spoke to students Wednesday about his odyssey.",,"After a contentious N.B.A. career, the basketball standout from Brooklyn became a star in China; he spoke to students Wednesday about his odyssey.",Sports,Sports,News,article,897,"Marbury, Stephon; Basketball; New York University; New York Knicks; Beijing (China)",https://www.nytimes.com/2017/08/31/sports/stephon-marbury-stops-at-nyu-as-his-story-continues.html
2017,2017-09-01T06:02:01Z,2010s,Sep-Oct,Plastic Bags,Is the use of plastic bags limited where you live? Should it be?,,Is the use of plastic bags limited where you live? Should it be?,The Learning Network,Learning,News,article,109,,https://www.nytimes.com/2017/09/01/learning/plastic-bags.html
2017,2017-09-01T07:56:21Z,2010s,Sep-Oct,Hong Kong’s Autonomy Is Slipping Away,"The city, for so long a beacon of freedom relative to mainland China, now has political prisoners.",,"The city, for so long a beacon of freedom relative to mainland China, now has political prisoners.",Opinion,OpEd,Op-Ed,article,765,"Chow Yong-kang, Alex (1990- ); Law Kwun-chung, Nathan; Wong, Joshua (1996- ); Hong Kong; China; Political Prisoners",https://www.nytimes.com/2017/09/01/opinion/hong-kong-china-political-prisoners.html
2017,2017-09-01T08:04:13Z,2010s,Sep-Oct,"In Bangladesh, a Flood and an Efficient Response","If South Asia cannot work together on shared natural resources, it will be ill equipped to cope with the rush of climate change refugees.",,"If South Asia cannot work together on shared natural resources, it will be ill equipped to cope with the rush of climate change refugees.",Opinion,OpEd,Op-Ed,article,752,"Floods; Immigration and Emigration; Global Warming; Mosques; Wazed, Hasina; Bangladesh; Brahmaputra River (India); Dhaka (Bangladesh)",https://www.nytimes.com/2017/09/01/opinion/bangladesh-floods.html
2017,2017-09-01T09:00:24Z,2010s,Sep-Oct,Unesco World Heritage Sites 2017 Picks Range From Eritrea to England,"A couple of the 21 new inductees, spread among 18 cultural sites and three natural ones, are controversial choices.",,"Several of the inductees, which include 18 cultural sites and three natural ones, are controversial choices.",Travel,Travel,News,article,727,"United Nations Educational, Scientific and Cultural Organization; World Heritage Sites; Travel and Vacations; Asmara (Eritrea)",https://www.nytimes.com/2017/09/01/travel/unesco-sites-2017-asmara-okinoshima-dauria.html
2017,2017-09-01T10:22:00Z,2010s,Sep-Oct,How China Aims to Limit the West’s Global Influence,Beijing is fashioning a new form of multilateralism in which it defines the rules of the game.,,Beijing is fashioning a new form of multilateralism in which it defines the rules of the game.,Opinion,OpEd,Op-Ed,article,1357,China; Xi Jinping; Asian Infrastructure Investment Bank; International Trade and World Market; World Trade Organization; World Bank; International Monetary Fund,https://www.nytimes.com/2017/09/01/opinion/china-west-democracy.html
2017,2017-09-01T10:36:05Z,2010s,Sep-Oct,Morning Agenda: The Next Big Battle for Business Is Immigration,"Business leaders posted an open letter to President Trump asking him not to end a popular immigration policy, but it isn’t clear whether he’ll listen.",,"Business leaders posted an open letter to President Trump asking him not to end a popular immigration policy, but it isn’t clear whether he’ll listen.",Business,Business,News,article,1087,,https://www.nytimes.com/2017/09/01/business/dealbook/consumer-financial-protection-bureau-cfpb-trump-white-house.html
2017,2017-09-01T12:05:09Z,2010s,Sep-Oct,Teenagers in The Times: August 2017,Our roundup of the news stories and features about young people that have recently appeared across sections of NYTimes.com.,,Our roundup of the news stories and features about young people that have recently appeared across sections of NYTimes.com.,The Learning Network,Learning,News,article,1881,,https://www.nytimes.com/2017/09/01/learning/lesson-plans/teenagers-in-the-times-august-2017.html
2017,2017-09-01T14:26:01Z,2010s,Sep-Oct,Lattice to Seek Trump’s Approval for Chinese-Backed Buyout,The move by the semiconductor maker follows resistance to the deal from the Committee on Foreign Investment in the United States.,,The move by the semiconductor maker follows resistance to the deal from the Committee on Foreign Investment in the United States.,Business,Business,News,article,465,"Lattice Semiconductor Corporation; Committee on Foreign Investment in the United States (CFIUS); Canyon Bridge Capital Partners LLC; China; Mergers, Acquisitions and Divestitures; Trump, Donald J; United States International Relations; United States Politics and Government",https://www.nytimes.com/2017/09/01/business/dealbook/lattice-deal-trump-approval-cfius.html
2017,2017-09-01T15:20:56Z,2010s,Sep-Oct,Women’s Hockey League Will Pay Players for First Time,"Players in the Canadian Women’s Hockey League will receive a stipend ranging from $2,000 to $10,000.",,"Players in the Canadian Women’s Hockey League will receive a stipend ranging from $2,000 to $10,000.",Sports,Sports,News,article,749,"Wages and Salaries; Labor and Jobs; Hockey, Ice; Canadian Women's Hockey League",https://www.nytimes.com/2017/09/01/sports/hockey/womens-hockey-league-will-pay-players-for-first-time.html
2017,2017-09-01T16:31:28Z,2010s,Sep-Oct,"Janine Charrat, Ballerina and Choreographer, Dies at 93","A child star as a dancer, Ms. Charrat went on to create important dances at a time when few women were doing so and survived an accident that left her burned.",,"A child star as a dancer, Ms. Charrat went on to create important dances at a time when few women were doing so and survived an accident that left her burned.",Arts,Culture,Obituary (Obit),article,1043,"Charrat, Janine; Deaths (Obituaries); Dancing; Paris Opera Ballet",https://www.nytimes.com/2017/09/01/arts/dance/janine-charrat-dead-french-ballerina-and-choreographer.html
2017,2017-09-01T17:09:49Z,2010s,Sep-Oct,Chinese Firm With Big Stake in Lenovo to Buy Control of Luxembourg Bank,Legend Holdings would acquire a controlling stake in the Banque Internationale à Luxembourg from an investment vehicle of the Qatar royal family.,,Legend Holdings would acquire a controlling stake in the Banque Internationale à Luxembourg from an investment vehicle of the Qatar royal family.,Business,Business,News,article,443,"Foreign Investments; Mergers, Acquisitions and Divestitures; Banking and Financial Institutions; Lenovo Group; China; Luxembourg",https://www.nytimes.com/2017/09/01/business/dealbook/china-lenovo-luxembourg.html
2017,2017-09-01T21:09:31Z,2010s,Sep-Oct,What We’re Reading,"Great reads around the web, from Anna Dubenko, Sam Roberts and others.",,"Great reads around the web, from Anna Dubenko, Sam Roberts and others.",Times Insider,Insider,News,article,706,"News and News Media; Hurricane Harvey (2017); Kushner, Jared; Transplants",https://www.nytimes.com/2017/09/01/insider/what-were-reading.html
2017,2017-09-01T21:30:35Z,2010s,Sep-Oct,"Alexandr Dolgopolov Wins, but Is Grilled About a Suspicious Loss","Dolgopolov lost a match 10 days ago at the Winston-Salem Open that attracted an enormous number of bets, raising suspicions.",,"Dolgopolov lost a match 10 days ago at the Winston-Salem Open that attracted an enormous number of bets, raising suspicions.",Sports,Sports,News,article,1195,"Tennis; Frauds and Swindling; Gambling; United States Open (Tennis); Dolgopolov, Alexandr; Cecchinato, Marco (1992- ); Baghdatis, Marcos (1985- ); Tennis Integrity Unit; Winston-Salem Open (Tennis)",https://www.nytimes.com/2017/09/01/sports/tennis/alexandr-dolgopolov-tennis-intergrity-unit.html
2017,2017-09-02T01:10:42Z,2010s,Sep-Oct,How to Regulate Artificial Intelligence,Three rules for ensuring that A.I. systems don’t run roughshod over humans.,,Three rules for ensuring that A.I. systems don’t run roughshod over humans.,Opinion,OpEd,Op-Ed,article,755,"Artificial Intelligence; Regulation and Deregulation of Industry; Robots and Robotics; Driverless and Semiautonomous Vehicles; Musk, Elon",https://www.nytimes.com/2017/09/01/opinion/artificial-intelligence-regulations-rules.html
2017,2017-09-02T13:20:10Z,2010s,Sep-Oct,Video of Police Officer Knocking Down Woman and Child Incenses China,A street altercation in Shanghai has renewed a national discussion about the powers of the police to push back against irate residents.,,A street altercation in Shanghai has renewed a national discussion about the powers of the police.,World,Foreign,News,article,629,"China; Police Brutality, Misconduct and Shootings; Shanghai (China); Social Media",https://www.nytimes.com/2017/09/02/world/asia/china-video-police-woman-and-child.html
2017,2017-09-02T20:55:36Z,,,"As Bike-Sharing Brings Out Bad Manners, China Asks, What’s Wrong With Us?","The popularity of shared-use bikes has brought a wave of misbehavior, raising questions about social decay and the decline of decorum.",,,World,,,,,,https://www.nytimes.com/2017/09/02/world/asia/china-beijing-dockless-bike-share.html
2017,2017-09-02T21:16:29Z,2010s,Sep-Oct,Is Trump Really Pro-Worker?,"He talks about his love for miners and factory workers. So far, he hasn’t done much to show it.",,"He talks about his love for miners and factory workers. So far, he hasn’t done much to show it.",Opinion,OpEd,Op-Ed,article,1109,"Labor and Jobs; Mines and Mining; Vocational Training; Regulation and Deregulation of Industry; Trump, Donald J; Labor Department (US); Acosta, R Alexander",https://www.nytimes.com/2017/09/02/opinion/sunday/is-trump-really-pro-worker.html
2017,2017-09-02T21:44:51Z,2010s,Sep-Oct,Outlawing War? It Actually Worked,A 1928 pact brought an end to the right of conquest and changed the way states behave.,,A 1928 pact brought an end to the right of conquest and changed the way states behave.,Opinion,OpEd,Op-Ed,article,1003,Treaties; War and Revolution; International Relations,https://www.nytimes.com/2017/09/02/opinion/sunday/outlawing-war-kellogg-briand.html
2017,2017-09-02T23:42:53Z,2010s,Sep-Oct,"Amid Nuclear Tensions, Trump Mulls Exit From South Korea Trade Deal","The president’s advisers are deeply divided over the idea, as negotiators from both countries struggle to rewrite the five-year-old deal.",,"Mr. Trump’s advisers are deeply divided over the idea, as negotiators from both countries struggle to rewrite the five-year-old deal.",World,National,News,article,655,"South Korea; International Trade and World Market; United States International Relations; Trump, Donald J; Lighthizer, Robert E; North Korea; Nuclear Weapons",https://www.nytimes.com/2017/09/02/world/asia/us-south-korea-trade.html
2017,2017-09-05T19:37:26Z,,,North Korea’s Nuclear Arsenal Threatens China’s Path to Power,"Beijing has made little secret of its goal to replace the United States as the major power in Asia, but North Korea presents a nettlesome challenge.",,,World,,,,,,https://www.nytimes.com/2017/09/05/world/asia/north-korea-nuclear-weapons-china.html
2017,2017-10-09T21:58:00Z,,,China Hastens the World Toward an Electric-Car Future,The biggest automakers in the world are being forced to follow Beijing’s lead as China takes steps to dominate in electric vehicles and technology.,,,Business,,,,,,https://www.nytimes.com/2017/10/09/business/china-hastens-the-world-toward-an-electric-car-future.html
2017,2017-10-14T00:54:28Z,,,Fraud Scandals Sap China’s Dream of Becoming a Science Superpower,Fraudulent research and faked peer reviews have led to a humiliating setback for China’s goal of becoming a global leader in scientific research.,,,World,,,,,,https://www.nytimes.com/2017/10/13/world/asia/china-science-fraud-scandals.html
2017,2017-10-16T16:07:40Z,,,"As U.S. Confronts Internet’s Disruptions, China Feels Vindicated","It censors online expression, but it has also taken a hard line against fake news, hacking and deception.",,,World,,,,,,https://www.nytimes.com/2017/10/16/world/asia/china-internet-cyber-control.html
2017,2017-10-17T18:26:15Z,,,"Xi Jinping Opens China’s Party Congress, His Hold Tighter Than Ever","Warning of deep and complicated changes but describing the outlook as “extremely bright,” the president is set to make himself the indispensable man.",,,World,,,,,,https://www.nytimes.com/2017/10/17/world/asia/xi-jinping-communist-party-china.html
2017,2017-10-22T18:25:54Z,,,Xi Jinping Pushes China’s Rise Despite Friction and Fear,"Mr. Xi has enjoyed remarkable success expanding Chinese global influence, benefiting from President Trump’s election. But he is also facing pushback to his assertive approach to foreign policy.",,,World,,,,,,https://www.nytimes.com/2017/10/22/world/asia/china-xi-jinping-global-power.html
2017,2017-10-23T15:17:31Z,,,What It Could Mean if China’s Leader Won’t Name an Heir,"If no successors-in-waiting appear, that would raise speculation that Xi Jinping may try to keep power in some form after his second five-year term as president ends.",,,World,,,,,,https://www.nytimes.com/2017/10/23/world/asia/china-xi-jinping-successor.html
2017,2017-10-24T10:47:28Z,,,China Enshrines ‘Xi Jinping Thought.’ What Does That Mean?,The Communist Party has added the president’s name and ideas to its constitution. Here is what that means.,,,World,,,,,,https://www.nytimes.com/2017/10/24/world/asia/china-xi-jinping-constitution.html
2017,2017-10-25T01:31:30Z,,,"China Enshrines ‘Xi Jinping Thought,’ Elevating Leader to Mao-Like Status","The Communist Party has added the president’s name and ideas to its constitution, solidifying his position as China’s most powerful leader in decades.",,,World,,,,,,https://www.nytimes.com/2017/10/24/world/asia/china-xi-jinping-communist-party.html
2017,2017-11-01T05:03:04Z,2010s,Nov-Dec,"New York, Catalonia, Paul Manafort: Your Wednesday Briefing",Here’s what you need to know to start your day.,,Here’s what you need to know to start your day.,Briefing,NYTNow,briefing,article,1183,,https://www.nytimes.com/2017/11/01/briefing/new-york-catalonia-paul-manafort.html
2017,2017-11-01T09:00:02Z,2010s,Nov-Dec,Beatrice Fihn Thinks We Can Abolish Nuclear Arms,The Swiss activist on what it’s like to win the Nobel Peace Prize and how to change people’s minds about nuclear weapons.,,The Swiss activist on what it’s like to win the Nobel Peace Prize and how to change people’s minds about nuclear weapons.,Magazine,Magazine,News,article,649,Arms Control and Limitation and Disarmament; Nuclear Weapons; International Relations; International Campaign to Abolish Nuclear Weapons (ICAN),https://www.nytimes.com/2017/11/01/magazine/beatrice-fihn-thinks-we-can-abolish-nuclear-arms.html
2017,2017-11-01T14:21:59Z,2010s,Nov-Dec,"China Blinks on South Korea, Making Nice After a Year of Hostilities",Seoul offered assurances to Beijing as the two papered over their differences on the deployment of an American missile defense system.,,The two countries papered over their differences on the deployment of an American missile defense system in South Korea.,World,Foreign,News,article,1415,"China; South Korea; International Relations; Missiles and Missile Defense Systems; Defense and Military Forces; United States International Relations; Moon Jae-in; Trump, Donald J; Xi Jinping; North Korea; Thaad",https://www.nytimes.com/2017/11/01/world/asia/china-south-korea-thaad.html
2017,2017-11-01T15:23:07Z,2010s,Nov-Dec,Robert Mueller Will Never Get to the Bottom of Russia’s Meddling,"To understand Vladimir Putin’s behavior, we have to actually understand his foreign policy.",,"To understand Vladimir Putin’s behavior, we have to actually understand his foreign policy.",Opinion,OpEd,Op-Ed,article,764,"Russian Interference in 2016 US Elections and Ties to Trump Associates; Cyberwarfare and Defense; United States International Relations; Russia; Putin, Vladimir V",https://www.nytimes.com/2017/11/01/opinion/mueller-election-meddling-russia.html
2017,2017-11-01T17:19:08Z,2010s,Nov-Dec,Voices Grow Louder for Merger of Women’s Pro Hockey Leagues,Top players and the N.H.L. believe it is better for the sport if the Canadian Women’s Hockey League and National Women’s Hockey League became one league.,,Top players and the N.H.L. believe it is better for the sport if the Canadian Women’s Hockey League and National Women’s Hockey League became one league.,Sports,Sports,News,article,1116,"Hockey, Ice; Canadian Women's Hockey League; National Women's Hockey League",https://www.nytimes.com/2017/11/01/sports/hockey/cwhl-nwhl-merger.html
2017,2017-11-01T17:29:29Z,2010s,Nov-Dec,The Gravelle Geardown (Wonkish),In which I try to wrap my mind around tax incidence yet again.,,In which I try to wrap my mind around tax incidence yet again.,Opinion,OpEd,News,article,799,"Corporate Taxes; Mars (Planet); Musk, Elon; United States",https://krugman.blogs.nytimes.com/2017/11/01/the-gravelle-geardown-wonkish/
2017,2017-11-01T18:00:22Z,2010s,Nov-Dec,Ancient Fossil Offers a New European Ancestor to Giraffes,"Found near Madrid, the fossil provides evidence that members of the giraffe family roamed Europe much earlier.",,"Found near Madrid, the fossil provides evidence that members of the giraffe family roamed Europe much earlier.",Science,Science,News,article,793,Paleontology; Giraffes; PLoS One (Journal); Spain,https://www.nytimes.com/2017/11/01/science/giraffes-ancestor-fossil.html
2017,2017-11-01T18:18:13Z,2010s,Nov-Dec,Leading Western Publisher Bows to Chinese Censorship,"Springer Nature, one of the world’s largest academic publishers, was the latest company to acknowledge acquiescing to Chinese demands to limit free speech.",,"Springer Nature, one of the world’s largest academic publishers, was the latest company to acknowledge acquiescing to Chinese demands to limit free speech.",World,Foreign,News,article,575,China; Censorship; Academic and Scientific Journals; Springer Nature; Nature (Journal); Politics and Government; Freedom of Speech and Expression; Book Trade and Publishing,https://www.nytimes.com/2017/11/01/world/asia/china-springer-nature-censorship.html
2017,2017-11-01T18:57:42Z,2010s,Nov-Dec,"New York City, South Korea, Duterte: Your Thursday Briefing",Here’s what you need to know to start your day.,,Here’s what you need to know to start your day.,Briefing,NYTNow,briefing,article,1264,,https://www.nytimes.com/2017/11/01/briefing/new-york-city-south-korea-duterte.html
2017,2017-11-01T18:59:15Z,2010s,Nov-Dec,Encountering Robots While Still Using Fax Machines in Japan,"Motoko Rich, the Tokyo bureau chief for The New York Times, discussed how Japanese robotics were highly advanced even as communicating by fax remained ingrained.",,"Motoko Rich, the Tokyo bureau chief for The New York Times, discussed how Japanese robotics were highly advanced even as communicating by fax remained ingrained.",Technology,Business,News,article,1249,Japan; Robots and Robotics; Batteries; News and News Media; Computers and the Internet,https://www.nytimes.com/2017/11/01/technology/personaltech/robots-fax-machines-japan.html
2017,2017-11-01T19:38:26Z,2010s,Nov-Dec,Park Lane Hotel Draws No Bids Near $1 Billion Price,"Potential buyers could be nervous about the continuing role of the Justice Department in a fraud case and a cooling luxury real estate market, experts say.",,"Potential buyers could be nervous about the continuing role of the Justice Department in a fraud case and a cooling luxury real estate market, experts say.",New York,Metro,News,article,887,"Helmsley Park Lane Hotel (Manhattan, NY); Hotels and Travel Lodgings; Real Estate (Commercial); Auctions; Frauds and Swindling; Low Jho (1981- )",https://www.nytimes.com/2017/11/01/nyregion/park-lane-hotel-bids-auction.html
2017,2017-11-01T20:42:22Z,2010s,Nov-Dec,Russian Authorities Investigate 14-Year-Old Model’s Death,"Vlada Dzyuba, a teenager from Perm, was working in China on a three-month contract when she died.",,"Vlada Dzyuba, a teenager from Perm, was working in China on a three-month contract when she died.",Style,Styles,News,article,725,"Models (Professional); Dzyuba, Vlada (2003-17); Health Insurance and Managed Care; Fashion and Apparel; Workplace Hazards and Violations; China; Russia",https://www.nytimes.com/2017/11/01/style/teenage-model-death-vlada-dzyuba-china.html
2017,2017-11-01T22:01:27Z,2010s,Nov-Dec,Tesla’s Elon Musk Reassures Investors Over Model 3 Delays,"The electric-car maker cited record output of its existing models, and its chief said bottlenecks on its first mass-market offering were being resolved.",,"The electric-car maker cited record output of its existing models, and its chief said bottlenecks on its first mass-market offering were being resolved.",Business,Business,News,article,1052,"Tesla Motors Inc; Company Reports; Electric and Hybrid Vehicles; Musk, Elon; Factories and Manufacturing; Automobiles; Organized Labor",https://www.nytimes.com/2017/11/01/business/tesla-elon-musk.html
2017,2017-11-01T22:45:01Z,2010s,Nov-Dec,"Facebook, Under Fire in Russia Inquiry, Posts 79% Rise in Profit",Facebook’s top executives skipped congressional hearings on Russian meddling to report the company’s blockbuster financial results to shareholders.,,Facebook’s top executives skipped congressional hearings on Russian meddling to report the company’s blockbuster financial results to shareholders.,Technology,Business,News,article,796,"Facebook Inc; Company Reports; Online Advertising; Russian Interference in 2016 US Elections and Ties to Trump Associates; Social Media; Zuckerberg, Mark E; Sandberg, Sheryl K",https://www.nytimes.com/2017/11/01/technology/facebook-earnings-russia-zuckerberg.html
2017,2017-11-01T23:02:15Z,2010s,Nov-Dec,Diversity Visa Lottery: Inside the Program That Admitted a Terror Suspect,"The New York attack brought scrutiny to a program that every years admits up to 50,000 foreigners who need no family ties to the United States or special skills.",,"The New York attack brought scrutiny to a program that every years admits up to 50,000 foreigners who need no family ties to the United States or special skills.",U.S.,National,News,article,1274,"Immigration and Emigration; Visas; Saipov, Sayfullo; Manhattan, NY, Attack (October, 2017)",https://www.nytimes.com/2017/11/01/us/diversity-visa-lottery.html
2017,2017-11-02T06:21:01Z,2010s,Nov-Dec,A Disappearance in Berlin Clouds a Trade Deal in Vietnam,"Wary of China’s heft, Vietnam’s authoritarian government scrambles to strike alliances with nations that are sometimes uneasy with its views on rights.",,"Wary of China’s heft, Vietnam’s authoritarian government scrambles to strike alliances with nations that are sometimes uneasy with its views on rights.",Business,Business,News,article,1136,"Vietnam; Germany; Thanh, Trinh Xuan; Kidnapping and Hostages; International Trade and World Market; Human Rights and Human Rights Violations; Europe",https://www.nytimes.com/2017/11/02/business/vietnam-eu-trade-abduction.html
2017,2017-11-02T09:00:28Z,2010s,Nov-Dec,"Trump Calls Terrorism Trial Process ‘a Joke,’ Despite Hundreds of Convictions","President Trump bemoaned the slow speed of terrorism cases and weak punishments for suspects, but experts say and data show swift and severe action.",,"President Trump bemoaned the slow speed of terrorism cases and weak punishments for suspects, but experts say and data show swift and severe action.",U.S.,Washington,News,article,912,"Fact Check; United States Politics and Government; San Bernardino, Calif, Shooting (2015); Terrorism; September 11 (2001); Miranda v Arizona (Supreme Court Decision); Benghazi Attack (2012); Boston Marathon Bombings (2013); Manhattan, NY, Attack (October, 2017); Federal Bureau of Investigation; Islamic State in Iraq and Syria (ISIS); Pulse (Orlando, Fla, Nightclub); Sessions, Jefferson B III; Trump, Donald J; Saipov, Sayfullo",https://www.nytimes.com/2017/11/02/us/politics/fact-check-trump-terror-convictions.html
2017,2017-11-02T10:25:17Z,2010s,Nov-Dec,Trump’s Trade War With Canada,The president is throwing red meat to his base by attacking Canada and Nafta.,,The president is throwing red meat to his base by attacking Canada and Nafta.,Opinion,OpEd,Op-Ed,article,909,"International Trade and World Market; North American Free Trade Agreement; Labor and Jobs; Canada; Mexico; Trump, Donald J",https://www.nytimes.com/2017/11/02/opinion/trump-trade-canada-nafta.html
2017,2017-11-02T11:46:06Z,2010s,Nov-Dec,Alibaba’s Earnings Jump as China’s Online Shopping Boom Continues,The e-commerce giant posted strong results for its most recent quarter but still faces challenges that include growing outside of its core business.,,The e-commerce giant posted strong results for its most recent quarter but still faces challenges that include growing outside of its core business.,Business,Business,News,article,722,"Alibaba Group Holding Ltd; Company Reports; Amazon.com Inc; E-Commerce; Ma, Jack; Tsai, Joseph C; China",https://www.nytimes.com/2017/11/02/business/alibaba-earnings.html
2017,2017-11-02T13:51:44Z,2010s,Nov-Dec,China’s Newest Film Festival Tests the Limits of Independence,"The question hovers over a weeklong festival in Pingyao: Can you create and showcase independent films in a country that frowns on independence, much less dissent?",,How can you create and showcase independent films in a country that frowns on dissent?,World,Foreign,News,article,1101,Pingyao (China); Movies; China; Politics and Government; Censorship; Cultural Revolution; Communist Party of China; Shanxi Province (China); vis-photo,https://www.nytimes.com/2017/11/02/world/asia/china-film-festival-censorship.html
2017,2017-11-06T10:00:31Z,,,"Wooing Trump, Xi Jinping Seeks Great Power Status for China","Mr. Xi, the most powerful Chinese leader in decades, wants the United States to share global leadership with China as equals.",,,World,,,,,,https://www.nytimes.com/2017/11/06/world/asia/trump-xi-jinping-visit-china.html
2017,2017-12-19T18:07:24Z,,,Espionage Bills in Australia Stir Fears of Anti-Chinese Backlash,"Australia wants to curb Chinese government influence in its democracy, but Chinese-Australians worry the new legislation will unfairly single them out.",,,World,,,,,,https://www.nytimes.com/2017/12/19/world/australia/australia-china-backlash-influence.html
2018,2018-01-01T10:00:28Z,2010s,Jan-Feb,China’s Ambitious New ‘Port’: Landlocked Kazakhstan,"In a wilderness of frozen desert, China and Kazakhstan are reviving a Silk Road land bridge between Asia and Europe, reshaping trade and geopolitics.",,"In a wilderness of frozen desert, China and Kazakhstan are reviving a Silk Road land bridge between Asia and Europe, reshaping trade and geopolitics.",World,Foreign,News,article,1684,"Kazakhstan; China; International Trade and World Market; COSCO Group (China Ocean Shipping Co); Politics and Government; Freight (Cargo); Railroads; Nazarbayev, Nursultan A; One Belt, One Road; Foreign Investments; Infrastructure (Public Works); Nurkent (Kazakhstan)",https://www.nytimes.com/2018/01/01/world/asia/china-kazakhstan-silk-road.html
2018,2018-01-01T10:00:28Z,2010s,Jan-Feb,What to Read if You Want to Know More About North Korea,Nicholas Kristof recommends books about one of the most closed countries on Earth.,,Nicholas Kristof recommends books about one of the most closed countries on Earth.,Books,BookReview,Review,article,1471,"Books and Literature; North Korea; In Order to Live: A North Korean Girl's Journey to Freedom (Book); Park, Yeonmi; The Girl with Seven Names: A North Korean Defectors Story (Book); Lee, Hyeonseo; Under the Loving Care of the Fatherly Leader: North Korea and the Kim Dynasty (Book); Martin, Bradley K; The Cleanest Race: How North Koreans See Themselves -- And Why It Matters (Book); Myers, B R; Korea's Place in the Sun: A Modern History (Book); Cumings, Bruce; The Orphan Master's Son (Book); Johnson, Adam (1967- ); Kim Il-sung; Kim Jong Il; Kim Jong-un",https://www.nytimes.com/2018/01/01/books/review/nicholas-kristof-north-korea.html
2018,2018-01-01T10:14:59Z,2010s,Jan-Feb,Kim Jong-un’s Overture Could Drive a Wedge Between South Korea and the U.S.,North Korea’s surprising call for dialogue with the South may undercut the Trump administration’s tough approach.,,North Korea’s surprising call for dialogue with the South may undercut the Trump administration’s tough approach.,World,Foreign,News Analysis,article,1465,"Kim Jong-un; Moon Jae-in; North Korea; Nuclear Weapons; United States International Relations; South Korea; Trump, Donald J; United States Politics and Government; International Relations; Embargoes and Sanctions",https://www.nytimes.com/2018/01/01/world/asia/kim-jong-un-offer-talks-south-korea-and-us.html
2018,2018-01-01T12:56:09Z,2010s,Jan-Feb,Rocket Launches and Trips to the Moon We’re Looking Forward To in 2018,"The launch of a new rocket by Elon Musk’s SpaceX and moon landings by India, China and private companies could occur this year, but no one is sure when.",,"The launch of a new rocket by Elon Musk’s SpaceX and moon landings by India, China and private companies could occur this year, but no one is sure when.",Science,Science,News,article,943,Space and Astronomy; Moon; Space Exploration Technologies Corp; China; India; X Prize Foundation; Rocket Science and Propulsion; Private Spaceflight; Hakuto; Indian Space Research Organization; Team Indus,https://www.nytimes.com/2018/01/01/science/2018-spacex-moon.html
2018,2018-01-01T16:30:06Z,2010s,Jan-Feb,"Korean War, a ‘Forgotten’ Conflict That Shaped the Modern World","The three-year conflict set the stage for decades of tension on the Korean Peninsula, but today many Americans know little about it.",,"The three-year conflict set the stage for decades of tension on the Korean Peninsula, but today many Americans know little about it.",World,Foreign,News,article,952,Korean War; Defense and Military Forces; Politics and Government; Cold War Era; International Relations; Kim Jong-un; South Korea; North Korea; Korean Demilitarized Zone,https://www.nytimes.com/2018/01/01/world/asia/korean-war-history.html
2018,2018-01-01T19:00:32Z,2010s,Jan-Feb,"Iran, North Korea, New Year: Your Tuesday Briefing",Here’s what you need to know to start your day.,,Here’s what you need to know to start your day.,Briefing,NYTNow,briefing,article,1189,,https://www.nytimes.com/2018/01/01/briefing/iran-north-korea-new-years-eve.html
2018,2018-01-01T19:56:14Z,2010s,Jan-Feb,Is Hong Kong Really Part of China?,Beijing is an imperial power and it is occupying Hong Kong. Again.,,Beijing is an imperial power and it is occupying Hong Kong. Again.,Opinion,OpEd,Op-Ed,article,1181,Politics and Government; National Anthems; Legislatures and Parliaments; Communist Party of China; Occupy Central; China; Hong Kong,https://www.nytimes.com/2018/01/01/opinion/hong-kong-china.html
2018,2018-01-01T20:32:36Z,2010s,Jan-Feb,"Fighting Climate Change, One Laundry Load at a Time","Experts in the study of fungi are playing a bigger role in improving laundry detergents and, by extension, leading efforts to cut energy use.",,"Experts in the study of fungi are playing a bigger role in improving laundry detergents and, by extension, leading efforts to cut energy use.",Business,Business,News,article,1071,"Cleansers, Detergents and Soaps; Novozymes A/S; Microbiology; Washing Machines and Dryers; Research; Global Warming; Energy Efficiency; vis-photo",https://www.nytimes.com/2018/01/01/business/energy-environment/climate-change-enzymes-laundry.html
2018,2018-01-01T21:26:33Z,2010s,Jan-Feb,Can the Economy Keep Calm and Carry On?,"Normally, presidents don’t matter much. But our normality is fragile.",,"Normally, presidents don’t matter much. But our normality is fragile.",Opinion,OpEd,Op-Ed,article,638,"United States Economy; Trump, Donald J; United States Politics and Government",https://www.nytimes.com/2018/01/01/opinion/can-the-economy-keep-calm-and-carry-on.html
2018,2018-01-01T22:03:01Z,2010s,Jan-Feb,Democracy Advocates March in Hong Kong,Thousands of protesters urged China not to meddle further in the city’s affairs and undermine its autonomy.,,Thousands of protesters urged China not to meddle further in the city’s affairs and undermine its autonomy.,World,Foreign,News,article,544,"Politics and Government; Demonstrations, Protests and Riots; Lau, Andy; Wong, Joshua (1996- ); Xi Jinping; China; Hong Kong",https://www.nytimes.com/2018/01/01/world/asia/democracy-advocates-march-in-hong-kong.html
2018,2018-01-02T05:01:00Z,2010s,Jan-Feb,"Iran, North Korea, Time’s Up: Your Tuesday Briefing",Here’s what you need to know to start your day.,,Here’s what you need to know to start your day.,Briefing,NYTNow,briefing,article,1194,,https://www.nytimes.com/2018/01/02/briefing/iran-north-korea-times-up.html
2018,2018-01-02T07:30:39Z,2010s,Jan-Feb,"To Sate China’s Demand, African Donkeys Are Stolen and Skinned","A gelatin made from donkey hides is prized as a traditional Chinese remedy. Now slaughterhouses have opened in Africa, and domestic animals are disappearing from villages.",,"A gelatin made from donkey hides is prized as a traditional Chinese remedy. Now slaughterhouses have opened in Africa, and domestic animals are disappearing from villages.",Science,Science,News,article,1965,"Donkeys; Animal Abuse, Rights and Welfare; Alternative and Complementary Medicine; China; Africa; Kenya; Tanzania; Slaughterhouses",https://www.nytimes.com/2018/01/02/science/donkeys-africa-china-ejiao.html
2018,2018-01-02T12:02:48Z,2010s,Jan-Feb,Pakistan Dismisses Trump’s Tweet on Aid as ‘Incomprehensible’,"Pakistan brushed off President Trump’s accusations of “deceit” in accepting billions while giving “haven to terrorists.” The remark, it said, was of “no importance.”",,"Pakistan brushed off President Trump’s accusations of “deceit” in accepting billions while giving “haven to terrorists.” The remark, it said, was of “no importance.”",World,Foreign,News,article,806,"Terrorism; United States International Relations; Trump, Donald J; Pakistan; Afghanistan; Haqqani Network; Lashkar-e-Taiba; Saeed, Hafiz Muhammad",https://www.nytimes.com/2018/01/02/world/asia/pakistan-trump-tweet.html
2018,2018-01-02T12:55:41Z,2010s,Jan-Feb,Peter Thiel Is a Bitcoin Believer: DealBook Briefing,The value of the digital currency jumped this afternoon after Mr. Thiel’s Founders Fund venture firm emerged as an investor.,,The value of the digital currency jumped this afternoon after Mr. Thiel’s Founders Fund venture firm emerged as an investor.,Business,Business,News,article,3229,"Mergers, Acquisitions and Divestitures; Tax Cuts and Jobs Act (2017); Mutual Funds; #MeToo Movement; Amazon.com Inc; Murdoch, Rupert; New York City; Silicon Valley (Calif)",https://www.nytimes.com/2018/01/02/business/dealbook/2018-business-trump.html
2018,2018-01-02T13:04:30Z,2010s,Jan-Feb,How Trump Is Helping China,Leaders in Beijing understand that Trump’s presidency is a “huge gift.”,,Leaders in Beijing understand that Trump’s presidency is a “huge gift.”,Opinion,OpEd,Op-Ed,article,610,"United States International Relations; United States Politics and Government; International Trade and World Market; Communist Party of China; Islamic State in Iraq and Syria (ISIS); World Trade Organization; Trump, Donald J; Xi Jinping; China",https://www.nytimes.com/2018/01/02/opinion/trump-china.html
2018,2018-01-02T16:29:03Z,2010s,Jan-Feb,A Saucy App Knows China’s Taste in News. The Censors Are Worried.,"The authorities have told the popular service Toutiao to clean up salacious material, illustrating the balance required to meet China’s voracious demand.",,"The authorities have told the popular service Toutiao to clean up salacious material, illustrating the balance required to meet China’s voracious demand.",Business,Business,News,article,1135,China; Censorship; Beijing Bytedance Technology Co Ltd; Toutiao (Chinese News Platform); Mobile Applications,https://www.nytimes.com/2018/01/02/business/china-toutiao-censorship.html
2018,2018-01-02T21:45:52Z,2010s,Jan-Feb,What We’re Reading,"Great reads around the web, from Keith Bradsher, Shaila Dewan, David W. Dunlap and others.",,"Great reads around the web, from Keith Bradsher, Shaila Dewan, David W. Dunlap and others.",Times Insider,Insider,News,article,593,,https://www.nytimes.com/2018/01/02/insider/what-were-reading.html
2018,2018-01-02T22:11:22Z,2010s,Jan-Feb,"China, Moving to Cut Emissions, Halts Production of 500 Car Models",The suspensions pointed to Beijing’s growing willingness to test forceful antipollution measures and assume a leading role in the fight against climate change.,,The suspensions pointed to Beijing’s growing willingness to test forceful antipollution measures and assume a leading role in the fight against climate change.,Business,Business,News,article,810,China; Automobiles; Fuel Emissions (Transportation); Greenhouse Gas Emissions; Global Warming; Air Pollution; Electric and Hybrid Vehicles; Dongfeng Motor Corp,https://www.nytimes.com/2018/01/02/climate/china-cars-pollution.html
2018,2018-01-02T23:15:24Z,2010s,Jan-Feb,"As Flow of Foreign Students Wanes, U.S. Universities Feel the Sting","Colleges have cut programs amid a drop in international enrollment tied to several factors, including more restrictive immigration policies.",,"Colleges have cut programs amid a drop in international enrollment tied to several factors, including more restrictive immigration policies.",U.S.,National,News,article,1263,Foreign Students (in US); Colleges and Universities; Immigration and Emigration; Institute of International Education; Kansas State University; Wright State College; University of Central Missouri; Midwestern States (US),https://www.nytimes.com/2018/01/02/us/international-enrollment-drop.html
2018,2018-01-02T23:43:29Z,2010s,Jan-Feb,"MoneyGram and Ant Financial Call Off Merger, Citing Regulatory Concerns",It is the latest deal to fall apart over worries about Chinese purchases of American businesses.,,It is the latest deal to fall apart over worries about Chinese purchases of American businesses.,Business,Business,News,article,1112,"Mergers, Acquisitions and Divestitures; Regulation and Deregulation of Industry; Ant Financial Services Group; MoneyGram International Inc",https://www.nytimes.com/2018/01/02/business/moneygram-ant-financial-china-cfius.html
2018,2018-03-01T00:40:01Z,2010s,Mar-Apr,"U.S. Banks on Diplomacy With North Korea, but Moves Ahead on Military Plans",The American military is looking at everything from troop rotations to surveillance to casualty evacuations should it be ordered to take action against North Korea.,,The American military is looking at everything from troop rotations to surveillance to casualty evacuations should it be ordered to take action against North Korea.,World,Washington,News,article,1213,United States Defense and Military Forces; North Korea; United States International Relations; United States Politics and Government; Embargoes and Sanctions; Civilian Casualties; Defense Department; Joint Chiefs of Staff,https://www.nytimes.com/2018/02/28/world/asia/us-north-korea-military-war-planning.html
2018,2018-03-01T00:49:04Z,2010s,Mar-Apr,"Exxon Mobil Scraps a Russian Deal, Stymied by Sanctions",A deepwater exploration agreement with the state-run oil company Rosneft was once one of Exxon’s most promising agreements.,,A deepwater exploration agreement with the state-run oil company Rosneft was once one of Exxon’s most promising agreements.,Business,Business,News,article,507,Oil (Petroleum) and Gasoline; Embargoes and Sanctions; United States International Relations; Exxon Mobil Corp; Rosneft,https://www.nytimes.com/2018/02/28/business/energy-environment/exxon-russia.html
2018,2018-03-01T01:10:35Z,2010s,Mar-Apr,China’s Censors Ban Winnie the Pooh and the Letter ‘N’ After Xi’s Power Grab,Censors swung into action after Mr. Xi’s bid to become leader for life resurrected memories of Mao’s personality cult and the feverish emotions that it created.,,Censors swung into action after Mr. Xi’s bid to become leader for life resurrected memories in the country of Mao’s personality cult and the feverish emotions that it created.,World,Foreign,News,article,1313,China; Xi Jinping; Term Limits (Political Office); Politics and Government; Censorship; Communist Party of China; Mao Zedong; Cultural Revolution; Winnie-the-Pooh (Fictional Character); Polls and Public Opinion,https://www.nytimes.com/2018/02/28/world/asia/china-censorship-xi-jinping.html
2018,2018-03-01T01:32:51Z,2010s,Mar-Apr,China Envoy Seeks to Defuse Tensions With U.S. as a Trade War Brews,China has sent a top economic adviser to the United States to restore dialogue and quash a trade war. He faces long odds.,,China has sent a top economic adviser to the United States to restore dialogue and quash a trade war. He faces long odds.,U.S.,Business,News,article,1347,"United States Politics and Government; China; Xi Jinping; Ross, Wilbur L Jr; Lighthizer, Robert E; International Trade and World Market; Trans-Pacific Partnership; Goldman Sachs Group Inc; JPMorgan Chase & Company; BlackRock Inc; Boeing Company; Chubb Corporation",https://www.nytimes.com/2018/02/28/us/politics/china-envoy-seeks-to-defuse-tensions-with-us-as-a-trade-war-brews.html
2018,2018-03-01T05:02:01Z,2010s,Mar-Apr,"Brexit, Hope Hicks, Neymar: Your Thursday Briefing",Here’s what you need to know to start your day.,,Here’s what you need to know to start your day.,Briefing,NYTNow,briefing,article,1312,,https://www.nytimes.com/2018/03/01/briefing/brexit-hope-hicks-neymar.html
2018,2018-03-01T10:01:11Z,2010s,Mar-Apr,Can Venezuela Be Saved?,"As a nation unwinds, Leopoldo López, the opposition’s most prominent leader, sits under house arrest and contemplates what might still be possible.",,"As a nation unwinds, Leopoldo López, the opposition’s most prominent leader, sits under house arrest and contemplates what might still be possible.",Magazine,Magazine,News,article,8640,"Venezuela; Politics and Government; Political Prisoners; Lopez, Leopoldo; Human Rights and Human Rights Violations; United States International Relations",https://www.nytimes.com/2018/03/01/magazine/can-venezuela-be-saved.html
2018,2018-03-01T10:33:08Z,2010s,Mar-Apr,"Hope Hicks, Gun Control, Spotify: Your Thursday Briefing",Here’s what you need to know to start your day.,,Here’s what you need to know to start your day.,Briefing,NYTNow,briefing,article,1194,,https://www.nytimes.com/2018/03/01/briefing/hope-hicks-gun-control-spotify.html
2018,2018-03-01T11:51:45Z,2010s,Mar-Apr,"With Eye on BMW Alliance, Daimler to Buy Partner’s Stake in Car2Go","Daimler aims to buy Europcar’s 25 percent stake in the car-sharing service for 70 million euros, paving the way for Mercedes and BMW to develop driverless taxis.",,"Daimler aims to buy Europcar’s 25 percent stake in the car-sharing service for 70 million euros, paving the way for Mercedes and BMW to develop driverless taxis.",Business,Business,News,article,459,Automobiles; Driverless and Semiautonomous Vehicles; Daimler AG; Europcar International SASU; DriveNow; Car2go; Europe; Germany,https://www.nytimes.com/2018/03/01/business/daimler-bmw-car2go.html
2018,2018-03-01T12:30:49Z,2010s,Mar-Apr,Will Investors Shrug Off Trump’s Tariffs?: DealBook Briefing,"If history is any indicator, investors might take a trade skirmish in stride.",,"If history is any indicator, investors might take a trade skirmish in stride.",Business,Business,News,article,2831,"Kushner Cos; Kushner, Jared; Apollo Global Management; Citigroup Inc; Corbat, Michael L; Harris, Joshua (1965- ); Trump, Donald J; Banking and Financial Institutions",https://www.nytimes.com/2018/03/01/business/dealbook/kushner-apollo-citigroup.html
2018,2018-03-01T12:55:05Z,2010s,Mar-Apr,"Pakistan’s Shields Suddenly Step Aside, Placing It on Terrorism Listing","The acceptance by China and Saudi Arabia of the U.S. effort to list Pakistan as too lax on terrorism financing is prompting worry, and debate, in Islamabad.",,"The acceptance by China and Saudi Arabia of the U.S. effort to list Pakistan as too lax on terrorism financing is prompting worry, and debate, in Islamabad.",World,Foreign,News Analysis,article,1086,Pakistan; India; Afghanistan; Terrorism; United States International Relations; Financial Action Task Force; Jamaat-ud-Dawa; Lashkar-e-Taiba; International Relations; Saudi Arabia; China,https://www.nytimes.com/2018/03/01/world/asia/pakistan-terrorism-china-saudi-arabia.html
2018,2018-03-01T13:25:54Z,2010s,Mar-Apr,Putin’s ‘Invincible’ Missile Is Aimed at U.S. Vulnerabilities,"Russians had wondered before Mr. Putin’s speech what he planned for his last term, and they got an answer: Russia will be a superpower again.",,"President Vladimir V. Putin of Russia sketched out a rosy future of generous social spending, then introduced powerful new weapons, two weeks before a presidential election.",World,Foreign,News,article,1508,"Defense and Military Forces; Nuclear Weapons; Putin, Vladimir V; Politics and Government; Russia; United States International Relations",https://www.nytimes.com/2018/03/01/world/europe/russia-putin-speech.html
2018,2018-03-01T15:16:14Z,2010s,Mar-Apr,Trump to Impose Sweeping Steel and Aluminum Tariffs,"The president said he would sign the measure next week. Stock markets, foreign officials and Republicans were rattled by the news.",,"The president said he would sign the measure next week. Stock markets, foreign officials and Republicans were rattled by the news.",Business,Business,News,article,1554,"International Trade and World Market; Customs (Tariff); Steel and Iron; Aluminum; Trump, Donald J; United States Politics and Government; United States International Relations",https://www.nytimes.com/2018/03/01/business/trump-tariffs.html
2018,2018-03-01T15:58:20Z,2010s,Mar-Apr,Adidas Prevails in ‘Three Stripes’ Trademark Case,The decision affirms earlier decisions that would allow Adidas to oppose a Belgian company’s registration of two parallel stripes on shoes as an European Union trademark.,,The decision affirms earlier decisions that would allow Adidas to oppose a Belgian company’s registration of two parallel stripes on shoes as an European Union trademark.,Business,Business,News,article,275,adidas AG; Shoe Branding Europe BVBA; Trademarks and Trade Names; Sneakers; General Court (European Union); Belgium; Germany; Decisions and Verdicts,https://www.nytimes.com/2018/03/01/business/adidas-three-stripes-trademark.html
2018,2018-03-01T17:02:12Z,2010s,Mar-Apr,A Right or a Privilege? Artists Speak Out on the Met Policy,"“We will get used to it,” Ross Bleckner says. “Sad but true.”",,"“We will get used to it,” Ross Bleckner says. “Sad but true.”",Arts,Weekend,News,article,1114,"Art; Museums; Prices (Fares, Fees and Rates); Metropolitan Museum of Art; Ai Weiwei; Bleckner, Ross; Cotton, Will; Guariglia, Justin (1974- ); Ward, Nari; Pollock, Jackson; Grabner, Michelle; New York City",https://www.nytimes.com/2018/03/01/arts/design/ai-wei-wei-michelle-grabner-ross-bleckner-metropolitan-museum-of-art-fees.html
2018,2018-03-01T17:26:21Z,2010s,Mar-Apr,"After U.S.-Based Reporters Exposed Abuses, China Seized Their Relatives","The Radio Free Asia journalists, at least three of whom are American citizens, have reported on China’s crackdown on ethnic Uighurs in the Xinjiang region.",,"The Radio Free Asia journalists, at least three of whom are American citizens, have reported on China’s crackdown on ethnic Uighurs in the Xinjiang region.",World,Foreign,News,article,841,"Politics and Government; News and News Media; Uighurs (Chinese Ethnic Group); Radio Free Asia; Hoshur, Shohret (1965- ); China; Xinjiang (China); Human Rights and Human Rights Violations; Hoja, Gulchehra; Juma, Mamatjan; Niyaz, Kurban; Sulaiman, Eset",https://www.nytimes.com/2018/03/01/world/asia/china-xinjiang-rfa.html
2018,2018-03-01T18:58:04Z,2010s,Mar-Apr,"China, Nuclear Weapons, Spotify: Your Friday Briefing",Here’s what you need to know to start your day.,,Here’s what you need to know to start your day.,Briefing,NYTNow,briefing,article,1221,,https://www.nytimes.com/2018/03/01/briefing/china-nuclear-weapons-spotify.html
2018,2018-03-01T21:13:22Z,2010s,Mar-Apr,The Real Risks of Trump’s Steel and Aluminum Tariffs,A higher price for metals isn’t the main concern; it’s the chance that the global trade system will be undermined.,,What’s a tariff? Who wins and who loses? What does it mean for consumers? And how will it affect the economy?,The Upshot,Upshot,News,article,1081,"International Trade and World Market; Customs (Tariff); United States Economy; Trump, Donald J; United States Politics and Government; Steel and Iron; Aluminum",https://www.nytimes.com/2018/03/01/upshot/trump-tariff-steel-aluminum-explain.html
2018,2018-03-01T23:00:21Z,2010s,Mar-Apr,China’s Parliament Is a Growing Billionaires’ Club,The wealth of 153 of the richest members of the National People’s Congress and its advisory body rose to $650 billion last year — just below Switzerland’s annual economic output.,,The wealth of 153 of the richest members of the National People’s Congress and its advisory body rose to $650 billion last year — just below Switzerland’s annual economic output.,Business,Business,News,article,558,High Net Worth Individuals; China; National People's Congress (China),https://www.nytimes.com/2018/03/01/business/china-parliament-billionaires.html
2018,2018-03-02T00:33:23Z,2010s,Mar-Apr,Intrigue in the House of Trump,The power the president gave his daughter and son-in-law upended a basic principle of American democracy and is sowing chaos in his administration.,,The power the president gave his daughter and son-in-law upended a basic principle of American democracy and is sowing chaos in his administration.,Opinion,Editorial,Editorial,article,1383,"Trump, Donald J; Trump, Ivanka; Kushner, Jared; Nepotism; Presidents and Presidency (US); United States Politics and Government",https://www.nytimes.com/2018/03/01/opinion/donald-trump-ivanka-jared-kushner-nepotism.html
2018,2018-03-02T00:51:20Z,2010s,Mar-Apr,Departing Commandant Lays Out Coast Guard’s Successes and Challenges,"Adm. Paul F. Zukunft, set to leave in June, said that the service was doing more to fight drug trafficking and receiving more funding, but that hurdles remained.",,"Adm. Paul F. Zukunft, set to leave in June, said that the service was doing more to fight drug trafficking and receiving more funding, but that hurdles remained.",U.S.,Washington,News,article,824,"United States Coast Guard; Zukunft, Paul F; United States Politics and Government; United States Defense and Military Forces; Federal Budget (US)",https://www.nytimes.com/2018/03/01/us/politics/state-of-the-coast-guard.html
2018,2018-05-01T00:02:05Z,2010s,May-Jun,"White House Delays Tariffs on E.U., Canada and Mexico for 30 Days","President Trump will give Canada, Mexico and the European Union another 30-day reprieve from steel and aluminum tariffs, delaying punishing levies on key allies.",,"President Trump will give Canada, Mexico and the European Union another 30-day reprieve from steel and aluminum tariffs, delaying punishing levies on key allies.",U.S.,Business,News,article,1289,"United States Politics and Government; Customs (Tariff); International Trade and World Market; European Union; Canada; Mexico; Trump, Donald J; Aluminum; Steel and Iron",https://www.nytimes.com/2018/04/30/us/politics/white-house-delays-tariffs-eu-canada-mexico.html
2018,2018-05-01T00:03:08Z,2010s,May-Jun,White House Considers Restricting Chinese Researchers Over Espionage Fears,"The administration, fearing Chinese technological dominance, is considering tighter restrictions on Chinese researchers in the United States as a trade fight escalates.",,"The Trump administration, fearing Chinese technological dominance, is considering tighter restrictions on Chinese researchers in the United States.",U.S.,Business,News,article,1691,"China; Research; Intellectual Property; Visas; Industrial Espionage; United States International Relations; Espionage and Intelligence Services; International Trade and World Market; Customs (Tariff); Trump, Donald J; Foreign Students (in US)",https://www.nytimes.com/2018/04/30/us/politics/trump-china-researchers-espionage.html
2018,2018-05-01T03:57:10Z,2010s,May-Jun,"Tariffs, Netanyahu, Ireland: Your Tuesday Briefing",Here’s what you need to know to start your day.,,Here’s what you need to know to start your day.,Briefing,NYTNow,briefing,article,1283,,https://www.nytimes.com/2018/04/30/briefing/tariffs-netanyahu-ireland.html
2018,2018-05-01T06:32:45Z,2010s,May-Jun,Taiwan’s Diplomatic Isolation Increases as Dominican Republic Recognizes China,"Just 18 countries and the Vatican now have formal ties with Taiwan, as China works to block international recognition of the self-ruled island it considers its own.",,"Just 18 countries and the Vatican now have formal ties with Taiwan, as China works to block international recognition of the self-ruled island it considers its own.",World,Foreign,News,article,772,Politics and Government; International Trade and World Market; United Nations; Roman Catholic Church; Tsai Ing-wen; China; Dominican Republic; Taiwan,https://www.nytimes.com/2018/05/01/world/asia/taiwan-dominican-republic-recognize.html
2018,2018-05-01T09:00:16Z,2010s,May-Jun,Excerpts From the Art Leaders Network Conference,Leaders in the art world talked with journalists from The New York Times at the conference in Berlin.,,Leaders in the art world talked with journalists from The New York Times at the conference in Berlin.,Arts,SpecialSections,Text,article,2705,Art; Museums; Collectors and Collections,https://www.nytimes.com/2018/05/01/arts/excerpts-from-the-art-leaders-network-conference.html
2018,2018-05-01T09:39:34Z,2010s,May-Jun,"Robert Mueller, Iran, Tony Awards: Your Tuesday Briefing",Here’s what you need to know to start your day.,,Here’s what you need to know to start your day.,Briefing,NYTNow,briefing,article,1333,,https://www.nytimes.com/2018/05/01/briefing/robert-mueller-iran-tony-awards.html
2018,2018-05-01T10:59:34Z,2010s,May-Jun,Word + Quiz: propitious,This word has appeared in 12 articles on nytimes.com in the past year.,,This word has appeared in 12 articles on nytimes.com in the past year.,The Learning Network,Learning,News,article,206,,https://www.nytimes.com/2018/05/01/learning/01WODLN.html
2018,2018-05-01T11:26:50Z,2010s,May-Jun,Apple Plans to Give Investors Back $100 Billion: DealBook Briefing,The iPhone maker announced a new $100 billion program to repurchase shares.,,The iPhone maker announced a new $100 billion program to repurchase shares.,Business,Business,News,article,2796,"International Trade and World Market; China; Trump, Donald J; European Union; Mexico; United States Politics and Government; Customs (Tariff)",https://www.nytimes.com/2018/05/01/business/dealbook/trade-war-delay.html
2018,2018-05-01T16:28:52Z,2010s,May-Jun,"Europe Is Annoyed, Not Grateful, After Trump Delays Tariffs","European officials expressed disappointment that an exemption to steel and aluminum tariffs was not permanent, leaving the global economy in limbo.",,"European officials expressed disappointment that an exemption to steel and aluminum tariffs was not permanent, leaving the global economy in limbo.",Business,Business,News,article,1345,"Customs (Tariff); International Trade and World Market; Trump, Donald J; United States International Relations; European Union; Europe; Aluminum; Steel and Iron",https://www.nytimes.com/2018/05/01/business/trade-tariffs-trump-europe.html
2018,2018-05-01T18:20:27Z,2010s,May-Jun,"Wary of Being Left Out, Japan Will Host Chinese and South Korean Leaders",Prime Minister Shinzo Abe will host leaders from South Korea and China on May 9 in Tokyo to discuss the peace talks with North Korea.,,Prime Minister Shinzo Abe will host leaders from South Korea and China on May 9 in Tokyo to discuss the peace talks with North Korea.,World,Foreign,News,article,927,"International Relations; Abe, Shinzo; Moon Jae-in; Li Keqiang; Japan; North Korea",https://www.nytimes.com/2018/05/01/world/asia/japan-korea-diplomacy-abe.html
2018,2018-05-01T18:47:58Z,2010s,May-Jun,"Peppa Pig, Unlikely Rebel Icon, Faces Purge in China","“No matter how gangster Peppa Pig is, it cannot be allowed to destroy children’s youth,” declared a People’s Daily editorial.",,"“No matter how gangster Peppa Pig is, it cannot be allowed to destroy children’s youth,” declared a People’s Daily editorial.",World,Foreign,News,article,656,China; Censorship; Cartoons and Cartoonists; Computers and the Internet; Beijing Bytedance Technology Co Ltd,https://www.nytimes.com/2018/05/01/world/asia/peppa-pig-china-censors.html
2018,2018-05-01T19:57:24Z,2010s,May-Jun,"Israel, Apple, North Korea: Your Wednesday Briefing",Here’s what you need to know to start your day.,,Here’s what you need to know to start your day.,Briefing,NYTNow,briefing,article,1256,,https://www.nytimes.com/2018/05/01/briefing/israel-apple-north-korea.html
2018,2018-05-01T22:15:43Z,2010s,May-Jun,Sprint and T-Mobile C.E.O.s Are in Washington to Sell Their Merger. Here’s What They’ll Confront.,"The carriers, whose 2014 merger attempt was blocked, will face scrutiny from three major agencies, including the Justice Department.",,"The carriers, whose 2014 merger attempt was blocked, will face scrutiny from three major agencies, including the Justice Department.",Business,Business,News,article,1015,"T-Mobile US Inc; Sprint Nextel Corporation; Antitrust Laws and Competition Issues; Regulation and Deregulation of Industry; Wireless Communications; Mergers, Acquisitions and Divestitures; Committee on Foreign Investment in the United States (CFIUS); Federal Communications Commission; Justice Department",https://www.nytimes.com/2018/05/01/business/dealbook/sprint-tmobile-merger-regulatory-approval.html
2018,2018-05-01T22:46:34Z,2010s,May-Jun,The U.S. and China Are Finally Having It Out,A lot more is at play than unfair trade tariffs.,,A lot more is at play than unfair trade tariffs.,Opinion,OpEd,Op-Ed,article,1649,"China; International Trade and World Market; Trump, Donald J; Xi Jinping; Customs (Tariff); World Trade Organization; United States; United States International Relations",https://www.nytimes.com/2018/05/01/opinion/america-china-trump-trade.html
2018,2018-05-02T00:00:40Z,2010s,May-Jun,Netanyahu’s Flimflam on Iran,His supposedly incriminating evidence is nothing new. But his intended audience in Washington will probably look past that.,,His supposedly incriminating evidence is nothing new. But his intended audience in Washington will probably look past that.,Opinion,Editorial,Editorial,article,689,"Netanyahu, Benjamin; Israel; Iran; Nuclear Weapons; Embargoes and Sanctions; United States International Relations; Espionage and Intelligence Services; International Atomic Energy Agency; Mossad; Trump, Donald J; Middle East",https://www.nytimes.com/2018/05/01/opinion/netanyahu-iran.html
2018,2018-05-02T00:01:02Z,2010s,May-Jun,Pompeo Promises to Return ‘Swagger’ to the State Department,Secretary of State Mike Pompeo arrived at the department’s headquarters and promised a new horizon for a dispirited diplomatic corps.,,Secretary of State Mike Pompeo arrived at the department’s headquarters and promised a new horizon for a dispirited diplomatic corps.,World,Washington,News,article,702,"United States International Relations; United States Politics and Government; Diplomatic Service, Embassies and Consulates; State Department; Pompeo, Mike; Trump, Donald J; Tillerson, Rex W",https://www.nytimes.com/2018/05/01/world/americas/pompeo-swagger-state-department.html
2018,2018-05-02T00:19:47Z,2010s,May-Jun,Apple Says It Will Buy Back $100 Billion in Stock,"Powered by sales of its iPhone X, the tech giant reported another strong quarter and defied fears that consumers wouldn’t buy the pricey devices.",,"Powered by sales of its iPhone X, the tech giant reported another strong quarter and defied fears that consumers wouldn’t buy the pricey devices.",Technology,Business,News,article,826,Taxation; Stocks and Bonds; Company Reports; iPhone; Apple Inc,https://www.nytimes.com/2018/05/01/technology/apple-stock-buyback-earnings.html
2018,2018-05-02T09:00:06Z,2010s,May-Jun,Teacher Pay Is So Low in Some U.S. School Districts That They’re Recruiting Overseas,"Citing a dearth of qualified local candidates, schools are increasingly turning to foreign educators in the Philippines to fill core teaching jobs.",,"As American teachers protest low pay and funding shortfalls, a movement to recruit teachers from overseas is a sign of the difficulties in some districts.",U.S.,National,News,article,2536,Teachers and School Employees; Wages and Salaries; Foreign Workers; Education (K-12); Immigration and Emigration; Philippines; Arizona; Hiring and Promotion; Visas,https://www.nytimes.com/2018/05/02/us/arizona-teachers-philippines.html
2018,2018-05-02T09:00:07Z,2010s,May-Jun,Tech Giants Feel the Squeeze as Xi Jinping Tightens His Grip,"The government in China, long suspicious of internet companies, now sees ambitious titans like Tencent and Alibaba as useful partners.",,"The government in China, long suspicious of internet companies, now sees ambitious titans like Tencent and Alibaba as useful partners.",Technology,Business,News,article,1339,China; Xi Jinping; Computers and the Internet; Politics and Government; Communist Party of China; Alibaba Group Holding Ltd; Tencent Holdings Ltd,https://www.nytimes.com/2018/05/02/technology/china-xi-jinping-technology-innovation.html
2018,2018-05-02T09:00:07Z,2010s,May-Jun,What It Takes to Get Asylum in the U.S.,"Thousands of applicants are seeking asylum in America, claiming persecution in their homelands. But fearing for your life is not enough. What kinds of cases have been successful?",,"Thousands of applicants are seeking asylum in America, claiming persecution in their homelands. What kinds of cases have been successful?",U.S.,National,News,article,1047,"Asylum, Right of; Immigration and Emigration; Central America; Mexico; United States; United States Politics and Government",https://www.nytimes.com/2018/05/02/us/what-it-takes-to-get-asylum-us.html
2018,2018-07-01T09:24:20Z,2010s,Jul-Aug,Thailand Cave Rescuers Report Progress in Search for Soccer Team,"After days of heavy rain, rescuers made their way farther into the flooded cave complex where a dozen boys and their soccer coach were trapped.",,"After days of heavy rain, rescuers made their way further into the flooded cave complex where a dozen boys and their soccer coach were trapped.",World,Foreign,News,article,755,Chiang Rai Province (Thailand); Thailand; Rescues; Caves and Caverns,https://www.nytimes.com/2018/07/01/world/asia/thailand-cave-soccer-boys.html
2018,2018-07-01T12:06:42Z,2010s,Jul-Aug,Thousands Protest in Hong Kong on Anniversary of Handover to China,"Residents march each year on the anniversary of the former British colony’s return to China, demonstrating for democratic values, although turnout this year was low.",,"Residents march each year on the anniversary of the former British colony’s return to China, demonstrating for democratic values.",World,Foreign,News,article,650,"Hong Kong; Politics and Government; Demonstrations, Protests and Riots; Communist Party of China; China; Great Britain",https://www.nytimes.com/2018/07/01/world/asia/hong-kong-march-handover.html
2018,2018-07-01T18:49:53Z,2010s,Jul-Aug,Automakers Report June Sales and China Tariffs Will Take Effect,"A new jobs report is expected to show another month of payroll growth, and Wall Street will be closed in the United States for the Fourth of July holiday.",,"A new jobs report is expected to show another month of payroll growth, and Wall Street will be closed in the United States for the Fourth of July holiday.",Business,Business,News,article,538,Automobiles; International Trade and World Market; Customs (Tariff); Federal Reserve System; United States Economy; Labor and Jobs,https://www.nytimes.com/2018/07/01/business/china-tariffs-jobs-report-week-ahead.html
2018,2018-07-01T19:03:40Z,2010s,Jul-Aug,Australia’s Anti-interference Laws,China takes offense at the country’s newest legislation.,,China takes offense at the country’s newest legislation.,Opinion,OpEd,Op-Ed,article,46,Politics and Government; Australia; China; Law and Legislation,https://www.nytimes.com/2018/07/01/opinion/contributors/australia-china-foreign-interference-laws.html
2018,2018-07-01T19:28:34Z,2010s,Jul-Aug,Imperial China,China has acquired its own version of Hong Kong in Sri Lanka.,,China has acquired its own version of Hong Kong in Sri Lanka.,Opinion,Letters,Letter,article,74,"Orwell, George; China; Sri Lanka; Hong Kong",https://www.nytimes.com/2018/07/01/opinion/china-sri-lanka.html
2018,2018-07-01T19:44:41Z,2010s,Jul-Aug,Trump Attacks Democrats on Calls to Abolish ICE,The president also skewered allies on trade and said that he would not sign a new Nafta deal until after the midterms.,,"In a wide-ranging interview, the president also skewered allies on trade and said that he would not sign a new Nafta deal until after the midterms.",U.S.,Washington,News,article,871,"Midterm Elections (2018); Trump, Donald J; United States Politics and Government; Immigration and Customs Enforcement (US); Immigration and Emigration; Illegal Immigration; International Trade and World Market; North American Free Trade Agreement",https://www.nytimes.com/2018/07/01/us/politics/trump-interview-ice-trade-nafta.html
2018,2018-07-01T20:00:22Z,2010s,Jul-Aug,"India, Thailand, Mexico: Your Monday Briefing",Here’s what you need to know to start your day.,,Here’s what you need to know to start your day.,Briefing,NYTNow,briefing,article,1294,,https://www.nytimes.com/2018/07/01/briefing/india-thailand-mexico.html
2018,2018-07-02T03:52:55Z,2010s,Jul-Aug,"Denmark, Merkel, Russia: Your Monday Briefing",Here’s what you need to know to start your day.,,Here’s what you need to know to start your day.,Briefing,NYTNow,briefing,article,1250,,https://www.nytimes.com/2018/07/01/briefing/denmark-merkel-russia.html
2018,2018-07-02T04:00:09Z,2010s,Jul-Aug,"Stuck in Soccer Limbo, in the Shadow of the World Cup","The Crimean soccer league is neither Russian nor Ukrainian, leaving its teams and its players marooned in sporting purgatory since Russia annexed the peninsula in 2014.",,"The Crimean soccer league is neither Russian nor Ukrainian, leaving its teams and its players marooned in sporting purgatory since Russia annexed the peninsula in 2014.",Sports,Sports,News,article,1488,Soccer; World Cup 2018 (Soccer); Politics and Government; Crimea (Ukraine); Ukraine; Russia,https://www.nytimes.com/2018/07/02/sports/world-cup/crimea-russia.html
2018,2018-07-02T08:29:03Z,2010s,Jul-Aug,China Warns Its Tourists: Beware Gun Violence in America,"The notice was China’s latest effort to warn its citizens about visiting the U.S., where about as many people are killed by guns as in car accidents.",,"The notice was China’s latest effort to warn its citizens about visiting the U.S., where about as many people are killed by guns as in car accidents.",World,Foreign,News,article,767,"China; United States; Murders, Attempted Murders and Homicides",https://www.nytimes.com/2018/07/02/world/asia/china-travel-warning-america.html
2018,2018-07-02T09:00:07Z,2010s,Jul-Aug,Endless Gaming May Be a Bad Habit. That Doesn’t Make It a Mental Illness.,The World Health Organization has made “internet gaming” a diagnosable disorder. But many experts aren’t even sure it exists.,,The World Health Organization has made “internet gaming” a diagnosable disorder. But many experts aren’t even sure it exists.,Health,Science,News,article,997,Mental Health and Disorders; Computer and Video Games; Psychology and Psychologists; Addiction (Psychology); World Health Organization,https://www.nytimes.com/2018/07/02/health/internet-gaming-addiction.html
2018,2018-07-02T09:00:18Z,2010s,Jul-Aug,Delivering Amazon Packages to the Top of the World,"With big ambitions in India, the retail giant has recruited hundreds of small businesses to get packages to the most remote customers — including those 11,562 feet up in the Himalayas.",,"With big ambitions in India, Amazon has recruited small businesses to get packages to remote customers. We follow a courier in Leh, perched high in the Himalayas.",Technology,Business,News,article,927,E-Commerce; Delivery Services; Amazon.com Inc; Leh (India); Incredible Himalaya; Himalayas; India,https://www.nytimes.com/2018/07/02/technology/delivering-amazon-india.html
2018,2018-07-02T09:51:12Z,2010s,Jul-Aug,Stocks Tumble in Europe on Trade Worries and German Political Uncertainty,"Shares in Europe dropped, following Asian markets lower, as investors grappled with worsening global trade ties and an escalating rebellion against Germany’s leader.",,"Shares in Europe dropped, following Asian markets lower, as investors grappled with worsening global trade ties and an escalating rebellion against Germany’s leader.",Business,Business,News,article,244,International Trade and World Market; Protectionism (Trade); Customs (Tariff); Stocks and Bonds,https://www.nytimes.com/2018/07/02/business/trade-stock-markets.html
2018,2018-07-02T10:14:03Z,2010s,Jul-Aug,"DealBook Briefing: Dell Plans to Go Public, Again",Michael Dell took his company private when he didn’t have enough control to fix it. He won’t make that mistake again.,,Michael Dell took his company private when he didn’t have enough control to fix it. He won’t make that mistake again.,Business,Business,News,article,1443,"Computers and the Internet; Dell Inc; Dell, Michael S",https://www.nytimes.com/2018/07/02/business/dealbook/michael-dell-public.html
2018,2018-07-02T15:23:10Z,2010s,Jul-Aug,Add Fire to Your Fourth of July Cocktail,"Ming River, a Chinese spirit, adds plenty of spark to the standard tonic drink.",,"Ming River, a Chinese spirit, adds plenty of spark to the standard tonic drink.",Food,Dining,News,article,136,Cocktails and Mixed Drinks; Cooking and Cookbooks; China; Baijiu (Spirit),https://www.nytimes.com/2018/07/02/dining/drinks/baijiu-ming-river.html
2018,2018-07-02T15:40:19Z,2010s,Jul-Aug,Tesla Achieves a Key Weekly Goal for Producing Its Model 3,"The automaker said it turned out more than 5,000 of the mass-market sedans last week, a threshold it has said is crucial to reaching profitability.",,"The automaker said it turned out more than 5,000 of the mass-market sedans last week, a threshold it has said is crucial to reaching profitability.",Business,Business,News,article,814,"Automobiles; Company Reports; Tesla Motors Inc; Musk, Elon; Electric and Hybrid Vehicles; Factories and Manufacturing",https://www.nytimes.com/2018/07/02/business/tesla-model-3.html
2018,2018-07-02T16:30:01Z,2010s,Jul-Aug,"Lyft Follows Uber Into Bike-Sharing Lane, Buying Owner of CitiBike","The ride-hailing company agreed to buy the core operations of Motivate, which offers bicycle rentals in eight United States cities.",,"The ride-hailing company agreed to buy the core operations of Motivate, which offers bicycle rentals in eight United States cities.",Business,Business,News,article,312,"Mergers, Acquisitions and Divestitures; Bicycles and Bicycling; Citi Bike; Lyft Inc",https://www.nytimes.com/2018/07/02/business/dealbook/lyft-citibike-motivate-bike-share.html
2018,2018-07-02T18:49:51Z,2010s,Jul-Aug,U.S. Softens Demand That Countries Stop All Iran Oil Imports,"The Trump administration said it would not penalize reduced Iranian oil imports in at least some cases, a move that is likely to soothe market concerns.",,"The Trump administration said it would not penalize reduced Iranian oil imports in at least some cases, a move that is likely to soothe market concerns.",World,Washington,News,article,469,"United States International Relations; Nuclear Weapons; Oil (Petroleum) and Gasoline; United States Politics and Government; Embargoes and Sanctions; International Trade and World Market; State Department; Hook, Brian H; Iran",https://www.nytimes.com/2018/07/02/world/middleeast/us-iran-oil-imports-sanctions-.html
2018,2018-07-02T19:00:04Z,2010s,Jul-Aug,Facebook Isn’t Silicon Valley’s Only Problem,Many of the practices for which it has been criticized are common in the industry.,,Many of the practices for which it has been criticized are common in the industry.,Opinion,OpEd,Op-Ed,article,779,Computers and the Internet; Online Advertising; Social Media; Facebook Inc; Cambridge Analytica; Google Inc; Silicon Valley (Calif); United States,https://www.nytimes.com/2018/07/02/opinion/facebook-silicon-valley-regulation.html
2018,2018-07-02T19:00:04Z,2010s,Jul-Aug,The Opium War and the Humiliation of China,Stephen R. Platt’s “Imperial Twilight” describes what may have been the British Empire’s darkest hour.,,Stephen R. Platt’s “Imperial Twilight” describes what may have been the British Empire’s darkest hour.,Books,BookReview,Review,article,1302,"Books and Literature; Imperial Twilight: The Opium War and the End of China's Last Golden Age (Book); Platt, Stephen R; Opium; China; Great Britain",https://www.nytimes.com/2018/07/02/books/review/stephen-r-platt-imperial-twilight.html
2018,2018-07-08T18:35:35Z,,,"Inside China’s Dystopian Dreams: A.I., Shame and Lots of Cameras",Beijing is putting billions of dollars behind facial recognition and other technologies to track and control its citizens.,,,Business,,,,,,https://www.nytimes.com/2018/07/08/business/china-surveillance-technology.html
2018,2018-07-28T09:00:08Z,,,"From a Space Station in Argentina, China Expands Its Reach in Latin America","Our correspondent went to the deserts of Patagonia to examine how China secured its new base, a symbol of its growing clout in the region.",,,World,,,,,,https://www.nytimes.com/2018/07/28/world/americas/china-latin-america.html
2018,2018-08-12T17:36:17Z,,,"China Seeks Influence in Europe, One Business Deal at a Time",A mysterious Chinese company went on a buying binge in the Czech Republic following Xi Jinping’s call for greater sway in the region. What was the cost?,,,Business,,,,,,https://www.nytimes.com/2018/08/12/business/china-influence-europe-czech-republic.html
2018,2018-08-20T18:33:29Z,,,‘We Cannot Afford This’: Malaysia Pushes Back Against China’s Vision,A country that once courted Chinese investment now fears becoming overly indebted for big projects that are neither viable nor necessary — except to China.,,,World,,,,,,https://www.nytimes.com/2018/08/20/world/asia/china-malaysia.html
2018,2018-08-29T04:42:08Z,,,"With Ships and Missiles, China Is Ready to Challenge U.S. Navy in Pacific",China’s Navy is now the world’s largest. It has altered the military balance in Asia in ways the U.S. is only beginning to digest.,,,World,,,,,,https://www.nytimes.com/2018/08/29/world/asia/china-navy-aircraft-carrier-pacific.html
2018,2018-09-01T00:29:18Z,2010s,Sep-Oct,Vultures! Elections! It’s September!,"We have seen the future, and it’s in North Dakota.",,"We have seen the future, and it’s in North Dakota.",Opinion,OpEd,Op-Ed,article,851,"North Dakota; Heitkamp, Heidi; Cramer, Kevin; Trump, Donald J; Midterm Elections (2018); Elections, Senate; United States Politics and Government",https://www.nytimes.com/2018/08/31/opinion/north-dakota-senate.html
2018,2018-09-01T00:59:35Z,2010s,Sep-Oct,McCain and a Requiem for the American Century,"Torture imbued him with a humanity that transcended politics, and a belief in the centrality of American values in the battle for freedom.",,"Torture imbued him with a humanity that transcended politics, and a belief in the centrality of American values in the battle for freedom.",Opinion,OpEd,Op-Ed,article,849,"McCain, John; United States Politics and Government; Trump, Donald J",https://www.nytimes.com/2018/08/31/opinion/mccain-death-american-legacy.html
2018,2018-09-01T04:00:01Z,2010s,Sep-Oct,Where’s That Jumpsuit From? It’s a Long Story,"Amah Ayivi, a designer and clothing dealer in Paris, has spun secondhand garments into a stylish business.",,"Amah Ayivi, a designer and clothing dealer in Paris, has spun secondhand garments into a stylish business.",Style,Styles,News,article,1010,International Trade and World Market; Fashion and Apparel; Togo,https://www.nytimes.com/2018/09/01/style/amah-ayivi-marche-noir.html
2018,2018-09-01T09:00:05Z,2010s,Sep-Oct,Geneva + Peru + Japan = Deliciousness,"Kampai, the Peruvian chef Cecilia Zapata’s new restaurant in the Swiss city, celebrates Nikkei cuisine, the juncture of Peruvian and Japanese cuisines, to great effect. ",,"Kampai, the Peruvian chef Cecilia Zapata’s new restaurant in the Swiss city, celebrates Nikkei cuisine, the juncture of Peruvian and Japanese cuisines, to great effect. ",Travel,Travel,News,article,545,Restaurants; Geneva (Switzerland); Peru; Travel and Vacations,https://www.nytimes.com/2018/09/01/travel/kampai-geneva-restaurant-review.html
2018,2018-09-01T09:00:10Z,2010s,Sep-Oct,Microwave Weapons Are Prime Suspect in Ills of U.S. Embassy Workers,Doctors and scientists say microwave strikes may have caused sonic delusions and very real brain damage among embassy staff and family members.,,Doctors and scientists say microwave strikes may have caused sonic delusions and very real brain damage among embassy staff and family members.,Science,Science,News,article,2409,"Havana (Cuba); Diplomatic Service, Embassies and Consulates; Sonar; Cuba; United States International Relations; Defense and Military Forces; Havana Syndrome; United States Politics and Government; Ears and Hearing; Espionage and Intelligence Services; Nerves and Nervous System; China; Russia; military weapons; Workplace Hazards and Violations; Microwaves (Electromagnetic Waves)",https://www.nytimes.com/2018/09/01/science/sonic-attack-cuba-microwave.html
2018,2018-09-01T10:00:01Z,2010s,Sep-Oct,Lionel Richie Has Some Bedding to Sell You,"“I’m in the bedroom,” Mr. Richie said, referring to his many romantic songs. “At least use my sheets.”",,"Hello, is it zzzs you’re looking for? That’s right. Mr. Richie, the multiplatinum artist, is now making sheets and towels.",Style,Styles,News,article,1784,"Richie, Lionel; JC Penney Company Inc; Beds and Bedding; Shopping and Retail; Celebrities; Pop and Rock Music",https://www.nytimes.com/2018/09/01/style/lionel-richie-sheets-towels-jc-penney.html
2018,2018-09-01T16:50:29Z,2010s,Sep-Oct,Read George W. Bush’s Eulogy for John McCain,Former President George W. Bush delivered a eulogy on behalf of Senator John McCain at a ceremony attended by many of Washington’s top current and former lawmakers.,,Former President George W. Bush delivered a eulogy on behalf of Senator John McCain at a ceremony attended by many of Washington’s top current and former lawmakers.,U.S.,Washington,News,article,1084,"United States Politics and Government; Bush, George W; McCain, John",https://www.nytimes.com/2018/09/01/us/politics/george-w-bush-john-mccain-eulogy.html
2018,2018-09-01T19:00:00Z,2010s,Sep-Oct,Would Socialism Better Our Lives?,Readers discuss the growing support for socialism in the United States and how it has worked in other countries.,,Readers discuss the growing support for socialism in the United States and how it has worked in other countries.,Opinion,Letters,Letter,article,1151,Capitalism (Theory and Philosophy); United States Economy; Income Inequality; Socialism (Theory and Philosophy),https://www.nytimes.com/2018/09/01/opinion/letters/socialism-united-states.html
2018,2018-09-01T19:04:28Z,2010s,Sep-Oct,"If Cardinal Was Under Pope’s Sanctions, Why Was He Allowed at Gala Events?",A review of Cardinal Theodore McCarrick’s activities during the time he was supposedly under restrictions raises questions of how tough the Vatican is on bishops accused of sexual abuse.,,A review of Cardinal Theodore McCarrick’s activities during the time he was supposedly under restrictions raises questions of how tough the Vatican is on bishops accused of sexual abuse.,World,Foreign,News,article,1548,"Roman Catholic Church; Priests; Child Abuse and Neglect; Sex Crimes; Benedict XVI; Francis; McCarrick, Theodore E; Vigano, Carlo Maria",https://www.nytimes.com/2018/09/01/world/europe/pope-francis-benedict-mccarrick.html
2018,2018-09-02T08:54:21Z,2010s,Sep-Oct,JD.com Chairman Richard Liu Arrested in U.S. in Sexual Misconduct Case,"The founder of the prominent Chinese online retailer was released, and the firm called the accusation false. Still, the arrest could be a test of JD.com’s stability.",,"Richard Liu, the founder of the retailing giant JD.com, was accused of criminal sexual conduct. His company says a false accusation was made.",Business,Business,News,article,993,"Liu, Richard; JD.com; Minnesota; Sex Crimes; Sexual Harassment",https://www.nytimes.com/2018/09/02/business/richard-liu-arrest-minnesota-china.html
2018,2018-09-02T14:00:10Z,2010s,Sep-Oct,Trump’s Rougher Edge Complicates Trip by Pompeo and Mattis to India,"Trade tensions, threats of sanctions and even President Trump’s reported mocking of the Indian leader have contributed to a suddenly long list of diplomatic challenges.",,"Trade tensions, threats of sanctions and even President Trump’s reported mocking of the Indian leader have contributed to a list of diplomatic challenges.",World,Washington,News,article,1052,"United States International Relations; United States Politics and Government; Defense and Military Forces; International Trade and World Market; Protectionism (Trade); State Department; Defense Department; Modi, Narendra; Trump, Donald J; India",https://www.nytimes.com/2018/09/02/world/asia/trump-modi-india-relations-.html
2018,2018-09-02T14:31:14Z,2010s,Sep-Oct,"After Deadly Raid, Pentagon Weighs Withdrawing Almost All Commandos From Niger","The plans, if approved by Defense Secretary Jim Mattis, would also close military outposts in Tunisia, Cameroon, Libya and Kenya.",,"The plans, if approved by Defense Secretary Jim Mattis, would also close military outposts in Tunisia, Cameroon, Libya and Kenya.",World,Washington,News,article,1044,"United States Defense and Military Forces; Defense Department; United States Africa Command; United States Special Operations Command; United States Army Special Forces (Green Berets); Mattis, James N; Waldhauser, Thomas D; Africa",https://www.nytimes.com/2018/09/02/world/africa/pentagon-commandos-niger.html
2018,2018-09-02T16:30:05Z,2010s,Sep-Oct,"Once a Cold War Flashpoint, a Part of Taiwan Embraces China’s Pull","The island county of Kinmen, which was shelled by China for years, has been drawing close to its erstwhile enemy.",,"The island county of Kinmen, which was shelled by China for years, has been drawing close to its erstwhile enemy.",World,Foreign,News,article,1170,China; Taiwan; Xiamen (China); International Relations; Kinmen County (Taiwan),https://www.nytimes.com/2018/09/02/world/asia/taiwan-kinmen-island-china.html
2018,2018-09-02T20:05:32Z,2010s,Sep-Oct,"John McCain, JD.com, Nauru: Your Monday News Briefing",Here’s what you need to know to start your day.,,Here’s what you need to know to start your day.,Briefing,NYTNow,briefing,article,1306,,https://www.nytimes.com/2018/09/02/briefing/john-mccain-jdcom-nauru.html
2018,2018-09-03T00:00:05Z,2010s,Sep-Oct,Companies Say Trump Is Hurting Business by Limiting Legal Immigration,"The government is making it harder to hire foreigners by denying visas, asking for more information and delaying approvals, corporate leaders say.",,"The government is making it harder to hire foreigners by denying visas, asking for more information and delaying approvals, corporate leaders say.",Business,Business,News,article,1583,"Foreign Workers; Immigration and Emigration; United States Economy; Visas; Labor and Jobs; United States Politics and Government; Business Roundtable; Citizenship and Immigration Services (US); Trump, Donald J; Cotton, Tom; Perdue, David A Jr",https://www.nytimes.com/2018/09/02/business/trump-legal-immigration-h1b-visas.html
2018,2018-09-03T04:01:09Z,2010s,Sep-Oct,"Vatican, Russia, Spain: Your Monday News Briefing",Here’s what you need to know to start your day.,,Here’s what you need to know to start your day.,Briefing,NYTNow,briefing,article,1245,,https://www.nytimes.com/2018/09/03/briefing/vatican-russia-spain.html
2018,2018-09-03T13:51:06Z,2010s,Sep-Oct,China’s Internet Obsesses Over Arrest of JD.com Founder Richard Liu,"The furor over Mr. Liu’s legal troubles reflects China’s fascination with self-made tech tycoons, who have become symbols of the country’s rise as a global power.",,The furor over Richard Liu’s arrest on suspicion of criminal sexual conduct reflects China’s fascination with self-made tech tycoons.,Technology,Business,News,article,1187,"Computers and the Internet; E-Commerce; Social Media; Sexual Harassment; JD.com; Liu, Richard; China",https://www.nytimes.com/2018/09/03/technology/jd-com-richard-liu-qiangdong.html
2018,2018-09-03T15:41:20Z,2010s,Sep-Oct,She Thought Pole Dancing at Kindergarten Was a Great Idea. Others Disagreed.,The principal of a Chinese kindergarten said she wanted to show children different kinds of dance. Parents and Chinese internet users were astonished.,,The principal of a Chinese kindergarten said she wanted to show children different kinds of dance. Parents and Chinese internet users were astonished.,World,Foreign,News,article,506,Education (K-12); Children and Childhood; Dancing; China; Shenzhen (China),https://www.nytimes.com/2018/09/03/world/asia/china-pole-dancing-kindergarten.html
2018,2018-09-03T18:15:17Z,2010s,Sep-Oct,"Growth Has Lifted Counties That Voted for Trump. Mostly, It’s the Wealthy Ones.",President Trump’s economy has left the most distressed swaths of the country waiting for their share of the good times.,,President Trump’s economy has left the most distressed swaths of the country waiting for their share of the good times.,U.S.,National,News,article,1646,"Trump, Donald J; United States Economy; St. Charles County (Mo); Knox County (Ill); Labor and Jobs; Factories and Manufacturing; United States Politics and Government; Presidential Election of 2016; Income; Regulation and Deregulation of Industry; Poverty; Recession and Depression",https://www.nytimes.com/2018/09/03/us/trump-economy-missouri-illinois.html
2018,2018-09-03T20:15:40Z,2010s,Sep-Oct,"Your Tuesday News Briefing: Myanmar, Richard Liu, Pole Dance",Here’s what you need to know to start your day.,,Here’s what you need to know to start your day.,Briefing,NYTNow,briefing,article,1429,,https://www.nytimes.com/2018/09/03/briefing/myanmar-richard-liu-pole-dance.html
2018,2018-09-08T13:17:55Z,,,China Is Detaining Muslims in Vast Numbers. The Goal: ‘Transformation.’,"Ethnic Uighurs in vast numbers have been sent to camps as part of a campaign to remove any devotion to Islam, China’s most sweeping internment program since the Mao era.",,,World,,,,,,https://www.nytimes.com/2018/09/08/world/asia/china-uighur-muslim-detention-camp.html
2018,2018-09-18T09:10:40Z,,,China Once Looked Tough on Trade. Now Its Options Are Dwindling.,China said it would impose tariffs on an additional $60 billion of U.S. imports. But Beijing is running out of American goods to target as the trade war intensifies.,,,Business,,,,,,https://www.nytimes.com/2018/09/18/business/china-trade-war-retaliate.html
2018,2018-09-20T17:01:01Z,,,"China’s Sea Control Is a Done Deal, ‘Short of War With the U.S.’",A U.S. military flight over the South China Sea brings harsh Chinese challenges in officially international space. Officers say a new era of risk is here.,,,World,,,,,,https://www.nytimes.com/2018/09/20/world/asia/south-china-sea-navy.html
2018,2018-09-22T11:50:26Z,,,China and Vatican Reach Deal on Appointment of Bishops,"For the first time, the pope accepted the legitimacy of bishops chosen by the Communist Chinese government.",,,World,,,,,,https://www.nytimes.com/2018/09/22/world/asia/china-vatican-bishops.html
2018,2018-10-03T19:47:16Z,,,Private Businesses Built Modern China. Now the Government Is Pushing Back.,Taxes are rising. Regulation is tightening. State-run firms are ascendant. That could spell problems for a country where economic growth is slowing.,,,Business,,,,,,https://www.nytimes.com/2018/10/03/business/china-economy-private-enterprise.html
2018,2018-10-10T19:03:18Z,,,Chinese Officer Is Extradited to U.S. to Face Charges of Economic Espionage,"The Chinese intelligence official was arrested in Belgium and brought to the United States, an escalation of the Trump administration’s effort to crack down on Chinese spying.",,,U.S.,,,,,,https://www.nytimes.com/2018/10/10/us/politics/china-spy-espionage-arrest.html
2018,2018-11-01T01:28:36Z,2010s,Nov-Dec,"Willie McCovey, 80, Dies; Hall of Fame Slugger With the Giants",A revered figure in San Francisco who hit 521 home runs in 22 seasons.,,A revered figure in San Francisco who hit 521 home runs in 22 seasons.,Obituaries,Obits,Obituary (Obit),article,1414,"McCovey, Willie; Baseball; San Francisco Giants; Deaths (Obituaries)",https://www.nytimes.com/2018/10/31/obituaries/willie-mccovey-dead.html
2018,2018-11-01T02:01:06Z,2010s,Nov-Dec,North Korea #MeToo Voices: ‘They Consider Us Toys’,"Many North Korean women who work in the country’s fledgling market economy are preyed on by officials demanding sexual favors, Human Rights Watch says.",,"Many of the women who work in the country’s fledgling market economy are preyed on by officials demanding sexual favors, according to a Human Rights Watch report.",World,Foreign,News,article,876,"Human Rights and Human Rights Violations; #MeToo Movement; Sexual Harassment; Sex Crimes; Human Rights Watch; Kim Jong-un; Roth, Kenneth; North Korea; Bribery and Kickbacks",https://www.nytimes.com/2018/10/31/world/asia/north-korea-women-metoo.html
2018,2018-11-01T04:01:01Z,2010s,Nov-Dec,"In U.S.-India Trade, Trump Sees Only Harley-Davidson",India and the United States face deadlines in the coming days to decide disputes over trade and oil. The president is most interested in motorcycle tariffs.,,India and the United States face deadlines in the coming days to decide disputes over trade and oil. President Trump is most interested in motorcycle tariffs.,Business,Business,News,article,1299,"International Trade and World Market; India; United States International Relations; Embargoes and Sanctions; Customs (Tariff); Motorcycles, Motor Bikes and Motorscooters; Harley-Davidson Inc; Modi, Narendra; Trump, Donald J; United States",https://www.nytimes.com/2018/11/01/business/us-india-trade-harley-davidson.html
2018,2018-11-01T08:00:01Z,2010s,Nov-Dec,Learning With: ‘Disgust vs. Delight: Why Do Certain Foods Turn You Off?’,What kinds of foods are uniformly disgusting? What other cultural and social factors influence disgust?,,What kinds of foods are uniformly disgusting? What other cultural and social factors influence disgust?,The Learning Network,Learning,News,article,232,,https://www.nytimes.com/2018/11/01/learning/learning-with-disgust-vs-delight-why-do-certain-foods-turn-you-off.html
2018,2018-11-01T09:00:05Z,2010s,Nov-Dec,"What 52,000 Percent Inflation Can Do to a Country","Venezuela has become just the latest victim of hyperinflation — that perfect storm of economic mismanagement, consumer anxiety and political chaos.",,"Venezuela has become just the latest victim of hyperinflation — that perfect storm of economic mismanagement, consumer anxiety and political chaos.",Magazine,Magazine,News,article,1533,"Venezuela; Inflation (Economics); Economic Conditions and Trends; Currency; Chavez, Hugo; Lenin, Vladimir; Maduro, Nicolas; Argentina; Brazil; China; Nicaragua; Weimar (Germany); Politics and Government; International Monetary Fund; Citgo Petroleum Corp",https://www.nytimes.com/2018/11/01/magazine/venezuela-inflation-economics.html
2018,2018-11-01T09:00:11Z,2010s,Nov-Dec,"This Library Has New Books by Major Authors, but They Can’t Be Read Until 2114",The Scottish artist Katie Paterson is collecting 100 unpublished works that won’t be released in their writers’ lifetimes.,,The Scottish artist Katie Paterson is collecting 100 unpublished works that won’t be released in their writers’ lifetimes.,T Magazine,TStyle,News,article,2455,Libraries and Librarians; Books and Literature; Writing and Writers; Trees and Shrubs; Norway,https://www.nytimes.com/2018/11/01/t-magazine/future-library-books.html
2018,2018-11-01T09:00:15Z,2010s,Nov-Dec,Who’s to Blame for American Political Violence?,And has our politics become polarized by gender?,,Opinion columnists debate: Has politics become polarized by gender?,Opinion,OpEd,Op-Ed,article,766,"Douthat, Ross G; Leonhardt, David; Goldberg, Michelle (1975- ); Tree of Life (Pittsburgh, Pa, Synagogue); Pittsburgh, Pa, Shooting (2018); Kentucky; Blacks; Charlottesville, Va, Violence (August, 2017); Anger (Emotion); Anti-Semitism; Jews and Judaism; Trump, Donald J; Republican Party; Democratic Party; Demonstrations, Protests and Riots; United States Politics and Government; Men and Boys; Women and Girls; Midterm Elections (2018)",https://www.nytimes.com/2018/11/01/opinion/the-argument-tree-of-life-kentucky-shooting-bombs-democrats-women.html
2018,2018-11-01T09:35:30Z,2010s,Nov-Dec,"George Soros, Yemen, Google: Your Thursday Briefing",Here’s what you need to know to start your day.,,Here’s what you need to know to start your day.,Briefing,NYTNow,briefing,article,1332,,https://www.nytimes.com/2018/11/01/briefing/george-soros-yemen-google.html
2018,2018-11-01T09:45:04Z,2010s,Nov-Dec,There’s No Going Back. The G.O.P. Is Trump’s Party. ,The president has reclaimed the formula that made the landslide victories of the Nixon and Reagan years possible. ,,The president has reclaimed the formula that made the landslide victories of the Nixon and Reagan years possible. ,Opinion,OpEd,Op-Ed,article,1144,"United States Politics and Government; United States Economy; Federal Taxes (US); Immigration and Emigration; Labor and Jobs; Conservatism (US Politics); Cold War Era; Regulation and Deregulation of Industry; House of Representatives; Republican Party; Senate; United States Chamber of Commerce; Bush, George W; Eisenhower, Dwight David; Nixon, Richard Milhous; Trump, Donald J; Ryan, Paul D Jr; United States",https://www.nytimes.com/2018/11/01/opinion/donald-trump-reagan-nixon-midterms.html
2018,2018-11-01T09:52:27Z,2010s,Nov-Dec,DealBook Conference Live Updates: Google C.E.O.’s Mea Culpa,"America’s most important business leaders provide insights on how to navigate the challenges ahead, including when accusations of misconduct results in backlashes inside companies.",,"At the DealBook conference today in New York City, top American business leaders discuss the world’s problems.",Business,Business,News,article,4066,"News and News Media; Driverless and Semiautonomous Vehicles; Computers and the Internet; Social Media; International Trade and World Market; 21st Century Fox; Alphabet Inc; BlackRock Inc; Founders Fund; Fox Entertainment Group Inc; Goldman Sachs Group Inc; General Motors; Snap Inc; Ballmer, Steven A; Barra, Mary T; Blankfein, Lloyd C; Fink, Laurence D; Murdoch, Lachlan; Pichai, Sundar; Thiel, Peter A",https://www.nytimes.com/2018/11/01/business/dealbook/dealbook-conference-live-updates.html
2018,2018-11-01T10:00:04Z,2010s,Nov-Dec,The Trump Legions,"Despite their sudden rise, they didn’t come out of nowhere. ",,"Despite their sudden rise, they didn’t come out of nowhere. ",Opinion,OpEd,Op-Ed,article,2316,"Presidential Election of 2016; United States Politics and Government; Immigration and Emigration; Voting and Voters; Race and Ethnicity; Income Inequality; Trump, Donald J",https://www.nytimes.com/2018/11/01/opinion/the-trump-legions.html
2018,2018-11-01T10:18:03Z,2010s,Nov-Dec,DealBook Briefing: Tune Into Today’s Live Coverage of Our Annual Conference,Some of the biggest newsmakers at the intersection of business and policy join us onstage today to discuss how to navigate the challenges that lie ahead.,,Some of the biggest newsmakers at the intersection of business and policy join us onstage today to discuss how to navigate the challenges that lie ahead.,Business,Business,News,article,1767,"Banking and Financial Institutions; Computers and the Internet; Barra, Mary T; Blankfein, Lloyd C; Fink, Laurence D; Pichai, Sundar; Thiel, Peter A; New York City",https://www.nytimes.com/2018/11/01/business/dealbook/dealbook-conference-2018.html
2018,2018-11-01T12:00:47Z,2010s,Nov-Dec,The Warriors Are Having Fun. And They May Be Better Than Ever.,Stephen Curry scored 51. Kevin Durant scored 41. Klay Thompson made 14 3-pointers. Phew.,,Stephen Curry scored 51. Kevin Durant scored 41. Klay Thompson made 14 3-pointers. Phew.,Sports,Sports,News,article,900,Basketball; Golden State Warriors,https://www.nytimes.com/2018/11/01/sports/golden-state-warriors.html
2018,2018-11-01T13:09:42Z,2010s,Nov-Dec,A 5-Year-Old’s 15-Page Résumé Captivates China,A leaked school application has prompted debate about whether children in China’s test-crazed education system are being raised as soulless strivers.,,A leaked school application has prompted debate about whether children in China’s test-crazed education system are being raised as soulless strivers.,World,Foreign,News,article,661,China; Education (K-12); Admissions Standards; Tests and Examinations; Private and Sectarian Schools,https://www.nytimes.com/2018/11/01/world/asia/china-child-resume.html
2018,2018-11-01T16:06:26Z,2010s,Nov-Dec,Teenagers in The Times: October 2018,Our roundup of the news stories and features about young people that have recently appeared across sections of NYTimes.com.,,Our roundup of the news stories and features about young people that have recently appeared across sections of NYTimes.com.,The Learning Network,Learning,News,article,1654,,https://www.nytimes.com/2018/11/01/learning/teenagers-in-the-times-october-2018.html
2018,2018-11-01T16:28:45Z,2010s,Nov-Dec,Mystery of the Midterm Elections: Where Are the Russians?,Nefarious activity by known or suspected hackers seems low this year. But that might not be good news and could spell trouble even after Tuesday’s vote.,,"Nefarious activity by known or suspected hackers seems low this year. An analyst says that “reassures some people, and it scares some people.”",Business,SpecialSections,News,article,2902,"Russian Interference in 2016 US Elections and Ties to Trump Associates; Cyberwarfare and Defense; Elections; Midterm Elections (2018); CrowdStrike Inc; Democratic National Committee; Google Inc; Coats, Dan; Putin, Vladimir V; Trump, Donald J; Zuckerberg, Mark E; Beijing (China); Australia; Russia; Ukraine",https://www.nytimes.com/2018/11/01/business/midterm-election-russia-cyber.html
2018,2018-11-01T18:07:24Z,2010s,Nov-Dec,W.N.B.A. Players Opt Out of Collective Bargaining Agreement,"The move allows players in the women’s basketball league, who have been vocal about their pay and working conditions, to start negotiating a new contract right away.",,"The move allows players in the women’s basketball league, who have been vocal about their pay and working conditions, to start negotiating a new contract right away.",Sports,Sports,News,article,412,Basketball; Women's National Basketball Assn,https://www.nytimes.com/2018/11/01/sports/wnba-union-opt-out.html
2018,2018-11-01T18:07:25Z,2010s,Nov-Dec,Larry Fink: Social Responsibility Push Is Not a Fad,"In a wide-ranging interview, the BlackRock chief executive returned repeatedly to the idea of corporate accountability.",,"In a wide-ranging interview, the BlackRock chief executive returned repeatedly to the idea of corporate accountability.",Business,Business,News,article,752,"Fink, Laurence D; BlackRock Inc; Corporate Social Responsibility; Gun Control; Parkland, Fla, Shooting (2018); Dick's Sporting Goods Inc; Stack, Edward W",https://www.nytimes.com/2018/11/01/business/dealbook/larry-fink-social-responsibility-dealbook.html
2018,2018-11-01T18:28:59Z,2010s,Nov-Dec,"Start-Ups Ask, ‘Are We Making Money for Saudi Arabia?’",Following the money isn’t easy in the opaque world of venture capital.,,Following the money isn’t easy in the opaque world of venture capital.,Technology,Business,News,article,1377,"Venture Capital; Politics and Government; Start-ups; Sovereign Wealth Funds; Human Rights and Human Rights Violations; Khashoggi, Jamal; Mohammed bin Salman (1985- ); Wilson, Fred (1961- ); Saudi Arabia; Assassinations and Attempted Assassinations",https://www.nytimes.com/2018/11/01/technology/start-ups-venture-capital-saudi-arabia.html
2018,2018-11-01T18:30:03Z,2010s,Nov-Dec,"Did Max Boot Turn His Back on the Republican Party, or Did the Party Turn Its Back on Him?","In “The Corrosion of Conservatism,” Max Boot explains why, after many years, he changed his politics.",,"In “The Corrosion of Conservatism,” Max Boot, once a prominent center-right pundit, explained why, after many years, he changed his politics.",Books,BookReview,Review,article,1348,"Books and Literature; The Corrosion of Conservatism: Why I Left the Right (Book); Boot, Max; Presidential Election of 2016; Conservatism (US Politics); Republican Party; Trump, Donald J",https://www.nytimes.com/2018/11/01/books/review/max-boot-the-corrosion-of-conservatism.html
2018,2018-11-11T19:02:06Z,,,"In China, Desperate Patients Smuggle Drugs. Or Make Their Own.","Despite health insurance, terminally ill patients have to hunt around the world and on the internet for ways to stay alive.",,,Business,,,,,,https://www.nytimes.com/2018/11/11/business/china-drugs-smuggled-homemade.html
2018,2018-11-23T05:00:10Z,,,"In China, a School Trains Boys to Be ‘Real Men’","Employing American football and chest-thumping chants, Tang Haiyan offers an answer to a country that worries that its sons are too coddled and feminine. “We will never cultivate sissies,” he says.",,,Business,,,,,,https://www.nytimes.com/2018/11/23/business/china-boys-men-school.html
2018,2018-11-25T18:50:45Z,,,China’s Tactic to Catch a Fugitive Official: Hold His Two American Children,The Chinese police are barring Victor and Cynthia Liu from leaving China in an effort to force their father to return. U.S. officials object to the growing practice of an “exit ban.”,,,U.S.,,,,,,https://www.nytimes.com/2018/11/25/us/politics/china-exit-ban.html
2018,2018-11-29T10:00:12Z,,,"After a Hiatus, China Accelerates Cyberspying Efforts to Obtain U.S. Technology",China’s practice of breaking into American computers has become a core grievance of the Trump administration as leaders of the two nations prepare to meet.,,,U.S.,,,,,,https://www.nytimes.com/2018/11/29/us/politics/china-trump-cyberespionage.html
2018,2018-12-07T16:10:06Z,,,Huawei Arrest Tests China’s Leaders as Fear and Anger Grip Elite,"The detention of a Chinese tech executive poses a challenge for President Xi Jinping, who faces pressure to both retaliate and resolve the trade war with America.",,,World,,,,,,https://www.nytimes.com/2018/12/07/world/asia/huawei-arrest-china.html
2018,2018-12-13T00:48:56Z,,,A Weakened China Tries a Different Approach With the U.S.: Treading Lightly,"Hobbled by a slowing economy, the Chinese government has opted for a measured response to the arrest of a Huawei executive.",,,Business,,,,,,https://www.nytimes.com/2018/12/12/business/china-trade-war.html
2018,2018-12-14T13:04:49Z,,,"China’s Economy Slows Sharply, in Challenge for Xi Jinping","Car sales are falling. Housing is slow. Workers get three-month unpaid vacations. For Chinese leaders, pressure for a trade deal with President Trump is rising.",,,Business,,,,,,https://www.nytimes.com/2018/12/14/business/china-economy-xi-jinping.html
2018,2018-12-19T18:07:28Z,,,China’s ‘Belt and Road’ Plan in Pakistan Takes a Military Turn,"Under a program China insisted was peaceful, Pakistan is cooperating on distinctly defense-related projects, including a secret plan to build new fighter jets.",,,World,,,,,,https://www.nytimes.com/2018/12/19/world/asia/pakistan-china-belt-road-military.html
2018,2018-12-24T16:30:51Z,,,It Doesn’t Matter if Ecuador Can Afford This Dam. China Still Gets Paid.,"A giant dam was supposed to help lift Ecuador out of poverty. Instead, it’s part of a national scandal, and a future tethered to China.",,,World,,,,,,https://www.nytimes.com/2018/12/24/world/americas/ecuador-china-dam.html
2019,2019-01-01T01:46:18Z,2010s,Jan-Feb,Sync your calendar with the solar system,"Never miss an eclipse, a meteor shower, a rocket launch or any other astronomical and space event that's out of this world.",,"Never miss an eclipse, a meteor shower, a rocket launch or any other astronomical and space event that's out of this world.",Science,,Interactive Feature,interactive,0,Space and Astronomy; Moon; Eclipses; Seasons and Months; Solar System; Meteors and Meteorites,https://www.nytimes.com/interactive/2019/science/astronomy-space-calendar.html
2019,2019-01-01T07:33:48Z,2010s,Jan-Feb,"Rocket Launches, Trips to the Moon and More Space and Astronomy Events in 2019","A busy year in space just ended, and this one will be full of new highlights in orbit and beyond.",,"A busy year in space just ended, and this one will be full of new highlights in orbit and beyond.",Science,Science,News,article,1006,Space and Astronomy; Rocket Science and Propulsion; National Aeronautics and Space Administration; Space Exploration Technologies Corp; China; Innovation,https://www.nytimes.com/2019/01/01/science/2019-launches-moon.html
2019,2019-01-01T08:24:14Z,2010s,Jan-Feb,A Photographer’s Quest to Reverse China’s Historical Amnesia,The Chinese photographer Li Zhensheng has been on a decades-long mission to make his country remember the Cultural Revolution.,,The Chinese photographer Li Zhensheng has been on a decades-long mission to make his country remember the Cultural Revolution.,World,Foreign,News,article,1278,Li Zhensheng (1940- ); Cultural Revolution; Photography; Communist Party of China; Mao Zedong; Politics and Government; China,https://www.nytimes.com/2019/01/01/world/asia/china-cultural-revolution-photography.html
2019,2019-01-01T10:00:06Z,2010s,Jan-Feb,New & Noteworthy,"A selection of books published this week; plus, a peek at what our colleagues around the newsroom are reading.",,"A selection of books published this week; plus, a peek at what our colleagues around the newsroom are reading.",Books,BookReview,News,article,450,Books and Literature,https://www.nytimes.com/2019/01/01/books/review/new-noteworthy-alisha-haridasani-gupta.html
2019,2019-01-01T11:00:09Z,2010s,Jan-Feb,Brooklyn Bridal. It’s a Thing. And a Place to Find Your Dress.,"Small boutiques, with custom-made dresses and accessories — all made in Brooklyn — are showing up all over the borough.",,"Small boutiques, with custom-made dresses and accessories — all made in Brooklyn — are showing up all over the borough.",Fashion,Society,News,article,1377,Dresses; Brooklyn (NYC),https://www.nytimes.com/2019/01/01/fashion/weddings/brooklyn-bridal-its-a-thing-and-a-place-to-find-your-dress.html
2019,2019-01-01T11:37:34Z,2010s,Jan-Feb,Taiwan’s Leader Urges China to Address Differences Peacefully,"President Tsai Ing-wen stressed that Taiwan’s people still want self-rule, weeks after candidates favoring closer ties with China won mayoral elections in major cities.",,"President Tsai Ing-wen stressed that Taiwan’s people still want self-rule, weeks after candidates favoring closer ties with China won mayoral elections in major cities.",World,Foreign,News,article,626,Politics and Government; New Year; Communist Party of China; Democratic Progressive Party (Taiwan); Chinese Nationalist Party (Taiwan); Tsai Ing-wen; Xi Jinping,https://www.nytimes.com/2019/01/01/world/asia/taiwan-china-tsai-peaceful.html
2019,2019-01-01T12:00:01Z,2010s,Jan-Feb,‘Genesis 2.0’ Review: How to Clone a Mammoth,Is it possible to bring back the mammoth? The documentary “Genesis 2.0” investigates.,,Is it possible to bring back the mammoth? The documentary “Genesis 2.0” investigates.,Movies,Culture,Review,article,546,"Documentary Films and Programs; Frei, Christian (1959- ); Genesis 2.0 (Movie)",https://www.nytimes.com/2019/01/01/movies/genesis-20-review.html
2019,2019-01-01T18:06:43Z,2010s,Jan-Feb,"As China Talks Begin, Trump’s Trade Negotiator Tries to Keep President From Wavering","Robert Lighthizer, the United States trade representative and a China skeptic, wants to prevent an anxious president from making a quick, empty deal in a rush to calm the markets.",,"Robert Lighthizer, the U.S. trade representative, wants to prevent Mr. Trump from making a quick, empty deal to calm the markets.",U.S.,Washington,News,article,1777,"International Trade and World Market; Customs (Tariff); China; United States International Relations; Brown, Sherrod; Lighthizer, Robert E; Mnuchin, Steven T; Navarro, Peter; Trump, Donald J; Xi Jinping; United States Politics and Government",https://www.nytimes.com/2019/01/01/us/politics/robert-lighthizer-president-trump.html
2019,2019-01-01T18:37:45Z,2010s,Jan-Feb,Curbs on A.I. Exports? Silicon Valley Fears Losing Its Edge,The Commerce Department is considering national security restrictions on artificial intelligence. Some worry they could stunt the industry in the U.S.,,The Commerce Department is considering national security restrictions on artificial intelligence. Some worry they may stunt the industry.,Technology,Business,News,article,1048,International Trade and World Market; Artificial Intelligence; Commerce Department; Embargoes and Sanctions; Research; Cloud Computing; China,https://www.nytimes.com/2019/01/01/technology/artificial-intelligence-export-restrictions.html
2019,2019-01-02T00:08:35Z,2010s,Jan-Feb,"Jair Bolsonaro Sworn In as Brazil’s President, Cementing Rightward Shift","Shortly after Mr. Bolsonaro wrapped up his address to Congress, President Trump hailed his speech in a message on Twitter and pledged, “The U.S.A. is with you!”",,"Four months after surviving an assassination attempt, the populist Jair Bolsonaro took the oath of office, proclaiming that Brazilians were “being freed from socialism.”",World,Foreign,News,article,1387,"Brazil; Bolsonaro, Jair (1955- ); Politics and Government; Inaugurations; Defense and Military Forces; Economic Conditions and Trends; Moro, Sergio (1972- )",https://www.nytimes.com/2019/01/01/world/americas/brazil-bolsonaro-inauguration.html
2019,2019-01-02T04:37:07Z,2010s,Jan-Feb,Xi Jinping Warns Taiwan That Unification Is the Goal and Force Is an Option,"In his first major speech on Taiwan, the Chinese president laid out an unyielding stance, calling unification “the great trend of history.”",,"In his first major speech on Taiwan, Xi Jinping laid out an unyielding stance and said efforts to assert full independence could be met by force.",World,Foreign,News,article,1225,China; Taiwan; Xi Jinping; Tsai Ing-wen; Politics and Government; United States International Relations; Democratic Progressive Party (Taiwan); International Relations,https://www.nytimes.com/2019/01/01/world/asia/xi-jinping-taiwan-china.html
2019,2019-01-02T09:00:02Z,2010s,Jan-Feb,Intimate Photos of Community and Resilience in New York’s Chinatown in the 1980s,"As waves of immigrants from Taiwan, Hong Kong and China arrived in Lower Manhattan, Bud Glick documented Chinatown and provided much needed detail and context for a community often reduced to clichés.",,"As waves of immigrants from Taiwan, Hong Kong and China arrived in Lower Manhattan, Bud Glick documented Chinatown and provided much needed detail and context for a community often reduced to clichés.",Lens,Photo,News,article,1012,"Chinese-Americans; Photography; Chinatown (Manhattan, NY); Politics and Government; Foreign Workers; Immigration and Emigration; Museum of Chinese in America; your-feed-onlyinnewyork",https://www.nytimes.com/2019/01/02/lens/new-york-chinatown-1980s-bud-glick.html
2019,2019-01-02T10:04:00Z,2010s,Jan-Feb,Volatility Continues as Rising Oil Prices Help Wall St. Erase Early Losses,"Weak manufacturing data from China soured investors, pushing global stock markets lower. But rising shares in energy producers overcame those losses.",,"Weak manufacturing data from China soured investors in Asia, suggesting the uncertainty that drove stocks down last year won’t end anytime soon.",Business,Business,News,article,455,Stocks and Bonds; Economic Conditions and Trends; International Trade and World Market; Factories and Manufacturing; China; United States,https://www.nytimes.com/2019/01/02/business/global-stock-markets.html
2019,2019-01-02T10:23:21Z,2010s,Jan-Feb,"Mitt Romney, China, Ultima Thule: Your Wednesday Briefing",Here’s what you need to know.,,Here’s what you need to know.,Briefing,NYTNow,briefing,article,1405,,https://www.nytimes.com/2019/01/02/briefing/mitt-romney-china-ultima-thule.html
2019,2019-01-02T11:00:03Z,2010s,Jan-Feb,China’s Gulag for Muslims ,"In modern-day “re-education” prisons, Beijing is forcing ethnic Uighurs to forsake their religion. Why don’t Muslim governments rise up in anger?",,"In modern-day “re-education” prisons, Beijing is forcing ethnic Uighurs to forsake their religion. Why don’t Muslim governments rise up in anger?",Opinion,OpEd,Op-Ed,article,1021,China; Uighurs (Chinese Ethnic Group); Political Prisoners; Communist Party of China; Human Rights and Human Rights Violations,https://www.nytimes.com/2019/01/02/opinion/uighur-muslims-china-gulag.html
2019,2019-01-02T11:24:11Z,2010s,Jan-Feb,DealBook Briefing: What Could Go Wrong in 2019? Plenty,Wall Street’s top stock pickers are expecting gains this year. But those forecasts could be upended.,,What could go wrong in 2019? Plenty.,Business,Business,News,article,1972,United States Economy; Banking and Financial Institutions; United States International Relations; International Trade and World Market; Stocks and Bonds,https://www.nytimes.com/2019/01/02/business/dealbook/wall-street-2019-predictions.html
2019,2019-01-02T12:13:39Z,2010s,Jan-Feb,Unification Plan From China Finds Few Takers in Taiwan,"President Xi Jinping of China told Taiwan that Hong Kong’s “one country, two systems” model shows unification with China works. But many in Taiwan see Hong Kong as a warning.",,"President Xi Jinping said that Hong Kong’s “one country, two systems” model shows that unification with China works. But many in Taiwan see Hong Kong as a warning.",World,Foreign,News,article,1322,China; Taiwan; Xi Jinping; Tsai Ing-wen; Politics and Government; International Relations,https://www.nytimes.com/2019/01/02/world/asia/xhina-xi-jinping-taiwan.html
2019,2019-01-02T13:57:35Z,2010s,Jan-Feb,How Tech Surprised and Scared Us in 2018,Wednesday: Our Tech editor Pui-Wing Tam talks about what her team learned in 2018; a Rose Parade fire; and onscreen California geography goofs,,How technology surprised and scared in 2018.,U.S.,National,briefing,article,983,California Today,https://www.nytimes.com/2019/01/02/us/california-today-tech-lessons-2018.html
2019,2019-01-02T14:31:19Z,2010s,Jan-Feb,House Hunting in … South Africa,"In and around the port city of Durban, developers, investors and homeowners are increasingly lured by estate communities and beachfront homes.",,"In and around the port city of Durban, developers, investors and homeowners are increasingly lured by estate communities and beachfront homes.",Real Estate,RealEstate,News,article,1213,Real Estate and Housing (Residential); South Africa; Durban (South Africa); Africa,https://www.nytimes.com/2019/01/02/realestate/house-hunting-in-south-africa.html
2019,2019-01-02T14:52:24Z,2010s,Jan-Feb,"Learning China’s Forbidden History, So They Can Censor It","Thousands of low-wage workers in “censorship factories” trawl the online world for forbidden content, where even a photo of an empty chair could cause big trouble. ",,Thousands of workers in “censorship factories” trawl for forbidden content in an online world where even a photo of an empty chair could cause trouble.,Business,Business,News,article,1415,China; Censorship; Computers and the Internet; Politics and Government,https://www.nytimes.com/2019/01/02/business/china-internet-censor.html
2019,2019-03-01T00:14:23Z,2010s,Mar-Apr,"Russia Blocks Venezuela Measure at U.N., Calling It a U.S. Ploy for Regime Change","In a Cold War-style dispute at the United Nations, Russia sided with President Nicolás Maduro of Venezuela and against an American resolution calling for aid distribution and new elections.",,"In a Cold War-style dispute at the United Nations, Russia sided with President Nicolás Maduro of Venezuela and against an American resolution calling for aid distribution and new elections.",World,Foreign,News,article,571,"Maduro, Nicolas; Security Council (UN); Venezuela; Humanitarian Aid; International Relations; United Nations; Guaido, Juan; Russia; United States; United States International Relations",https://www.nytimes.com/2019/02/28/world/americas/russia-venezuela-veto-united-nations.html
2019,2019-03-01T01:53:51Z,2010s,Mar-Apr,"For Trump, It’s Just ‘Trust,’ No ‘Verify’","In two years in the Oval Office, President Trump has demonstrated an unmistakable pattern: He tends to believe what strongmen say.",,"In two years in the Oval Office, the president has demonstrated an unmistakable pattern: He tends to believe what strongmen say.",U.S.,Washington,News,article,1032,"Russian Interference in 2016 US Elections and Ties to Trump Associates; Trump, Donald J; North Korea; Warmbier, Otto Frederick (1994- ); Kim Jong-un; United States International Relations",https://www.nytimes.com/2019/02/28/us/politics/trump-trust-strongmen.html
2019,2019-03-01T03:00:00Z,2010s,Mar-Apr,Boardwalk’s Locale,Zhouqin Burnikel offers us a very satisfying tug of war.,,Zhouqin Burnikel offers us a very satisfying tug of war.,Gameplay,Games,News,article,486,Crossword Puzzles,https://www.nytimes.com/2019/02/28/crosswords/daily-puzzle-2019-03-01.html
2019,2019-03-01T04:44:45Z,2010s,Mar-Apr,"North Korea, Jared Kushner, Oceans: Your Friday Briefing",Let us help you start your day.,,Let us help you start your day.,Briefing,NYTNow,briefing,article,1338,,https://www.nytimes.com/2019/02/28/briefing/north-korea-jared-kushner-oceans-your-friday-briefing.html
2019,2019-03-01T05:16:42Z,2010s,Mar-Apr,On Politics: Trump Ordered Kushner’s Security Clearance,"Internal memos show President Trump directed his chief of staff to give Jared Kushner a top-secret security clearance, despite concerns from intelligence officials.",,"Internal memos show President Trump directed his chief of staff to give Jared Kushner a top-secret security clearance, despite concerns from intelligence officials.",U.S.,Politics,News,article,438,United States Politics and Government,https://www.nytimes.com/2019/03/01/us/politics/jared-kushner-security-clearance.html
2019,2019-03-01T10:00:18Z,2010s,Mar-Apr,Where Terrorism Is Rising in Africa and the U.S. Is Leaving,Hundreds of American commandos and other troops are leaving West Africa even as terrorist attacks intensify and spread across the continent.,,Hundreds of American commandos and other troops are leaving West Africa even as terrorist attacks intensify and spread across the continent.,World,Washington,News,article,1612,"West Africa; Terrorism; United States Defense and Military Forces; United States Africa Command; United States Special Operations Command; United States International Relations; Burkina Faso; Mali; Niger; United States Politics and Government; Al Qaeda; Trump, Donald J",https://www.nytimes.com/2019/03/01/world/africa/africa-terror-attacks.html
2019,2019-03-01T10:42:54Z,2010s,Mar-Apr,‘We Will Always Live in Fear’: What Life Is Like for Civilians in Kashmir,"Diplomats were optimistic on Friday that Pakistan and India were stepping back from the brink. But thousands of troops remain dug in at the border, and gunfire is a regular occurrence.",,Diplomats were optimistic on Friday that Pakistan and India were stepping back from the brink. But thousands of troops remain dug in at the border.,World,Foreign,News,article,1194,"India; Pakistan; Kashmir and Jammu (India); Defense and Military Forces; Politics and Government; International Relations; Modi, Narendra; Khan, Imran",https://www.nytimes.com/2019/03/01/world/asia/kashmir-india-pakistan.html
2019,2019-03-01T11:00:02Z,2010s,Mar-Apr,A Real-Life Fairy Tale That Crossed the Sea of Japan,Hannah Ryles and David Lee met in the eighth grade in Japan. Their affection for each other withstood distance and time.,,Hannah Ryles and David Lee met in the eighth grade in Japan. Their affection for each other withstood distance and time.,Fashion,Society,News,article,2115,Weddings and Engagements; Japan,https://www.nytimes.com/2019/03/01/fashion/weddings/a-real-life-fairy-tale-that-crossed-the-sea-of-japan.html
2019,2019-03-01T11:00:05Z,2010s,Mar-Apr,Why the North Korea Deal Fell Apart (Again),"Despite the unlikely courtship between the leaders of the two countries, neither the United States nor North Korea wants to be the first to compromise.",,"Why the North Korea deal fell apart, again.",Podcasts,Podcasts,News,article,301,"Trump, Donald J; Kim Jong-un; Arms Control and Limitation and Disarmament; Nuclear Weapons; Embargoes and Sanctions; Korean War; North Korea; United States International Relations",https://www.nytimes.com/2019/03/01/podcasts/the-daily/trump-kim-north-korea-summit.html
2019,2019-03-01T11:48:52Z,2010s,Mar-Apr,"DealBook Briefing: Tesla’s $35,000 Car Will Cost the Company",The automaker’s long-held plan to sell a cheap electric car will require cost cutting and a descent into unprofitability.,,The automaker’s long-held plan to sell a cheap electric car will require cost cutting and a descent into unprofitability.,Business,Business,News,article,2010,"Electric and Hybrid Vehicles; Tesla Motors Inc; Musk, Elon",https://www.nytimes.com/2019/03/01/business/dealbook/tesla-model-3.html
2019,2019-03-01T13:32:46Z,2010s,Mar-Apr,"After Unpredictable Trump Meeting, Kim Returns to Scripted Form in Vietnam","After the talks abruptly ended, Kim Jong-un was feted by Vietnam with Communist comradeship, martial music and parading soldiers.",,"After the talks abruptly ended, Kim Jong-un was feted by Vietnam with Communist comradeship, martial music and parading soldiers.",World,Foreign,News,article,1053,"North Korea; Kim Jong-un; Politics and Government; Human Rights and Human Rights Violations; Economic Conditions and Trends; United States International Relations; Trump, Donald J; Phuc, Nguyen Xuan; Trong, Nguyen Phu; Vietnam",https://www.nytimes.com/2019/03/01/world/asia/kim-vietnam.html
2019,2019-03-01T14:00:04Z,2010s,Mar-Apr,The Week in Tech: How Can America Make the World Shun Huawei?,A global tech conference in Barcelona was the latest battleground for the White House campaign against the Chinese technology giant.,,A global tech conference in Barcelona was the latest battleground for the White House campaign against the Chinese technology giant.,Technology,Business,News,article,856,"Mobile World Congress (Trade Show); Surveillance of Citizens by Government; Huawei Technologies Co Ltd; Read, Nick",https://www.nytimes.com/2019/03/01/technology/huawei-mwc-barcelona.html
2019,2019-03-01T14:40:26Z,2010s,Mar-Apr,Elon Musk Will Have to Contend With Tesla Short Sellers Again,It should soon be clear if Tesla is the profitable mass-market electric-car maker that Elon Musk has long promised.,,It should soon be clear if Tesla is the profitable mass-market electric-car maker that Elon Musk has long promised.,Business,Business,News,article,355,"Automobiles; Electric and Hybrid Vehicles; Tesla Motors Inc; Musk, Elon",https://www.nytimes.com/2019/03/01/business/dealbook/tsla-stock-short-sellers.html
2019,2019-03-01T14:43:25Z,2010s,Mar-Apr,Failed Hanoi Meeting Has U.S. Allies in Region Asking: What’s Next?,"After the breakdown of talks between President Trump and Kim Jong-un, Japan and South Korea are trying to figure out the consequences.",,"After the breakdown of talks between President Trump and Kim Jong-un, Japan and South Korea are trying to figure out the consequences.",World,Foreign,News,article,1254,"United States International Relations; Politics and Government; Economic Conditions and Trends; Arms Control and Limitation and Disarmament; Nuclear Tests; Far East, South and Southeast Asia and Pacific Areas; Hanoi (Vietnam); Japan; North Korea; Seoul (South Korea); United States; Tokyo (Japan)",https://www.nytimes.com/2019/03/01/world/asia/trump-kim-summit.html
2019,2019-03-01T15:57:46Z,2010s,Mar-Apr,Pakistan Frees Indian Pilot Who Was Beaten by a Mob and Then Served Tea,"Wing Cmdr. Abhinandan Varthaman was shot down, rescued from an angry crowd, and then interrogated, bound at first, by officers he called “thorough gentlemen.”",,"Wing Cmdr. Abhinandan Varthaman was shot down, rescued from an angry crowd, and then interrogated, bound at first, by officers he called “thorough gentlemen.”",World,Foreign,News,article,792,"Varthaman, Abhinandan; India; Pakistan; Kashmir and Jammu (India); Pilots; Defense and Military Forces; International Relations",https://www.nytimes.com/2019/03/01/world/asia/india-pakistan-plane-abhinandan-varthaman-india.html
2019,2019-03-01T17:28:20Z,2010s,Mar-Apr,Review: John Adams’s Newest Opera Returns to the Gold Mines,"The reception was mixed for the 2017 premiere of “Girls of the Golden West.” Now, with revisions, it has arrived in Europe at the Dutch National Opera.",,"The reception was mixed for the 2017 premiere of “Girls of the Golden West.” Now it has arrived in Europe, with revisions, at the Dutch National Opera.",Arts,Culture,Review,article,1090,"Opera; Girls of the Golden West (Opera); Adams, John (1947- ); Sellars, Peter; Appleby, Paul; Bullock, Julia; Bridges, J'Nai; Tines, Davone; Lee, Hye Jung; McKinney, Ryan (Singer)",https://www.nytimes.com/2019/03/01/arts/music/girls-of-the-golden-west-review-amsterdam.html
2019,2019-03-01T18:03:07Z,2010s,Mar-Apr,"Li Xueqin, Key Historian in China’s Embrace of Antiquity, Dies at 85",Mr. Li walked a fine line between scholarship and serving the Communist Party as he sought the truth about his country’s distant past.,,Mr. Li walked a fine line between scholarship and serving the Communist Party as he sought the truth about his country’s distant past.,Obituaries,Obits,Obituary (Obit),article,1185,Li Xueqin (1933-2019); Deaths (Obituaries); China; Cultural Revolution; History (Academic Subject); Archaeology and Anthropology; Communist Party of China; Chinese Academy of Sciences; Tsinghua University,https://www.nytimes.com/2019/03/01/obituaries/li-xueqin-dead.html
2019,2019-03-01T18:31:05Z,2010s,Mar-Apr,Canada Proceeds With Extradition Hearing for Huawei Executive,The effort to extradite a top executive of Huawei on fraud charges to the United States has strained Canada’s relations with China.,,The effort to extradite a top executive of Huawei on fraud charges has roiled relations between China and the United States.,World,Foreign,News,article,750,Extradition; Meng Wanzhou; Huawei Technologies Co Ltd; Canada,https://www.nytimes.com/2019/03/01/world/canada/huawei-meng-wanzhou-extradition.html
2019,2019-03-01T21:01:39Z,2010s,Mar-Apr,Carnegie Hall Festival to Celebrate Migration and America,"Irish folk, Yiddish sounds and the blues will be featured. And more than 100 events by other organizations are being held in conjunction with the festival.",,"Irish folk, Yiddish sounds and the blues will be featured. And more than 100 events by other organizations are being held in conjunction with the festival.",Arts,Culture,News,article,533,Music; Immigration and Emigration; Culture (Arts); Carnegie Hall; Migrations: The Making of America festival,https://www.nytimes.com/2019/03/01/arts/music/carnegie-hall-migrations-festival.html
2019,2019-03-01T21:04:27Z,2010s,Mar-Apr,We Don’t Usually Cover Culture,Here’s why we just did.,,We don’t usually cover culture. Here’s why we just did.,Podcasts,Podcasts,Letter,article,848,"The Daily (Radio Program); Cohen, Michael D (1966- ); Green Book (Movie); Academy Awards (Oscars); Movies; Television; Culture (Arts); Race and Ethnicity; Podcasts",https://www.nytimes.com/2019/03/01/podcasts/daily-newsletter-green-book-michael-cohen.html
2019,2019-05-01T00:00:00Z,2010s,May-Jun,Takeout-Style Sesame Noodles,"Noodles dressed with sesame are popular in many parts of China, but this particular style, made with peanut butter and served cold, became a Chinese-American staple in the United States in the 1970s. The family of Shorty Tang — an ambitious restaurateur who emigrated from Sichuan to Taipei to New York — firmly believes that he invented the dish and still serve it at Hwa Yuan, the restaurant he opened in 1967 in Manhattan’s Chinatown. They have never divulged the exact recipe; this is our own lush but refreshing version. <span class=""ui-strong"">Sam Sifton</span>",,,,,Recipe,recipe,0,Appetizer; Boil; Chinese American; Dinner; Easy; Kid-Friendly; Main Course; Noodle; Noodles; Peanut Butter; Quick; Sesame Paste; Side Dish; Summer; Vegetarian,https://cooking.nytimes.com/recipes/9558-takeout-style-sesame-noodles
2019,2019-05-01T07:00:08Z,2010s,May-Jun,Huawei’s Communist Culture Limits its Global Ambitions,"The Chinese telecom giant seeks acceptance in the West, but its structure and value system — patterned after China’s ruling party — could stand in the way.",,"The Chinese telecom giant seeks acceptance in the West, but a structure and value system based on the Communist Party could stand in the way, our columnist writes.",Technology,Business,News,article,1276,Huawei Technologies Co Ltd; Communist Party of China; China; Ren Zhengfei; Executives and Management (Theory); Telephones and Telecommunications; Computers and the Internet,https://www.nytimes.com/2019/05/01/technology/huawei-china-communist-party.html
2019,2019-05-01T08:28:52Z,2010s,May-Jun,You Can Make a Treadmill From These Common Household Items (but Don’t),"Internet users are posting videos of themselves exercising using nothing more than soap, water, a slick hard floor and maybe a lack of common sense.",,"Internet users are posting videos of themselves exercising using nothing more than soap, water, a slick hard floor and maybe a lack of common sense.",World,Express,News,article,523,"China; Social Media; Video Recordings, Downloads and Streaming; Comedy and Humor; Computers and the Internet",https://www.nytimes.com/2019/05/01/world/asia/soap-treadmill-shower-gel.html
2019,2019-05-01T10:20:36Z,2010s,May-Jun,DealBook Briefing: How Deutsche Bank Dealt With Demands for Trump Records,Bank officials are said to have been eager to provide the President’s financial documents to Congress.,,Bank officials are said to have been eager to provide the President’s financial documents to Congress.,Business,Business,News,article,1851,"Deutsche Bank AG; Trump, Donald J",https://www.nytimes.com/2019/05/01/business/dealbook/deutsche-bank-trump.html
2019,2019-05-01T17:00:06Z,2010s,May-Jun,Denisovan Jawbone Discovered in a Cave in Tibet,"Until now, fossils of the ancient human species had been found in just one Siberian cave. The discovery suggests that Denisovans roamed over much of Asia.",,"Before the new discovery in Tibet, fossils of the Neanderthal-like Denisovans had been found in just one Siberian cave.",Science,Science,News,article,1025,"Denisova Hominid; Tibet; Genetics and Heredity; Paleontology; Neanderthal Man; Fossils; Archaeology and Anthropology; Lanzhou University; Denisova Cave (Siberia); Hublin, Jean-Jacques; your-feed-science; Max Planck Institute for Evolutionary Anthropology",https://www.nytimes.com/2019/05/01/science/denisovans-tibet-jawbone-dna.html
2019,2019-05-01T17:14:49Z,2010s,May-Jun,"Gavin Williamson, U.K. Defense Chief, Is Fired Over Huawei Leak",Britain’s prime minister accused Mr. Williamson of leaking to the media sensitive information about National Security Council talks on the Chinese telecommunications giant.,,Prime Minister Theresa May of Britain on Wednesday accused Gavin Williamson of leaking sensitive government information on the Chinese telecommunications company.,World,Foreign,News,article,1102,"May, Theresa M; Great Britain; Williamson, Gavin; 5G (Wireless Communications)",https://www.nytimes.com/2019/05/01/world/europe/uk-defense-secretary-huawei.html
2019,2019-05-01T19:25:38Z,2010s,May-Jun,U.N. Adds Leader of Outlawed Pakistan Group to Sanctions List,"The group, Jaish-i-Mohammad, had claimed responsibility for a February suicide attack in disputed Kashmir that killed 40 Indian soldiers.",,"The group, Jaish-i-Mohammad, had claimed responsibility for a February suicide attack in disputed Kashmir that killed 40 Indian soldiers.",World,Foreign,News,article,345,Embargoes and Sanctions; Terrorism; United Nations; Al Qaeda; Pakistan; India,https://www.nytimes.com/2019/05/01/world/asia/un-pakistan-sanctions.html
2019,2019-05-01T20:01:17Z,2010s,May-Jun,Your Thursday Briefing,Everything you need to know about Barr's testimony.,,Let us help you start your day.,Briefing,NYTNow,briefing,article,1576,United States Politics and Government; Athletics and Sports,https://www.nytimes.com/2019/05/01/briefing/william-barr-huawei-caster-semenya.html
2019,2019-05-01T20:47:49Z,2010s,May-Jun,Chinese Family Reportedly Paid $6.5 Million to Consultant for Spot at Stanford,"The student, Yusi Zhao, was admitted to Stanford in 2017. Her family had tried to get her recruited to the sailing program.",,"The student, Yusi Zhao, was admitted to Stanford in 2017. Her family had tried to get her recruited to the sailing program.",U.S.,National,News,article,602,"Colleges and Universities; College Admissions Scandal (2019); Admissions Standards; Stanford University; Singer, William (1960- ); Cheating",https://www.nytimes.com/2019/05/01/us/yusi-zhao-stanford-university.html
2019,2019-05-01T23:36:14Z,2010s,May-Jun,Ex-C.I.A. Officer Pleads Guilty to Conspiring With China,"Jerry Chun Shing Lee entered the plea as part of an agreement with prosecutors, who dropped two charges related to retaining classified information.",,"Jerry Chun Shing Lee entered the plea as part of an agreement with prosecutors, who dropped two charges related to retaining classified information.",U.S.,Washington,News,article,773,"Informers; Espionage and Intelligence Services; Classified Information and State Secrets; Central Intelligence Agency; Lee, Jerry Chun Shing; China",https://www.nytimes.com/2019/05/01/us/politics/jerry-lee-cia-pleads-guilty.html
2019,2019-05-02T05:00:07Z,2010s,May-Jun,Why Is Socialism Coming Back in Germany?,East Germany showed that planned economies fail.,,East Germany showed that planned economies fail.,Opinion,OpEd,Op-Ed,article,971,"Capitalism (Theory and Philosophy); Social Democratic Party (Germany); Kuhnert, Kevin; Germany; Socialism (Theory and Philosophy)",https://www.nytimes.com/2019/05/02/opinion/germany-socialism.html
2019,2019-05-02T09:00:07Z,2010s,May-Jun,How to Fix the Criminal Justice System,Is it possible to keep crime down while putting fewer people in jail?,,Michelle Goldberg and Emily Bazelon talk criminal justice reform.,Opinion,OpEd,Op-Ed,article,861,"United States Politics and Government; Prisons and Prisoners; Criminal Justice; Conservatism (US Politics); Liberalism (US Politics); Crime and Criminals; Republican Party; Harris, Kamala D; Trump, Donald J; Prosecutorial Misconduct; Charged: The New Movement to Transform American Prosecution and End Mass Incarceration (Book); Brooklyn (NYC); Gun Control; Law and Legislation; Firearms; Sentences (Criminal); Mandatory Sentencing",https://www.nytimes.com/2019/05/02/opinion/the-argument-criminal-justice-reform.html
2019,2019-05-02T09:00:13Z,2010s,May-Jun,"As Chinese Flock to Siberia’s Lake Baikal, Local Russians Growl",A supposed new era of Sino-Russian friendship is exhibiting strains as a Chinese influx around Lake Baikal stirs old Russian fears of a land grab.,,A supposed new era of Sino-Russian friendship is exhibiting strains as a Chinese influx to the area stirs old Russian fears of a land grab.,World,Foreign,News,article,1262,China; Listvyanka (Russia); Lake Baikal (Russia); Travel and Vacations; Water Pollution; Lakes,https://www.nytimes.com/2019/05/02/world/europe/chinese-lake-baikal-tourism-russia.html
2019,2019-05-02T10:29:43Z,2010s,May-Jun,DealBook Briefing: Capitalists Fear a Socialist Revolt,"At the Milken Institute’s annual global conference this week, business leaders shared a concern: a coming backlash against capitalism.",,"At the Milken Institute’s annual global conference this week, business leaders shared a concern: a coming backlash against capitalism.",Business,Business,News,article,1975,"Dalio, Raymond (1949- ); Capitalism (Theory and Philosophy); Socialism (Theory and Philosophy)",https://www.nytimes.com/2019/05/02/business/dealbook/capitalism-socialism.html
2019,2019-05-02T13:27:07Z,2010s,May-Jun,Tesla Seeks to Raise $2 Billion in Sale of Stock and Debt,"The plan, disclosed in a regulatory filing, comes after the carmaker announced a surprisingly sharp quarterly loss.",,"The plan, disclosed in a regulatory filing, comes after the carmaker announced a surprisingly sharp quarterly loss.",Business,Business,News,article,963,"Electric and Hybrid Vehicles; Company Reports; Stocks and Bonds; Automobiles; Regulation and Deregulation of Industry; Tesla Motors Inc; Factories and Manufacturing; Musk, Elon",https://www.nytimes.com/2019/05/02/business/tesla-stock-fundraising.html
2019,2019-05-02T15:00:31Z,2010s,May-Jun,Just Like Home: Freshly Folded Dumplings in Brooklyn,"At Mama’s Noodle House in Bensonhurst, the line between kitchen and dining room isn’t always clear.",,"At Mama’s Noodle House in Bensonhurst, the line between kitchen and dining room isn’t always clear.",Food,Dining,Review,article,821,"Restaurants; Noodles; Chinese Food (Cuisine); Bensonhurst (Brooklyn, NY); Mama's Noodle House (Brooklyn, NY, Restaurant); Liang, Nan Yi; Sung, Jai Kei",https://www.nytimes.com/2019/05/02/dining/mamas-noodle-house-review.html
2019,2019-05-02T16:33:47Z,2010s,May-Jun,"Staking Out Battle Lines, House Votes to Keep U.S. in Paris Climate Pact",The House passed a bill on Thursday that would block President Trump from quitting the Paris Agreement on climate change.,,The House passed a bill on Thursday that would block President Trump from quitting the Paris Agreement on climate change.,Climate,Climate,News,article,620,"United Nations Framework Convention on Climate Change; Global Warming; Greenhouse Gas Emissions; Trump, Donald J; United States Politics and Government; House of Representatives",https://www.nytimes.com/2019/05/02/climate/congress-paris-climate-agreement.html
2019,2019-05-02T16:35:01Z,2010s,May-Jun,Teenagers in The Times: April 2019,Our roundup of the news stories and features about young people that have recently appeared across sections of NYTimes.com.,,Our roundup of the news stories and features about young people that have recently appeared across sections of NYTimes.com.,The Learning Network,Learning,News,article,2976,,https://www.nytimes.com/2019/05/02/learning/lesson-plans/teenagers-in-the-times-april-2019.html
2019,2019-05-02T17:06:30Z,2010s,May-Jun,F.B.I. Sent Investigator Posing as Assistant to Meet With Trump Aide in 2016,The use of the investigator in an operation aimed at a campaign shows the alarm in the F.B.I. as officials uncovered the scope of Russia’s 2016 election interference.,,The use of the investigator in an operation aimed at a campaign shows the alarm in the F.B.I. as officials uncovered the scope of Russia’s 2016 election interference.,U.S.,Washington,News,article,1804,"Russian Interference in 2016 US Elections and Ties to Trump Associates; Federal Bureau of Investigation; Papadopoulos, George (1987- ); Halper, Stefan; Trump, Donald J; Turk, Azra; Presidential Election of 2016; London (England); United States Politics and Government",https://www.nytimes.com/2019/05/02/us/politics/fbi-government-investigator-trump.html
2019,2019-05-02T17:46:05Z,2010s,May-Jun,"Hillary Clinton Blasts Trump, Barr and Parts of Mueller Report",In an interview Wednesday on “The Rachel Maddow Show” Mrs. Clinton warned of continuing Russian efforts to interfere in U.S. elections.,,In an interview Wednesday on “The Rachel Maddow Show” Mrs. Clinton warned of continuing Russian efforts to interfere in U.S. elections.,U.S.,Politics,News,article,713,"Clinton, Hillary Rodham; Russian Interference in 2016 US Elections and Ties to Trump Associates; Presidential Election of 2016; The Rachel Maddow Show (TV Program); Mueller, Robert S III",https://www.nytimes.com/2019/05/02/us/politics/hillary-clinton.html
2019,2019-07-01T03:27:07Z,2010s,Jul-Aug,"S&P and Dow Follow Global Markets Higher, as Investors Take Heart in Trade Thaw","A resumption of negotiations between Washington and Beijing lifted markets. Still, many doubt the two sides can reach a deal anytime soon.",,"Markets took heart in the resumption of negotiations between Washington and Beijing. Still, many doubt the two sides can reach a deal anytime soon.",Business,Business,News,article,630,International Trade and World Market; Economic Conditions and Trends; Stocks and Bonds; China; United States Politics and Government; Group of Twenty,https://www.nytimes.com/2019/07/01/business/global-markets.html
2019,2019-07-01T03:39:10Z,2010s,Jul-Aug,"North Korea, Hong Kong, Gay Pride: Your Monday Briefing",Here’s what you need to know.,,Let us help you start your day.,Briefing,NYTNow,briefing,article,1510,,https://www.nytimes.com/2019/06/30/briefing/north-korea-hong-kong-pride.html
2019,2019-07-01T07:00:06Z,2010s,Jul-Aug,Why Many in China Oppose Hong Kong’s Protests,It goes beyond propaganda.,,"It goes beyond propaganda, our columnist writes.",Business,Business,News,article,1334,Hong Kong; China; Politics and Government; Economic Conditions and Trends; Propaganda; Human Rights and Human Rights Violations; Communist Party of China; Hong Kong Protests (2019),https://www.nytimes.com/2019/07/01/business/hong-kong-china-protests.html
2019,2019-07-01T09:00:03Z,2010s,Jul-Aug,Consumers Are Spending. Businesses Aren’t. Who’s Right About the Future?,Forecasting is tricky when important economic indicators are pointing in different directions.,,Forecasting is tricky when important economic indicators are pointing in different directions.,The Upshot,Upshot,News,article,950,Economic Conditions and Trends; Consumer Behavior; Recession and Depression; United States Economy; Consumer Confidence (Economic Indicator); Federal Reserve System; Interest Rates,https://www.nytimes.com/2019/07/01/upshot/economic-forecast-consumers-businesses.html
2019,2019-07-01T09:00:11Z,2010s,Jul-Aug,What Trump’s Huawei Reversal Means for the Future of 5G,"Huawei is the top threat to American dominance in wireless technology. And the U.S. is woefully, even disgracefully, behind.",,"Huawei is the top threat to American dominance in wireless technology. And the U.S. is woefully, even disgracefully, behind.",Business,Business,News,article,1277,"5G (Wireless Communications); Radio Spectrum; United States Politics and Government; Wireless Communications; Innovation; Huawei Technologies Co Ltd; Defense Department; Trump, Donald J; Xi Jinping; China; Telefonaktiebolaget L M Ericsson; Nokia Oyj; Blacklisting",https://www.nytimes.com/2019/07/01/business/dealbook/huawei-5g-national-security-trade.html
2019,2019-07-01T09:00:15Z,2010s,Jul-Aug,"On Hong Kong Handover Anniversary, Many Fear Loss of Freedoms","‘One country, two systems’ was Beijing’s pledge when it took back a former British colony. But concerns over civil liberties are mounting.",,"“One country, two systems” was Beijing’s pledge when it took back a former British colony on this day in 1997. But concerns over civil liberties are mounting.",World,Foreign,News,article,1703,"Hong Kong; China; Great Britain; Politics and Government; Freedom of Speech and Expression; Demonstrations, Protests and Riots; Lam, Carrie (1957- ); Human Rights and Human Rights Violations; Extradition; Communist Party of China",https://www.nytimes.com/2019/07/01/world/asia/hong-kong-china-handover.html
2019,2019-07-01T09:00:28Z,2010s,Jul-Aug,"A Whirlwind, Round-the-World Food Tour of Queens","Amazon passed on it, and few travelers stop there, but New York City’s most diverse borough has sights worth seeing and restaurants that put it at the center of the city’s foodie universe.",,New York City’s most diverse borough has sights worth seeing and restaurants that put it at the center of the city’s foodie universe.,Travel,Travel,News,article,2655,"Food; Budget Travel; Travel and Vacations; Queens (NYC); Elmhurst (Queens, NY); Jackson Heights (Queens, NY); Astoria (Queens, NY); Long Island City (Queens, NY); Flushing (Queens, NY)",https://www.nytimes.com/2019/07/01/travel/queens-new-york-city-international-food-scene.html
2019,2019-07-01T09:28:01Z,2010s,Jul-Aug,"North Korea, Hong Kong, N.B.A.: Your Monday Briefing",Here’s what you need to know.,,Here’s what you need to know.,Briefing,NYTNow,briefing,article,1540,,https://www.nytimes.com/2019/07/01/briefing/north-korea-hong-kong-nba.html
2019,2019-07-01T10:08:54Z,2010s,Jul-Aug,Iran Breaches Critical Limit on Nuclear Fuel Set by 2015 Deal,"Tehran also signaled that it now intends to enrich its nuclear fuel stockpile to a purer level, a provocative action that could move the country closer to being able to use the fuel for a weapon.",,"The violation does not by itself give the country enough to produce a nuclear weapon, but it signals Iran may be willing to abandon the limits of the pact.",U.S.,Washington,News,article,1363,"Iran; Nuclear Weapons; Cyberwarfare and Defense; Embargoes and Sanctions; United States International Relations; Defense and Military Forces; United States Politics and Government; Uranium; Stockpiling; Rouhani, Hassan; Trump, Donald J; Zarif, Mohammad Javad",https://www.nytimes.com/2019/07/01/us/politics/iran-nuclear-limit-compliance.html
2019,2019-07-01T10:30:59Z,2010s,Jul-Aug,DealBook Briefing: Trump Gives Huawei a Breather. Sort of.,"Suspending a ban on U.S. sales to the technology giant could be good news for the Chinese company, but it underlines flaws in Washington’s strategy.",,"Suspending a ban on U.S. sales to the technology giant could be good news for the Chinese company, but it underlines flaws in Washington’s strategy.",Business,Business,News,article,2062,United States International Relations; International Trade and World Market; 5G (Wireless Communications); Huawei Technologies Co Ltd,https://www.nytimes.com/2019/07/01/business/dealbook/huawei-trade-5g.html
2019,2019-07-01T11:51:14Z,2010s,Jul-Aug,Photos of Destruction and Debate in the Hong Kong Protests,A day commemorating Hong Kong’s handover to China took an ominous turn as one group of demonstrators stormed the territory’s legislature.,,A day commemorating Hong Kong’s handover to China took an ominous turn as one group of demonstrators stormed the territory’s legislature.,World,Foreign,News,article,275,"Lam, Carrie (1957- ); Wong, Joshua (1996- ); Hong Kong; Hong Kong Protests (2019)",https://www.nytimes.com/2019/07/01/world/asia/hong-kong-protest-photos.html
2019,2019-07-01T13:00:08Z,2010s,Jul-Aug,"Poachers Are Invading Botswana, Last Refuge of African Elephants","New data leave little doubt that the illegal ivory trade has reached the country, scientists say.",,"New data leave little doubt that the illegal ivory trade has reached the country, scientists say.",Science,Science,News,article,1052,your-feed-science; Poaching (Wildlife); Elephants; Ivory; Conservation of Resources; Current Biology (Journal); Environmental Investigation Agency; Botswana; Africa; Zambia,https://www.nytimes.com/2019/07/01/science/elephants-poaching-botswana.html
2019,2019-07-01T14:34:37Z,2010s,Jul-Aug,Iran Passed Its Uranium Limit. What Happens Next?,"Here are questions and answers on whether Iran has violated its agreement, the possible consequences and what could happen next.",,"Here are questions and answers on whether Iran has violated its agreement, the possible consequences and what could happen next.",World,Foreign,News,article,1048,"Embargoes and Sanctions; Iran; Rouhani, Hassan; Nuclear Weapons; Trump, Donald J; United States International Relations; Economic Conditions and Trends; Uranium; Nuclear Energy",https://www.nytimes.com/2019/07/01/world/middleeast/iran-uranium-enrichment-limit.html
2019,2019-07-01T15:43:31Z,2010s,Jul-Aug,"$2 Trillion Worth of Deals Were Struck in the First Half of 2019, but Caution Crept In",Businesses had plenty of reasons to worry in the first half — from slowing economic growth to geopolitical tensions — but they looked beyond those factors to strike big deals at a record pace.,,Businesses had plenty of reasons to worry in the first half — from slowing economic growth to geopolitical tensions — but they looked beyond those factors to strike big deals at a record pace.,Business,Business,News,article,652,"Mergers, Acquisitions and Divestitures; International Trade and World Market; Two Thousand Nineteen; AbbVie Inc; Allergan Inc; European Union; Salesforce.com Inc; United Technologies Corporation; Raytheon Company; United States",https://www.nytimes.com/2019/07/01/business/dealbook/mergers-2019-first-half.html
2019,2019-07-01T18:15:41Z,2010s,Jul-Aug,When Leaving a Religion Is Like Abandoning a Cult,"Amber Scorah’s memoir, “Leaving the Witness,” recounts a tale of disillusion and ultimate apostasy as she decides to turn away from the faith she’s known since birth.",,"Amber Scorah’s memoir, “Leaving the Witness,” is a tale of disillusion and ultimate apostasy as she decides to turn away from the faith she’s known since birth.",Books,BookReview,Review,article,1300,Books and Literature; Religious Cults; Jehovah's Witnesses; Leaving the Witness: Exiting a Religion and Finding a Life (Book),https://www.nytimes.com/2019/07/01/books/review/leaving-the-witness-amber-scorah.html
2019,2019-07-01T19:30:02Z,2010s,Jul-Aug,"Hong Kong Protesters Storm Legislature, Dividing the Movement","After weeks of protest that took the high road, a smaller group’s use of force to enter and deface government chambers raises questions about direction and leadership.",,"After weeks of protest that took the high road, a smaller group’s use of force to enter and deface government chambers raises questions about direction and leadership.",World,Foreign,News,article,1395,"Hong Kong; Politics and Government; Police Brutality, Misconduct and Shootings; Hong Kong Protests (2019); Communist Party of China; Lam, Carrie (1957- ); Xi Jinping; China; Extradition",https://www.nytimes.com/2019/07/01/world/asia/china-hong-kong-protest.html
2019,2019-07-01T21:11:55Z,2010s,Jul-Aug,What the Hong Kong Protests Are Really About,Chinese people in Hong Kong live better than any in Chinese history. This gives moral force to our way of life.,,Chinese people in Hong Kong live better than any in Chinese history. This gives moral force to our way of life.,Opinion,OpEd,Op-Ed,article,843,Hong Kong; China; Politics and Government; Xi Jinping; Extradition; Hong Kong Protests (2019),https://www.nytimes.com/2019/07/01/opinion/hong-kong.html
2019,2019-07-01T21:57:15Z,2010s,Jul-Aug,Trump Says Tanks Will Be on Display in Washington for July 4,"The tanks will join a spectacle of the nation’s firepower, including a flyover by Air Force One. Critics say Mr. Trump is hijacking a nonpartisan celebration.",,"The tanks will join a spectacle of America’s firepower, including a flyover by Air Force One. Critics say President Trump is hijacking a nonpartisan celebration.",U.S.,Washington,News,article,1388,"United States Defense and Military Forces; Independence Day (US) (July 4); United States Politics and Government; Fireworks; Parades; Blue Angels; Defense Department; Trump, Donald J; Military Vehicles",https://www.nytimes.com/2019/07/01/us/politics/trump-tanks-july-4th.html
2019,2019-07-01T22:02:11Z,2010s,Jul-Aug,"Hong Kong, Lil Nas X, Wimbledon: Your Monday Evening Briefing",Here’s what you need to know at the end of the day.,,Here’s what you need to know at the end of the day.,Briefing,NYTNow,briefing,article,1098,,https://www.nytimes.com/2019/07/01/briefing/hong-kong-lil-nas-x-wimbledon.html
2019,2019-07-02T00:00:33Z,2010s,Jul-Aug,Trump in Asia: ‘We’re the Hottest Show in Town’,"The president at times stretched, ignored or made up facts, but in Japan and North and South Korea, he pursued an agenda of breathtaking ambition.",,"The president at times stretched, ignored or made up facts, but in Japan and North and South Korea, he pursued an agenda of breathtaking ambition.",U.S.,Washington,News,article,1515,"United States International Relations; Trump, Donald J; United States Politics and Government; South Korea; North Korea; Japan; China",https://www.nytimes.com/2019/07/01/us/politics/donald-trump-japan-north-south-korea.html
2019,2019-08-23T12:44:39Z,,,Trump Says He Will Raise Existing Tariffs on Chinese Goods to 30%,The president said he would raise tariffs on $250 billion worth of Chinese imports to 30 percent and would start the next $300 billion at a rate of 15 percent.,,,Business,,,,,,https://www.nytimes.com/2019/08/23/business/china-tariffs-trump.html
2019,2019-09-01T00:34:39Z,2010s,Sep-Oct,Joshua Wong and Alex Chow: The People of Hong Kong Will Not Be Cowed by China,You can arrest us. But more protesters will keep coming out.,,You can arrest us. But more protesters will keep coming out.,Opinion,OpEd,Op-Ed,article,1272,"Hong Kong Protests (2019); Hong Kong; China; Politics and Government; Communist Party of China; Secession and Independence Movements; Human Rights and Human Rights Violations; Extradition; Occupy Central; Lam, Carrie (1957- ); Xi Jinping; United States International Relations",https://www.nytimes.com/2019/08/31/opinion/hong-kong-protest-joshua-wong.html
2019,2019-09-01T04:01:01Z,2010s,Sep-Oct,How Much Will the Trade War Cost You by the End of the Year?,"About $460 for the average family, according to a new economic analysis.",,"About $460 for the average family, according to a new economic analysis.",Business,Graphics,Interactive Feature,interactive,0,"China; International Trade and World Market; Customs (Tariff); Prices (Fares, Fees and Rates); Washing Machines and Dryers; Trump, Donald J; United States Politics and Government; United States International Relations",https://www.nytimes.com/interactive/2019/business/economy/trade-war-costs.html
2019,2019-09-01T04:01:05Z,2010s,Sep-Oct,"As Trump Escalates Trade War, U.S. and China Move Further Apart With No End in Sight",The standoff is upending the relationship between the world’s two largest economies.,,"President Trump’s standoff with China entered new territory on Sunday as his next round of tariffs took effect, changing the rules of trade in ways that have no recent historic precedent.",World,Business,News,article,1437,"China; Trump, Donald J; United States International Relations; International Trade and World Market; Customs (Tariff); United States Economy; United States Politics and Government",https://www.nytimes.com/2019/09/01/world/asia/trump-trade-war-china.html
2019,2019-09-01T09:07:53Z,2010s,Sep-Oct,Hong Kong Protesters Squeeze Access to the Airport,"A day after clashes between the police and protesters, including inside a subway car, demonstrators tried to disrupt service at a critical Asian travel hub.",,"A day after clashes between the police and protesters, including inside a subway car, demonstrators tried to disrupt service at a critical Asian travel hub.",World,Foreign,News,article,1343,"Demonstrations, Protests and Riots; Hong Kong Protests (2019); Hong Kong; Stations and Terminals (Passenger); Lam, Carrie (1957- ); China",https://www.nytimes.com/2019/09/01/world/asia/hong-kong-protests-arrests-airport.html
2019,2019-09-01T16:51:24Z,2010s,Sep-Oct,"How Many Humps on a Camel? In Kazakhstan, It’s Complicated","To diversify away from oil, Kazakhstan is supporting an ancient form of camel hybridization. Hump variations abound.",,"To diversify away from oil, Kazakhstan is supporting an ancient form of camel hybridization. Hump variations abound.",World,Foreign,News,article,834,Camels; Kazakhstan; Deserts; Dairy Products; Milk; Agriculture and Farming; Breeding of Animals,https://www.nytimes.com/2019/09/01/world/europe/how-many-humps-on-a-camel-in-kazakhstan-its-complicated.html
2019,2019-09-01T17:35:27Z,2010s,Sep-Oct,Serena Williams Wins as Her Half of the U.S. Open Draw Thins Out,Williams beat Petra Martic on Sunday after No. 2 Ashleigh Barty and No. 3 Karolina Pliskova lost in the fourth round.,,There will be no quarterfinal between Barty and Serena Williams after Wang Qiang upset the No. 2 Barty on Sunday.,Sports,Sports,News,article,915,"United States Open (Tennis); Tennis; Williams, Serena; Barty, Ashleigh; Martic, Petra; Wang Qiang (1992- ); Konta, Johanna (1991- )",https://www.nytimes.com/2019/09/01/sports/tennis/us-open-results.html
2019,2019-09-02T03:51:13Z,2010s,Sep-Oct,"U.S. Will Drill With Southeast Asian Navies, Echoing Move by China","The exercises, which come during a summer of heightened tensions in the South China Sea, highlight the complexities of the rivalry between the United States and China.",,"The exercises, during a summer of heightened tensions, highlight the complexities of the rivalry between the United States and China.",World,Foreign,News,article,1187,Defense and Military Forces; United States Defense and Military Forces; Assn of Southeast Asian Nations; South China Sea; China; United States; Vietnam,https://www.nytimes.com/2019/09/01/world/asia/asean-us-navy-south-china-sea.html
2019,2019-09-02T07:09:49Z,2010s,Sep-Oct,"Hong Kong Students Begin School Year With Gas Masks, Class Boycotts and Protests","After a summer of demonstrating in the streets to demand greater rights, students brought their activism to school.",,"After a summer of demonstrating in the streets to demand greater rights, students brought their activism to school.",World,Foreign,News,article,1183,"Politics and Government; Hong Kong Protests (2019); Demonstrations, Protests and Riots; Education (Secondary); Colleges and Universities; Strikes; Lam, Carrie (1957- )",https://www.nytimes.com/2019/09/02/world/asia/hong-kong-student-strike-boycott.html
2019,2019-09-02T07:37:16Z,2010s,Sep-Oct,Riot Police Officers Spread Across Hong Kong in Wake of Violence,"Riot police took positions around schools and subway stations as Hong Kong students, many of whom participated in this summer’s demonstrations, returned to school.",,"Riot police took positions around schools and subway stations as Hong Kong students, many of who participated in this summer’s demonstrations, returned to school.",World,Foreign,News,article,1260,"Demonstrations, Protests and Riots; Hong Kong Protests (2019); Police Brutality, Misconduct and Shootings; Transit Systems; Communist Party of China; Hong Kong International Airport; People's Daily; Xinhua; China; Hong Kong",https://www.nytimes.com/2019/09/02/world/asia/hong-kong-protests.html
2019,2019-09-02T09:00:06Z,2010s,Sep-Oct,"Make Shoes in U.S., or Pay Tariffs? A Footwear Company Seeks a Third Option","President Trump’s trade war is pressuring American companies to leave China, but many won’t be able to move their supply chains home.",,"President Trump’s trade war is pressuring American companies to leave China, but many won’t be able to move their supply chains home.",Business,Business,News,article,1506,"International Trade and World Market; Shoes and Boots; Customs (Tariff); Sneakers; Factories and Manufacturing; Vietnam; China; Xero Shoes (Feel the World Inc); Trump, Donald J; United States Politics and Government; United States",https://www.nytimes.com/2019/09/02/business/trade-war-china-tariffs.html
2019,2019-09-02T09:00:07Z,2010s,Sep-Oct,"With Crowdfunding, Game Inventors Advance to Go","Crowdfunding platforms give entrepreneurs the opportunity to introduce their games to backers, while retailers and toymakers are often waiting in the wings.",,"Crowdfunding platforms give entrepreneurs the opportunity to introduce their games to backers, while retailers and toymakers are often waiting in the wings.",Business,Business,News,article,1205,Games; Entrepreneurship; Crowdfunding (Internet); Shopping and Retail; Inventions and Patents; Small Business; Hasbro Inc; Mattel Inc,https://www.nytimes.com/2019/09/02/business/crowdfunding-board-game-inventors.html
2019,2019-09-02T10:41:43Z,2010s,Sep-Oct,Life in an Internet Shutdown: Crossing Borders for Email and Contraband SIM Cards,Internet shutdowns have become one of the defining tools of government repression in the 21st century — but citizens bear the cost at work and at home.,,Internet shutdowns are a defining tool of 21st-century government repression — and they can drastically disrupt the daily life of ordinary people.,World,Foreign,News,article,1651,"Zimbabwe; Computers and the Internet; Censorship; Politics and Government; Computer Network Outages; Wireless Communications; Cameroon; Congo, Democratic Republic of (Congo-Kinshasa); Economic Conditions and Trends; Sudan",https://www.nytimes.com/2019/09/02/world/africa/internet-shutdown-economy.html
2019,2019-09-02T13:47:20Z,2010s,Sep-Oct,How The Times Uses FOIA to Obtain Information the Public Has a Right to Know,Our lawyer provides an update on why we’re still filing so many Freedom of Information Act lawsuits.,,Our lawyer provides an update on why we’re still filing so many Freedom of Information Act lawsuits.,Reader Center,NewsDesk,News,article,974,Freedom of Information Act; United States Politics and Government; Suits and Litigation (Civil); News and News Media; Freedom of the Press; Newspapers; New York Times,https://www.nytimes.com/2019/09/02/reader-center/foia-freedom-of-information-public-records.html
2019,2019-09-02T19:47:41Z,2010s,Sep-Oct,"For Europe, the Threat of a No-Deal Brexit Comes at a Bad Time","With the German and Italian economies in trouble, a so-called “hard Brexit” could tip the entire continent toward a recession.",,"For a major economy, the best time to descend into befuddling uncertainty over the rules that govern trade is never.",Business,Business,News,article,1310,"Great Britain Withdrawal from EU (Brexit); Recession and Depression; International Trade and World Market; European Union; Eurozone; Johnson, Boris; Europe; Great Britain; Germany; Italy; Ireland",https://www.nytimes.com/2019/09/02/business/brexit-europe-recession.html
2019,2019-09-02T19:57:20Z,2010s,Sep-Oct,Can Anyone Hold the Global Economy Together?,"We are trapped between an erratic Trump, a dysfunctional Europe and an authoritarian China.",,"We are trapped between an erratic Trump, a dysfunctional Europe and an authoritarian China.",Opinion,OpEd,Op-Ed,article,948,"United States Economy; Recession and Depression; International Trade and World Market; Banking and Financial Institutions; Protectionism (Trade); Xi Jinping; Powell, Jerome H; Economic Conditions and Trends; Credit and Debt",https://www.nytimes.com/2019/09/02/opinion/global-economy.html
2019,2019-09-03T01:23:03Z,2010s,Sep-Oct,"President Trump, Weatherman: Dorian Updates and at Least 122 Tweets","Mr. Trump has been the meteorologist in chief, adding constant weather updates to a usual weekend of tweets attacking his enemies and retweeting bits of praise.",,"Mr. Trump has been the meteorologist-in-chief, adding constant weather updates to a usual weekend of tweets attacking his enemies and retweeting bits of praise.",U.S.,National,News,article,1134,"Hurricane Dorian (2019); Trump, Donald J; United States Politics and Government; Social Media; Twitter",https://www.nytimes.com/2019/09/02/us/politics/trump-dorian.html
2019,2019-09-03T03:00:21Z,2010s,Sep-Oct,"With a $2 Billion Factory From China, a German City Lets Others Worry",Arnstadt’s embrace of a giant new battery plant for electric cars illustrates Europe’s ambivalence toward Chinese investment: Jobs trump geopolitics.,,Arnstadt’s embrace of a giant new battery plant for electric cars illustrates Europe’s ambivalence toward Chinese investment: Jobs trump geopolitics.,Business,Business,News,article,1544,Factories and Manufacturing; Electric and Hybrid Vehicles; Batteries; Arnstadt (Germany); China; Contemporary Amperex Technology Ltd; Foreign Investments; Germany,https://www.nytimes.com/2019/09/02/business/china-germany-battery-factory.html
2019,2019-09-03T06:37:06Z,2010s,Sep-Oct,"Hong Kong’s Chief Executive Is Disheartened, but No Successor Is in Sight","Carrie Lam acknowledged that the protests had left her in turmoil, but vowed not to resign. Those close to Beijing say it would not let her even if she wanted to.",,"Carrie Lam is deeply unhappy in the job, but Beijing will not allow her to resign, advisers said. One obstacle is that she has no apparent successor.",World,Foreign,News,article,1652,"Hong Kong; Lam, Carrie (1957- ); Politics and Government; Hong Kong Protests (2019); Appointments and Executive Changes; Xi Jinping; China",https://www.nytimes.com/2019/09/03/world/asia/hong-kong-protests-carrie-lam.html
2019,2019-09-03T06:59:05Z,2010s,Sep-Oct,"Hong Kong Was Once Passionate About China. Now, It’s Indifferent or Contemptuous.","Hong Kong’s intellectual and emotional links with the mainland, once strong, are withering, and this distance and disinterest could be the biggest threat facing Beijing.",,"The city’s intellectual and emotional links with the mainland, once strong, are withering. The distance and disinterest could be the biggest threat for Beijing.",World,Foreign,News,article,1286,Hong Kong; China; Politics and Government; Communist Party of China; Xi Jinping,https://www.nytimes.com/2019/09/03/world/asia/hong-kong-protests-china-disengagement.html
2019,2019-09-03T09:00:09Z,2010s,Sep-Oct,Around the World With Mao Zedong,Julia Lovell’s “Maoism: A Global History” traces the surprisingly wide influence of Chinese Communism.,,Julia Lovell’s “Maoism: A Global History” traces the surprisingly wide influence of Chinese Communism.,Books,BookReview,Review,article,1163,"Cold War Era; Communism (Theory and Philosophy); Communist Party of China; Mao Zedong; China; Maoism: A Global History (Book); Snow, Edgar; Lovell, Julia",https://www.nytimes.com/2019/09/03/books/review/maoism-a-global-history-julia-lovell.html
2019,2019-09-30T00:00:15Z,,,Hong Kong’s Status as Neutral Ground at Risk as China Asserts Power,The territory’s traditional role as a gateway is under assault from President Trump’s trade war and a crackdown on pro-democracy demonstrators.,,,Business,,,,,,https://www.nytimes.com/2019/09/29/business/hong-kong-china-power.html
2019,2019-10-08T15:12:01Z,,,Adam Silver Commits to Free Speech as Chinese Companies Cut Ties With N.B.A.,China’s state-run television canceled broadcasts of two preseason games scheduled to be held in the country this week.,,,Sports,,,,,,https://www.nytimes.com/2019/10/08/sports/adam-silver-nba-china-hong-kong.html
2019,2019-10-11T14:31:37Z,,,Trump Reaches ‘Phase 1’ Deal With China and Delays Planned Tariffs,President Trump said he had reached an agreement with China to walk back tensions in the trade war as he met with a top Chinese envoy Friday,,,Business,,,,,,https://www.nytimes.com/2019/10/11/business/economy/us-china-trade-deal.html
2019,2019-10-13T19:37:58Z,,,American Basketball vs. Chinese Hardball: Guess Who Won,"The N.B.A. is the latest entertainment giant to incite nationalist anger in China, where political submission has become the price of admission to a market of 1.4 billion.",,,World,,,,,,https://www.nytimes.com/2019/10/13/world/asia/china-nba-censorship.html
2019,2019-10-14T16:01:51Z,,,"Inside a Brazen Scheme to Woo China: Gifts, Golf and a $4,254 Wine",Confidential documents detail Deutsche Bank’s influence campaign and hiring practices in China. More than 100 relatives of top Communist Party officials got jobs.,,,Business,,,,,,https://www.nytimes.com/2019/10/14/business/deutsche-bank-china.html
2019,2019-11-01T07:00:06Z,,,"Professors, Beware. In China, Student Spies Might Be Watching.","In a throwback to the Mao era, China is deploying students as watchdogs against teachers. It’s part of a campaign by President Xi to eliminate dissent.",,,World,,,,,,https://www.nytimes.com/2019/11/01/world/asia/china-student-informers.html
2019,2019-11-01T09:00:11Z,2010s,Nov-Dec,Here Comes the Smooth Ride to Replace the Military’s Hated Humvee,"The JLTV is designed to be a troop-pleaser — more comfortable, better protected, able to go anywhere. But experts debate whether the truck is the right vehicle for the conflicts to come.",,"The JLTV is designed to be a troop-pleaser, but experts debate whether the truck is the right vehicle for future conflicts.",U.S.,National,News,article,1428,United States Defense and Military Forces; Military Vehicles; Armor; Joint Light Tactical Vehicle (JLTV); Fort McCoy (Wis),https://www.nytimes.com/2019/11/01/us/pentagon-jltv-vehicle.html
2019,2019-11-01T09:00:19Z,2010s,Nov-Dec,"In China, Working Mothers Say They Are Fired or Sidelined","Women who become pregnant say that employers discriminate against them in defiance of labor laws, and go largely unpunished.",,"Women who become pregnant say that employers discriminate against them in defiance of labor laws, and go largely unpunished.",Business,Business,News,article,1472,Discrimination; China; Women and Girls; Women's Rights; Pregnancy and Childbirth; Labor and Jobs; Wages and Salaries,https://www.nytimes.com/2019/11/01/business/china-mothers-discrimination-working-.html
2019,2019-11-01T09:00:43Z,2010s,Nov-Dec,Holiday Movies 2019: Here’s What’s Coming Soon to Theaters,"The “Star Wars” Skywalker saga is coming to an end, “Frozen” is getting a sequel and “The Shining” characters are baaaaaack. Here’s what you need to know about the season in cinema.",,"The “Star Wars” Skywalker saga is ending, “Frozen” is back, and so are “The Shining” characters. Here are some of the season’s other noteworthy films.",Movies,Arts&Leisure,News,article,4065,Movies; Marriage Story (Movie); The All-Americans (Movie); Danger Close: The Battle of Long Tan (Movie); Earthquake Bird (Movie); Honey Boy (Movie); The Kingmaker (Movie); Klaus (Movie); Last Christmas (Movie); Midway (Movie); Playing with Fire (Movie); Primal (Movie); 16 Bars (Movie); Doctor Sleep (Movie); Watson (Movie); Mickey and the Bear (Movie); Atlantics (Movie); Bluebird (Movie); Charlie's Angels (2019) (Movie); Feast of the Seven Fishes (Movie); Ford v Ferrari (Movie); The Good Liar (Movie); The Hottest August (Movie); I Lost My Body (Movie); No Safe Spaces (Movie); Recorder: The Marion Stokes Project (Movie); The Report (Movie); Scandalous: The Untold Story of the National Enquirer (Movie); Sequestrada (Movie); The Shed (Movie); To Kid or Not to Kid (Movie); The Warrior Queen of Jhansi (Movie); Waves (Movie); A Beautiful Day in the Neighborhood (Movie); Dark Waters (Movie); Frozen 2 (Movie); Hala (Movie); Shooting the Mafia (Movie); 21 Bridges (Movie); Varda by Agnes (Movie); Knives Out (Movie); Queen & Slim (Movie); 63 Up (Movie); The Two Popes (Movie); The Body Remembers When the World Broke Open (Movie); Feast of the Epiphany (Movie); Temblores (Movie); White Snake (Movie); Ximei (Movie); The Aeronauts (Movie); The Banker (Movie); Daniel Isn't Real (Movie); The Disappearance of My Mother (Movie); Grand Isle (Movie); In Fabric (Movie); Knives and Skin (Movie); Little Joe (Movie); Midnight Family (Movie); A Million Little Pieces (Movie); Portrait of a Lady on Fire (Movie); When Lambs Become Lions (Movie); The Wolf Hour (Movie); Black Christmas (Movie); Bombshell (Movie); Cunningham (Movie); The Death and Life of John F Donovan (Movie); Hell on the Border (Movie); A Hidden Life (Movie); Jumanji: The Next Level (Movie); Richard Jewell (Movie); Seberg (Movie); 6 Underground (Movie); Uncut Gems (Movie); Cats (Movie); The Invisible Life of Euridice Gusmao (Movie); Star Wars: The Rise of Skywalker (Movie); Just Mercy (Movie); Little Women (Movie); 1917 (Movie); The Song of Names (Movie); Spies in Disguise (Movie); What She Said: The Art of Pauline Kael (Movie); Clemency (Movie),https://www.nytimes.com/2019/11/01/movies/holiday-movies.html
2019,2019-11-01T10:28:29Z,2010s,Nov-Dec,WeWork’s Founder Allegedly Called Maternity Leave ‘Vacation’,"Adam Neumann, who was ousted as WeWork’s C.E.O. in September, is now accused of pregnancy discrimination.",,"Adam Neumann, who was ousted as WeWork’s C.E.O. in September, is now accused of pregnancy discrimination.",Business,Business,News,article,2134,"Discrimination; WeWork Companies Inc; Neumann, Adam",https://www.nytimes.com/2019/11/01/business/dealbook/wework-adam-neumann-discrimination.html
2019,2019-11-01T11:23:06Z,2010s,Nov-Dec,"Macron Steps Into a Leadership Vacuum in Europe, and on Some Toes","President Emmanuel Macron wants to lead, but his lone-wolf act has annoyed European colleagues, undermining his efforts.",,"President Emmanuel Macron wants to lead, but his lone-wolf act has annoyed European colleagues, undermining his efforts.",World,Foreign,News,article,1354,"Politics and Government; Great Britain Withdrawal from EU (Brexit); Legislatures and Parliaments; Balkan States; France; Skopje (Macedonia); Macron, Emmanuel (1977- ); Goulard, Sylvie; European Union",https://www.nytimes.com/2019/11/01/world/europe/macron-france-eu.html
2019,2019-11-01T11:31:53Z,2010s,Nov-Dec,Alibaba Offers a Positive Signal Amid China’s Sagging Growth,Rising sales and profitability suggest the country’s growing middle class still feels inclined to spend despite the trade war and other problems.,,Rising sales and profitability suggest the country’s growing middle class still feels inclined to spend despite the trade war and other problems.,Business,Business,News,article,887,Alibaba Group Holding Ltd; China; Economic Conditions and Trends; E-Commerce; International Trade and World Market; Computers and the Internet; Stocks and Bonds; Cloud Computing,https://www.nytimes.com/2019/11/01/business/alibaba-profit-results.html
2019,2019-11-01T13:00:06Z,2010s,Nov-Dec,The Week in Tech: WhatsApp’s Spyware Fight Is at Least Good P.R.,"The messaging service is suing a cybersurveillance company. Whether it’s successful or not, it is a strong statement from WhatsApp and its owner, Facebook.",,"The messaging service is suing a cybersurveillance company. Whether it’s successful or not, it is a strong statement from WhatsApp and its owner, Facebook.",Technology,Business,News,article,1251,"Computers and the Internet; Instant Messaging; Facebook Inc; WhatsApp Inc; NSO Group; Social Media; Online Advertising; Government Contracts and Procurement; Enterprise Computing; Conflicts of Interest; Amazon.com Inc; Dorsey, Jack; Defense Department; Microsoft Corp; Oracle Corporation; Twitter; Zuckerberg, Mark E",https://www.nytimes.com/2019/11/01/technology/whatsapp-nso.html
2019,2019-11-01T13:32:25Z,2010s,Nov-Dec,China Effectively Bans Online Sales of E-Cigarettes,The move could effectively shut off one of the biggest markets for an industry that is facing pressure around the world.,,The move could effectively shut off one of the biggest markets for an industry that is facing pressure around the world.,Business,Business,News,article,728,E-Cigarettes; Smoking and Tobacco; Online Advertising; E-Commerce; Food and Drug Administration; Juul Labs Inc; Beijing (China); China,https://www.nytimes.com/2019/11/01/business/china-vaping-electronic-cigarettes.html
2019,2019-11-01T16:10:31Z,2010s,Nov-Dec,"39 Vietnamese Died in a U.K. Truck. 18,000 More Endure This Perilous Trip.",Thousands of people from Vietnam are smuggled to Europe every year on a route filled with violence and hardship. And that is just the beginning.,,"Despite the perils, 18,000 Vietnamese people a year are smuggled to Europe because for most the rewards are worth the risk.",World,Foreign,News,article,1463,"Smuggling; Human Trafficking; Illegal Immigration; Vietnam; Great Britain; Essex (England); Deaths (Fatalities); Robinson, Maurice (Essex, England, Trafficking Deaths); Murders, Attempted Murders and Homicides",https://www.nytimes.com/2019/11/01/world/europe/vietnamese-migrants-europe.html
2019,2019-11-01T16:11:08Z,2010s,Nov-Dec,U.K. Truck Deaths Lead Vietnam Police to Arrest 2 Suspects,"The arrests, linked to the discovery of 39 bodies in England, came as the British authorities urged two men to turn themselves in to the police in Northern Ireland.",,"The arrests, linked to the discovery of 39 bodies in England, came as the British authorities urged two men to turn themselves in to the police in Northern Ireland.",World,Foreign,News,article,782,"Immigration and Emigration; Human Trafficking; Essex (England); Vietnam; Deaths (Fatalities); Northern Ireland; Belgium; Robinson, Maurice (Essex, England, Trafficking Deaths)",https://www.nytimes.com/2019/11/01/world/asia/essex-lorry-death-arrests-vietnam.html
2019,2019-11-01T17:24:54Z,2010s,Nov-Dec,The Evil Repercussions of the American Revolution,"Matthew Lockwood’s “To Begin the World Over Again” sees the American Revolution as a pivot of world history, but not in a good way.",,"Matthew Lockwood’s “To Begin the World Over Again” sees the American Revolution as a pivot of world history, but not in a good way.",Books,BookReview,Review,article,1300,"Books and Literature; To Begin the World Over Again: How the American Revolution Devastated the Globe (Book); Lockwood, Matthew H; Revolutionary War, American (1775-83); Australia; Great Britain; Ireland; United States",https://www.nytimes.com/2019/11/01/books/review/to-begin-the-world-over-again-matthew-lockwood.html
2019,2019-11-01T17:36:46Z,2010s,Nov-Dec,‘The Writing on the Wall’: Voices of the Incarcerated,An installation on the High Line shares writing by prisoners in a space that emulates cells.,,An installation on the High Line shares writing by prisoners in a space that emulates cells.,Arts,Culture,News,article,424,"Art; The Writing on the Wall (Exhibit); High Line (Manhattan, NY); Thomas, Hank Willis; Dreisinger, Baz; MASS Design Group; Openbox Design LLC; Architecture; Ex-Convicts; Prisons and Prisoners",https://www.nytimes.com/2019/11/01/arts/design/The-Writing-on-the-Wall-high-line.html
2019,2019-11-01T18:27:59Z,2010s,Nov-Dec,Why Gamers Are Protesting BlizzCon for Hong Kong,"Blizzard, the video game company, sparked a backlash after punishing a player who supported demonstrators in Hong Kong. The company’s convention in California faced a protest of its own.",,"Blizzard, the video game company, sparked a backlash after punishing a player who supported demonstrators in Hong Kong. Now, the company’s convention in California is facing a protest of its own.",Business,Express,News,article,755,Computer and Video Games; Activision Blizzard Inc; Hong Kong; Hong Kong Protests (2019); Blizzard Entertainment; Tencent Holdings Ltd; China; Chung Ng Wai,https://www.nytimes.com/2019/11/01/business/blizzcon-blizzard-protest.html
2019,2019-11-01T19:07:59Z,2010s,Nov-Dec,TikTok Said to Be Under National Security Review,The review comes after lawmakers raised concerns about TikTok’s growing influence in the United States.,,"The review comes after lawmakers raised concerns about the growing influence in the United States of the video app, which is owned by a Chinese company.",Technology,Business,News,article,1310,"TikTok (ByteDance); Musical.ly Inc; Committee on Foreign Investment in the United States (CFIUS); Mergers, Acquisitions and Divestitures; Social Media; China; Industrial Espionage; Privacy; United States Politics and Government; United States International Relations",https://www.nytimes.com/2019/11/01/technology/tiktok-national-security-review.html
2019,2019-11-01T21:38:51Z,2010s,Nov-Dec,"Elizabeth Warren, TikTok, N.Y.C. Marathon: Your Friday Evening Briefing",Here’s what you need to know at the end of the day.,,Here’s what you need to know at the end of the day.,Briefing,NYTNow,briefing,article,1105,,https://www.nytimes.com/2019/11/01/briefing/elizabeth-warren-tiktok-marathons.html
2019,2019-11-01T21:43:31Z,2010s,Nov-Dec,"The Best Movies and TV Shows New to Netflix, Amazon and Stan in Australia in November","Our picks for November, including The Queen, Queer Eye and Catastrophe",,"Our picks for November, including The Queen, Queer Eye and Catastrophe",Arts,Culture,News,article,1817,Television; Movies; Amazon.com Inc; Netflix Inc; Australia,https://www.nytimes.com/2019/11/01/arts/television/australia-netflix-amazon-stan-november.html
2019,2019-11-01T22:20:03Z,2010s,Nov-Dec,The Complicated Case of Katie Hill,The congresswoman from California resigned after “revenge porn” photos revealed her affair with a subordinate.,,The congresswoman from California resigned after “revenge porn” photos revealed her affair with a subordinate.,U.S.,National,News,article,759,United States Politics and Government; Cyberharassment,https://www.nytimes.com/2019/11/01/us/katie-hill-photos-relationship.html
2019,2019-11-01T22:57:59Z,2010s,Nov-Dec,W.T.O. Allows China to Impose Trade Sanctions on U.S. Goods,The global trade body found that the United States had not followed its rules in the way it imposed the duties and allowed China to retaliate with its own tariffs.,,The global trade body found that the United States had not followed its rules in the way it imposed the duties and allowed China to retaliate with its own tariffs.,Business,Business,News,article,985,International Trade and World Market; United States Economy; Embargoes and Sanctions; Customs (Tariff); World Trade Organization; China; United States,https://www.nytimes.com/2019/11/01/business/wto-china-us-trade.html
2019,2019-11-01T22:58:59Z,2010s,Nov-Dec,"Last Major Nuclear Arms Pact Could Expire With No Replacement, Russia Says","The treaty, disliked by President Trump, will run out in 14 months — and there is too little time to hammer out a new one, a Russian official said.",,"The treaty, disliked by President Trump, will run out in 14 months — and there is too little time to hammer out a new one, a Russian official said.",World,Foreign,News,article,926,"Arms Control and Limitation and Disarmament; Trump, Donald J; Putin, Vladimir V; United States; Russia; China",https://www.nytimes.com/2019/11/01/world/europe/nuclear-arms-pact-expire-russia.html
2019,2019-11-04T07:30:15Z,,,Vast Dragnet Targets Theft of Biomedical Secrets for China,Nearly 200 investigations are underway at major academic centers. Critics fear that researchers of Chinese descent are being unfairly targeted.,,,Health,,,,,,https://www.nytimes.com/2019/11/04/health/china-nih-scientists.html
2019,2019-11-07T10:57:55Z,,,U.S. and China Agree to Roll Back Some Tariffs if Deal Is Struck,The development suggests progress toward an interim agreement that would provide relief to businesses and consumers.,,,Business,,,,,,https://www.nytimes.com/2019/11/07/business/china-trade-trump.html
2019,2019-11-28T12:36:55Z,,,China Condemns U.S. Over Hong Kong. That Won’t Stop Trade Talks.,"Legislation signed by Trump poses a direct challenge to Beijing’s rule, but trade and the softening Chinese economy present bigger problems.",,,Business,,,,,,https://www.nytimes.com/2019/11/28/business/china-hong-kong-trump-trade.html
2019,2019-12-03T08:00:11Z,,,"China Uses DNA to Map Faces, With Help From the West",Beijing’s pursuit of control over a Muslim ethnic group pushes the rules of science and raises questions about consent.,,,Business,,,,,,https://www.nytimes.com/2019/12/03/business/china-dna-uighurs-xinjiang.html
2019,2019-12-12T15:43:51Z,,,U.S. Settles on Outline of Elusive China Trade Deal,The president met with his economic advisers on Thursday as the United States and China moved closer to finishing a trade pact.,,,Business,,,,,,https://www.nytimes.com/2019/12/12/business/economy/trump-china-trade-deal.html
2019,2019-12-13T15:13:13Z,,,"Initial China Trade Deal Defuses Tensions, but U.S. Still Has Concerns",The agreement includes a commitment by China to buy more agriculture products and to strengthen laws protecting foreign companies operating there.,,,Business,,,,,,https://www.nytimes.com/2019/12/13/business/economy/china-trade-deal.html
2019,2019-12-15T10:00:11Z,,,U.S. Secretly Expelled Chinese Officials Suspected of Spying After Breach of Military Base,Chinese Embassy officials trespassed onto a Virginia base that is home to Special Operations forces. Their expulsions added to tensions between Washington and Beijing.,,,World,,,,,,https://www.nytimes.com/2019/12/15/world/asia/us-china-spies.html
2019,2019-12-18T02:57:21Z,,,"A Surveillance Net Blankets China’s Cities, Giving Police Vast Powers","The authorities can scan your phones, track your face and find out when you leave your home. One of the world’s biggest spying networks is aimed at regular people, and nobody can stop it.",,,Technology,,,,,,https://www.nytimes.com/2019/12/17/technology/china-surveillance.html
2019,2019-12-22T23:09:37Z,,,A Jungle Airstrip Stirs Suspicions About China’s Plans for Cambodia,The Chinese military’s “string of pearls” strategy depends on far-flung regional outposts. Some think Cambodia is becoming one.,,,World,,,,,,https://www.nytimes.com/2019/12/22/world/asia/cambodia-china-military-bases.html
2019,2019-12-24T10:00:24Z,,,"Chinese Restaurants Are Closing. That’s a Good Thing, the Owners Say.",The share of Chinese restaurants has fallen in metro areas across the country in the last five years. Many owners are glad their children won’t be taking over.,,,The Upshot,,,,,,https://www.nytimes.com/2019/12/24/upshot/chinese-restaurants-closing-upward-mobility-second-generation.html
2019,2019-12-24T10:00:27Z,,,"China’s Seniors, Looking for Love, Head to the Park","Increasingly widowed and divorced, a new generation of graying singles are navigating modern romance in a rapidly changing country.",,,World,,,,,,https://www.nytimes.com/2019/12/24/world/asia/china-seniors-love-park.html
2019,2019-12-28T10:00:22Z,,,"In China’s Crackdown on Muslims, Children Have Not Been Spared","Nearly half a million children, many of them ethnic minorities, have been placed in boarding schools in Xinjiang where the authorities aim to instill loyalty to China and the Communist Party.",,,World,,,,,,https://www.nytimes.com/2019/12/28/world/asia/china-xinjiang-children-boarding-schools.html
2019,2019-12-30T14:31:03Z,,,Inside China’s Push to Turn Muslim Minorities Into an Army of Workers,The Communist Party wants to remold Xinjiang’s minorities into loyal blue-collar workers to supply Chinese factories with cheap labor.,,,World,,,,,,https://www.nytimes.com/2019/12/30/world/asia/china-xinjiang-muslims-labor.html
