year,date,decade,sample_window,headline,abstract,lead_paragraph,snippet,section,news_desk,type_of_material,document_type,word_count,keywords,url
2020,2020-01-01T04:36:41Z,2020s,Jan-Feb,Hong Kong Protesters Return to Streets as New Year Begins,"Weeks of relative calm ended on Wednesday, as people marched in large numbers and the police deployed tear gas and pepper spray.",,Weeks of relative calm ended Wednesday as people marched in large numbers and the police deployed tear gas and pepper spray.,World,Foreign,News,article,1140.0,"Demonstrations, Protests and Riots; Hong Kong Protests (2019); New Year; Lam, Carrie (1957- ); Hong Kong; China",https://www.nytimes.com/2020/01/01/world/asia/hong-kong-protest.html
2020,2020-01-01T05:02:38Z,2020s,Jan-Feb,"Rocket Launches, Trips to Mars and More 2020 Space and Astronomy Events","A year full of highs and lows in space just ended, and the 12 months to come  will be full of new highlights in orbit and beyond.",,"A year full of highs and lows in space just ended, and the 12 months to come  will be full of new highlights in orbit and beyond.",Science,Science,News,article,1190.0,"Space and Astronomy; Private Spaceflight; Rocket Science and Propulsion; National Aeronautics and Space Administration; European Space Agency; Boeing Company; Blue Origin; OneWeb Inc; Space Exploration Technologies Corp; Virgin Galactic; Bezos, Jeffrey P; United Arab Emirates; India; Israel; Japan; China; Russia; Moon; Mars (Planet); Sun; Mars 2020 (Mars Rover); Satellites; International Space Station; Comets; Perseverance (Mars Rover); Emirates Mars Mission; Starlink Satellite Constellation (SpaceX)",https://www.nytimes.com/2020/01/01/science/space-astronomy-2020.html
2020,2020-01-01T08:00:13Z,2020s,Jan-Feb,10 Electric Vehicles to Watch,"Sales doubled in 2019, but the industry’s tipping point — severing ties to the gas pump — still lies ahead. These cars will help make that happen.",,"Sales doubled in 2019, but the industry’s tipping point — severing ties to the gas pump — still lies ahead. These cars will help make that happen.",Business,Business,News,article,1596.0,Electric and Hybrid Vehicles; Automobile Service and Charging Stations; Batteries; Audi Division of Volkswagen AG; Faraday & Future Inc; Honda Motor Co Ltd; Mercedes-Benz; Tesla Motors Inc; Volkswagen AG; Volvo Car Corp; Ford Motor Co; Porsche AG; Canoo Inc; Byton Ltd; Bayerische Motorenwerke AG; AI January February 2020,https://www.nytimes.com/2020/01/01/business/future-electric-cars-2020.html
2020,2020-01-01T10:12:44Z,2020s,Jan-Feb,China Moves to Steady Its Slowing Economic Growth,The country’s central bank will in effect inject $115 billion into the financial system despite signs the economy has been improving.,,The country’s central bank will in effect inject $115 billion into the financial system despite signs the economy has been improving.,Business,Business,News,article,887.0,China; Economic Conditions and Trends; Politics and Government; International Trade and World Market; Production; People's Bank of China,https://www.nytimes.com/2020/01/01/business/economy/china-economy-reserve-requirement-ratio.html
2020,2020-01-01T13:22:12Z,2020s,Jan-Feb,What Kim Jong-un’s Latest Threats Say About His Trump Strategy,"With an election and impeachment trial pending in the United States, North Korea’s leader added elements of caution in his threat of “shocking” action.",,"Against the backdrop of political uncertainty in America, North Korea’s leader added elements of caution in his threat of “shocking” action.",World,Foreign,News,article,1234.0,"United States International Relations; United Nations; Nuclear Tests; Embargoes and Sanctions; Politics and Government; Nuclear Weapons; Kim Jong-un; Trump, Donald J; North Korea",https://www.nytimes.com/2020/01/01/world/asia/north-korea-kim-trump.html
2020,2020-01-01T15:00:03Z,2020s,Jan-Feb,Fearless Predictions for the N.B.A. in 2020,Breaking out the crystal roundball for some (almost) fearless predictions for the N.B.A. in 2020.,,Breaking out the crystal roundball for some (almost) fearless predictions for the N.B.A. in 2020.,Sports,Sports,News,article,2725.0,"Basketball; National Basketball Assn; Williamson, Zion (2000- ); Brogdon, Malcolm (1992- ); Dinwiddie, Spencer (1993- ); Leonard, Kawhi; Milwaukee Bucks; Riley, Pat; James, LeBron",https://www.nytimes.com/2020/01/01/sports/basketball/fearless-predictions-for-the-nba-in-2020.html
2020,2020-01-01T16:00:09Z,2020s,Jan-Feb,North Korea Is Not Done Trolling Trump,Kim Jong-un just restarted his dance of death with America.,,Kim Jong-un just restarted his dance of death with America.,Opinion,OpEd,Op-Ed,article,1412.0,"United States International Relations; North Korea; Defense and Military Forces; Embargoes and Sanctions; Nuclear Weapons; Missiles and Missile Defense Systems; United Nations; Kim Jong-un; Trump, Donald J; Warmbier, Otto Frederick (1994- ); United States; Arms Control and Limitation and Disarmament; Human Rights and Human Rights Violations",https://www.nytimes.com/2020/01/01/opinion/north-korea-nuclear-test.html
2020,2020-01-01T18:20:24Z,2020s,Jan-Feb,Trump Bet He Could Isolate Iran and Charm North Korea. It’s Not That Easy.,"The president assumed economic levers would guide the countries’ national interests. Now, he confronts twin challenges in an election year.",,President Trump assumed that economic levers would guide national interests. Our correspondent analyzes the challenges Mr. Trump must confront.,U.S.,Washington,News Analysis,article,1595.0,"United States International Relations; Arms Control and Limitation and Disarmament; Diplomatic Service, Embassies and Consulates; Trump, Donald J; Rouhani, Hassan; Kim Jong-un; Iran; North Korea; Nuclear Weapons",https://www.nytimes.com/2020/01/01/us/politics/trump-iran-north-korea.html
2020,2020-01-01T21:04:17Z,2020s,Jan-Feb,One Thing You Can Do: Make Your New Year’s Resolutions Count,"Also this week, holiday fireworks in Iceland and beyond",,One thing you can do: Make your New Year’s resolutions count.,Climate,Climate,News,article,1372.0,Global Warming,https://www.nytimes.com/2020/01/01/climate/nyt-climate-newsletter-resolutions-fireworks.html
2020,2020-01-01T22:45:12Z,2020s,Jan-Feb,The Market Surged Last Year. Don’t Expect the Same in 2020.,"Stocks and bonds do not have as much room to rise this year, and Wall Street has been busy trying to rein in expectations.",,"Stocks and bonds do not have as much room to rise this year, and Wall Street has been busy trying to rein in expectations.",Business,Business,News,article,888.0,Stocks and Bonds; Standard & Poor's 500-Stock Index,https://www.nytimes.com/2020/01/01/business/wall-street-markets-2020.html
2020,2020-01-02T00:00:08Z,2020s,Jan-Feb,Why Did One-Quarter of the World’s Pigs Die in a Year?,"Swine fever devastated China’s stock because with unsound governance, even sound regulations have perverse effects.",,"Swine fever devastated China’s stock because with unsound governance, even sound regulations have perverse effects.",Opinion,OpEd,Op-Ed,article,1503.0,Pigs; Agriculture and Farming; Pork; Livestock Diseases; Slaughterhouses; Politics and Government; African Swine Fever; SARS (Severe Acute Respiratory Syndrome); Epidemics; Beijing (China); Caucasus (Russia); China; Liaoning (China); Russia; Shandong Province (China); Shenyang (China); Siberia,https://www.nytimes.com/2020/01/01/opinion/china-swine-fever.html
2020,2020-01-02T07:29:48Z,2020s,Jan-Feb,Taiwan’s Top Military Official and 7 Others Die in Helicopter Crash,The helicopter was carrying military personnel to an event in northeastern Taiwan when it went down on a wooded mountainside.,,The helicopter was carrying military personnel to an event in northeastern Taiwan when it went down on a wooded mountainside.,World,Foreign,News,article,290.0,"Taiwan; Defense and Military Forces; Helicopters; Aviation Accidents, Safety and Disasters; Deaths (Fatalities); China",https://www.nytimes.com/2020/01/02/world/asia/taiwan-military-chief-helicopter-crash.html
2020,2020-01-02T10:00:14Z,2020s,Jan-Feb,Hypersonic Missiles Are a Game Changer,No existing defenses can stop such weapons — which is why everyone wants them.,,No existing defenses can stop such weapons — which is why everyone wants them.,Opinion,OpEd,Op-Ed,article,1439.0,Russia; Missiles and Missile Defense Systems; Defense and Military Forces; Arms Trade; Nuclear Weapons; Treaties; Arms Control and Limitation and Disarmament; United States Defense and Military Forces; United States International Relations,https://www.nytimes.com/2020/01/02/opinion/hypersonic-missiles.html
2020,2020-01-02T11:42:15Z,2020s,Jan-Feb,How Did Carlos Ghosn Flee Japan?,Emerging details suggest that the former Nissan and Renault chairman owes his arrival in Lebanon to an escape plan on a grand scale.,,Emerging details suggest that the former Nissan and Renault chairman owes his arrival in Lebanon to an escape plan on a grand scale.,Business,Business,News,article,1453.0,"Ghosn, Carlos",https://www.nytimes.com/2020/01/02/business/dealbook/carlos-ghosn-japan-lebanon.html
2020,2020-01-02T17:27:18Z,2020s,Jan-Feb,"The Best of Japanese Dining and Design, Under One Parisian Roof","Encompassing a teahouse, a confectionery stand and more, Ogata Paris pays homage to its setting while offering a true taste of Japan.",,"Encompassing a teahouse, a confectionery stand and more, a new complex pays homage to its setting while offering a true taste of Japan.",T Magazine,TStyle,News,article,1380.0,"Japanese Food (Cuisine); Restaurants; Tea; Architecture; Interior Design and Furnishings; Odo (Manhattan, NY, Restaurant); Kyushu (Japan); Paris (France); Manhattan (NYC); Ogata, Shinichiro",https://www.nytimes.com/2020/01/02/t-magazine/ogata-paris.html
2020,2020-01-02T22:00:05Z,2020s,Jan-Feb,18 Art Exhibitions to View in N.Y.C. This Weekend,Our guide to new art shows and some that will be closing soon.,,Our guide to new art shows and some that will be closing soon.,Arts,Weekend,News,article,2335.0,Art; Museums; New York City,https://www.nytimes.com/2020/01/02/arts/design/nyc-this-weekend-art-and-museums.html
2020,2020-01-02T22:14:35Z,2020s,Jan-Feb,Student Winners From Our 2019 Editorial Cartoon Contest,"Climate change, Hong Kong, immigration, and of course, President Trump, are all popular topics in this year’s contest. Enjoy the insightful commentary in these winning cartoons.",,"Climate change, Hong Kong, immigration, and of course, President Trump, are all popular topics in this year’s contest. Enjoy the insightful commentary in these winning cartoons.",The Learning Network,,Interactive Feature,interactive,0.0,,https://www.nytimes.com/interactive/2020/01/02/learning/editorial-cartoon-contest-2019.html
2020,2020-01-02T22:55:50Z,2020s,Jan-Feb,Mario Balotelli’s Italian Homecoming,"The soccer star returned to his hometown last summer, and to Italy’s Serie A. The city had changed. But so had he.",,"The soccer star returned to his hometown last summer, and to Italy’s Serie A. The city had changed. But so had he.",Sports,Sports,News,article,1943.0,"Soccer; Balotelli, Mario",https://www.nytimes.com/2020/01/02/sports/soccer/mario-balotelli-brescia.html
2020,2020-01-03T07:29:33Z,2020s,Jan-Feb,"Oil Prices Jump, and Stocks Slide, After U.S. Kills Iranian General","Analysts warned that the airstrike on an Iranian commander raised the prospect of volatility in Iran and Iraq, two major oil producers.",,"Analysts warned that the strike on an Iranian military leader raises the prospect of volatility within Iran and Iraq, two major oil producers.",Business,Business,News,article,1228.0,"Iran; Iraq; Oil (Petroleum) and Gasoline; Futures and Options Trading; Terrorism; Stocks and Bonds; Prices (Fares, Fees and Rates); Suleimani, Qassim; United States Defense and Military Forces; Assassinations and Attempted Assassinations",https://www.nytimes.com/2020/01/03/business/iran-oil.html
2020,2020-01-03T08:30:01Z,2020s,Jan-Feb,"News Quiz: Iraq, Carlos Ghosn, Vaping",Did you stay up-to-date this week?,,Did you stay up-to-date this week?,Briefing,,Interactive Feature,interactive,0.0,,https://www.nytimes.com/interactive/2020/01/03/briefing/iraq-carlos-ghosn-vaping-news-quiz.html
2020,2020-03-01T01:13:23Z,2020s,Mar-Apr,Trump Moves to Calm Fears as First U.S. Death From Coronavirus Is Reported,"A person in the Seattle area has died, officials said. Mr. Trump called more cases “likely” but added that “there’s no reason to panic at all.”",,"A person in the Seattle area has died, officials said. Mr. Trump called more cases “likely” but added that “there’s no reason to panic at all.”",U.S.,Washington,News,article,1670.0,"Coronavirus (2019-nCoV); Presidential Election of 2020; Centers for Disease Control and Prevention; National Institute of Allergy and Infectious Diseases; Fauci, Anthony S; Trump, Donald J; Inslee, Jay",https://www.nytimes.com/2020/02/29/us/politics/trump-coronavirus.html
2020,2020-03-01T05:39:50Z,2020s,Mar-Apr,Second Death From Virus Is Reported in the U.S.,The second death was a man in his 70s in the Seattle area who had underlying health conditions.,,"Rhode Island officials said the person had recently traveled to Italy, and the Louvre closed for a meeting to address the virus and did not reopen.",World,Foreign,News,article,3140.0,Coronavirus (2019-nCoV),https://www.nytimes.com/2020/03/01/world/coronavirus-news.html
2020,2020-03-01T07:22:34Z,2020s,Mar-Apr,"On ‘S.N.L.’, John Mulaney and Jake Gyllenhaal Find Humor in the Coronavirus","Mulaney, the comic and former “S.N.L.” writer, and the cast took aim at Mike Pence, the Democratic presidential race and La Guardia Airport, among other targets.",,"John Mulaney, the comic and former “S.N.L.” writer, and the cast took aim at Mike Pence and the Democratic presidential race, among other targets.",Arts,Culture,News,article,1504.0,"Television; Saturday Night Live (TV Program); Mulaney, John",https://www.nytimes.com/2020/03/01/arts/television/saturday-night-live-john-mulaney.html
2020,2020-03-01T10:00:01Z,2020s,Mar-Apr,Why Afghanistan Became an Invisible War,This war is different.,,This war is different.,World,Foreign,Interactive Feature,interactive,0.0,Afghanistan War (2001- ); Afghanistan; War and Revolution,https://www.nytimes.com/interactive/2020/03/01/world/asia/afghanistan-invisible-war.html
2020,2020-03-01T11:30:06Z,2020s,Mar-Apr,"South Carolina, Coronavirus, Taliban: Your Weekend Briefing",Here’s what you need to know about the week’s top stories.,,Here’s what you need to know about the week’s top stories.,Briefing,NYTNow,briefing,article,1196.0,,https://www.nytimes.com/2020/03/01/briefing/south-carolina-coronavirus-taliban-your-weekend-briefing.html
2020,2020-03-01T12:00:08Z,2020s,Mar-Apr,The Week in Business: It Was All About the Coronavirus,,,,Business,SundayBusiness,News,article,790.0,"Stocks and Bonds; United States Economy; Coronavirus (2019-nCoV); Chapek, Robert A; Weinstein, Harvey; Mergers, Acquisitions and Divestitures; International Trade and World Market; Intuit Inc; Credit Karma Inc; Walt Disney Company",https://www.nytimes.com/2020/03/01/business/the-week-in-business-it-was-all-about-the-coronavirus.html
2020,2020-03-01T16:09:13Z,2020s,Mar-Apr,Working From Home: How Coronavirus Could Affect the Workplace,"Businesses are grappling with how to deal with a potential outbreak. Here’s what they’re doing, and how it could affect their workers.",,"Businesses are grappling with how to deal with a potential outbreak. Here’s what they’re doing, and how it could affect their workers.",Business,Business,News,article,1284.0,Paid Time Off; Workplace Hazards and Violations; Labor and Jobs; Coronavirus (2019-nCoV); Workplace Environment; Centers for Disease Control and Prevention; Workers' Compensation Insurance; Wages and Salaries; Disability Insurance,https://www.nytimes.com/2020/03/01/business/coronavirus-working-from-home.html
2020,2020-03-01T17:53:48Z,2020s,Mar-Apr,"After Factory Disaster, Bangladesh Made Big Safety Strides. Are the Bad Days Coming Back?","The Rana Plaza collapse, which killed over 1,100 garment workers, led to much better labor conditions. Now that legacy could be in jeopardy, as a power struggle unfolds over factory safety.",,"A woman’s death in December stirred memories of the 2013 Rana Plaza disaster, and raised fresh concerns that factory worker safety may be backsliding.",World,Foreign,News,article,1894.0,"Rana Plaza Building Collapse, Bangladesh (2013); Bangladesh; Workplace Hazards and Violations; Accidents and Safety; Politics and Government; Factories and Manufacturing; Fashion and Apparel; Wages and Salaries; Accord on Fire and Building Safety in Bangladesh; Alliance for Bangladesh Worker Safety; Bangladesh Garment Manufacturers and Exporters Assn; Clean Clothes Campaign; your-feed-selfcare; your-feed-fashion",https://www.nytimes.com/2020/03/01/world/asia/rana-plaza-bangladesh-garment-industry.html
2020,2020-03-01T18:10:26Z,2020s,Mar-Apr,"Coronavirus May Have Spread in U.S. for Weeks, Gene Sequencing Suggests","Two cases detected weeks apart in Washington State had genetic links, suggesting that many more people in the area may be infected.",,"Two cases detected weeks apart in Washington State had genetic links, suggesting that many more people in the area may be infected.",Health,National,News,article,1383.0,Coronavirus (2019-nCoV); Genetics and Heredity; Influenza; Snohomish County (Wash); Washington (State); Epidemics; United States,https://www.nytimes.com/2020/03/01/health/coronavirus-washington-spread.html
2020,2020-03-01T20:50:30Z,2020s,Mar-Apr,"Coronavirus, India Violence, South Carolina Primary: Your Monday Briefing",Here’s what you need to know.,,Here’s what you need to know. ,Briefing,NYTNow,briefing,article,1452.0,,https://www.nytimes.com/2020/03/01/briefing/coronavirus-south-korea-india-violence-south-carolina.html
2020,2020-03-01T20:55:33Z,2020s,Mar-Apr,Wall Street Has Lost Its Nerve. What Will It Take to Get It Back?,The S&P 500 just had its worst week in more than a decade as investors fretted over the global coronavirus outbreak. The best cure may be time.,,The S&P 500 just had its worst week in over a decade as investors fretted over the global coronavirus outbreak. The best cure may be time.,Business,Business,News,article,1067.0,Stocks and Bonds; Standard & Poor's 500-Stock Index; Coronavirus (2019-nCoV); Economic Conditions and Trends; United States Economy,https://www.nytimes.com/2020/03/01/business/stock-market-coronavirus.html
2020,2020-03-01T21:12:51Z,2020s,Mar-Apr,"A Virus Spreads, Stocks Fall, and Democrats See an Opening to Hit Trump",The president’s response to rising fears over coronavirus has given his would-be opponents a chance to attack his biggest strength with voters: economic stewardship.,,The president’s response to rising fears over coronavirus has given his would-be opponents a chance to attack his biggest strength with voters: economic stewardship.,Business,Washington,News,article,1395.0,"Coronavirus (2019-nCoV); Presidential Election of 2020; United States Economy; Interest Rates; Income Inequality; United States Politics and Government; Epidemics; Trump, Donald J; Bloomberg, Michael R; Warren, Elizabeth; Biden, Joseph R Jr; Sanders, Bernard; Federal Reserve System",https://www.nytimes.com/2020/03/01/business/economy/trump-democrats-coronavirus-economy.html
2020,2020-03-01T21:47:02Z,2020s,Mar-Apr,Intel’s Culture Needed Fixing. Its C.E.O. Is Shaking Things Up.,"Robert Swan, who leads the world’s biggest chip maker, is pushing his 110,000 employees to confront internal problems more openly.",,"Robert Swan, who leads the world’s biggest chip maker, is pushing his 110,000 employees to confront internal problems more openly.",Technology,Business,News,article,1289.0,"Computer Chips; Appointments and Executive Changes; Engineering and Engineers; Intel Corporation; Swan, Robert H; Executives and Management (Theory)",https://www.nytimes.com/2020/03/01/technology/intel-culture-robert-swan.html
2020,2020-03-01T23:40:14Z,2020s,Mar-Apr,"Panic Shopping for Coronavirus Supplies, but Brunch Is Packed",The first coronavirus case in New York City was confirmed Sunday night: a woman in her 30s who is isolated in her Manhattan home.,,"Even though no cases of the coronavirus have been confirmed in the city, many New Yorkers are feeling anxiety about its expected arrival.",New York,Metro,News,article,1401.0,Coronavirus (2019-nCoV); Centers for Disease Control and Prevention; Manhattan (NYC); New York City; Travel and Vacations,https://www.nytimes.com/2020/03/01/nyregion/new-york-city-coronavirus.html
2020,2020-03-02T00:00:07Z,2020s,Mar-Apr,The Coronavirus Has Put the World’s Economy in Survival Mode,There’s little hope for a global economic rebound in 2020.,,There’s little hope for a global economic rebound in 2020.,Opinion,OpEd,Op-Ed,article,846.0,Coronavirus (2019-nCoV); International Trade and World Market; United States Economy; Epidemics; Consumer Behavior; Stocks and Bonds,https://www.nytimes.com/2020/03/01/opinion/coronavirus-economy-recession.html
2020,2020-03-02T00:45:00Z,2020s,Mar-Apr,"In Coronavirus Fight, China Gives Citizens a Color Code, With Red Flags","A new system uses software to dictate quarantines — and appears to send personal data to police, in a troubling precedent for automated social control.",,A new system uses software to dictate quarantines — and appears to send personal data to police.,Business,Business,News,article,1498.0,Coronavirus (2019-nCoV); Surveillance of Citizens by Government; Epidemics; Privacy; Alibaba Group Holding Ltd; Ant Financial Services Group; Alipay; WeChat (Mobile App); China; Hangzhou (China); Hubei Province (China); Computers and the Internet; Computer Security; Quarantines,https://www.nytimes.com/2020/03/01/business/china-coronavirus-surveillance.html
2020,2020-03-02T01:08:14Z,2020s,Mar-Apr,Coronavirus in N.Y.: Manhattan Woman Is First Confirmed Case in State,A woman in her 30s who had traveled in Iran contracted the virus and is now isolated at home.,,A woman who had traveled in Iran contracted the virus and is now isolated at home.,New York,Metro,News,article,1014.0,Coronavirus (2019-nCoV); United States; Centers for Disease Control and Prevention; New York State; Manhattan (NYC),https://www.nytimes.com/2020/03/01/nyregion/new-york-coronvirus-confirmed.html
2020,2020-03-02T02:06:00Z,2020s,Mar-Apr,2nd Death Near Seattle Adds to Signs Virus Is Spreading in U.S.,"Officials see growing indications that the coronavirus has been spreading undetected for weeks. A cluster of cases at one nursing home have made Kirkland, Wash., a focus of concern.",,"Officials see growing indications that the virus has been spreading undetected in the Seattle suburbs for weeks. Two confirmed cases at a nursing facility have made Kirkland, Wash., a point of concern.",U.S.,National,News,article,1848.0,Coronavirus (2019-nCoV); Nursing Homes; Epidemics; Washington (State); Life Care Centers of America; Kirkland (Wash),https://www.nytimes.com/2020/03/01/us/washington-coronavirus-nursing-home.html
2020,2020-03-02T04:04:57Z,2020s,Mar-Apr,"North Korea Launches 2 Unidentified Projectiles, South Korea Says","The firing of the projectiles could be the country’s first missile tests since Nov. 28, and comes amid a political shake-up as the North responds to the coronavirus threat.",,The firing of the projectile could be the country’s first test of a missile since Nov. 28.,World,Foreign,News,article,722.0,North Korea; South Korea,https://www.nytimes.com/2020/03/01/world/asia/north-korea-projectile.html
2020,2020-03-02T05:15:45Z,2020s,Mar-Apr,Stocks Surge as Central Banks Vow to Act on Coronavirus,The spreading coronavirus could hamper global growth. Investors are hoping central banks will step in to offset the damage.,,"Stocks surged, with the S&P 500 up more than 4 percent after last week’s plunge, as central banks vowed to counter the effects of the coronavirus.",Business,Business,News,article,1727.0,Coronavirus (2019-nCoV); Stocks and Bonds; Interest Rates; Economic Conditions and Trends,https://www.nytimes.com/2020/03/02/business/stock-market-today.html
2020,2020-05-01T04:01:12Z,2020s,May-Jun,U.S. Stocks End the Week Lower After Tech Earnings,The latest on stock market and business news during the coronavirus outbreak.,,The latest on stock market and business news during the coronavirus outbreak.,Business,Business,News,article,2319.0,United States Economy; Coronavirus (2019-nCoV); Stocks and Bonds; Standard & Poor's 500-Stock Index,https://www.nytimes.com/2020/05/01/business/stock-market-today-coronavirus.html
2020,2020-05-01T04:01:49Z,2020s,May-Jun,Companies Sell the Blood of Recovered Coronavirus Patients for Exorbitant Prices,"The W.H.O. extends the global health emergency as deaths near 240,000, and our New Delhi correspondent paints a portrait of a fearful city.",,People who give their blood to help fight the virus may not realize that it is so profitable for the companies. Here’s the latest.,World,Foreign,News,article,6249.0,Coronavirus (2019-nCoV); Airlines and Airplanes; Politics and Government; China,https://www.nytimes.com/2020/05/01/world/coronavirus-news.html
2020,2020-05-01T04:08:31Z,2020s,May-Jun,"Coronavirus, E.C.B., Chinese Lab: Your Friday Briefing",Here’s what you need to know.,,Here’s what you need to know.,Briefing,NYTNow,briefing,article,1575.0,,https://www.nytimes.com/2020/05/01/briefing/coronavirus-european-central-bank-wuhan-lab.html
2020,2020-05-01T05:29:09Z,2020s,May-Jun,Racing Against the Virus From Inside Australia’s Healthcare System,An emergency room doctor in Melbourne describes the terror and relief of waiting for a tsunami of coronavirus patients that never arrived.,,An emergency room doctor in Melbourne describes the terror and relief of waiting for a tsunami of coronavirus patients that never arrived.,World,Culture,briefing,article,1156.0,Emergency Medical Treatment; Coronavirus (2019-nCoV); Hospitals; Australia,https://www.nytimes.com/2020/05/01/world/australia/hospitals-coronavirus-response.html
2020,2020-05-01T09:00:27Z,2020s,May-Jun,Find a Vaccine. Next: Produce 300 Million Vials of It.,Scaling up the manufacturing of syringes and other medical products required to deliver a vaccine to millions of Americans will be just as important as the vaccine itself.,,Scaling up the manufacturing of syringes and other medical products required to deliver a vaccine to millions of Americans will be just as important as the vaccine itself.,Health,Science,News,article,1213.0,Coronavirus (2019-nCoV); Vaccination and Immunization; Medical Devices; Hypodermic Needles and Syringes; Medicine and Health; Factories and Manufacturing; Shortages; Epidemics; Biomedical Advanced Research and Development Authority; Federal Emergency Management Agency; your-feed-healthcare,https://www.nytimes.com/2020/05/01/health/coronavirus-vaccine-supplies.html
2020,2020-05-01T09:00:47Z,2020s,May-Jun,The Business of Burps: Scientists Smell Profit in Cow Emissions,Cattle produce more methane than many large countries. A solution could be an ecological and financial breakthrough — and a Swiss biotech company may be on the cusp.,,Cattle produce more methane than many large countries. A solution could be an ecological and financial breakthrough — and a Swiss biotech company may be on the cusp.,Business,SundayBusiness,News,article,2800.0,Cattle; Methane; Mootral (Zaluvida Corp AG); Research; Greenhouse Gas Emissions; Global Warming,https://www.nytimes.com/2020/05/01/business/cow-methane-climate-change.html
2020,2020-05-01T09:28:08Z,2020s,May-Jun,"As More States Reopen, Protesters Chafe at Restrictions",The F.D.A. issued emergency approval for an antiviral drug. High school seniors appear reluctant to commit to a college for the fall.,,More than half of U.S. states moved to reopen businesses. Armed protesters entered the Capitol in Michigan. The C.D.C. announced an initiative to speed virus research.,U.S.,National,News,article,5750.0,Coronavirus (2019-nCoV),https://www.nytimes.com/2020/05/01/us/coronavirus-updates.html
2020,2020-05-01T09:32:22Z,2020s,May-Jun,"Coronavirus, Gretchen Whitmer, Joe Biden: Your Friday Briefing", Here’s what you need to know.,,Here’s what you need to know.,Briefing,NYTNow,briefing,article,1593.0,,https://www.nytimes.com/2020/05/01/briefing/coronavirus-gretchen-whitmer-joe-biden.html
2020,2020-05-01T09:36:43Z,2020s,May-Jun,"We the People, in Order to Defeat the Coronavirus",There are times when government must curtail individual freedoms to protect the public. But those measures must end once the threat passes.,,There are times to curtail individual freedoms to protect the public. But those measures must end once the threat passes.,Opinion,Editorial,Editorial,article,1625.0,"Coronavirus (2019-nCoV); Surveillance of Citizens by Government; United States Politics and Government; Civil Rights and Liberties; Justice Department; Supreme Court (US); Barr, William P; Trump, Donald J",https://www.nytimes.com/2020/05/01/opinion/coronavirus-civil-liberties.html
2020,2020-05-01T10:51:15Z,2020s,May-Jun,Jeff Bezos Doubles Down on Amazon’s Pandemic Response,Amazon’s chief said that pandemic-related expenses would consume all profits in the current quarter — and that it was part of a deliberate strategy.,,Amazon’s chief said that pandemic-related expenses would consume all profits in the current quarter — and that it was part of a deliberate strategy.,Business,Business,News,article,1662.0,"Stock Buybacks; Coronavirus (2019-nCoV); Amazon.com Inc; Apple Inc; European Central Bank; Alphabet Inc; Bezos, Jeffrey P",https://www.nytimes.com/2020/05/01/business/dealbook/bezos-amazon-coronavirus.html
2020,2020-05-01T13:36:23Z,2020s,May-Jun,Tanzanian Cartoonist Has a Stick for Every Powerful Eye,"Godfrey Mwampembwa, popularly known as Gado, has been holding politicians accountable for nearly 30 years. Now, his concern has shifted to the coronavirus.",,"Godfrey Mwampembwa, popularly known as Gado, has been holding politicians accountable for decades. Now, his concern has shifted to the coronavirus.",World,Foreign,News,article,1183.0,"Kenya; East Africa; Tanzania; Cartoons and Cartoonists; Coronavirus (2019-nCoV); Quarantine (Life and Culture); Mwampembwa, Godfrey (Gado); Africa",https://www.nytimes.com/2020/05/01/world/africa/tanzanian-cartoonist-gado.html
2020,2020-05-01T13:40:49Z,2020s,May-Jun,Sheltering in Place in an R.V. Is Not as Fun as It Sounds,"With parks shut down and utilities harder to come by, drivers of motor homes are finding themselves trapped in the vehicles meant to liberate them.",,Drivers of motor homes are finding themselves trapped in the vehicles meant to liberate them.,Real Estate,RealEstate,News,article,1931.0,"Recreational Vehicles; Real Estate and Housing (Residential); National Parks, Monuments and Seashores; Parks and Other Recreation Areas; Road Trips; Coronavirus (2019-nCoV); Quarantines; Travel Warnings",https://www.nytimes.com/2020/05/01/realestate/virus-sheltering-in-place-rvs.html
2020,2020-05-01T13:44:32Z,2020s,May-Jun,Setback for Harry and Meghan in Legal Battle With U.K. Tabloids,"A judge ruled that The Mail on Sunday would not be judged on whether it had acted dishonestly in publishing a letter from the Duchess of Sussex to her father, Thomas Markle.",,"A judge ruled that The Mail on Sunday would not be judged on whether it had acted dishonestly in publishing a letter from the Duchess of Sussex to her father, Thomas Markle.",World,Foreign,News,article,602.0,"Markle, Meghan; Suits and Litigation (Civil); Newspapers; Great Britain; Mail on Sunday, The (Newspaper)",https://www.nytimes.com/2020/05/01/world/europe/meghan-markle-lawsuit.html
2020,2020-05-01T14:33:39Z,2020s,May-Jun,"Beyoncé Amps Up ‘Savage,’ and 12 More New Songs","Hear tracks by Oasis, Haim, Kenny Chesney and others.",,"Hear tracks by Oasis, Haim, Kenny Chesney and others.",Arts,Culture,News,article,1502.0,"Pop and Rock Music; Rap and Hip-Hop; Jazz; Braids, The (Music Group); Haim (Music Group); Oasis (Music Group); Chesney, Kenny; Gillum, Gerald (G-Eazy) (1989- ); Knowles, Beyonce; Megan Thee Stallion (Rapper); Sakamoto, Ryuichi; Snoop Dogg; Tenpenny, Mitchell; Iyer, Vijay; Owen, Eve (2000- ); Tokyo Ska Paradise Orchestra (Music Group); Banda MS (Music Group); Ladd, Mike (Poet); Harlow, Jack (Rapper); Douglas, Dave",https://www.nytimes.com/2020/05/01/arts/music/playlist-beyonce-megan-thee-stallion-oasis.html
2020,2020-05-01T15:47:20Z,2020s,May-Jun,The C.E.O. at the Center of New York’s Coronavirus Crisis,"“It’s something I’ve never witnessed in 40 years of medicine,” said Dr. Steven Corwin, the chief executive of NewYork-Presbyterian.",,"“It’s something I’ve never witnessed in 40 years of medicine,” said Dr. Steven Corwin, the chief executive of NewYork-Presbyterian.",Business,SundayBusiness,News,article,1702.0,"Corwin, Steven J; New York-Presbyterian Hospital; Hospitals; Executives and Management (Theory); Coronavirus (2019-nCoV)",https://www.nytimes.com/2020/05/01/business/steven-corwin-corner-office.html
2020,2020-05-01T15:58:29Z,2020s,May-Jun,"Fatigue Is Here, but the Economic Fight Is Just Beginning","Precious public support will be squandered if the economic relief effort isn’t handled with full transparency and accountability, a former presidential adviser says.",,"Precious public support will be squandered if the economic relief effort isn’t handled with full transparency and accountability, a former presidential adviser says.",Business,SundayBusiness,News,article,1125.0,"Coronavirus (2019-nCoV); Coronavirus Aid, Relief, and Economic Security Act (2020); United States Economy; Recession and Depression; Small Business; Unemployment; Unemployment Insurance; Quarantines; Banking and Financial Institutions; United States Politics and Government; Trump, Donald J; Polls and Public Opinion",https://www.nytimes.com/2020/05/01/business/coronavirus-economic-fatigue.html
2020,2020-05-01T16:00:08Z,2020s,May-Jun,"Blood Pressure Drugs Don’t Increase Coronavirus Risk, Studies Find","People taking widely used medicines did not face higher rates of infection or more severe illness, new research indicates.",,"People taking widely used medicines did not face higher rates of infection or more severe illness, new research indicates.",Health,Science,News,article,676.0,Blood Pressure; Coronavirus (2019-nCoV); Quarantines; New England Journal of Medicine; New York University; University of California; your-feed-healthcare,https://www.nytimes.com/2020/05/01/health/blood-pressure-drugs-coronavirus.html
2020,2020-05-01T16:30:20Z,2020s,May-Jun,"‘Hollywood’ Offers Alternate History, and Glimpses of a Real One","Ryan Murphy’s new period melodrama, debuting Friday on Netflix, uses real figures from the past to tell an invented history of 1940s Hollywood.",,"Ryan Murphy’s new period melodrama, debuting Friday on Netflix, uses real figures from the past to tell an invented history of 1940s Hollywood.",Arts,Culture,News,article,1514.0,"Television; Murphy, Ryan; Brennan, Ian; Corenswet, David; Criss, Darren; Hudson, Rock; Krusiec, Michelle; LuPone, Patti; McDaniel, Hattie; McDermott, Dylan; Parsons, Jim; Pope, Jeremy (Actor); Queen Latifah; Wong, Anna May; Hollywood (TV Program); Netflix Inc",https://www.nytimes.com/2020/05/01/arts/television/hollywood-ryan-murphy-netflix.html
2020,2020-05-01T16:38:33Z,2020s,May-Jun,"David Najem Has Been Reading a Lot, but He’d Rather Be Playing Soccer","With his league suspended, the professional defender stays fit by kicking the ball wherever he can — like on the parking deck in his apartment building.",,"With his league suspended, the professional defender stays fit by kicking the ball wherever he can — like on the parking deck in his apartment building.",Sports,Sports,News,article,1017.0,"Soccer; Najem, David (1992- ); Major League Soccer; Coronavirus (2019-nCoV); Quarantines; Shutdowns (Institutional)",https://www.nytimes.com/2020/05/01/sports/soccer/coronavirus-david-najem.html
2020,2020-05-01T17:29:20Z,2020s,May-Jun,"As Students Put Off College, Anxious Universities Tap Wait Lists","Uncertain that campuses will reopen, students are reluctant to commit for the fall. For schools, enrollment drops and lost revenue could be devastating.",,"Uncertain that campuses will reopen, students are reluctant to commit for the fall. For schools, enrollment drops and lost revenue could be devastating.",U.S.,National,News,article,1534.0,"Admissions Standards; Colleges and Universities; Coronavirus (2019-nCoV); Foreign Students (in US); Loyola University Maryland; University of California, Los Angeles; Columbia University; Cornell University; Indiana University; Texas Christian University; University of Houston",https://www.nytimes.com/2020/05/01/us/coronavirus-college-enrollment.html
2020,2020-05-24T12:13:37Z,,,Why China’s Move to Rein In Hong Kong Is Just the Start,"Xi Jinping’s China, emboldened by its handling of the coronavirus pandemic, no longer seems constrained by the threat of international rebuke.",,,World,,,,,,https://www.nytimes.com/2020/05/24/world/asia/china-hong-kong-taiwan.html
2020,2020-07-01T00:27:24Z,2020s,Jul-Aug,This Should Be Biden’s Bumper Sticker,"He will need a simple, clear message to counter Trump’s “Make America Great Again” trope.",,"He will need a simple, clear message to counter Trump’s “Make America Great Again” trope.",Opinion,OpEd,Op-Ed,article,1360.0,"Biden, Joseph R Jr; Trump, Donald J; Presidential Election of 2020; Coronavirus (2019-nCoV); United States Politics and Government",https://www.nytimes.com/2020/06/30/opinion/biden-trump-respect.html
2020,2020-07-01T03:12:06Z,2020s,Jul-Aug,"Harsh Penalties, Vaguely Defined Crimes: Hong Kong’s Security Law Explained","The legislation grants Beijing broad powers to crack down on a variety of political crimes, including meting out life imprisonment for “grave” offenses. But the law is rife with ambiguities.",,"The legislation grants Beijing broad powers to crack down on a variety of political crimes, including meting out life imprisonment for “grave” offenses. But the law is rife with ambiguities.",World,Foreign,News,article,1251.0,"Hong Kong; Law and Legislation; China; Xi Jinping; Communist Party of China; Hong Kong Protests (2019); Secession and Independence Movements; Great Britain; Pompeo, Mike; Politics and Government; Trump, Donald J; International Relations",https://www.nytimes.com/2020/06/30/world/asia/hong-kong-security-law-explain.html
2020,2020-07-01T04:09:34Z,2020s,Jul-Aug,"Europe Travel, Hong Kong Law, Russia: Your Wednesday Briefing",Here’s what you need to know.,,Here’s what you need to know.,Briefing,NYTNow,briefing,article,1524.0,,https://www.nytimes.com/2020/07/01/briefing/europe-travel-hong-kong-law-russia.html
2020,2020-07-01T05:00:10Z,2020s,Jul-Aug,America and Europe Are Split on China. They Must Come Together.,The West sorely needs to be more strategic.,,The West sorely needs to be more strategic.,Opinion,OpEd,Op-Ed,article,934.0,"European Union; Germany; China; United States; Merkel, Angela; Xi Jinping; Leipzig (Germany)",https://www.nytimes.com/2020/07/01/opinion/europe-china-united-states.html
2020,2020-07-01T05:00:12Z,2020s,Jul-Aug,Who Wants to Go to Fashion School in a Pandemic?,The coronavirus has triggered travel bans that could result in a significant drop in enrollment at top art and design schools.,,The coronavirus has triggered travel bans that could result in a significant drop in enrollment at top art and design schools.,Fashion,Styles,News,article,1455.0,"Fashion and Apparel; Education (K-12); Colleges and Universities; Layoffs and Job Reductions; Shutdowns (Institutional); Central Saint Martins College of Art and Design; Royal Academy of Fine Arts (Antwerp, Belgium); Royal College of Art (London); Savannah College of Art and Design; van Beirendonck, Walter; China; Europe; Great Britain; Paris (France)",https://www.nytimes.com/2020/07/01/fashion/who-wants-to-go-to-fashion-school-in-a-pandemic.html
2020,2020-07-01T08:50:02Z,2020s,Jul-Aug,China Announces New Retaliation Against U.S. News Outlets,"Beijing demanded that four organizations submit information about their operations in China, adding to tensions with the U.S. over the treatment of journalists.",,"Beijing demanded that four organizations submit information about their operations in China, adding to tensions with the U.S. over the treatment of journalists.",Business,Business,News,article,472.0,News and News Media; Newspapers; State Department; China,https://www.nytimes.com/2020/07/01/business/media/china-journalists-crackdown.html
2020,2020-07-01T09:00:19Z,2020s,Jul-Aug,The World Builds a Wall to Keep America Out,America has no monopoly on success.,,America has no monopoly on success.,Opinion,OpEd,Op-Ed,article,1095.0,"Immigration and Emigration; Coronavirus (2019-nCoV); United States Politics and Government; Coronavirus Reopenings; Trump, Donald J",https://www.nytimes.com/2020/07/01/opinion/us-travel-ban-europe.html
2020,2020-07-01T09:00:28Z,2020s,Jul-Aug,"China’s Software Stalked Uighurs Earlier and More Widely, Researchers Learn","A new report revealed a broad campaign that targeted Muslims in China and their diaspora in other countries, beginning as early as 2013.",,A new report revealed a campaign that targeted Muslims in China and other countries on a scale far larger than had been realized.,Technology,Business,News,article,1259.0,China; Uighurs (Chinese Ethnic Group); Surveillance of Citizens by Government; Cyberwarfare and Defense; Mobile Applications; Smartphones; Computers and the Internet; Android (Operating System); Muslims and Islam; Privacy; People's Liberation Army (China); Lookout Inc; Facebook Inc; Google Inc,https://www.nytimes.com/2020/07/01/technology/china-uighurs-hackers-malware-hackers-smartphones.html
2020,2020-07-01T09:00:36Z,2020s,Jul-Aug,Did Floyd Protests Lead to a Virus Surge? Here’s What We Know,Epidemiologists have braced for a surge of coronavirus cases. But it has not come yet.,,Epidemiologists have braced for a surge of coronavirus cases. But it has not come yet.,New York,Metro,News,article,1231.0,New York City; George Floyd Protests (2020); Coronavirus (2019-nCoV); Disease Rates; Quarantines; Health and Mental Hygiene Department (NYC),https://www.nytimes.com/2020/07/01/nyregion/nyc-coronavirus-protests.html
2020,2020-07-01T09:00:41Z,2020s,Jul-Aug,Trump’s New Russia Problem: Unread Intelligence and Missing Strategy,High-level clearance is not required to see that the list of Russian aggressions in recent weeks rivals some of the worst days of the Cold War.,,It doesn’t require a high-level clearance to see that the list of recent Russian aggressions rivals some of the worst days of the Cold War.,U.S.,Washington,News Analysis,article,1281.0,"Russia; United States International Relations; Trump, Donald J; Putin, Vladimir V; Afghanistan; Taliban; Afghanistan War (2001- ); United States Defense and Military Forces; United States Politics and Government; Russian Interference in 2016 US Elections and Ties to Trump Associates; Embargoes and Sanctions; Cyberwarfare and Defense; Cold War Era; State Department; Pompeo, Mike; North Atlantic Treaty Organization; Group of Eight",https://www.nytimes.com/2020/07/01/us/politics/trump-putin-russia-taliban-bounty.html
2020,2020-07-01T09:05:58Z,2020s,Jul-Aug,"As China Strengthens Grip on Hong Kong, Taiwan Sees a Threat",The sweeping new security law in Hong Kong has further eroded what little support there was in Taiwan for unifying with the mainland.,,The sweeping new security law in Hong Kong has further eroded what little support there was in Taiwan for unifying with the mainland.,World,Foreign,News,article,1363.0,"Taiwan; China; Politics and Government; Defense and Military Forces; Secession and Independence Movements; Xi Jinping; Tsai Ing-wen; Trump, Donald J; United States; International Relations",https://www.nytimes.com/2020/07/01/world/asia/taiwan-china-hong-kong.html
2020,2020-07-01T09:17:32Z,2020s,Jul-Aug,"U.S. Reports Nearly 50,000 New Coronavirus Cases, Another Single-Day Record","New Zealand’s health minister resigned. As nations try to rebuild their economies, many economists say that Europe may have the edge over the U.S.",,"Officials in eight states announced single-day highs, as the Midwest sees the beginnings of a resurgence. A New Jersey family that lost five members is focused on a cure.",World,National,News,article,5716.0,Coronavirus (2019-nCoV); Disease Rates,https://www.nytimes.com/2020/07/01/world/coronavirus-updates.html
2020,2020-07-01T10:00:15Z,2020s,Jul-Aug,It Isn’t Summer Without Hydrangeas,But they’re not all created equal. Here are some uncommon varieties you may not have considered.,,But they’re not all created equal. Here are some uncommon varieties you may not have considered.,Real Estate,AtHome,News,article,1602.0,Gardens and Gardening; Flowers and Plants; Content Type: Service,https://www.nytimes.com/2020/07/01/realestate/how-to-grow-hydrangea-uncommon-varieties.html
2020,2020-07-01T10:36:36Z,2020s,Jul-Aug,An Election Day Success,And what else you need to know today.,,"Make sense of the news, every day, with David Leonhardt.",Briefing,NYTNow,briefing,article,1772.0,,https://www.nytimes.com/2020/07/01/briefing/colorado-coronavirus-hong-kong-your-wednesday-briefing.html
2020,2020-07-01T11:07:59Z,2020s,Jul-Aug,Biden Says Trump ‘Waved the White Flag’,The Democratic challenger goes on offense over the coronavirus: This is your morning tip sheet.,,The Democratic challenger goes on offense over the coronavirus: This is your morning tip sheet.,U.S.,Politics,News,article,1453.0,"Biden, Joseph R Jr; Trump, Donald J; Presidential Election of 2020; United States Politics and Government; Coronavirus (2019-nCoV); Coronavirus Reopenings",https://www.nytimes.com/2020/07/01/us/politics/biden-trump-coronavirus.html
2020,2020-07-01T11:22:48Z,2020s,Jul-Aug,"In Hong Kong, Arrests and Fear Mark First Day of New Security Law","Protesters deleted social media accounts, as formerly allowed speech suddenly became a potential crime. The chill over the city has booksellers, professors and nonprofits questioning their future.",,"The police have arrested more than 300 people, including at least 10 over new offenses created by the security law. One of them was a 15-year-old girl.",World,Foreign,News,article,1528.0,China; Hong Kong; Politics and Government; Hong Kong Protests (2019); News and News Media; Human Rights and Human Rights Violations; Freedom of Speech and Expression; Freedom of the Press; Communist Party of China; Book Trade and Publishing,https://www.nytimes.com/2020/07/01/world/asia/hong-kong-security-law-china.html
2020,2020-07-01T12:35:29Z,2020s,Jul-Aug,How China Scammed Hong Kong,It pays to play the long game against people who want to be free.,,It pays to play the long game against people who want to be free.,Opinion,OpEd,Op-Ed,article,1684.0,"Defense and Military Forces; Politics and Government; Constitutions; Law and Legislation; Secession and Independence Movements; Embargoes and Sanctions; Extradition; Legislatures and Parliaments; Communist Party of China; Global Times; National People's Congress (China); Deng Xiaoping; Lam, Carrie (1957- ); Great Britain; Hong Kong; Tiananmen Square (Beijing); United States",https://www.nytimes.com/2020/07/01/opinion/hong-kong-security-law-china.html
2020,2020-07-01T13:00:43Z,2020s,Jul-Aug,"$360,000 Homes in Rhode Island, Michigan and Pennsylvania","A Dutch colonial-style house in Westerly, a condo in a converted commercial building in Grand Rapids and a goat farm in Lancaster County.",,"A Dutch colonial-style house in Westerly, a condo in a converted commercial building in Grand Rapids and a goat farm in Lancaster County.",Real Estate,RealEstate,News,article,1039.0,Real Estate and Housing (Residential); Grand Rapids (Mich); Westerly (RI); Peach Bottom (Pa); Lancaster County (Pa),https://www.nytimes.com/2020/07/01/realestate/360-thousand-dollar-homes-for-sale-ri-mi-pa.html
2020,2020-07-01T14:15:11Z,2020s,Jul-Aug,The Fear Factor: Bringing the Beijing Treatment to Hong Kong,"With the passage of the national security law, pro-democracy activists face the same dilemma as their mainland counterparts: choosing between fear and their ideals.",,"Pro-democracy activists now face the same dilemma as their mainland counterparts: choosing between fear and their ideals, our columnist writes.",World,Business,News,article,1410.0,"China; Hong Kong; Xi Jinping; Political Prisoners; Politics and Government; Hong Kong Protests (2019); Wong, Joshua (1996- )",https://www.nytimes.com/2020/07/01/world/hong-kong-security-law-fear.html
2020,2020-07-01T14:46:12Z,2020s,Jul-Aug,"It’s July 4, but the Firework Shows Won’t Go On",As many as 80 percent of the holiday fireworks displays in large cities and small towns have been canceled because of the pandemic.,,As many as 80 percent of the holiday fireworks displays in cities and towns have been canceled.,Business,Business,News,article,1166.0,Fireworks; Independence Day (US) (July 4); Coronavirus (2019-nCoV); Quarantines; States (US); United States,https://www.nytimes.com/2020/07/01/business/fourth-of-july-fireworks-displays.html
2020,2020-07-17T08:55:14Z,,,China’s Swimwear Capital Can’t Wait for You to Go Back to the Beach,"When the pandemic shut down pools and resorts around the globe, life slid to a halt in the seaside town of Xingcheng, a major producer of bikinis and trunks.",,,Business,,,,,,https://www.nytimes.com/2020/07/17/business/china-coronavirus-swimsuits.html
2020,2020-07-25T14:44:58Z,,,Officials Push U.S.-China Relations Toward Point of No Return,Top aides to President Trump want to leave a lasting legacy of ruptured ties between the two powers. China’s aggression has been helping their cause.,,,World,,,,,,https://www.nytimes.com/2020/07/25/world/asia/us-china-trump-xi.html
2020,2020-08-21T14:00:15Z,,,"Xi Declares War on Food Waste, and China Races to Tighten Its Belt","The Communist Party’s “clean plate” campaign targets livestreaming extreme eaters, wasteful diners and others amid concerns about China’s ability to feed its 1.4 billion people.",,,World,,,,,,https://www.nytimes.com/2020/08/21/world/asia/china-food-waste-xi.html
2020,2020-08-30T04:03:06Z,,,"With a Wary Eye on China, Taiwan Moves to Revamp Its Military",The self-governing democracy is taking steps to bolster its armed forces in order to deter or defeat an invasion from China — with or without American help.,,,World,,,,,,https://www.nytimes.com/2020/08/30/world/asia/taiwan-china-military.html
2020,2020-08-31T14:31:53Z,,,Trump’s Tariffs? Coronavirus? China’s Exports Are Surging Anyway,"Chinese companies account for a greater share of goods sold abroad, showing their tremendous strength despite mounting challenges.",,,Business,,,,,,https://www.nytimes.com/2020/08/31/business/trumps-tariffs-coronavirus-china-exports.html
2020,2020-09-01T00:00:08Z,2020s,Sep-Oct,Facebook Could Block Sharing of News Stories in Australia,"The move, a response to pressure to pay publishers when their stories are posted on the social network, could add to internet silos springing up around the world.",,"The move, a response to pressure to pay publishers when their stories are posted on the network, could add to internet silos springing up around the world.",Technology,Business,News,article,1079.0,Australia; Computers and the Internet; News and News Media; Social Media; Regulation and Deregulation of Industry; Facebook Inc; Google Inc; Rumors and Misinformation; Search Engines; Law and Legislation,https://www.nytimes.com/2020/08/31/technology/facebook-block-news-stories-australia.html
2020,2020-09-01T03:23:36Z,2020s,Sep-Oct,"Germany’s Far Right, ‘Hotel Rwanda,’ Spain: Your Tuesday Briefing",Here’s what you need to know.,,Here’s what you need to know.,Briefing,NYTNow,briefing,article,1590.0,,https://www.nytimes.com/2020/08/31/briefing/germany-spain-rwanda.html
2020,2020-09-01T07:00:11Z,2020s,Sep-Oct,These Scientists Are Giving Themselves D.I.Y. Coronavirus Vaccines,"Impatient for a coronavirus vaccine, dozens of scientists around the world are giving themselves — and sometimes, friends and family — their own unproven versions.",,"Impatient for a virus vaccine, dozens of scientists around the world are giving themselves — and sometimes, friends and family — their own unproven versions.",Science,Science,News,article,1888.0,"Coronavirus (2019-nCoV); Vaccination and Immunization; Stine, Johnny T; Clinical Trials; Research; Antibodies; Suits and Litigation (Civil); Regulation and Deregulation of Industry; Ethics and Official Misconduct; Church, George M; Washington (State); your-feed-healthcare",https://www.nytimes.com/2020/09/01/science/covid-19-vaccine-diy.html
2020,2020-09-01T09:00:13Z,2020s,Sep-Oct,2020 U.S. Open: What to Watch on Tuesday,Serena and Venus Williams are featured at Arthur Ashe Stadium as the first round of the United States Open continues.,,Serena and Venus Williams are featured at Arthur Ashe Stadium as the first round of the United States Open continues.,Sports,Sports,News,article,1367.0,"United States Open (Tennis); Tennis; Williams, Venus; Murray, Andy (1987- ); Muchova, Karolina (1996- ); Paul, Tommy (1997- ); Dimitrov, Grigor; Clijsters, Kim",https://www.nytimes.com/2020/09/01/sports/2020-us-open-what-to-watch-on-tuesday.html
2020,2020-09-01T09:01:00Z,2020s,Sep-Oct,"‘The Quiet Americans,’ by Scott Anderson: An Excerpt","An excerpt from “The Quiet Americans,” by Scott Anderson",,"An excerpt from “The Quiet Americans,” by Scott Anderson",Books,BookReview,Review,article,3142.0,,https://www.nytimes.com/2020/09/01/books/review/the-quiet-americans-by-scott-anderson-an-excerpt.html
2020,2020-09-01T09:23:46Z,2020s,Sep-Oct,"C.D.C. Halts Evictions, Citing Covid-19 Risks",The agency said it wanted to keep renters out of shelters. Apple and Google are making it easier for states to adopt contact tracing apps. Australia’s economy fell into recession.,,The agency’s action cited the coronavirus risk if tenants are forced into shelters or other crowded quarters. Catch up on the latest.,World,Foreign,News,article,5014.0,Coronavirus (2019-nCoV),https://www.nytimes.com/2020/09/01/world/covid-19-coronavirus.html
2020,2020-09-01T09:42:05Z,2020s,Sep-Oct,"Stocks rise, following August’s highs.",,,,Business,Business,Live Blog Post,article,191.0,,https://www.nytimes.com/live/2020/09/01/business/stock-market-today-coronavirus/stocks-rise-following-augusts-highs
2020,2020-09-01T10:32:42Z,2020s,Sep-Oct,America’s Death Gap,And what else you need to know today.,,"Make sense of the news, every day, with David Leonhardt.",Briefing,NYTNow,briefing,article,1682.0,,https://www.nytimes.com/2020/09/01/briefing/coronavirus-kenosha-massachusetts-your-tuesday-briefing.html
2020,2020-09-01T10:58:30Z,2020s,Sep-Oct,Tit for Tat for TikTok,"The app is the latest front in an intensifying tech Cold War between the U.S. and China, with collateral damage for companies around the world.",,"The app is the latest front in an intensifying tech Cold War between the U.S. and China, with collateral damage for companies around the world.",Business,Business,News,article,1633.0,"United States International Relations; Mergers, Acquisitions and Divestitures; JC Penney Company Inc; TikTok (ByteDance); Navarro, Peter",https://www.nytimes.com/2020/09/01/business/dealbook/tiktok-trump-china-cold-war.html
2020,2020-09-01T14:03:12Z,2020s,Sep-Oct,Reflections on Our Summer Reading Contest and Our Final Week of Winners,"Thoughts from participants and judges on our 11th annual contest, and a winning essay from Ava Isabella Kendra Haddock.",,"Thoughts from participants and judges on our 11th annual contest, and a winning essay from Ava Isabella Kendra Haddock.",The Learning Network,Learning,News,article,1968.0,,https://www.nytimes.com/2020/09/01/learning/reflections-on-our-summer-reading-contest-and-our-final-week-of-winners.html
2020,2020-09-01T17:38:08Z,2020s,Sep-Oct,"Across the Globe, Students Head Back to School","Students and teachers returned to classrooms around the world, hopeful, excited — and wary.",,"Students and teachers returned to classrooms around the world, hopeful, excited — and wary.",World,Foreign,News,article,818.0,Coronavirus Reopenings; Education (K-12),https://www.nytimes.com/2020/09/01/world/schools-reopen-globe-students.html
2020,2020-09-01T19:18:53Z,2020s,Sep-Oct,"Russians Again Targeting Americans With Disinformation, Facebook and Twitter Say",The companies said the F.B.I. had warned them that the Kremlin-backed Internet Research Agency set up a network of fake user accounts and a website.,,The companies said they had been warned by the F.B.I. that a so-called troll farm in St. Petersburg set up a network of fake user accounts and a website.,Technology,Business,News,article,1368.0,Russian Interference in 2016 US Elections and Ties to Trump Associates; Social Media; Rumors and Misinformation; Facebook Inc; Internet Research Agency (Russia); Presidential Election of 2020; Twitter; News and News Media; Peace Data,https://www.nytimes.com/2020/09/01/technology/facebook-russia-disinformation-election.html
2020,2020-09-01T19:32:10Z,2020s,Sep-Oct,How a Bus Ride Turned Into a Coronavirus Superspreader Event,"One-third of passengers aboard a bus were infected by a fellow passenger, scientists reported.",,"One-third of passengers aboard a bus were infected by a fellow passenger, scientists reported.",Health,Science,News,article,805.0,your-feed-science; Coronavirus Risks and Safety Concerns; Buses; Coronavirus (2019-nCoV); Buddhism; Chinese Center for Disease Control and Prevention; JAMA Internal Medicine (Journal); China,https://www.nytimes.com/2020/09/01/health/coronavirus-bus-china.html
2020,2020-09-01T19:44:56Z,2020s,Sep-Oct,Your Wednesday Briefing,"Russia’s outbreak, TikTok deal, schools reopening: Here’s what you need to know.",,Here’s what you need to know.,Briefing,NYTNow,briefing,article,1403.0,,https://www.nytimes.com/2020/09/01/briefing/russia-outbreak-tiktok-deal-samsung-charges.html
2020,2020-09-01T21:45:04Z,2020s,Sep-Oct,Coronavirus Briefing: What Happened Today,Some researchers have begun testing experimental vaccines on themselves.,,Some researchers have begun testing experimental vaccines on themselves.,U.S.,NYTNow,briefing,article,923.0,Coronavirus (2019-nCoV); Vaccination and Immunization,https://www.nytimes.com/2020/09/01/us/coronavirus-today.html
2020,2020-09-01T23:36:38Z,2020s,Sep-Oct,Trump Isn’t Here to Serve the People,He has shown that we need new laws to constrain a president who seeks unchecked power.,,He has shown that we need new laws to constrain an executive who seeks unchecked power.,Opinion,OpEd,Op-Ed,article,959.0,"Trump, Donald J; Presidential Election of 2020; Corruption (Institutional); Russian Interference in 2016 US Elections and Ties to Trump Associates; Law and Legislation",https://www.nytimes.com/2020/09/01/opinion/trump-corruption-democracy.html
2020,2020-09-02T09:00:15Z,2020s,Sep-Oct,Someone to Always Spill the Tea With,"Jessica Hanser struck up a conversation with James Atkinson a couple of years ago at London’s British Library, and the two haven’t stopped talking since.",,"Jessica Hanser struck up a conversation with James Atkinson a couple of years ago at London’s British Library, and the two haven’t stopped talking since.",Fashion,Styles,News,article,1452.0,Weddings and Engagements; Marriages; Quarantines; Singapore,https://www.nytimes.com/2020/09/02/fashion/weddings/someone-to-always-spill-the-tea-with.html
2020,2020-09-02T09:00:24Z,2020s,Sep-Oct,This Is the Only Country My Mother Calls Her Own,"My mother moved to America in 1989. This summer, amid a pandemic and an uprising, she voted for the first time.",,"My mother moved to America in 1989. This summer, amid a pandemic and an uprising, she voted for the first time.",Opinion,OpEd,Op-Ed,article,991.0,Immigration and Emigration; Coronavirus (2019-nCoV); Discrimination; China; Voting and Voters; United States Politics and Government,https://www.nytimes.com/2020/09/02/opinion/immigrant-voting.html
2020,2020-09-02T09:00:41Z,2020s,Sep-Oct,TriBeCa: Cobblestone Streets and Multimillion-Dollar Homes,"Neighborhood residents call it Triburbia, for its resemblance to a close-knit suburb in the city — but one that few can afford.",,"Neighborhood residents call it Triburbia, for its resemblance to a close-knit suburb in the city — but one that few can afford.",Real Estate,RealEstate,News,article,1246.0,"Real Estate and Housing (Residential); TriBeCa (Manhattan, NY); Manhattan (NYC)",https://www.nytimes.com/2020/09/02/realestate/living-in-tribeca.html
2020,2020-09-02T09:01:07Z,2020s,Sep-Oct,"America, Don’t Try to Out-China China",Beijing’s nationalism will be self-defeating in the long term. Washington should just let that run its course.,,Beijing’s nationalism will be self-defeating in the long term. Washington should just let that run its course.,Opinion,OpEd,Op-Ed,article,1129.0,"China; Nationalism (Theory and Philosophy); United States International Relations; Coronavirus (2019-nCoV); Embargoes and Sanctions; International Relations; United States Politics and Government; Trump, Donald J",https://www.nytimes.com/2020/09/02/opinion/us-china-nationalism.html
2020,2020-09-06T18:46:37Z,,,Joe Biden’s China Journey,"As a United States senator, he spoke of transforming China through trade. As a presidential candidate two decades later, he denounces it as a “dictatorship.”",,,U.S.,,,,,,https://www.nytimes.com/2020/09/06/us/politics/biden-china.html
2020,2020-09-12T04:10:10Z,,,How China Brought Nearly 200 Million Students Back to School,"China says the reopening of classrooms proves that its top-down system is superior. To overwhelmed teachers and students stuck on campuses, its restrictions can feel like overkill.",,,World,,,,,,https://www.nytimes.com/2020/09/12/world/asia/china-schools-reopening.html
2020,2020-09-12T15:30:06Z,,,Disney Wanted to Make a Splash in China With ‘Mulan.’ It Stumbled Instead.,A political controversy over a filming location was a rare blunder for one of the world’s savviest companies in dealing with China.,,,Business,,,,,,https://www.nytimes.com/2020/09/12/business/media/disney-mulan-china.html
2020,2020-09-26T09:00:20Z,,,"China Gives Unproven Covid-19 Vaccines to Thousands, With Risks Unknown","Drug company workers, government officials and others have been injected outside the usual testing process. More will be soon, bewildering experts who worry about potential ill effects.",,,Business,,,,,,https://www.nytimes.com/2020/09/26/business/china-coronavirus-vaccine.html
2020,2020-10-19T02:01:00Z,,,"With Covid-19 Under Control, China’s Economy Surges Ahead",Exports jumped and local governments engaged in a binge of debt-fueled construction projects. Even consumer spending is finally recovering.,,,Business,,,,,,https://www.nytimes.com/2020/10/18/business/china-economy-covid.html
2020,2020-10-20T23:31:10Z,,,Trump Records Shed New Light on Chinese Business Pursuits,"As he raises questions about his opponent’s standing with China, President Trump’s taxes reveal details about his own activities there, including a previously unknown bank account.",,,U.S.,,,,,,https://www.nytimes.com/2020/10/20/us/trump-taxes-china.html
2020,2020-11-01T06:34:06Z,2020s,Nov-Dec,8 Pro-Democracy Politicians Arrested in Hong Kong Over Heated Meeting,"The Hong Kong politicians were arrested in connection with a contentious meeting in May, when the local legislature’s chambers were filled with protest over a battle for control over a key committee.",,"The Hong Kong politicians were arrested in connection with a contentious meeting in May, when the local legislature’s chambers were filled with protest over a battle for control over a key committee.",World,Foreign,News,article,557.0,"Politics and Government; Law and Legislation; Hong Kong Protests (2019); Demonstrations, Protests and Riots; Chu Hoi-dick, Eddie; Hong Kong",https://www.nytimes.com/2020/11/01/world/asia/hong-kong-prodemocracy-lawmakers-arrested-legco.html
2020,2020-11-01T10:00:09Z,2020s,Nov-Dec,"U.S. Diplomat Coughs Online, and European Allies Wonder if They Were Exposed",A senior State Department official who tested positive for the coronavirus after a trip to Europe has angered other diplomats and irritated foreign officials whom he could have infected.,,A senior State Department official who tested positive for the coronavirus after a trip to Europe has angered other diplomats and irritated foreign officials whom he could have infected.,U.S.,Washington,News,article,1170.0,"United States International Relations; Diplomatic Service, Embassies and Consulates; Coronavirus (2019-nCoV); State Department; Biegun, Stephen E; Hutchison, Kay Bailey; Pompeo, Mike; Trump, Donald J; Berkowitz, Peter (1959- ); Europe",https://www.nytimes.com/2020/11/01/us/politics/coronavirus-state-department-diplomats.html
2020,2020-11-01T10:00:33Z,2020s,Nov-Dec,He Already Saw the Election as Good vs. Evil. Then His Tractor Burned.,"In Nebraska, President Trump’s supporters hope he wins a second term, and that they get four more years of feeling like the country’s leader understands and defends them.",,"In Nebraska, President Trump’s supporters hope he wins, and that they get four more years of feeling like the country’s leader understands and defends them.",U.S.,Politics,News,article,1789.0,"Presidential Election of 2020; United States Politics and Government; Rural Areas; Agriculture and Farming; Trump, Donald J; Nebraska; Vandalism; Henderson (Neb); Arson",https://www.nytimes.com/2020/11/01/us/politics/trump-tractor-fire-nebraska.html
2020,2020-11-01T14:28:45Z,2020s,Nov-Dec,Cases are rising in Russia’s far-flung provinces.,,,,World,Foreign,Live Blog Post,article,303.0,,https://www.nytimes.com/live/2020/11/01/world/covid-19-coronavirus-updates/cases-are-rising-in-russias-far-flung-provinces
2020,2020-11-01T14:28:46Z,2020s,Nov-Dec,"After coughing, a State Department official met with European diplomats. Then he tested positive.",,,,World,Foreign,News,article,331.0,,https://www.nytimes.com/2020/11/01/world/after-coughing-a-state-department-official-met-with-european-diplomats-then-he-tested-positive.html
2020,2020-11-01T14:28:46Z,2020s,Nov-Dec,"For Australians, geographic isolation is now something to embrace.",,,,World,Foreign,News,article,320.0,,https://www.nytimes.com/2020/11/01/world/for-australians-geographic-isolation-is-now-something-to-embrace.html
2020,2020-11-01T19:29:43Z,2020s,Nov-Dec,Your Monday Briefing,"Assessing Goni, the 18th typhoon to hit the Philippines this year.",,Here's what you need to know.,Briefing,NYTNow,briefing,article,1345.0,"Coronavirus (2019-nCoV); Coronavirus Reopenings; Coronavirus Aid, Relief, and Economic Security Act (2020)",https://www.nytimes.com/2020/11/01/briefing/lockdown-europe-goni-philippines-hongkong-us-election.html
2020,2020-11-01T22:00:03Z,2020s,Nov-Dec,"What’s Going On in This Picture? | Nov. 2, 2020","Look closely at this image, stripped of its caption, and join the moderated conversation about what you and other students see.",,"Look closely at this image, stripped of its caption, and join the moderated conversation about what you and other students see.",The Learning Network,Learning,News,article,320.0,Multi,https://www.nytimes.com/2020/11/01/learning/whats-going-on-in-this-picture-nov-2-2020.html
2020,2020-11-02T09:53:57Z,,,"In Hunt for Virus Source, W.H.O. Let China Take Charge","As it praised Beijing, the World Health Organization concealed concessions to China and may have sacrificed the best chance to unravel the virus’s origins. Now it’s a favorite Trump attack line.",,,World,,,,,,https://www.nytimes.com/2020/11/02/world/who-china-coronavirus.html
2020,2020-11-02T10:00:18Z,2020s,Nov-Dec,Why Iowa Is in Play,"With Covid-19 and devastating storms, the state needs smart government — and Joe Biden has ideas for governing.",,"With Covid-19 and devastating storms, the state needs smart government — and Joe Biden has ideas for governing.",Opinion,OpEd,Op-Ed,article,1084.0,"Presidential Election of 2020; Agriculture and Farming; Coronavirus (2019-nCoV); Crop Controls and Subsidies; Democratic Party; Republican Party; Biden, Joseph R Jr; Trump, Donald J; Ernst, Joni; Greenfield, Theresa (1963- ); Iowa; Des Moines (Iowa); Knoxville (Iowa)",https://www.nytimes.com/2020/11/02/opinion/iowa-trump-biden-2020.html
2020,2020-11-02T10:02:09Z,2020s,Nov-Dec,"In the hunt for the source of the virus, the W.H.O. let China take charge.",,,,World,Foreign,Live Blog Post,article,432.0,,https://www.nytimes.com/live/2020/11/02/world/covid-19-coronavirus-updates/in-the-hunt-for-the-source-of-the-virus-the-who-let-china-take-charge
2020,2020-11-02T16:03:36Z,2020s,Nov-Dec,When the Virus Came for the American Dream,"Buford Highway, in suburban Atlanta, has long been a place where immigrant entrepreneurs could build businesses and get ahead. Not this year.",,"Buford Highway, in suburban Atlanta, has long been a place where immigrant entrepreneurs could build businesses and get ahead. Not this year.",Magazine,Magazine,News,article,7677.0,Buford Highway (Ga); Coronavirus Reopenings; Atlanta (Ga); Income Inequality; Immigration and Emigration; Shutdowns (Institutional); Coronavirus (2019-nCoV); Doraville (Ga); Small Business; Hispanic-Americans,https://www.nytimes.com/2020/11/02/magazine/covid-business-atlanta.html
2020,2020-11-02T20:07:49Z,2020s,Nov-Dec,Your Tuesday Briefing,China’s power in a W.H.O. investigation.,,China’s power in a W.H.O. investigation.,Briefing,NYTNow,briefing,article,1463.0,,https://www.nytimes.com/2020/11/02/briefing/china-thailand-military-trump-biden.html
2020,2020-11-02T22:51:29Z,2020s,Nov-Dec,"Election Eve, Polls, W.H.O.: Your Monday Evening Briefing",Here’s what you need to know at the end of the day.,,Here’s what you need to know at the end of the day.,Briefing,NYTNow,briefing,article,1219.0,"Coronavirus (2019-nCoV); Coronavirus Reopenings; Coronavirus Aid, Relief, and Economic Security Act (2020)",https://www.nytimes.com/2020/11/02/briefing/election-eve-polls-who-vienna.html
2020,2020-11-02T22:55:06Z,2020s,Nov-Dec,"U.S. Cyber Command Expands Operations to Hunt Hackers From Russia, Iran and China","Building on a 2018 effort, Cyber Command sent teams to Europe, the Middle East and Asia to learn more about how adversaries could threaten the election this year.",,"Building on a 2018 effort, Cyber Command sent teams to Europe, the Middle East and Asia to learn more about how adversaries could threaten the election this year.",U.S.,Washington,News,article,776.0,United States Cyber Command; Cyberwarfare and Defense; United States Politics and Government; United States Defense and Military Forces; China; Iran; Russia,https://www.nytimes.com/2020/11/02/us/politics/cyber-command-hackers-russia.html
2020,2020-11-03T03:13:51Z,2020s,Nov-Dec,"Vienna, U.S. Election, Covid-19: Your Tuesday Briefing",Here’s what you need to know.,,Here's what you need to know.,Briefing,NYTNow,briefing,article,1652.0,,https://www.nytimes.com/2020/11/02/briefing/vienna-attack-us-election-covid-19.html
2020,2020-11-03T04:07:16Z,2020s,Nov-Dec,President Trump’s 2020,New York Times photographers have documented President Trump throughout 2020 from his impeachment trial to his  campaign against Joseph R. Biden Jr. ,,New York Times photographers have documented President Trump throughout 2020 from his impeachment trial to his  campaign against Joseph R. Biden Jr. ,U.S.,Politics,News,article,1167.0,"Presidential Election of 2020; Trump, Donald J; United States; Coronavirus (2019-nCoV)",https://www.nytimes.com/2020/11/02/us/politics/donald-trump-2020-presidential-campaign-photos.html
2020,2020-11-03T05:39:17Z,2020s,Nov-Dec,China Halts Ant Group’s Blockbuster I.P.O.,A dual listing in Shanghai and Hong Kong was postponed one day after Chinese regulators summoned Jack Ma and other executives of the financial technology giant.,,A dual listing in Shanghai and Hong Kong was postponed one day after regulators summoned executives from the Ant Group.,Technology,Business,News,article,931.0,"Ant Financial Services Group; Initial Public Offerings; China; Regulation and Deregulation of Industry; Banking and Financial Institutions; Mobile Applications; Stocks and Bonds; Alipay; Alibaba Group Holding Ltd; Ma, Jack; Shanghai Stock Exchange; Hong Kong Stock Exchange",https://www.nytimes.com/2020/11/03/technology/ant-ipo-jack-ma-summoned.html
2020,2020-11-03T08:00:11Z,2020s,Nov-Dec,"China Envisions a New Hong Kong, Firmly Under Its Control",The government hopes to turn Hainan Island into a financial and shopping destination. Matching the former British colony won’t be easy.,,"The government hopes to turn Hainan Island into a financial and shopping destination, but matching the former British colony won’t be easy.",Business,Business,News,article,1260.0,Politics and Government; International Trade and World Market; Shopping and Retail; Corporate Taxes; Income Tax; Tax Shelters; Travel and Vacations; Luxury Goods and Services; Communist Party of China; China; Hainan Island (China),https://www.nytimes.com/2020/11/03/business/china-hong-kong-hainan-island.html
2020,2020-11-03T10:00:04Z,2020s,Nov-Dec,Her Grandmother Taught Her How to Steal. Now What?,"In her debut novel, “White Ivy,” Susie Yang explores the life of a complicated character.",,"In her debut novel, “White Ivy,” Susie Yang explores the life of a complicated character.",Books,BookReview,Review,article,704.0,"Books and Literature; White Ivy: A Novel (Book); Yang, Susie (Author)",https://www.nytimes.com/2020/11/03/books/review/white-ivy-susie-yang.html
2020,2020-11-23T14:12:08Z,,,"China Says It Remains Open to the World, but Wants to Dictate Terms","China’s leader, Xi Jinping, is pursuing a strategy to make the country’s economy more self-sufficient, while making other places more dependent on it than ever.",,,World,,,,,,https://www.nytimes.com/2020/11/23/world/asia/china-xi-jinping-globalization.html
2020,2020-12-14T18:54:49Z,,,"With Americans Stuck at Home, Trade With China Roars Back",Reducing trade with China was supposed to happen in 2020. But demand for Chinese goods has soared amid pandemic lockdowns.,,,Business,,,,,,https://www.nytimes.com/2020/12/14/business/economy/us-china-trade-covid.html
2020,2020-12-16T15:53:00Z,,,"China Brings Moon Rocks to Earth, and a New Era of Competition to Space","The Chang’e-5 mission’s success highlights the progress of China’s space program, and growing rivalry with the United States.",,,Science,,,,,,https://www.nytimes.com/2020/12/16/science/china-moon-mission-rocks.html
2020,2020-12-19T10:00:14Z,,,No ‘Negative’ News: How China Censored the Coronavirus,Thousands of internal directives and reports reveal how Chinese officials stage-managed what appeared online in the early days of the outbreak.,,,Technology,,,,,,https://www.nytimes.com/2020/12/19/technology/china-coronavirus-censorship.html
2020,2020-12-29T23:43:44Z,,,"China Has All It Needs to Vaccinate Millions, Except Any Approved Vaccines","Across the country, local governments plan to inoculate 50 million people against the coronavirus by early next year. But the vaccines have not officially been approved.",,,Business,,,,,,https://www.nytimes.com/2020/12/29/business/china-coronavirus-vaccine.html
2020,2020-12-30T10:03:18Z,,,25 Days That Changed the World: How Covid-19 Slipped China’s Grasp,"Beijing acted against the coronavirus with stunning force, as its official narratives recount. But not before a political logjam had allowed a local outbreak to kindle a global pandemic.",,,World,,,,,,https://www.nytimes.com/2020/12/30/world/asia/china-coronavirus.html
2020,2020-12-31T10:00:26Z,,,"Jobs, Houses and Cows: China’s Costly Drive to Erase Extreme Poverty","China has spent heavily to help its poorest citizens, an approach that few developing countries can afford and even Beijing may struggle to sustain.",,,World,,,,,,https://www.nytimes.com/2020/12/31/world/asia/china-poverty-xi-jinping.html
2021,2021-01-01T03:30:18Z,2020s,Jan-Feb,Your Friday Briefing,A very different New Year’s Eve.,,Here's what you need to know.,Briefing,NYTNow,briefing,article,1436.0,,https://www.nytimes.com/2020/12/31/briefing/coronavirus-trump-new-years-day.html
2021,2021-01-01T07:44:05Z,2020s,Jan-Feb,New York to Delist Chinese Telecom Firms in Symbolic Shift,"The move follows an order from the Trump administration, which says the companies are tied to China’s military. But they don’t need Wall Street as much as they once did.",,"The move follows an order from the Trump administration, which says the companies are tied to China’s military. But they don’t need Wall Street as much as they once did.",Business,Business,News,article,621.0,"China; New York Stock Exchange; Executive Orders and Memorandums; United States International Relations; China Telecom; China Unicom (Hong Kong) Ltd; China Mobile Ltd; Stocks and Bonds; Trump, Donald J; Telephones and Telecommunications; Blacklisting",https://www.nytimes.com/2021/01/01/business/nyse-delist-china-mobile.html
2021,2021-01-01T10:00:13Z,2020s,Jan-Feb,Confessions of a Virtual Reality Gym Rat,"The workouts are real, even if the impossibly beautiful scenery is not.",,"The workouts are real, even if the impossibly beautiful scenery is not, Kevin Roose writes.",Technology,Business,News,article,1004.0,Exercise; Virtual Reality (Computers); Computer and Video Games; Mobile Applications; Headphones and Headsets; Oculus VR Inc; Supernatural (Mobile App); Within Unlimited Inc; Facebook Inc; Content Type: Service; Quarantine (Life and Culture),https://www.nytimes.com/2021/01/01/technology/confessions-of-a-virtual-reality-gym-rat.html
2021,2021-01-01T10:00:22Z,2020s,Jan-Feb,A Monster Wind Turbine Is Upending an Industry,"G.E.’s giant machine, which can light up a small town, is stoking a renewable-energy arms race.",,"G.E.’s giant machine, which can light up a small town, is stoking a renewable-energy arms race.",Business,Business,News,article,1363.0,Wind Power; Alternative and Renewable Energy; Electric Light and Power; Innovation; General Electric Company; Orsted AS; Siemens Gamesa Renewable Energy SA; Vestas Wind Systems AS; Europe,https://www.nytimes.com/2021/01/01/business/GE-wind-turbine.html
2021,2021-01-01T10:06:11Z,2020s,Jan-Feb,An Imprint Neither Could Forget,Matthew Specktor and Samantha Culp first met at a book-signing benefit in 2013. They reconnected nearly six years later on a dating website.,,Matthew Specktor and Samantha Culp first met at a book-signing benefit in 2013. They reconnected nearly six years later on a dating website.,Style,Styles,News,article,1139.0,"Weddings and Engagements; Marriages; Culp, Robert; Writing and Writers",https://www.nytimes.com/2021/01/01/style/an-imprint-neither-could-forget.html
2021,2021-01-01T13:00:09Z,2020s,Jan-Feb,Furnishing Your Home in a Pandemic Will Require Patience,"The coronavirus has disrupted supply chains in unpredictable ways, creating long waits for basic items like dishwashers and love seats.",,"The coronavirus has disrupted supply chains in unpredictable ways, creating long waits for items like dishwashers and love seats.",Real Estate,RealEstate,News,article,1167.0,Real Estate and Housing (Residential); Interior Design and Furnishings; Furniture; Quarantine (Life and Culture); Shopping and Retail,https://www.nytimes.com/2021/01/01/realestate/pandemic-home-furnishings.html
2021,2021-01-01T16:20:18Z,2020s,Jan-Feb,"Citing incoming travelers, Turkey becomes the 33rd country to find the virus variant first identified in Britain.","The variant, which is more transmissible, has been found in three U.S. states: Florida, California and Colorado.",,"The variant, which is more transmissible, has been found in three U.S. states: Florida, California and Colorado.",World,Foreign,Live Blog Post,article,488.0,,https://www.nytimes.com/live/2021/01/02/world/covid-19-coronavirus/British-variant-Turkey-US-travel-restrictions
2021,2021-01-01T17:46:15Z,2020s,Jan-Feb,"Before Embracing America-First Agenda, David Perdue Was an Outsourcing Expert","Mr. Perdue, who faces one of two runoff elections in Georgia that will determine control of the Senate, built a business record that shifted manufacturing and jobs overseas.",,"Mr. Perdue, who faces one of two runoff elections in Georgia that will determine control of the Senate, built a business record that shifted manufacturing and jobs overseas.",U.S.,Politics,News,article,4134.0,"Georgia; Perdue, David A Jr; Elections, Senate; Ossoff, Jon; United States Politics and Government; Content Type: Personal Profile; Outsourcing; Dollar General Corp; Reebok International Ltd; Sara Lee Corp",https://www.nytimes.com/2021/01/01/us/politics/david-perdue-georgia-senate.html
2021,2021-01-01T19:35:08Z,2020s,Jan-Feb,"Senate Overrides Trump’s Veto of Defense Bill, Dealing a Legislative Blow","Republicans joined Democrats to deliver President Trump the first veto override of his presidency in the last days of his term in an overwhelming, bipartisan vote.",,"Republicans joined Democrats to deliver President Trump the first veto override of his presidency in the last days of his term in an overwhelming, bipartisan vote.",U.S.,Washington,News,article,1018.0,"Vetoes (US); Senate; Trump, Donald J; United States Defense and Military Forces; United States Politics and Government; Law and Legislation; Democratic Party; Republican Party; House of Representatives",https://www.nytimes.com/2021/01/01/us/politics/senate-override-trump-defense-bill.html
2021,2021-01-01T20:44:01Z,2020s,Jan-Feb,How Israel Became a World Leader in Vaccinating Against Covid-19,"Badly hit by the coronavirus, Israel has distributed the first of two vaccine doses to more than 10 percent of its population. Prime Minister Netanyahu is leading the charge, bolstering his own battered image along the way.",,"Badly hit by the coronavirus, Israel has distributed the first of two vaccine doses to more than 10 percent of its population. Prime Minister Netanyahu is leading the charge, bolstering his own battered image along the way.",World,Foreign,News,article,1239.0,"Coronavirus (2019-nCoV); Vaccination and Immunization; Pfizer Inc; Moderna Inc; Netanyahu, Benjamin; Israel",https://www.nytimes.com/2021/01/01/world/middleeast/israel-coronavirus-vaccines.html
2021,2021-01-01T23:42:32Z,2020s,Jan-Feb,"Without Trump, or Masks, Mar-a-Lago Partied On","President Trump did not attend his private social club’s annual New Year’s Eve bash, which hundreds of guests attended despite the coronavirus.",,"President Trump did not attend his private social club’s annual New Year’s Eve bash, which hundreds of guests attended despite the coronavirus.",U.S.,Washington,News,article,683.0,"United States Politics and Government; Parties (Social); Coronavirus (2019-nCoV); Beach Boys; Mar-a-Lago (Palm Beach, Fla); Trump, Donald J",https://www.nytimes.com/2021/01/01/us/politics/trump-new-years-eve-mar-a-lago.html
2021,2021-01-02T00:43:25Z,2020s,Jan-Feb,"Trump left town, but New Year’s festivities continued at Mar-a-Lago, indoors and without masks.",,,,World,Foreign,Live Blog Post,article,350.0,,https://www.nytimes.com/live/2021/01/01/world/covid-19-coronavirus-updates/trump-left-town-but-new-years-festivities-continued-at-mar-a-lago-indoors-and-without-masks
2021,2021-01-02T14:48:27Z,2020s,Jan-Feb,"Israel has vaccinated more of its population, by far, than any other country in the world.",,,,World,Foreign,Live Blog Post,article,317.0,,https://www.nytimes.com/live/2021/01/02/world/covid-19-coronavirus/israel-has-vaccinated-more-of-its-population-by-far-than-any-other-country-in-the-world
2021,2021-01-02T15:35:42Z,2020s,Jan-Feb,Conjuring Up the World Through the Sense of Taste,"Housebound because of the pandemic, an international correspondent finds a way to travel the globe in her kitchen.",,"Housebound because of the pandemic, an international correspondent finds a way to travel the globe in her kitchen.",World,Foreign,News,article,1114.0,Quarantine (Life and Culture); Cooking and Cookbooks; Pickles and Relishes; Coronavirus (2019-nCoV); Bangkok (Thailand); Thailand; Grandparents,https://www.nytimes.com/2021/01/02/world/asia/bangkok-food-coronavirus-lockdown.html
2021,2021-01-02T16:08:40Z,2020s,Jan-Feb,"Tesla Says It Hit Goal of Delivering 500,000 Cars in 2020",The milestone seemed unreachable just three years ago and comes as Tesla has seen a string of profitable quarters and a buoyant stock.,,The milestone seemed unreachable just three years ago and comes as Tesla has seen a string of profitable quarters and a buoyant stock.,Business,Business,News,article,464.0,"Tesla Motors Inc; Electric and Hybrid Vehicles; Factories and Manufacturing; Musk, Elon",https://www.nytimes.com/2021/01/02/business/tesla-2020-deliveries.html
2021,2021-01-02T16:55:47Z,2020s,Jan-Feb,"Tim Severin, Seafarer Who Replicated Explorers’ Journeys, Dies at 80",He and his crew sailed from Ireland to Newfoundland in a 36-foot boat like the one a sixth-century monk is believed to have used to cross the Atlantic.,,He and his crew sailed from Ireland to Newfoundland in a 36-foot boat like the one a sixth-century monk is believed to have used to cross the Atlantic.,Obituaries,Obits,Obituary (Obit),article,1128.0,"Severin, Tim; Sailboats and Sailing; Deaths (Obituaries); Exploration and Explorers; Books and Literature",https://www.nytimes.com/2021/01/02/obituaries/tim-severin-dead.html
2021,2021-01-02T18:18:38Z,2020s,Jan-Feb,"Grounded by the pandemic, our correspondent discovers the world in her kitchen in Bangkok.",,,,World,Foreign,Live Blog Post,article,293.0,,https://www.nytimes.com/live/2021/01/02/world/covid-19-coronavirus/grounded-by-the-pandemic-our-correspondent-discovers-the-world-in-her-kitchen-in-bangkok
2021,2021-01-02T19:15:04Z,2020s,Jan-Feb,‘From Crisis to Crisis’: The Moments That Defined a Historic Congress,"The 116th Congress has lurched through a government shutdown, the impeachment and trial of a president, and the deadliest pandemic in a century.",,"The 116th Congress has lurched through a government shutdown, the impeachment and trial of a president, and the deadliest pandemic in a century.",U.S.,Washington,News,article,1611.0,"United States Politics and Government; Law and Legislation; Coronavirus Aid, Relief, and Economic Security Act (2020); Trump-Ukraine Whistle-Blower Complaint and Impeachment Inquiry; House of Representatives; Senate; Supreme Court (US)",https://www.nytimes.com/2021/01/02/us/politics/congress-impeachment-coronavirus-trump.html
2021,2021-01-03T07:02:26Z,2020s,Jan-Feb,"June 23, 2020",,,,World,National,Live Blog Post,article,468.0,,https://www.nytimes.com/live/2021/01/03/world/late-notes-2020/june-23-2020
2021,2021-01-03T07:15:03Z,2020s,Jan-Feb,"March 12, 2020",,,,World,National,Live Blog Post,article,366.0,,https://www.nytimes.com/live/2021/01/03/world/late-notes-2020/march-12-2020
2021,2021-03-01T04:21:38Z,2020s,Mar-Apr,Trump Revives Familiar Falsehoods in CPAC Speech,The former president attacked his successor and continued to claim that he won the 2020 election.,,The former president attacked his successor and continued to claim that he won the 2020 election.,U.S.,Washington,News,article,1121.0,"United States Politics and Government; Trump, Donald J; Biden, Joseph R Jr; Conservative Political Action Conference; Rumors and Misinformation",https://www.nytimes.com/2021/02/28/us/politics/trump-cpac-fact-check.html
2021,2021-03-01T10:00:12Z,2020s,Mar-Apr,China Charges Ahead With a National Digital Currency,"The electronic Chinese yuan is now being tested in cities such as Shenzhen, Shanghai and Beijing. No other major power is as far along with a homegrown digital currency.",,"The electronic Chinese yuan is now being tested in cities such as Shenzhen, Shanghai and Beijing. No other major power is as far along with a homegrown digital currency.",Technology,Business,News,article,1200.0,Virtual Currency; Renminbi (Currency); Politics and Government; Bitcoin (Currency); Banking and Financial Institutions; Currency; Mobile Commerce and Payments; Mobile Applications; Alipay; People's Bank of China; WeChat (Mobile App); Innovation; Computers and the Internet,https://www.nytimes.com/2021/03/01/technology/china-national-digital-currency.html
2021,2021-03-01T11:26:00Z,2020s,Mar-Apr,Why Is China Still Going After Hong Kong So Hard?,President Xi Jinping may be putting personal ambition ahead of his country’s best interests.,,President Xi Jinping may be putting personal ambition ahead of his country’s best interests.,Opinion,OpEd,Op-Ed,article,1296.0,Secession and Independence Movements; Communist Party of China; Xi Jinping; Li Keqiang; Deng Xiaoping; Jiang Zemin; Mao Zedong; China; Hong Kong,https://www.nytimes.com/2021/03/01/opinion/hong-kong-security-law.html
2021,2021-03-01T11:49:46Z,2020s,Mar-Apr,"The Philippines begins its inoculation campaign, but public distrust runs deep.",,,,World,Foreign,News,article,630.0,,https://www.nytimes.com/2021/03/01/world/the-philippines-begins-its-inoculation-campaign-but-public-distrust-runs-deep.html
2021,2021-03-01T12:35:39Z,2020s,Mar-Apr,What Warren Buffett Is Buying,The Oracle of Omaha isn’t taking as many risks as he used to.,,The Oracle of Omaha isn’t taking as many risks as he used to.,Business,Business,News,article,1805.0,"Berkshire Hathaway Inc; Buffett, Warren E; Mergers, Acquisitions and Divestitures; Citigroup Inc; Private Equity; WeWork Companies Inc; SOFTBANK Corporation; Neumann, Adam",https://www.nytimes.com/2021/03/01/business/dealbook/warren-buffett-berkshire.html
2021,2021-03-01T15:47:18Z,2020s,Mar-Apr,How Can Biden Bring Back Manufacturing Jobs? Weaken the Dollar,Critics of a strong currency say it hurts American factory workers by making imports cheap.,,Critics of a strong currency say it hurts American factory workers by making imports cheap.,Business,Business,News,article,1534.0,"United States Economy; Currency; International Trade and World Market; US Dollar (Currency); Biden, Joseph R Jr; Labor and Jobs; Customs (Tariff); China; Renminbi (Currency); Factories and Manufacturing; United States Politics and Government",https://www.nytimes.com/2021/03/01/business/economy/biden-currency-trade.html
2021,2021-03-01T16:17:26Z,2020s,Mar-Apr,Why Trump Holds a Grip on the G.O.P.,Republicans still embrace the power of the ex-president’s agenda to galvanize voters and drive turnout.,,Republicans still embrace the power of the ex-president’s agenda to galvanize voters and drive turnout.,Opinion,OpEd,Op-Ed,article,1136.0,"United States Politics and Government; Conservatism (US Politics); Republican Party; Cruz, Ted; DeSantis, Ron; Haley, Nikki R; Trump, Donald J; Presidential Election of 2024",https://www.nytimes.com/2021/03/01/opinion/donald-trump-republican-party.html
2021,2021-03-01T18:12:03Z,2020s,Mar-Apr,Copying China’s Online Blockade,How other countries’ efforts to control the internet compare with China’s Great Firewall.,,How other countries’ efforts to control the internet compare with China’s Great Firewall.,Technology,Business,News,article,1158.0,Censorship; Computers and the Internet; China; Myanmar,https://www.nytimes.com/2021/03/01/technology/copying-chinas-online-blockade.html
2021,2021-03-01T19:12:07Z,2020s,Mar-Apr,Myanmar’s Military Deploys Digital Arsenal of Repression in Crackdown,"The generals who staged a coup last month use surveillance drones, iPhone cracking devices and hacking software, some of it from Western countries that bar sales of such technology to Myanmar.",,"The generals who staged a coup last month use surveillance drones, iPhone cracking devices and hacking software, some of it from Western countries that bar sales of such technology to Myanmar.",World,Foreign,News,article,2262.0,Myanmar; Coups D'Etat and Attempted Coups D'Etat; Surveillance of Citizens by Government; Defense and Military Forces; Min Aung Hlaing; Cyberwarfare and Defense; Embargoes and Sanctions; Arms Trade; Cellebrite Mobile Synchronization Ltd; MSAB Systemation AB; Kyaw Kyaw Htun; Elbit Systems Ltd; Gaia Automotive Industries Ltd,https://www.nytimes.com/2021/03/01/world/asia/myanmar-coup-military-surveillance.html
2021,2021-03-01T20:00:44Z,2020s,Mar-Apr,Your Tuesday Briefing,Myanmar’s high-tech crackdown.,,Myanmar’s high-tech crackdown.,Briefing,NYTNow,briefing,article,1516.0,,https://www.nytimes.com/2021/03/01/briefing/myanmar-charges-philippines-vaccines-digital-yuan.html
2021,2021-03-01T20:02:39Z,2020s,Mar-Apr,The Biden administration lays out its trade policy agenda for 2021.,,,,Business,Business,Live Blog Post,article,459.0,,https://www.nytimes.com/live/2021/03/01/business/covid-relief-bill-stimulus/biden-trade-policy-agenda
2021,2021-03-01T22:54:31Z,2020s,Mar-Apr,"State Aid, California, Cuomo: Your Monday Evening Briefing",Here’s what you need to know at the end of the day.,,Here’s what you need to know at the end of the day.,Briefing,NYTNow,briefing,article,1396.0,,https://www.nytimes.com/2021/03/01/briefing/state-aid-california-cuomo.html
2021,2021-03-01T22:57:36Z,2020s,Mar-Apr,"After Stimulus, Biden to Tackle Another Politically Tricky Issue: Infrastructure","Strengthening the country’s highways, bridges and broadband networks has broad popular support, but Washington remains bitterly divided on the details.",,"Strengthening the country’s highways, bridges and broadband networks has broad popular support, but Washington remains bitterly divided on the details.",Business,Washington,News,article,1800.0,"Infrastructure (Public Works); Republican Party; Senate; Stimulus (Economic); Coronavirus Aid, Relief, and Economic Security Act (2020); Bridges and Tunnels; Biden, Joseph R Jr; House of Representatives; Obama, Barack; Buttigieg, Pete (1982- ); United States Politics and Government",https://www.nytimes.com/2021/03/01/business/infrastructure-biden-stimulus.html
2021,2021-03-01T23:47:44Z,2020s,Mar-Apr,Where Biden’s Foreign Policy Is Taking the U.S.,The president diverges from both Donald Trump and Barack Obama with a complex vision of coalition-building.,,The president diverges from both Donald Trump and Barack Obama with a complex vision of coalition-building.,U.S.,Politics,News,article,1291.0,"Biden, Joseph R III; United States International Relations; United States Defense and Military Forces; United States Politics and Government; War and Armed Conflicts; Assassinations and Attempted Assassinations; Khashoggi, Jamal; Mohammed bin Salman (1985- ); Afghanistan War (2001- ); China",https://www.nytimes.com/2021/03/01/us/politics/biden-foreign-policy-trump-obama.html
2021,2021-03-02T03:21:49Z,2020s,Mar-Apr,Your Tuesday Briefing,A jail sentence for Sarkozy.,,Here’s what you need to know.,Briefing,Foreign,briefing,article,1466.0,"AstraZeneca PLC; Sarkozy, Nicolas; Navalny, Aleksei A; Coronavirus (2019-nCoV); Myanmar; France; Aung San Suu Kyi; Censorship; Stimulus (Economic)",https://www.nytimes.com/2021/03/01/briefing/sarkozy-myanmar-astrozeneca.html
2021,2021-03-02T07:33:28Z,2020s,Mar-Apr,Criminal Inquiries Loom Over al-Assad’s Use of Chemical Arms in Syria,Investigations in France and Germany could lead to prosecutions of President Bashar al-Assad and members of his upper echelon over one of the Syrian war’s signature atrocities.,,Investigations in France and Germany could lead to prosecutions of President Bashar al-Assad and members of his upper echelon over one of the Syrian war’s signature atrocities.,World,Foreign,News,article,1243.0,"Syria; Assad, Bashar al-; Assad, Maher al-; Biological and Chemical Warfare; War Crimes, Genocide and Crimes Against Humanity; Civilian Casualties; Refugees and Displaced Persons; Politics and Government; France; Germany; International Relations",https://www.nytimes.com/2021/03/02/world/europe/syria-chemical-weapons-assad.html
2021,2021-03-02T10:11:00Z,2020s,Mar-Apr,Volvo Plans to Sell Only Electric Cars by 2030,The Swedish company would phase out internal combustion engine vehicles faster than other automakers.,,The Swedish company would phase out internal combustion engine vehicles faster than other automakers.,Business,Business,News,article,921.0,"Volvo Car Corp; Electric and Hybrid Vehicles; Batteries; Samuelsson, Hakan; Automobiles; Factories and Manufacturing; Sweden",https://www.nytimes.com/2021/03/02/business/volvo-electric-cars.html
2021,2021-03-02T13:44:57Z,2020s,Mar-Apr,"Infrastructure is next up on Biden’s agenda, and it’s a politically tricky issue.",,,,U.S.,Washington,News,article,394.0,,https://www.nytimes.com/2021/03/02/us/politics/infrastructure-is-next-up-on-bidens-agenda-and-its-a-politically-tricky-issue.html
2021,2021-03-02T14:19:16Z,2020s,Mar-Apr,"China is aiming to vaccinate 40 percent of its population by June, and other global news.",,,,World,Foreign,Live Blog Post,article,645.0,,https://www.nytimes.com/live/2021/03/02/world/covid-19-coronavirus/china-is-aiming-to-vaccinate-40-percent-of-its-population-by-june-and-other-global-news
2021,2021-03-02T16:22:50Z,2020s,Mar-Apr,Why Virus Variants Have Such Weird Names,"B.1.351 may sound sweet to a molecular epidemiologist, but what’s the alternative, other than stigmatizing geographical names?",,"B.1.351 may sound sweet to a molecular epidemiologist, but what’s the alternative, other than stigmatizing geographical names?",Health,Science,News,article,1224.0,"your-feed-science; Names, Geographical; Coronavirus (2019-nCoV); Microbiology; Discrimination; World Health Organization",https://www.nytimes.com/2021/03/02/health/virus-variant-names.html
2021,2021-05-01T01:21:48Z,2020s,May-Jun,"Corrections: May 1, 2021","Corrections that appeared in print on Saturday, May 1, 2021.",,"Corrections that appeared in print on Saturday, May 1, 2021.",Corrections,Corrections,Correction,article,209.0,,https://www.nytimes.com/2021/04/30/pageoneplus/corrections-may-1-2021.html
2021,2021-05-01T09:00:35Z,2020s,May-Jun,India’s Covid-19 Crisis Shakes Modi’s Image of Strength,"Overconfidence and missteps contributed to the country’s devastating second wave, his critics say, tarnishing the prime minister’s aura of political invulnerability.",,"Overconfidence and missteps contributed to the country’s devastating second wave, his critics say, tarnishing the prime minister’s aura of political invulnerability.",World,Foreign,News,article,1680.0,"India; Politics and Government; Coronavirus (2019-nCoV); Vaccination and Immunization; Nationalism (Theory and Philosophy); Deaths (Fatalities); Bharatiya Janata Party; Modi, Narendra; Disease Rates",https://www.nytimes.com/2021/05/01/world/asia/india-covid19-modi.html
2021,2021-05-01T13:54:03Z,2020s,May-Jun,Nepal runs out of hospital beds as India’s outbreak spills across the border.,Health officials in the Himalayan nation warn of an “unmanageable” situation as infections reach levels not seen since last fall.,,Health officials in the Himalayan nation warn of an “unmanageable” situation as infections reach levels not seen since last fall.,World,Foreign,News,article,522.0,Coronavirus (2019-nCoV); Vaccination and Immunization; Himalayas; Nepal; India,https://www.nytimes.com/2021/05/01/world/nepal-india-covid.html
2021,2021-05-01T17:47:04Z,2020s,May-Jun,Venezuela Releases 6 U.S. Oil Executives to House Arrest,"The group, known as the “Citgo 6,” has been held on corruption charges. Their release may be a sign that Venezuela would like to improve relations with the Biden administration.",,"The group, known as the “Citgo 6,” has been held on corruption charges. Their release may be a sign that Venezuela would like to improve relations with the Biden administration.",Business,Business,News,article,319.0,"International Relations; Oil (Petroleum) and Gasoline; Citgo Petroleum Corp; Maduro, Nicolas; Venezuela; Embezzlement",https://www.nytimes.com/2021/05/01/business/venezuela-oil-executives-citgo-6.html
2021,2021-05-01T18:30:09Z,2020s,May-Jun,Joe Biden Is Electrifying America Like F.D.R.,My hometown in Oregon shows what the federal government can do — and also what happens when it stops trying.,,My hometown in Oregon shows what the federal government can do — and also what happens when it stops trying.,Opinion,OpEd,Op-Ed,article,846.0,"Labor and Jobs; New Deal (1930's); American Jobs Plan (2021); Education (K-12); United States Politics and Government; Rural Areas; Colleges and Universities; Child Care; Wages and Salaries; Roosevelt, Franklin Delano; Biden, Joseph R Jr; United States",https://www.nytimes.com/2021/05/01/opinion/sunday/biden-fdr-americans.html
2021,2021-05-02T03:05:31Z,2020s,May-Jun,North Korea Warns Biden Against ‘Hostile Policy’,An official said President Biden had made “a big blunder” by characterizing the North’s nuclear arsenal as a threat to the United States.,,An official said President Biden had made “a big blunder” by characterizing the North’s nuclear arsenal as a threat to the United States.,World,Foreign,News,article,816.0,"North Korea; Biden, Joseph R Jr; United States International Relations; Nuclear Weapons; South Korea; Kim Yo-jong; Kim Jong-un; Propaganda",https://www.nytimes.com/2021/05/02/world/asia/north-korea-biden.html
2021,2021-05-02T04:32:44Z,2020s,May-Jun,"Editors’ Note: May 2, 2021","A note and corrections that appeared in print on Sunday, May 2, 2021.",,"A note and corrections that appeared in print on Sunday, May 2, 2021.",Corrections,Corrections,News,article,371.0,,https://www.nytimes.com/2021/05/02/pageoneplus/editors-note-may-2-2021.html
2021,2021-05-02T09:00:15Z,2020s,May-Jun,Clubhouse App Creates Space for Open Talk in Middle East,"The social networking app is booming in authoritarian countries, where users are speaking freely about otherwise taboo topics.",,"The social networking app is booming in authoritarian countries, where users are speaking freely about otherwise taboo topics.",World,Foreign,News,article,1404.0,"Clubhouse (Mobile App); Social Media; Middle East; Surveillance of Citizens by Government; Mobile Applications; Computers and the Internet; Hashemi, Faezeh (1962- ); Egypt; Iran; Saudi Arabia",https://www.nytimes.com/2021/05/02/world/middleeast/clubhouse-iran-egypt-mideast.html
2021,2021-05-02T15:00:09Z,2020s,May-Jun,What Kind of Fear Is Stopping Joe Biden?,"A politics driven by threats from angry voters, domestic uprisings and foreign states will not break the American impasse.",,"A politics driven by threats from angry voters, domestic uprisings and foreign states will not break the American impasse.",Opinion,OpEd,Op-Ed,article,1149.0,"United States Politics and Government; American Jobs Plan (2021); American Rescue Plan (2021); Presidents and Presidency (US); Federal Taxes (US); New Deal (1930's); Democratic Party; Biden, Joseph R Jr; United States; Roosevelt, Franklin Delano; American Families Plan (2021)",https://www.nytimes.com/2021/05/02/opinion/joe-biden-100-days.html
2021,2021-05-03T02:00:01Z,2020s,May-Jun,India’s outbreak is a danger to the world. Here’s why.,Uncontrolled outbreaks in any country threaten to prolong the pandemic  globally even as some nations report progress and rising vaccinations.,,Uncontrolled outbreaks in any country threaten to prolong the pandemic  globally even as some nations report progress and rising vaccinations.,World,Foreign,News,article,577.0,Coronavirus (2019-nCoV); India,https://www.nytimes.com/2021/05/02/world/india-covid-variants.html
2021,2021-05-03T09:00:13Z,2020s,May-Jun,Joe Biden Was No One’s Idea of a Historic Figure,"But here we are, talking about F.D.R. and L.B.J. ",,"But here we are, talking about F.D.R. and L.B.J. ",Opinion,OpEd,Op-Ed,article,1624.0,"United States Politics and Government; United States Economy; Federal Budget (US); American Rescue Plan (2021); Biden, Joseph R Jr; American Jobs Plan (2021); Presidential Election of 2024; Sasse, Benjamin E; Newsom, Gavin; California",https://www.nytimes.com/2021/05/03/opinion/biden-speech-fdr-lbj.html
2021,2021-05-03T09:00:16Z,2020s,May-Jun,Widespread Commodity Shortages Raise Inflation Fears,"For products as diverse as lumber and microchips, price increases are filtering through the economy.",,"For products as diverse as lumber and microchips, price increases are filtering through the economy.",Business,Washington,News,article,1592.0,"Shortages; Commodities; United States Economy; International Trade and World Market; Computer Chips; Biden, Joseph R Jr; Prices (Fares, Fees and Rates); Inflation (Economics); Automobiles; Coronavirus (2019-nCoV); Federal Reserve System; Factories and Manufacturing; Building (Construction)",https://www.nytimes.com/2021/05/03/business/economy/commodity-shortages-inflation.html
2021,2021-05-03T12:56:33Z,2020s,May-Jun,"Moderna will provide 500 million vaccine doses to Covax, and other news from other the world.",,,,World,Foreign,Live Blog Post,article,950.0,,https://www.nytimes.com/live/2021/05/03/world/covid-vaccine-coronavirus-cases/moderna-will-provide-500-million-vaccine-doses-to-covax-and-other-news-from-other-the-world
2021,2021-05-03T13:42:19Z,2020s,May-Jun,Top Philippine Diplomat Unleashes Expletive-Laced Tirade Against China,"In demanding that Beijing remove ships from Manila’s waters, the Philippine foreign minister used language on Twitter that is more often associated with the country’s president.",,"In demanding that Beijing remove ships from Manila’s waters, the Philippine foreign minister used language on Twitter that is more often associated with the country’s president.",World,Foreign,News,article,640.0,International Relations; Territorial Disputes; Philippines; China,https://www.nytimes.com/2021/05/03/world/asia/teddy-locsin-china-philippines.html
2021,2021-05-03T15:55:05Z,2020s,May-Jun,Why Nearsightedness Is on the Rise in Children,Decreased exposure to outdoor light appears to be a major factor in rising rates of myopia in young people around the world.,,Decreased exposure to outdoor light appears to be a major factor in rising rates of myopia in young people around the world.,Well,Well,News,article,1111.0,Eyes and Eyesight; Eyeglasses; Contact Lenses; Children and Childhood; Corneas; Coronavirus (2019-nCoV); Genetics and Heredity; Sunlight,https://www.nytimes.com/2021/05/03/well/live/nearsightedness-myopia-children.html
2021,2021-05-03T16:08:50Z,2020s,May-Jun,How Hard Could It Be to Vaccinate the Whole World? This Hard.,"Big-power muscle flexing helps explain much of the world’s vaccine inequities, but there's another reason behind insufficient doses: The challenge of making them is unprecedented.",,"Big-power muscle flexing helps explain much of the world’s vaccine inequities, but there's another reason behind insufficient doses: The challenge of making them is unprecedented.",World,Foreign,News,article,1315.0,Coronavirus (2019-nCoV); Vaccination and Immunization; Shortages; Johnson & Johnson; Moderna Inc; Pfizer Inc; Serum Institute of India; Sanofi SA; Politics and Government,https://www.nytimes.com/2021/05/03/world/global-coronavirus-vaccine-shortage.html
2021,2021-05-03T19:21:04Z,2020s,May-Jun,Your Tuesday Briefing,Why U.S. herd immunity is unlikely.,,Why U.S. herd immunity is unlikely.,Briefing,NYTNow,briefing,article,1177.0,,https://www.nytimes.com/2021/05/03/briefing/herd-immunity-netanyahu-israel-afghanistan.html
2021,2021-05-03T23:00:15Z,2020s,May-Jun,Schumer Readies Plan B to Push Immigration Changes Unilaterally,"Should bipartisan talks stall, the Senate majority leader is exploring trying to use budget reconciliation to legalize millions of undocumented immigrants.",,"Should bipartisan talks stall, the Senate majority leader is exploring trying to use budget reconciliation to legalize millions of undocumented immigrants.",U.S.,Washington,News,article,1295.0,"Schumer, Charles E; United States Politics and Government; Immigration and Emigration; Dream Act (Development, Relief and Education for Minors Act); Federal Budget (US); Deferred Action for Childhood Arrivals; Infrastructure (Public Works); Congressional Hispanic Caucus; Democratic Party; Senate; Biden, Joseph R Jr; Illegal Immigration; Budgets and Budgeting",https://www.nytimes.com/2021/05/03/us/politics/immigration-infrastructure-budget-reconciliation.html
2021,2021-05-04T04:27:06Z,2020s,May-Jun,Your Tuesday Briefing,India’s Covid crisis.,,Here's what you need to know.,Briefing,Foreign,briefing,article,1348.0,,https://www.nytimes.com/2021/05/04/briefing/india-coronavirus-netanyahu-germany.html
2021,2021-05-04T09:00:24Z,2020s,May-Jun,My Crash Course in Covering Mixed Martial Arts,The assignment for a China correspondent: Report on a live sporting event for the first time. In a sport she barely knows. With less than 48 hours to prepare.,,The assignment for a China correspondent: Report on a live sporting event for the first time. In a sport she barely knows. With less than 48 hours to prepare.,Times Insider,Summary,News,article,757.0,"Mixed Martial Arts; New York Times; Ultimate Fighting Championship; Namajunas, Rose; Zhang Weili (1989- ); China; News and News Media",https://www.nytimes.com/2021/05/04/insider/reporter-mixed-martial-arts.html
2021,2021-07-01T00:11:58Z,2020s,Jul-Aug,How the party parties in a pandemic: Covid tests and isolation.,,,,World,Foreign,Live Blog Post,article,375.0,,https://www.nytimes.com/live/2021/06/30/world/china-communist-party-anniversary/how-the-party-parties-in-a-pandemic-covid-tests-and-isolation
2021,2021-07-01T02:08:18Z,2020s,Jul-Aug,Pictures From a Revolution: China’s Communists Mark a Centennial,The improbable rise of a superpower that was born in the rubble of dynasty and fears it may yet meet the same fate.,,The improbable rise of a superpower that was born in the rubble of dynasty and fears it may yet meet the same fate.,World,Foreign,News,article,1256.0,Communist Party of China; China; Mao Zedong; Deng Xiaoping; Xi Jinping; Politics and Government; Hong Kong Protests (2019),https://www.nytimes.com/2021/06/30/world/asia/china-communists-100th-anniversary.html
2021,2021-07-01T02:26:58Z,2020s,Jul-Aug,China’s leader warns that Beijing won’t be ‘bullied’ by foreign forces.,,,,World,Foreign,Live Blog Post,article,287.0,,https://www.nytimes.com/live/2021/06/30/world/china-communist-party-anniversary/xi-warns-beijing-will-not-be-bullied-by-foreign-forces
2021,2021-07-01T03:07:22Z,2020s,Jul-Aug,"In Hong Kong, a leadership shuffle elevates the security apparatus.",,,,World,Foreign,Live Blog Post,article,269.0,,https://www.nytimes.com/live/2021/06/30/world/china-communist-party-anniversary/hong-kong-leadership-security
2021,2021-07-01T03:21:09Z,2020s,Jul-Aug,Your Thursday Briefing,A global virus surge.,,Here's what you need to know.,Briefing,NYTNow,briefing,article,1311.0,,https://www.nytimes.com/2021/06/30/briefing/coronavirus-bill-cosby-heat-wave.html
2021,2021-07-01T03:57:35Z,2020s,Jul-Aug,"45 years on, Mao is still the iconic symbol of a Communist-controlled China.",,,,World,Foreign,Live Blog Post,article,467.0,,https://www.nytimes.com/live/2021/06/30/world/china-communist-party-anniversary/45-years-on-mao-is-still-the-iconic-symbol-of-a-communist-controlled-china
2021,2021-07-01T05:02:26Z,2020s,Jul-Aug,A tale of love and murder helped determine the true date of the party’s founding. Hint: It’s not July 1.,,,,World,Foreign,Live Blog Post,article,441.0,,https://www.nytimes.com/live/2021/06/30/world/china-communist-party-anniversary/a-tale-of-love-and-murder-helped-determine-the-true-date-of-the-partys-founding-hint-its-not-july-1
2021,2021-07-01T06:05:45Z,2020s,Jul-Aug,"In Beijing and online, many Chinese proudly commemorated the anniversary.",,,,World,Foreign,Live Blog Post,article,240.0,,https://www.nytimes.com/live/2021/06/30/world/china-communist-party-anniversary/in-beijing-and-online-chinese-commemorate-anniversary
2021,2021-07-01T07:00:08Z,2020s,Jul-Aug,The Imperial Editor Goes the Way of the Dodo,Business and culture have conspired to kill off a passé persona.,,Business and culture have conspired to kill off a passé persona.,Fashion,Styles,News,article,2736.0,"Fashion and Apparel; Magazines; Appointments and Executive Changes; Conde Nast Publications Inc; Harper's Bazaar; Hearst Corp; Vogue; Peoples Wagner, Lindsay; Jones, Radhika; Sharma, Versha; Wintour, Anna; your-feed-fashion",https://www.nytimes.com/2021/07/01/fashion/magazine-changes-conde-nast-anna-wintour.html
2021,2021-07-01T07:52:20Z,2020s,Jul-Aug,"Taiwan pushes back against Xi’s ‘reunification’ comments, calling them ‘bullying.’",,,,World,Foreign,Live Blog Post,article,330.0,,https://www.nytimes.com/live/2021/06/30/world/china-communist-party-anniversary/taiwan-pushes-back-against-xis-reunification-comments-calling-them-bullying
2021,2021-07-01T09:00:05Z,2020s,Jul-Aug,Why ‘Amtrak Joe’ Should Pull Back on Train Funding,The president wants to pour billions more into a service that makes sense only in a few areas.,,The president wants to pour billions more into a service that makes sense only in a few areas.,Opinion,OpEd,Op-Ed,article,820.0,"American Jobs Plan (2021); Railroads; Infrastructure (Public Works); Biden, Joseph R Jr",https://www.nytimes.com/2021/07/01/opinion/biden-amtrak-infrastructure.html
2021,2021-07-01T09:00:06Z,2020s,Jul-Aug,The Chinese Communist Party Is 100. It’s Not Going Anywhere.,The country’s Communist Party rule is stronger than ever.,,The country’s Communist Party rule is stronger than ever.,Opinion,OpEd,Op-Ed,article,1236.0,Communist Party of China; China; Hong Kong; Xi Jinping,https://www.nytimes.com/2021/07/01/opinion/china-communist-party-100-years-anniversary.html
2021,2021-07-01T09:36:59Z,2020s,Jul-Aug,"Marking Party’s Centennial, Xi Warns That China Will Not Be Bullied","A century after the Communist Party’s founding, China’s leader said foreign powers would “crack their heads and spill blood” if they tried to stop its rise.",,"A century after the Communist Party’s founding, China’s leader said foreign powers would “crack their heads and spill blood” if they tried to stop its rise.",World,Foreign,News,article,1485.0,Xi Jinping; China; Hong Kong; Communist Party of China; Tiananmen Square (Beijing),https://www.nytimes.com/2021/07/01/world/asia/xi-china-communist-party-anniversary.html
2021,2021-07-01T14:05:48Z,2020s,Jul-Aug,China’s Communist Party Turns 100. Cue the (State-Approved) Music.,"A wave of nationalistic music, theater and dance is sweeping China, part of Beijing’s efforts to improve the party’s image and strengthen political loyalty.",,"A wave of nationalistic music, theater and dance is sweeping China, part of Beijing’s efforts to improve the party’s image and strengthen political loyalty.",Arts,Culture,News,article,1258.0,Art; Propaganda; Theater; Opera; China; Xi Jinping; Communist Party of China; Classical Music; Politics and Government; Dancing; Music,https://www.nytimes.com/2021/07/01/arts/china-communist-party-music-theater-dance.html
2021,2021-07-01T15:45:44Z,2020s,Jul-Aug,"Virus Surges in Myanmar, Where Generals Control Vaccines","With doctors and other health care workers already on strike to protest the coup, Myanmar’s health care system may buckle under the outbreak.",,"With doctors and other health care workers already on strike to protest the coup, Myanmar’s health care system may buckle under the outbreak.",World,Foreign,News,article,1169.0,Aung San Suu Kyi; Myanmar; World Health Organization; Coups D'Etat and Attempted Coups D'Etat; Defense and Military Forces; Disease Rates; Coronavirus (2019-nCoV); Politics and Government; Vaccination and Immunization; Hospitals; Deaths (Fatalities); Strikes,https://www.nytimes.com/2021/07/01/world/asia/covid-myanmar-coup.html
2021,2021-07-01T16:19:36Z,2020s,Jul-Aug,U.S. Proposal for 15% Global Minimum Tax Wins Support From 130 Countries,"A 15 percent minimum tax rate would generate $150 billion in additional tax revenue each year, the Organization for Economic Cooperation and Development said.",,"A 15 percent minimum tax rate would generate $150 billion in additional tax revenue each year, the Organization for Economic Cooperation and Development said.",Business,Business,News,article,1397.0,"Corporate Taxes; Corporations; International Trade and World Market; Organization for Economic Cooperation and Development; Group of Seven; Politics and Government; E-Commerce; Yellen, Janet L; Biden, Joseph R Jr",https://www.nytimes.com/2021/07/01/business/global-minimum-tax.html
2021,2021-07-01T17:58:50Z,2020s,Jul-Aug,Winners of Our Fourth Annual Podcast Contest,"We invited teenagers to create an original five-minute podcast, using any style of podcasting and exploring a topic of their choice. We received podcast submissions from over 1,500 students. Here are the finalists.",,"We invited teenagers to create an original five-minute podcast, using any style of podcasting and exploring a topic of their choice. We received podcast submissions from over 1,500 students. Here are the finalists.",The Learning Network,Learning,News,article,1173.0,,https://www.nytimes.com/2021/07/01/learning/winners-of-our-fourth-annual-podcast-contest.html
2021,2021-07-01T20:12:11Z,2020s,Jul-Aug,Your Friday Briefing,Tax charges against the Trump Organization.,,Tax charges against the Trump Organization.,Briefing,NYTNow,briefing,article,1267.0,,https://www.nytimes.com/2021/07/01/briefing/trump-organization-tax-xi-jinping-speech.html
2021,2021-07-01T21:53:23Z,2020s,Jul-Aug,"Pandemic Lockdowns Aided Predators Worldwide, Especially Online, U.S. Says","The number of cases of online sex exploitation, including of children, appeared to skyrocket last year as people spent more time on computers.",,"The number of cases of online sex exploitation, including of children, appeared to skyrocket last year as people spent more time on computers.",U.S.,Washington,News,article,554.0,"Coronavirus (2019-nCoV); Human Trafficking; Forced Labor; Prostitution; Child Abuse and Neglect; Computers and the Internet; State Department; United States Politics and Government; Blinken, Antony J; Sex Crimes; Uighurs (Chinese Ethnic Group); China; Xinjiang (China); Afghanistan; Cuba; Eritrea; Iran; Myanmar; North Korea; South Sudan; Syria; Turkmenistan",https://www.nytimes.com/2021/07/01/us/politics/coronavirus-lockdown-online-exploitation.html
2021,2021-07-01T23:19:44Z,2020s,Jul-Aug,"J.D. Vance, ‘Hillbilly Elegy’ Author, Is Running for Senate in Ohio",The author and venture capitalist will vie for the Republican nomination in one of the most wide-open 2022 Senate races.,,The author and venture capitalist will vie for the Republican nomination in one of the most wide-open 2022 Senate races.,U.S.,Politics,News,article,622.0,"Vance, J D; Ohio; Elections, Senate; United States Politics and Government; Republican Party; Content Type: Personal Profile",https://www.nytimes.com/2021/07/01/us/politics/jd-vance-ohio-senate.html
2021,2021-07-20T23:18:25Z,,,‘Please Save Us!’ Grim Scenes in China as Flood Inundates a Subway,"The heaviest rainfall on record in central China also swept cars and people away, caused power outages and led to suspended rail services and flights.",,,World,,,,,,https://www.nytimes.com/2021/07/20/world/asia/china-flooding-zhengzhou-subway.html
2021,2021-07-26T09:00:16Z,,,"As China Boomed, It Didn’t Take Climate Change Into Account. Now It Must.",China’s breathtaking economic growth created cities ill-equipped to face extreme weather. Last week’s dramatic floods showed that much will have to change.,,,World,,,,,,https://www.nytimes.com/2021/07/26/world/asia/china-climate-change.html
2021,2021-08-04T06:48:53Z,,,"After Months as a Covid Success Story, China Tries to Tame Delta",The government has imposed lockdowns and is testing and tracing aggressively to fight a new outbreak. Experts say it is time for the country to rethink its approach to the virus.,,,World,,,,,,https://www.nytimes.com/2021/08/04/world/asia/china-delta-covid-testing-outbreak.html
2021,2021-09-01T00:13:59Z,2020s,Sep-Oct,Biden Defends Afghan Pullout and Declares an End to Nation-Building,"The president offered a glimpse of a different American foreign policy in the post-9/11 world, one that he said would be guided more by competition with China and Russia.",,"The president offered a glimpse of a different American foreign policy in the post-9/11 world, one that he said would be guided more by competition with China and Russia.",U.S.,Washington,News,article,1487.0,"Biden, Joseph R Jr; Speeches and Statements; Afghanistan War (2001- ); United States Defense and Military Forces; United States International Relations; United States Politics and Government; Afghanistan; Evacuations and Evacuees",https://www.nytimes.com/2021/08/31/us/politics/biden-defends-afghanistan-withdrawal.html
2021,2021-09-01T01:32:02Z,2020s,Sep-Oct,Biden Plays the Long Game as He Justifies the End of the ‘Forever War’,"President Biden is banking on the assumption that he will be remembered for finally extricating the country from the war in Afghanistan, not for how he did it.",,"President Biden is banking on the assumption that he will be remembered for finally extricating the country from the war in Afghanistan, not for how he did it.",U.S.,Washington,News,article,1245.0,"Biden, Joseph R Jr; Afghanistan; Taliban; Afghanistan War (2001- ); Evacuations and Evacuees; United States Defense and Military Forces; United States International Relations; United States Politics and Government; Speeches and Statements",https://www.nytimes.com/2021/08/31/us/politics/biden-politics-afghanistan.html
2021,2021-09-01T05:00:05Z,2020s,Sep-Oct,"Europe, Afghanistan Is Your Wake-Up Call","To strengthen the alliance with America, Europe must step up.",,"To strengthen the alliance with America, Europe must step up.",Opinion,OpEd,Op-Ed,article,887.0,Afghanistan; Taliban; European Union; Europe; North Atlantic Treaty Organization; Defense and Military Forces,https://www.nytimes.com/2021/09/01/opinion/afghanistan-europe-nato.html
2021,2021-09-01T07:00:09Z,2020s,Sep-Oct,Japan Needs a Lot More Tech Workers. Can It Find a Place for Women?,"The country is pushing to digitally modernize itself, but one of the developed world’s starkest gender gaps is holding it back.",,"The country is pushing to digitally modernize itself, but one of the developed world’s starkest gender gaps is holding it back.",Business,Business,News,article,1430.0,"Japan; Women and Girls; Discrimination; Computers and the Internet; Engineering and Engineers; Labor and Jobs; Shortages; Suga, Yoshihide; Politics and Government",https://www.nytimes.com/2021/09/01/business/japan-tech-workers-women.html
2021,2021-09-01T08:34:31Z,2020s,Sep-Oct,An Impossible Task? New Zealand Tries to Eliminate Delta.,The country is holding fast to a lockdown to contain an outbreak that began in mid-August. But it’s also acknowledging that lockdowns can’t go on forever.,,The country is holding fast to a lockdown to contain an outbreak that began in mid-August. But it’s also acknowledging that lockdowns can’t go on forever.,World,Foreign,News,article,1086.0,Coronavirus Delta Variant; Coronavirus (2019-nCoV); Quarantines; Vaccination and Immunization; New Zealand,https://www.nytimes.com/2021/09/01/world/australia/delta-new-zealand-lockdown.html
2021,2021-09-01T09:00:06Z,2020s,Sep-Oct,How Far Can You Go to Resist Being the Subject of a Viral Video?,One boy’s violent act of retribution raises uncomfortable questions about the world we’ve made for children.,,One boy’s violent act of retribution raises uncomfortable questions about the world we’ve made for children.,Magazine,Magazine,News,article,1212.0,"Video Recordings, Downloads and Streaming; Smartphones; Social Media; Privacy; TikTok (ByteDance); YouTube.com; Instagram Inc",https://www.nytimes.com/2021/09/01/magazine/tiktok-pranks.html
2021,2021-09-01T10:41:41Z,2020s,Sep-Oct,What if the Coronavirus Crisis Is Just a Trial Run?,"The year 2020 gave us a glimpse of something radically new: tensions in  politics, finance and geopolitics intersecting with a natural shock on a global scale.",,"The year 2020 gave us a glimpse of something radically new: tensions in  politics, finance and geopolitics intersecting with a natural shock on a global scale.",Opinion,OpEd,Op-Ed,article,1824.0,Coronavirus (2019-nCoV); United States International Relations; Public-Private Sector Cooperation; United States Politics and Government; Vaccination and Immunization; Banking and Financial Institutions; Politics and Government; Economic Conditions and Trends; International Monetary Fund; Epidemics; International Trade and World Market,https://www.nytimes.com/2021/09/01/opinion/covid-pandemic-global-economy-politics.html
2021,2021-09-01T16:46:03Z,2020s,Sep-Oct,Will the World Formally Recognize the Taliban?,"The extremist group back in charge of Afghanistan has been a pariah to much of the world for its legacy of brutality, and the prospects for greater acceptance remain unclear.",,"The extremist group back in charge of Afghanistan has been a pariah to much of the world for its legacy of brutality, and the prospects for greater acceptance remain unclear.",World,Foreign,News,article,1166.0,Terrorism; Afghanistan War (2001- ); Refugees and Displaced Persons; Foreign Aid; Al Qaeda; Taliban; Afghanistan; Human Rights and Human Rights Violations; Women's Rights; Humanitarian Aid,https://www.nytimes.com/2021/09/01/world/asia/taliban-un-afghanistan-us.html
2021,2021-09-01T16:56:14Z,2020s,Sep-Oct,"After Proudly Celebrating Women, Alibaba Faces Reckoning Over Harassment",A rape accusation at the Chinese e-commerce giant has shed light on a work culture that some former employees say is humiliating and toxic.,,A rape accusation at the Chinese e-commerce giant has shed light on a work culture that some former employees say is humiliating and toxic.,Technology,Business,News,article,1217.0,"Alibaba Group Holding Ltd; Sex Crimes; Sexual Harassment; Women and Girls; Discrimination; Workplace Hazards and Violations; Ma, Jack; China; E-Commerce",https://www.nytimes.com/2021/09/01/technology/china-alibaba-rape-metoo.html
2021,2021-09-01T19:40:54Z,2020s,Sep-Oct,Businesses Push Biden to Develop China Trade Policy,"Seven months into a new administration, companies want the White House to drop tariffs on Chinese goods and provide clarity about a critical trade relationship.",,"Seven months into a new administration, companies want the White House to drop tariffs on Chinese goods and provide clarity about a critical trade relationship.",Business,Business,News,article,1743.0,"Biden, Joseph R Jr; China; International Trade and World Market; Customs (Tariff); United States Economy; United States International Relations; United States Politics and Government; Tai, Katherine (1974- ); Corporations",https://www.nytimes.com/2021/09/01/business/economy/biden-china-trade-policy.html
2021,2021-09-01T19:41:23Z,2020s,Sep-Oct,Your Thursday Briefing,The Taliban’s plan for an Islamic government.,,The Taliban’s plan for an Islamic government.,Briefing,NYTNow,briefing,article,1276.0,,https://www.nytimes.com/2021/09/01/briefing/taliban-leader-germany-elections-delta-variant.html
2021,2021-09-01T20:29:26Z,2020s,Sep-Oct,Will the rest of the world formally recognize the Taliban government?,"The extremist group back in charge of Afghanistan has been a pariah to much of the world for its legacy of brutality, and the prospects for greater acceptance remain unclear.",,"The extremist group back in charge of Afghanistan has been a pariah to much of the world for its legacy of brutality, and the prospects for greater acceptance remain unclear.",World,Foreign,Live Blog Post,article,541.0,,https://www.nytimes.com/live/2021/09/01/world/afghanistan-news/will-the-rest-of-the-world-formally-recognize-the-taliban-government
2021,2021-09-01T21:00:05Z,2020s,Sep-Oct,How to Keep the Days From Blurring Together,Marking time with church bells and bike rides.,,Marking time with church bells and bike rides.,At Home,AtHome,News,article,774.0,Content Type: Service,https://www.nytimes.com/2021/09/01/at-home/newsletter.html
2021,2021-09-01T21:30:52Z,2020s,Sep-Oct,"With Afghan Retreat, Biden Bucks Foreign Policy Elite","The president, following one of his core beliefs, has put himself at odds with much of the establishment, on the right and left, in Washington and across Europe.",,"The president, following one of his core beliefs, has put himself at odds with much of the establishment, on the right and left, in Washington and across Europe.",World,Foreign,News,article,1251.0,"United States International Relations; Afghanistan War (2001- ); Biden, Joseph R Jr; Blair, Tony; Europe",https://www.nytimes.com/2021/09/01/world/europe/afghanistan-biden-foreign-policy.html
2021,2021-09-02T03:25:27Z,2020s,Sep-Oct,"Climate Change Is ‘Not a Geostrategic Weapon,’ Kerry Tells Chinese Leaders",President Biden’s climate envoy ended talks in China with a pledge to continue negotiations. But Beijing warned that broader U.S.-China tensions hurt cooperation.,,President Biden’s climate envoy ended talks in China with a pledge to continue negotiations. But Beijing warned that broader U.S.-China tensions hurt cooperation.,World,Foreign,News,article,1323.0,"Greenhouse Gas Emissions; Global Warming; Weather; State Department; Biden, Joseph R Jr; Kerry, John; Wang Yi; China; Carbon Caps and Emissions Trading Programs; Coal",https://www.nytimes.com/2021/09/02/world/asia/climate-china-us-kerry.html
2021,2021-09-02T09:00:25Z,2020s,Sep-Oct,"Short on Money, Legal and Otherwise, the Taliban Face a Crisis",The group has long tapped underground banks and opium to fund Afghanistan’s insurgency. Fixing the nation’s problems will require a lot more than that.,,The group has long tapped underground banks and opium to fund Afghanistan’s insurgency. Fixing the nation’s problems will require a lot more than that.,Business,Business,News,article,1288.0,Afghanistan; Taliban; Politics and Government; Banking and Financial Institutions; Economic Conditions and Trends; Afghanistan War (2001- ); Poverty; Smuggling; Opium; Foreign Aid; Hawala,https://www.nytimes.com/2021/09/02/business/economy/afghanistan-taliban-financial-crisis.html
2021,2021-09-02T10:09:03Z,2020s,Sep-Oct,Taiwan receives its first batch of Pfizer-BioNTech vaccines after a monthslong delay.,,,,World,Foreign,News,article,241.0,,https://www.nytimes.com/2021/09/02/world/asia/taiwan-receives-its-first-batch-of-pfizer-biontech-vaccines-after-a-monthslong-delay.html
2021,2021-09-02T11:00:08Z,2020s,Sep-Oct,‘The Year of the Everlasting Storm’ Review: Home Movies,"Seven directors present their views of the year of pandemic lockdown, but most fall into predictable territory.",,"Seven directors present their views of the year of pandemic lockdown, but most fall into predictable territory.",Movies,Weekend,Review,article,313.0,"Movies; The Year of the Everlasting Storm (Movie); Chen, Anthony; Lowery, David; Panahi, Jafar; Poitras, Laura; Sotomayor, Dominga (1985- ); Vitthal, Malik; Weerasethakul, Apichatpong",https://www.nytimes.com/2021/09/02/movies/the-year-of-the-everlasting-storm-review-home-movies.html
2021,2021-09-02T11:55:27Z,2020s,Sep-Oct,The Business of Voting in Texas,A new bill overhauling election laws is putting corporate pledges on ballot access to the test.,,A new bill overhauling election laws is putting corporate pledges on ballot access to the test.,Business,Business,News,article,1797.0,"Politics and Government; State Legislatures; Mergers, Acquisitions and Divestitures; United States Politics and Government; Law and Legislation; Stocks and Bonds; Special Purpose Acquisition Companies (SPAC); Voting Rights, Registration and Requirements; Taliban; Archer Aviation Inc; Texas; Afghanistan",https://www.nytimes.com/2021/09/02/business/dealbook/texas-voting-law-companies.html
2021,2021-09-02T13:00:29Z,2020s,Sep-Oct,Homes for Sale in Connecticut and New York,"This week’s properties are a three-bedroom house in Easton, Conn., and a six-bedroom house in Huntington Bay, N.Y.",,"This week’s properties are a three-bedroom house in Easton, Conn., and a six-bedroom house in Huntington Bay, N.Y.",Real Estate,RealEstate,News,article,117.0,Real Estate and Housing (Residential); Easton (Conn); Huntington Bay (NY); Fairfield County (Conn); Suffolk County (NY),https://www.nytimes.com/2021/09/02/realestate/home-sales-near-nyc.html
2021,2021-09-26T15:26:54Z,,,How China Plans to Avert an Evergrande Financial Crisis,"Control of the banking system gives Beijing the tools to stop a broader collapse, officials believe, while censorship and police powers can stifle protests.",,,Business,,,,,,https://www.nytimes.com/2021/09/26/business/china-evergrande-crisis.html
2021,2021-09-28T15:29:11Z,,,China and Evergrande Ascended Together. Now One Is About to Fall.,The property giant’s success mirrored the country’s transformation from an agrarian economy to one that embraced capitalism. Its struggles offer a glimpse of a new financial future.,,,Business,,,,,,https://www.nytimes.com/2021/09/28/business/china-evergrande-economy.html
2021,2021-10-04T09:00:17Z,,,U.S. Signals No Thaw in Trade Relations With China,The Biden administration said it would not immediately remove the Trump administration’s tariffs and would require that Beijing uphold its trade commitments.,,,Business,,,,,,https://www.nytimes.com/2021/10/04/business/economy/us-china-trade.html
2021,2021-10-05T09:00:21Z,,,The End of a ‘Gilded Age’: China Is Bringing Business to Heel,"Executives sit in jail, tech companies are being reined in and the biggest developer is teetering. It’s the beginning of a new era for China’s economy.",,,Business,,,,,,https://www.nytimes.com/2021/10/05/business/china-businesses.html
2021,2021-10-07T14:27:45Z,,,China’s Power Crunch Exposes Tensions Ahead of Key U.N. Climate Summit,Keeping global temperatures from dangerous levels means China must pivot away from coal immediately. Its soaring energy demand and rolling blackouts mean it probably won’t.,,,Climate,,,,,,https://www.nytimes.com/2021/10/07/climate/china-cop26-blackouts-coal.html
2021,2021-10-09T09:00:24Z,,,‘Starting a Fire’: U.S. and China Enter Dangerous Territory Over Taiwan,"The self-ruled island has moved to the heart of deepening discord and rivalry between the two superpowers, with the potential to ignite military conflagration and reshape the regional order.",,,World,,,,,,https://www.nytimes.com/2021/10/09/world/asia/united-states-china-taiwan.html
2021,2021-10-17T23:08:17Z,,,Washington Hears Echoes of the ’50s and Worries: Is This a Cold War With China?,"Incursions into Taiwan’s air zone, a space launch and what looked like a prisoner swap raise a question that is about more than just semantics. It could signal a dangerous new mind-set.",,,U.S.,,,,,,https://www.nytimes.com/2021/10/17/us/politics/china-new-cold-war.html
2021,2021-10-23T09:00:15Z,,,"She Is Breaking Glass Ceilings in Space, but Facing Sexism on Earth",Sanitary pads and makeup: A Chinese astronaut’s six-month stay aboard the country’s space station has revealed conflicted cultural values toward gender.,,,World,,,,,,https://www.nytimes.com/2021/10/23/world/asia/china-space-women-wang-yaping.html
2021,2021-11-01T02:13:41Z,2020s,Nov-Dec,Your Monday Briefing,Deciding the future of the climate.,,Deciding the future of the climate.,Briefing,NYTNow,briefing,article,1270.0,,https://www.nytimes.com/2021/10/31/briefing/climate-g20-britain-coronavirus.html
2021,2021-11-01T02:28:31Z,2020s,Nov-Dec,What Is a ‘Carbon Footprint’? And 12 Other Climate Buzzwords,Here’s a primer on some of the jargon you’re likely to hear a lot.,,Here’s a primer on some of the jargon you’re likely to hear a lot.,Climate,,Interactive Feature,interactive,3432.0,Global Warming; Environment; Sustainable Living,https://www.nytimes.com/interactive/2021/10/31/climate/climate-change-sustainability-definition.html
2021,2021-11-01T04:05:10Z,2020s,Nov-Dec,"Once a Leading Polluter, the U.K. Is Now Trying to Lead on Climate Change","On the eve of a global climate summit, Britain’s evolution from fossil fuels to clean energy is on display. But experts question whether its commitment is sufficient, and whether it can persuade other nations to meet meaningful goals.",,"On the eve of a global climate summit, Britain’s evolution from fossil fuels to clean energy is on display. But experts question whether its commitment is sufficient, and whether it can persuade other nations to meet meaningful goals.",World,Foreign,News,article,1569.0,"Politics and Government; United Nations Framework Convention on Climate Change; Greenhouse Gas Emissions; Global Warming; Coal; Wind Power; Alternative and Renewable Energy; Electricite de France (EDF); United Nations; Johnson, Boris; Thatcher, Margaret H; Great Britain",https://www.nytimes.com/2021/11/01/world/europe/britain-climate-change.html
2021,2021-11-01T04:11:01Z,2020s,Nov-Dec,How Much Are Countries Pledging to Reduce Emissions?,The newest plans by countries to fight climate change still fall short of what scientists say is necessary. Here’s what the 10 biggest emitters have promised.,,The newest plans by countries to fight climate change still fall short of what scientists say is necessary. Here’s what the 10 biggest emitters have promised.,Climate,,Interactive Feature,interactive,0.0,United Nations Framework Convention on Climate Change; Greenhouse Gas Emissions; Global Warming; China; United States; India; European Union,https://www.nytimes.com/interactive/2021/11/01/climate/paris-pledges-tracker-cop-26.html
2021,2021-11-01T05:00:07Z,2020s,Nov-Dec,Would Russia or China Help Us if We Were Invaded by Space Aliens?,"We now face a similar, world-stressing threat from a much more familiar and once seemingly benign force: our climate.",,"We now face a similar, world-stressing threat from a much more familiar and once seemingly benign force: our climate.",Opinion,OpEd,Op-Ed,article,1216.0,"United States International Relations; Greenhouse Gas Emissions; Carbon Dioxide; Biden, Joseph R Jr; Kerry, John; United Nations; United Nations Framework Convention on Climate Change",https://www.nytimes.com/2021/11/01/opinion/climate-glasgow-russia-china.html
2021,2021-11-01T08:00:13Z,2020s,Nov-Dec,Michael Bloomberg announces an effort to shut down coal in 25 countries.,,,,World,Climate,News,article,446.0,,https://www.nytimes.com/2021/11/01/world/michael-bloomberg-announces-an-effort-to-shut-down-coal-in-25-countries.html
2021,2021-11-01T08:20:10Z,2020s,Nov-Dec,What to watch for on Monday at COP26.,"Prime Minister Boris Johnson was first to welcome leaders, who will then lay out “concrete actions and credible plans.” David Attenborough and Prince Charles are also speaking.",,"Prime Minister Boris Johnson was first to welcome leaders, who will then lay out “concrete actions and credible plans.” David Attenborough and Prince Charles are also speaking.",World,Climate,News,article,312.0,United Nations Framework Convention on Climate Change; Global Warming; United Nations; Scotland,https://www.nytimes.com/2021/11/01/world/europe/what-to-watch-monday-cop26.html
2021,2021-11-01T09:14:08Z,2020s,Nov-Dec,Is Switzerland a ‘Company Town?’,Opinions vary. But there’s no doubt that the country and the luxury watch industry depend on one another.,,Opinions vary. But there’s no doubt that the country and the luxury watch industry depend on one another.,Fashion,SpecialSections,News,article,1788.0,"Watches and Clocks; International Trade and World Market; Trademarks and Trade Names; Omega SA; Aeschlimann, Raynald; MB&F; Busser, Maximilian; Switzerland; Muller, Oliver",https://www.nytimes.com/2021/11/01/fashion/watches-switzerland-image.html
2021,2021-11-01T09:31:30Z,2020s,Nov-Dec,"Who’s attending (Biden and Modi), and who isn’t (Putin and Xi).",The presence of heads of state and government is not just symbolic. Real work gets done among leaders that cannot happen among lower-level diplomats.,,The presence of heads of state and government is not just symbolic. Real work gets done among leaders that cannot happen among lower-level diplomats.,World,Foreign,News,article,557.0,"Greenhouse Gas Emissions; Putin, Vladimir V; Xi Jinping; United Nations Framework Convention on Climate Change",https://www.nytimes.com/2021/11/01/world/europe/cop26-global-leaders-attending.html
2021,2021-11-01T10:00:08Z,2020s,Nov-Dec,Why Do So Many Traffic Stops Go Wrong?,A Times investigation showed that hundreds of unarmed drivers and passengers died at the hands of the police in recent years.,,A Times investigation showed that hundreds of unarmed drivers and passengers died at the hands of the police in recent years.,Podcasts,Podcasts,News,article,327.0,"audio-negative-sad; audio-neutral-informative; Police Brutality, Misconduct and Shootings; Black People; Police; Wright, Daunte (d 2021)",https://www.nytimes.com/2021/11/01/podcasts/the-daily/police-killings-traffic-stops.html
2021,2021-11-01T10:05:47Z,2020s,Nov-Dec,John Kerry is already looking toward next year to push countries to do more.,"“Glasgow was never ever going to get every country joining up,” Mr. Kerry said. He’s already looking to next year to build on pledges that nations have made and push them to do more.",,"“Glasgow was never ever going to get every country joining up,” Mr. Kerry said. He’s already looking to next year to build on pledges that nations have made and push them to do more.",World,Climate,News,article,440.0,"United Nations Framework Convention on Climate Change; Global Warming; United Nations; Kerry, John; Glasgow (Scotland)",https://www.nytimes.com/2021/11/01/world/john-kerry-cop26.html
2021,2021-11-01T10:20:17Z,2020s,Nov-Dec,How to Prevent Climate Disasters,World leaders are in Glasgow.,,World leaders are in Glasgow.,Briefing,NYTNow,briefing,article,1577.0,,https://www.nytimes.com/2021/11/01/briefing/cop26-climate-conference-emissions.html
2021,2021-11-01T11:04:22Z,2020s,Nov-Dec,"‘Digging our own graves’: With the planet in peril, leaders appeal for urgent action.",,,,Climate,Climate,Live Blog Post,article,621.0,,https://www.nytimes.com/live/2021/11/01/world/cop26-climate-change-summit/boris-johnson-warns-that-its-one-minute-to-midnight-as-the-climate-summit-opens
2021,2021-11-01T11:05:19Z,2020s,Nov-Dec,China’s push to burn more coal puts climate goals at risk.,,,,World,Climate,News,article,352.0,,https://www.nytimes.com/2021/11/01/world/chinas-push-to-burn-more-coal-puts-climate-goals-at-risk.html
2021,2021-11-01T12:15:08Z,2020s,Nov-Dec,These charts show what the world’s 10 biggest emitters are promising.,,,,World,Climate,Live Blog Post,article,227.0,,https://www.nytimes.com/live/2021/11/01/world/cop26-climate-change-summit/these-charts-show-what-the-worlds-10-biggest-emitters-are-promising
2021,2021-11-01T12:26:03Z,2020s,Nov-Dec,Thailand reopens to tourists from 63 countries without requiring quarantine.,"About a fifth of the nation’s economy depends on the vacation industry. Before the pandemic, the country was one of the world’s top destinations, drawing nearly 40 million visitors in 2019.",,"About a fifth of the nation’s economy depends on the vacation industry. Before the pandemic, the country was one of the world’s top destinations, drawing nearly 40 million visitors in 2019.",World,Foreign,News,article,411.0,Travel and Vacations; Coronavirus (2019-nCoV); Quarantines; Thailand,https://www.nytimes.com/2021/11/01/world/asia/thailand-reopens-tourists-quarantine.html
2021,2021-11-01T12:40:59Z,2020s,Nov-Dec,Are Global Warming Summits Still Cool?,California’s delegation to the U.N. climate summit won’t include Gov. Gavin Newsom or the state’s last two governors.,,California’s delegation to the U.N. climate summit won’t include Gov. Gavin Newsom or the state’s last two governors.,U.S.,National,briefing,article,1640.0,California; United Nations Framework Convention on Climate Change; Greenhouse Gas Emissions; Global Warming,https://www.nytimes.com/2021/11/01/us/ca-global-warming-summits.html
2021,2021-11-01T12:56:48Z,2020s,Nov-Dec,U.S. officials assail an absent China as the summit kicks off.,,,,World,Climate,Live Blog Post,article,378.0,,https://www.nytimes.com/live/2021/11/01/world/cop26-climate-change-summit/us-officials-slam-an-absent-china-as-the-summit-opens
2021,2021-11-01T13:40:09Z,2020s,Nov-Dec,The U.N. leader warns that the world faces a ‘climate catastrophe.’,He urged countries to review their climate pledges annually rather than every five years as called for in the 2015 Paris accord.,,He urged countries to review their climate pledges annually rather than every five years as called for in the 2015 Paris accord.,World,Climate,News,article,334.0,"United Nations Framework Convention on Climate Change; Greenhouse Gas Emissions; Global Warming; International Relations; United Nations; Guterres, Antonio",https://www.nytimes.com/2021/11/01/world/europe/cop26-climate-antonio-guterres.html
2021,2021-11-01T15:28:52Z,2020s,Nov-Dec,Biden calls for tougher action on emissions and promises job gains worldwide.,"“We have only a brief window” to avoid the most disastrous effects of global warming, President Biden warned at the United Nations climate summit.",,"“We have only a brief window” to avoid the most disastrous effects of global warming, President Biden warned at the United Nations climate summit.",World,Climate,News,article,500.0,"Biden, Joseph R Jr; United Nations Framework Convention on Climate Change; Global Warming; United States",https://www.nytimes.com/2021/11/01/world/biden-emissions-cop26-glasgow.html
2021,2021-11-02T09:00:16Z,,,"Shutting Down Historical Debate, China Makes It a Crime to Mock Heroes","Under a new law, China has zealously prosecuted even the perceived slander of Communist figures, broadening Xi Jinping’s campaign to dominate party orthodoxy.",,,World,,,,,,https://www.nytimes.com/2021/11/02/world/asia/china-slander-law.html
2021,2021-11-05T14:32:56Z,,,"Near-Daily Covid Tests, Sleeping in Classrooms: Life in Covid-Zero China","Residents in Ruili, in southwestern China, have been locked down four times in the past year as part of the country’s quest to eliminate the virus.",,,World,,,,,,https://www.nytimes.com/2021/11/05/world/asia/china-coronavirus-ruili.html
2021,2021-11-07T10:00:11Z,,,"To Steer China’s Future, Xi Is Rewriting Its Past","A new official summation of Communist Party history is likely to exalt Xi Jinping as a peer of Mao and Deng, fortifying his claim to a new phase in power.",,,World,,,,,,https://www.nytimes.com/2021/11/07/world/asia/china-xi-jinping.html
2021,2021-11-16T11:18:36Z,,,"U.S.-China Summit Produces Little More Than Polite Words, but They Help","In a chilly relationship of mutual mistrust, staving off the prospect of a broader conflict between two superpowers counts as progress.",,,World,,,,,,https://www.nytimes.com/2021/11/16/world/asia/biden-xi-usa-china.html
2021,2021-11-18T01:39:11Z,,,China Can’t Censor Away Growing Anger Over Athlete’s #MeToo Accusation,The tennis world is outraged over the latest twist in a star player’s complaint of assault and abrupt disappearance from public life.,,,World,,,,,,https://www.nytimes.com/2021/11/17/world/asia/peng-shuai-zhang-gaoli-china-tennis.html
2021,2021-11-28T22:37:33Z,,,"As U.S. Hunts for Chinese Spies, University Scientists Warn of Backlash","A chilling effect has taken hold on American campuses, contributing to an outflow of academic talent that may hurt the United States while benefiting Beijing.",,,World,,,,,,https://www.nytimes.com/2021/11/28/world/asia/china-university-spies.html
2021,2021-12-01T19:37:12Z,,,WTA Suspends Tournaments in China Over Treatment of Peng Shuai,"Steve Simon said Wednesday that the women’s tennis tour would not stage tournaments in China, including Hong Kong, because he has been unable to communicate with Peng despite repeated attempts.",,,Sports,,,,,,https://www.nytimes.com/2021/12/01/sports/tennis/wta-china-peng-shuai.html
2021,2021-12-22T08:00:16Z,,,Why a Chinese Company Dominates Electric Car Batteries,"Beijing gave CATL lavish subsidies, a captive market of buyers and soft regulatory treatment, helping it to control a crucial technology of the future.",,,Business,,,,,,https://www.nytimes.com/2021/12/22/business/china-catl-electric-car-batteries.html
2021,2021-12-31T08:00:16Z,,,A Digital Manhunt: How Chinese Police Track Critics on Twitter and Facebook,Authorities in China have turned to sophisticated investigative software to track and silence obscure critics on overseas social media. Their targets include college students and non-Chinese nationals.,,,Technology,,,,,,https://www.nytimes.com/2021/12/31/technology/china-internet-police-twitter.html
2022,2022-01-01T08:33:02Z,2020s,Jan-Feb,Kim Jong-un’s New Year Resolution: More Food for North Korea,"At a party meeting, Mr. Kim made little mention of the United States or South Korea. Instead, he promised to “completely solve the food problem.”",,"At a party meeting, Mr. Kim made little mention of the United States or South Korea. Instead, he promised to “completely solve the food problem.”",World,Foreign,News,article,1105.0,North Korea; Kim Jong-un; Food Insecurity; Workers' Party of Korea; Politics and Government,https://www.nytimes.com/2022/01/01/world/asia/north-korea-kim-jong-un.html
2022,2022-01-01T11:00:05Z,2020s,Jan-Feb,Memorable Canada Stories in 2021,"From the discovery of Indigenous graves in British Columbia to a faux Florida retirement community in Quebec, two Times Canada correspondents recall some of the standout stories of the year.",,"From the discovery of Indigenous graves in British Columbia to a faux Florida retirement community in Quebec, two Times Canada correspondents recall some of the standout stories of the year.",World,Foreign,News,article,1194.0,Indigenous People; Child Abuse and Neglect; Coronavirus (2019-nCoV); Kamloops Indian Residential School (British Columbia); Canada; British Columbia (Canada),https://www.nytimes.com/2022/01/01/world/canada/memorable-canada-stories-2021.html
2022,2022-01-01T14:00:05Z,2020s,Jan-Feb,Trigger Warning: It’s My Brother’s Turn Again,Covid delayed Kevin’s annual column from the Republican point of view. But he’s back.,,Covid delayed Kevin’s annual column from the Republican point of view. But he’s back.,Opinion,OpEd,Op-Ed,article,963.0,"Biden, Joseph R Jr; Democratic Party; Republican Party; House of Representatives; Senate; United States Politics and Government; Trump, Donald J",https://www.nytimes.com/2022/01/01/opinion/trigger-warning-its-my-brothers-turn-again.html
2022,2022-01-01T19:45:00Z,2020s,Jan-Feb,"Kim Jong-un pledges to ease North Korea’s chronic food shortages, which have been worsened by the pandemic.",,,,World,Foreign,Live Blog Post,article,453.0,,https://www.nytimes.com/live/2022/01/01/world/omicron-covid-vaccine-tests/kim-jong-un-pledges-to-ease-north-koreas-chronic-food-shortages-which-have-been-worsened-by-the-pandemic
2022,2022-01-01T19:49:29Z,2020s,Jan-Feb,"Big Rockets, Massive Asteroids and More Space Highlights for 2022",Here’s a look at what may be launching in the year to come.,,Here’s a look at what may be launching in the year to come.,Science,Science,News,article,1086.0,Space and Astronomy; Rocket Science and Propulsion; Tiangong Space Program; Space Stations; Planets; Private Spaceflight,https://www.nytimes.com/2022/01/01/science/space-preview-2022.html
2022,2022-01-02T09:06:02Z,2020s,Jan-Feb,South Korea Says Unknown Person Crossed Heavily Armed Border Into North,"The breach at the Demilitarized Zone went unnoticed for hours, the South Korean military said. There was no immediate response from North Korea.",,"The breach at the Demilitarized Zone went unnoticed for hours, the South Korean military said. There was no immediate response from North Korea.",World,Foreign,News,article,717.0,Korean Demilitarized Zone; South Korea; North Korea; Border Barriers; International Relations; Defectors (Political),https://www.nytimes.com/2022/01/02/world/asia/korea-dmz-border.html
2022,2022-01-02T10:00:16Z,2020s,Jan-Feb,"China Moves to Overhaul Protections for Women’s Rights, Sort Of",The proposed revisions to a women’s rights law would be the first major changes in nearly 20 years. But many women are skeptical that real progress will follow.,,The proposed revisions to a women’s rights law would be the first major changes in nearly 20 years. But many women are skeptical that real progress will follow.,World,Foreign,News,article,1272.0,China; Women's Rights; Women and Girls; Discrimination; #MeToo Movement; Sexual Harassment; Zhou Xiaoxuan; Zhu Jun; Law and Legislation,https://www.nytimes.com/2022/01/02/world/asia/china-womens-rights.html
2022,2022-01-02T15:00:13Z,2020s,Jan-Feb,Boldface Names Give Los Angeles a New Cultural Center,"An OMA-designed pavilion at the Wilshire Boulevard Temple was helped along by Eli Broad. It houses Wallis Annenberg’s GenSpace, a center for older people.",,"An OMA-designed pavilion at the Wilshire Boulevard Temple was helped along by Eli Broad. It houses Wallis Annenberg’s GenSpace, a center for older people.",Arts,Culture,News,article,1578.0,"Architecture; Philanthropy; Synagogues; Content Type: Personal Profile; Elderly; OMA (Office for Metropolitan Architecture); Wilshire Boulevard Temple (Los Angeles, Calif); Broad, Eli; Koolhaas, Rem; Shigematsu, Shohei; Los Angeles (Calif); GenSpace (Los Angeles, Calif); Annenberg, Wallis; Annenberg Foundation; Irmas, Audrey, Pavillion (Los Angeles, Calif); Leder, Steven Z",https://www.nytimes.com/2022/01/02/arts/design/wilshire-boulevard-temple-broad-annenberg.html
2022,2022-01-02T16:25:04Z,2020s,Jan-Feb,Tesla Reports 87% Increase in 2021 Deliveries,The electric-car maker managed substantial growth as Europe and China increasingly propelled sales.,,The electric-car maker managed substantial growth as Europe and China increasingly propelled sales.,Business,Business,News,article,730.0,"Electric and Hybrid Vehicles; Tesla Motors Inc; Musk, Elon; Company Reports; Automobiles; Supply Chain; Automobile Safety Features and Defects; Factories and Manufacturing",https://www.nytimes.com/2022/01/02/business/tesla-sales.html
2022,2022-01-02T21:06:04Z,2020s,Jan-Feb,Your Monday Briefing: South Africa’s Parliament Burns,Plus a breach in the DMZ and posturing about women’s rights in China.,,Plus a breach in the DMZ and posturing about women’s rights in China.,Briefing,NYTNow,briefing,article,1323.0,"Cape Town (South Africa); Far East, South and Southeast Asia and Pacific Areas; China; Korean Demilitarized Zone; South Korea; South Africa; North Korea; China Evergrande Group; Islamic State in Iraq and Syria (ISIS); Politics and Government; Defense and Military Forces; Discrimination; Women's Rights; Women and Girls; Coronavirus (2019-nCoV); Moon; Arson",https://www.nytimes.com/2022/01/02/briefing/your-monday-briefing-south-africas-parliament-burns.html
2022,2022-01-03T04:34:44Z,2020s,Jan-Feb,Your Monday Briefing,A crisis in Bosnia.,,A crisis in Bosnia.,Briefing,NYTNow,briefing,article,1344.0,,https://www.nytimes.com/2022/01/02/briefing/bosnia-israel-booster-south-africa.html
2022,2022-01-03T05:14:46Z,2020s,Jan-Feb,China Evergrande suspends trading shares in Hong Kong.,"The world’s most indebted property developer provided no details on the suspension, but it suggested an announcement “containing inside information” would come soon.",,"The world’s most indebted property developer provided no details on the suspension, but it suggested an announcement “containing inside information” would come soon.",Business,Business,News,article,296.0,Foreign Investments; China Evergrande Group; Hong Kong Stock Exchange; China,https://www.nytimes.com/2022/01/03/business/china-evergrande-shares-hong-kong.html
2022,2022-01-03T06:00:07Z,2020s,Jan-Feb,What’s on TV This Week: ‘RuPaul’s Drag Race’ and ‘Batman Forever’,The 14th season of RuPaul’s Emmy-winning competition series premieres on VH1. And “Batman Forever” airs on BBC America.,,The 14th season of RuPaul’s Emmy-winning competition series premieres on VH1. And “Batman Forever” airs on BBC America.,Arts,Culture,News,article,956.0,Television; Movies,https://www.nytimes.com/2022/01/03/arts/television/whats-on-tv-this-week-rupauls-drag-race.html
2022,2022-01-03T11:20:14Z,2020s,Jan-Feb,Reason for Hope,We look back on the pandemic — and ahead to its next phases — with a handful of charts.,,We look back on the pandemic — and ahead to its next phases — with a handful of charts.,Briefing,NYTNow,briefing,article,1301.0,Coronavirus Omicron Variant; Coronavirus Delta Variant; Disease Rates; Coronavirus (2019-nCoV); Deaths (Fatalities),https://www.nytimes.com/2022/01/03/briefing/pandemic-charts-omicron.html
2022,2022-01-03T11:57:56Z,2020s,Jan-Feb,How Beijing Has Muted Hong Kong’s Independent Media,"Citizen News, a small but aggressive online publication, is the latest outlet to fold amid relentless pressure from the authorities.",,"Citizen News, a small but aggressive online publication, is the latest outlet to fold amid relentless pressure from the authorities.",World,Foreign,News,article,1174.0,Hong Kong; News and News Media; Freedom of the Press; Shutdowns (Institutional); China; Stand News; Citizen News; Apple Daily,https://www.nytimes.com/article/hong-kong-media-muzzled.html
2022,2022-01-03T12:22:05Z,2020s,Jan-Feb,Vietnam urges China to ease anti-Covid border controls as trade suffers.,,,,World,Foreign,Live Blog Post,article,285.0,Coronavirus (2019-nCoV); Guangxi (China); Vietnam; Thailand; International Trade and World Market; Supply Chain; International Relations,https://www.nytimes.com/live/2022/01/03/world/omicron-covid-vaccine-tests/vietnam-urges-china-to-ease-anti-covid-border-controls-as-trade-suffers
2022,2022-01-03T16:22:18Z,2020s,Jan-Feb,"Bridgewater, World’s Largest Hedge Fund, Names New Chief Executives","The firm named deputy C.E.O. Nir Bar Dea and a board member, Mark Bertolini, to succeed David McCormick in light of Mr. McCormick’s political aspirations.",,"The firm named deputy C.E.O. Nir Bar Dea and a board member, Mark Bertolini, to succeed David McCormick in light of Mr. McCormick’s political aspirations.",Business,Business,News,article,1161.0,"Hedge Funds; Appointments and Executive Changes; Bertolini, Mark T; Dalio, Raymond (1949- ); Bridgewater Associates; McCormick, David H (1965- ); Bar Dea, Nir",https://www.nytimes.com/2022/01/03/business/bridgewater-chief-executives.html
2022,2022-01-03T20:36:34Z,2020s,Jan-Feb,Stock Up on Frozen Dumplings From Fly by Jing,"The company is offering two kinds of half-moon dumplings, made in California.",,"The company is offering two kinds of half-moon dumplings, made in California.",Food,Dining,News,article,175.0,Frozen Foods; Chinese Food (Cuisine),https://www.nytimes.com/2022/01/03/dining/fly-by-jing-frozen-dumplings.html
2022,2022-01-03T20:38:34Z,2020s,Jan-Feb,A Mille Crèpes for Lunar New Year,The confectioner Lady M is making the French classic with red bean pastry cream for a holiday gift box.,,The confectioner Lady M is making the French classic with red bean pastry cream for a holiday gift box.,Food,Dining,News,article,177.0,Lunar New Year; Gifts; Cakes,https://www.nytimes.com/2022/01/03/dining/lunar-new-year-cake.html
2022,2022-01-03T21:00:24Z,2020s,Jan-Feb,Your Monday Briefing: Global Covid cases reach record highs,But recent Omicron data offer hope.,,But recent Omicron data offer hope.,Briefing,NYTNow,briefing,article,1251.0,,https://www.nytimes.com/2022/01/03/briefing/omicron-cases-china-media-arrests.html
2022,2022-03-01T00:45:13Z,2020s,Mar-Apr,Chinese Company Removed as Operator of Cobalt Mine in Congo,A court has given the Congolese control of one of the world’s largest sources of cobalt while allegations against the mine’s Chinese owners are investigated.,,A court has given the Congolese control of one of the world’s largest sources of cobalt while allegations against the mine’s Chinese owners are investigated.,World,Investigative,News,article,916.0,"Mines and Mining; Cobalt; Congo, Democratic Republic of (Congo-Kinshasa); Alternative and Renewable Energy; China Molybdenum Co Ltd; Appointments and Executive Changes; Gecamines SA; Politics and Government; International Trade and World Market",https://www.nytimes.com/2022/02/28/world/congo-cobalt-mining-china.html
2022,2022-03-01T01:47:26Z,2020s,Mar-Apr,Disney and Warner Bros. will pause theatrical movie releases in Russia.,Affected films include “The Batman” from Warner and “Turning Red” from Disney-Pixar.,,Affected films include “The Batman” from Warner and “Turning Red” from Disney-Pixar.,Business,Business,News,article,470.0,Movies; Russian Invasion of Ukraine (2022); Box Office Sales; Walt Disney Company; Warner Brothers; Pixar Animation Studios; Russia; Ukraine; Turning Red (Movie),https://www.nytimes.com/2022/02/28/business/disney-warner-bros-russia.html
2022,2022-03-01T05:30:39Z,2020s,Mar-Apr,Your Tuesday Briefing,A bloody attack on Ukraine’s second-largest city.,,A bloody attack on Ukraine’s second-largest city.,Briefing,NYTNow,briefing,article,1512.0,,https://www.nytimes.com/2022/03/01/briefing/ukraine-russia-climate-change.html
2022,2022-03-01T06:00:05Z,2020s,Mar-Apr,‘My Fellow Americans’: Four Times Columnists Channel Joe Biden,We will start again — and we will start now.,,We will start again — and we will start now.,Opinion,OpEd,Op-Ed,article,1789.0,"Biden, Joseph R Jr; State of the Union Message (US); United States Politics and Government",https://www.nytimes.com/2022/03/01/opinion/state-union-biden.html
2022,2022-03-01T10:00:06Z,2020s,Mar-Apr,A Tour of Writing’s History Bounces From Script to Script,"In “The Greatest Invention,” Silvia Ferrara offers a dizzying and entertaining tour of written language.",,"In “The Greatest Invention,” Silvia Ferrara offers a dizzying and entertaining tour of written language.",Books,BookReview,Review,article,1225.0,"Books and Literature; Language and Languages; The Greatest Invention: A History of the World in Nine Mysterious Scripts (Book); Portnowitz, Todd; Ferrara, Silvia",https://www.nytimes.com/2022/03/01/books/review/greatest-invention-nine-scripts-silvia-ferrera.html
2022,2022-03-01T10:00:06Z,2020s,Mar-Apr,"When Nations Disappear, What Happens to Nationalities?",Yoko Tawada’s novel “Scattered All Over the Earth” imagines a future in which a climate crisis has eroded borders and cultural identities.,,Yoko Tawada’s novel “Scattered All Over the Earth” imagines a future in which a climate crisis has eroded borders and cultural identities.,Books,BookReview,Review,article,736.0,"Books and Literature; Tawada, Yoko; Mitsutani, Margaret; Scattered All Over the Earth (Book)",https://www.nytimes.com/2022/03/01/books/review/yoko-tawada-scattered-all-over-the-earth.html
2022,2022-03-01T10:00:17Z,2020s,Mar-Apr,"Seeking Truth and Justice, Chinese See Themselves in a Chained Woman","The woman became a symbol of injustice and authorities’ incompetence in fighting human trafficking, posing a credibility challenge to an omnipotent government.",,"The woman became a symbol of injustice and authorities’ incompetence in fighting human trafficking, posing a credibility challenge to an omnipotent government.",Business,Business,News,article,1509.0,Human Trafficking; Women and Girls; Social Media; Kidnapping and Hostages; WeChat (Mobile App); Weibo Corporation; China,https://www.nytimes.com/2022/03/01/business/china-chained-woman-social-media.html
2022,2022-03-01T10:00:19Z,2020s,Mar-Apr,Can the West Stop Russia by Strangling Its Economy?,The economic historian Adam Tooze explains how the invasion of Ukraine is inciting war in the financial markets.,,The economic historian Adam Tooze explains how the invasion of Ukraine is inciting war in the financial markets.,Opinion,OpEd,Op-Ed,article,498.0,"Tooze, Adam; Ukraine; Russia; United States; Russian Invasion of Ukraine (2022); United States International Relations; United States Economy; Economic Conditions and Trends; International Trade and World Market; Embargoes and Sanctions",https://www.nytimes.com/2022/03/01/opinion/ezra-klein-podcast-adam-tooze.html
2022,2022-03-01T10:00:30Z,2020s,Mar-Apr,How ‘Multiculturalism’ Became a Bad Word in South Korea,A mosque dispute in a conservative city has forced some South Koreans to confront what it means to live in an increasingly diverse society.,,A mosque dispute in a conservative city has forced some South Koreans to confront what it means to live in an increasingly diverse society.,World,Foreign,News,article,1437.0,South Korea; Daegu (South Korea); National Human Rights Commission (Korea); Discrimination; Korean-Americans; Immigration and Emigration; Mosques; Illegal Immigration; Human Rights and Human Rights Violations; Muslims and Islam; Race and Ethnicity,https://www.nytimes.com/2022/03/01/world/asia/south-korea-diversity-muslims.html
2022,2022-03-01T10:40:17Z,2020s,Mar-Apr,"Watching the War in Ukraine, Taiwanese Draw Lessons in Self-Reliance","Many in Taiwan see parallels with Ukraine. “We must use this time of peace to prepare for the worst,” says a nonprofit working to promote civil defense.",,"Many in Taiwan see parallels with Ukraine. “We must use this time of peace to prepare for the worst,” says a nonprofit working to promote civil defense.",World,Foreign,News,article,1401.0,"Russian Invasion of Ukraine (2022); Defense and Military Forces; War and Armed Conflicts; United States International Relations; Tsai Ing-wen; Biden, Joseph R Jr; Putin, Vladimir V; Xi Jinping; China; New Taipei City (Taiwan); Taipei (Taiwan); Taiwan; Russia; Ukraine",https://www.nytimes.com/2022/03/01/world/asia/ukraine-taiwan-china-russia.html
2022,2022-03-01T13:08:26Z,2020s,Mar-Apr,Countries rush to release emergency reserves as oil prices soar.,"The announcement was aimed to assure markets that there would be “no shortfall” as a result of Russia’s invasion of Ukraine, but oil prices kept rising, closing above $100 a barrel.",,"The announcement was aimed to assure markets that there would be “no shortfall” as a result of Russia’s invasion of Ukraine, but oil prices kept rising, closing above $100 a barrel.",Business,Business,News,article,935.0,"Russian Invasion of Ukraine (2022); Oil (Petroleum) and Gasoline; Embargoes and Sanctions; Strategic Petroleum Reserve (US); Prices (Fares, Fees and Rates); International Energy Agency; Organization of the Petroleum Exporting Countries; Russia; Ukraine; European Union",https://www.nytimes.com/2022/03/01/business/ukraine-russia-oil.html
2022,2022-03-01T13:28:25Z,2020s,Mar-Apr,"As World Rebukes Russia, India Tries to Stay Above the Fray","A nation isolated in a hostile region increasingly dominated by China, its challenge is to engage the West while not abandoning ties with an old ally.",,"A nation isolated in a hostile region increasingly dominated by China, its challenge is to engage the West while not abandoning ties with an old ally.",World,Foreign,News,article,1227.0,Russian Invasion of Ukraine (2022); Russia; India; Ukraine; War and Armed Conflicts,https://www.nytimes.com/2022/03/01/world/asia/india-russia-united-states-ukraine.html
2022,2022-03-01T15:54:44Z,2020s,Mar-Apr,Warning: Threats are accelerating,,,,Climate,Climate,News,article,1225.0,Global Warming; Greenhouse Gas Emissions,https://www.nytimes.com/2022/03/01/climate/nyt-climate-newsletter-ipcc.html
2022,2022-03-01T15:59:41Z,2020s,Mar-Apr,War in Ukraine Has Investors Thinking About a Second Cold War,Military conflicts have not been a major factor in market movements for decades. But Russia’s invasion of Ukraine has put global relations back on investors’ minds.,,Military conflicts have not been a major factor in market movements for decades. But Russia’s invasion of Ukraine has put global relations back on investors’ minds.,Business,Business,News,article,1310.0,Russian Invasion of Ukraine (2022); Economic Conditions and Trends; United States International Relations; International Trade and World Market; International Relations; Stocks and Bonds; Oil (Petroleum) and Gasoline,https://www.nytimes.com/2022/03/01/business/investors-ukraine-russia-markets.html
2022,2022-03-01T16:04:45Z,2020s,Mar-Apr,Woman of Asian Descent Is Latest to Die After an Attack in New York City,"In November, a man with a large rock assaulted GuiYing Ma in Queens, leaving her with lacerations to the face and head, the police said.",,"In November, a man with a large rock assaulted GuiYing Ma in Queens, leaving her with lacerations to the face and head, the police said.",New York,Express,News,article,448.0,"Asian-Americans; Assaults; Corona (Queens, NY); Hate Crimes; Ma, GuiYing; Murders, Attempted Murders and Homicides; Perez, Elisaul",https://www.nytimes.com/2022/03/01/nyregion/guiying-ma-queens-new-york-attack.html
2022,2022-03-01T16:49:00Z,2020s,Mar-Apr,Ukrainian Invasion Adds to Chaos for Global Supply Chains,Russia’s military incursion is severing key supply chains and setting off a scramble among global companies to comply with new sanctions.,,Russia’s military incursion is severing key supply chains and setting off a scramble among global companies to comply with new sanctions.,Business,Washington,News,article,1336.0,Supply Chain; Russian Invasion of Ukraine (2022); International Trade and World Market; Economic Conditions and Trends; Embargoes and Sanctions; Ruble (Currency); Freight (Cargo); Shortages; Commodities; Airlines and Airplanes; Ukraine; Russia; Western Europe,https://www.nytimes.com/2022/03/01/business/economy/ukraine-russia-supply-chains.html
2022,2022-03-01T17:17:34Z,2020s,Mar-Apr,I’m a Cold War Historian. We’re in a Frightening New Era.,What will follow Russia’s reckless invasion of Ukraine?,,What will follow Russia’s reckless invasion of Ukraine?,Opinion,OpEd,Op-Ed,article,1453.0,"Russian Invasion of Ukraine (2022); Cold War Era; Arms Control and Limitation and Disarmament; Russia; Ukraine; Putin, Vladimir V; United States",https://www.nytimes.com/2022/03/01/opinion/russia-ukraine-cold-war.html
2022,2022-03-01T18:42:36Z,2020s,Mar-Apr,China Post will test all overseas mail for the coronavirus. Experts say the risk is negligible.,,,,World,Foreign,Live Blog Post,article,323.0,China; Coronavirus (2019-nCoV); Postal Service and Post Offices; Vaccination and Immunization; China Post Group Corp,https://www.nytimes.com/live/2022/03/01/world/covid-19-tests-cases-vaccine/china-post-will-test-all-overseas-mail-for-the-coronavirus-experts-say-the-risk-is-negligible
2022,2022-03-01T20:17:08Z,2020s,Mar-Apr,Transcript: Ezra Klein Interviews Adam Tooze,A conversation with the economic historian.,,A conversation with the economic historian.,Podcasts,OpEd,Op-Ed,article,16369.0,"Tooze, Adam; Klein, Ezra",https://www.nytimes.com/2022/03/01/podcasts/transcript-ezra-klein-interviews-adam-tooze.html
2022,2022-03-01T20:25:06Z,2020s,Mar-Apr,Biden will address a Congress where his agenda is stalled and Democrats are divided over a path forward.,"The president and top Democrats want to try to resurrect elements of his sweeping social policy and climate bill, but some vulnerable members want a narrower focus.",,"The president and top Democrats want to try to resurrect elements of his sweeping social policy and climate bill, but some vulnerable members want a narrower focus.",U.S.,Washington,Live Blog Post,article,592.0,,https://www.nytimes.com/live/2022/03/01/us/biden-state-of-the-union/biden-will-address-a-congress-where-his-agenda-is-stalled-and-democrats-are-divided-over-a-path-forward
2022,2022-05-01T09:00:22Z,2020s,May-Jun,"Apple Inc., ‘After Steve’",A new history of the trillion-dollar company in the wake of Steve Jobs.,,A new history of the trillion-dollar company in the wake of Steve Jobs.,Books,BookReview,Review,article,1437.0,"Books and Literature; Apple Inc; Ive, Jonathan; Cook, Timothy D; Jobs, Steven P; Computers and the Internet; iPod; iPhone; After Steve: How Apple Became a Trillion-Dollar Company and Lost Its Soul (Book); Mickle, Tripp",https://www.nytimes.com/2022/05/01/books/review/after-steve-tripp-mickle.html
2022,2022-05-01T09:00:22Z,2020s,May-Jun,"Inside China’s Zero-Covid Fortress, Xi Admits No Doubts","As the lockdown of Shanghai and outbreaks in Beijing and elsewhere batter the economy, China’s leader keeps a distance from the politically charged issue.",,"As the lockdown of Shanghai and outbreaks in Beijing and elsewhere batter the economy, China’s leader keeps a distance from the politically charged issue.",World,Foreign,News,article,1509.0,Xi Jinping; China; Coronavirus (2019-nCoV); Coronavirus Omicron Variant; Communist Party of China; Shanghai (China); Beijing (China); Disease Rates; Politics and Government,https://www.nytimes.com/2022/05/01/world/asia/china-covid-zero-xi-jinping.html
2022,2022-05-01T09:00:23Z,2020s,May-Jun,"In Trump’s Shadow, Ohio Republicans Campaign Ahead of Tuesday’s Primary",Donald Trump’s endorsement of the author and venture capitalist J.D. Vance has shaken up the Republican race for the first major Senate midterm election.,,Donald Trump’s endorsement of the author and venture capitalist J.D. Vance has shaken up the Republican race for the first major Senate midterm election.,U.S.,Politics,News,article,1914.0,"Elections, Senate; Primaries and Caucuses; Senate; Republican Party; Gibbons, Mike (1952- ); Vance, J D; Mandel, Joshua A; Trump, Donald J; Ohio; Midterm Elections (2022)",https://www.nytimes.com/2022/05/01/us/politics/josh-mandel-vance-ohio-senate.html
2022,2022-05-01T10:42:10Z,2020s,May-Jun,"Beijing Escalates Restrictions, but Still Stops Short of Lockdown",Officials in China’s capital are striving to contain a coronavirus outbreak while avoiding public anger of the kind that has erupted in Shanghai.,,Officials in China’s capital are striving to contain a coronavirus outbreak while avoiding public anger of the kind that has erupted in Shanghai.,World,Foreign,News,article,925.0,Beijing (China); China; Coronavirus (2019-nCoV),https://www.nytimes.com/2022/05/01/world/asia/beijing-china-covid.html
2022,2022-05-01T20:54:55Z,2020s,May-Jun,Your Monday Briefing: Pelosi Visits Ukraine,Plus Xi remains quiet on Covid lockdowns and young Filipinos rally for a long shot candidate.,,Plus Xi remains quiet on Covid lockdowns and young Filipinos rally for a long shot candidate.,Briefing,NYTNow,briefing,article,1310.0,,https://www.nytimes.com/2022/05/01/briefing/pelosi-visits-ukraine-xi-covid.html
2022,2022-05-01T22:45:03Z,2020s,May-Jun,Growth slows to a crawl as war and Covid grip the biggest economies.,,,,World,Business,Live Blog Post,article,257.0,,https://www.nytimes.com/live/2022/05/01/world/ukraine-russia-war-news/growth-slows-to-a-crawl-as-war-and-covid-grip-the-biggest-economies
2022,2022-05-02T01:14:15Z,2020s,May-Jun,Fatal Shooting of Deliveryman Stuns a Queens Neighborhood,"Zhiwen Yan, who delivered Chinese food in Forest Hills, had a signature greeting for customers: “Hello, my friend!” He was killed on his scooter at a stoplight.",,"Zhiwen Yan, who delivered Chinese food in Forest Hills, had a signature greeting for customers: “Hello, my friend!” He was killed on his scooter at a stoplight.",New York,Metro,News,article,823.0,"Delivery Services; Murders, Attempted Murders and Homicides; Hate Crimes; Forest Hills (Queens, NY); Yan, Zhiwen (d 2022)",https://www.nytimes.com/2022/05/01/nyregion/queens-shooting-deliveryman.html
2022,2022-05-02T05:00:06Z,2020s,May-Jun,Europe Is in Danger. It Always Is.,"In a world of war and calamity, the European Union needs to pull together even more.",,"In a world of war and calamity, the European Union needs to pull together even more.",Opinion,OpEd,Op-Ed,article,1321.0,Politics and Government; International Relations; European Union; Europe; Russian Invasion of Ukraine (2022); Ukraine; Russia,https://www.nytimes.com/2022/05/02/opinion/european-union-macron-ukraine.html
2022,2022-05-02T07:03:31Z,2020s,May-Jun,The Met Gala Is Bound to Be Gilded and Over-the-Top,"The annual fashion extravaganza happens tonight, with tickets priced at $35,000 and invitations required.",,"The annual fashion extravaganza happens tonight, with tickets priced at $35,000 and invitations required.",New York,Metro,briefing,article,1513.0,"New York City; Traffic Accidents and Safety; Fashion and Apparel; Met Gala; Costumes; Roads and Traffic; Speed Limits and Speeding; Metropolitan Museum of Art; Adams, Eric L; Wintour, Anna",https://www.nytimes.com/2022/05/02/nyregion/met-gala-fashion.html
2022,2022-05-02T09:00:10Z,2020s,May-Jun,A Billionaire Hedge Fund Manager Predicts the Future — and What He Sees Is Concerning,Ray Dalio discusses the economic and political mechanics of a changing world order.,,Ray Dalio discusses the economic and political mechanics of a changing world order.,Opinion,OpEd,Op-Ed,article,231.0,"audio-neutral-informative; Dalio, Raymond (1949- ); Economic Conditions and Trends; United States Economy; United States Politics and Government; Politics and Government; Bridgewater Associates; China; Principles for Dealing with the Changing World Order: Why Nations Succeed and Fail (Book); Books and Literature",https://www.nytimes.com/2022/05/02/opinion/sway-kara-swisher-ray-dalio.html
2022,2022-05-02T11:59:14Z,2020s,May-Jun,Investors and companies await Fed’s rate decision this week.,,,,Business,Business,Live Blog Post,article,485.0,,https://www.nytimes.com/live/2022/05/02/business/economy-news-stocks-inflation/investors-and-companies-await-feds-rate-decision-this-week
2022,2022-05-02T12:04:42Z,2020s,May-Jun,The Federal Reserve’s Tough Spot,A stock market dive complicates the fight against inflation.,,A stock market dive complicates the fight against inflation.,Business,Business,News,article,1781.0,United States Economy; Supply Chain; Inflation (Economics); Interest Rates; Federal Reserve System; United States,https://www.nytimes.com/2022/05/02/business/dealbook/the-fed-inflation.html
2022,2022-05-02T13:00:20Z,2020s,May-Jun,$5 Million Homes in California,"A Spanish-style house in Santa Monica, a 1925 Tudor Revival home in Ojai and a Craftsman-inspired bungalow in Los Gatos.",,"A Spanish-style house in Santa Monica, a 1925 Tudor Revival home in Ojai and a Craftsman-inspired bungalow in Los Gatos.",Real Estate,RealEstate,News,article,1292.0,Real Estate and Housing (Residential); Ojai (Calif); Los Gatos (Calif); Santa Monica (Calif); California,https://www.nytimes.com/2022/05/02/realestate/5-million-homes-in-california.html
2022,2022-05-02T13:31:29Z,2020s,May-Jun,"In Dublin, Ohio, Mike Gibbons emphasized his business credentials and his roots in the state.",,,,U.S.,Politics,Live Blog Post,article,351.0,,https://www.nytimes.com/live/2022/05/02/us/midterm-elections-ohio-primary/in-dublin-ohio-mike-gibbons-emphasized-his-business-credentials-and-his-roots-in-the-state
2022,2022-05-02T13:31:29Z,2020s,May-Jun,"J.D. Vance campaigned in Newark, Ohio, with Marjorie Taylor Greene and Matt Gaetz.",,,,U.S.,Politics,Live Blog Post,article,456.0,,https://www.nytimes.com/live/2022/05/02/us/midterm-elections-ohio-primary/jd-vance-campaigned-in-newark-ohio-with-marjorie-taylor-greene-and-matt-gaetz
2022,2022-05-02T14:07:19Z,2020s,May-Jun,Biden Administration Begins $3 Billion Plan for Electric Car Batteries,"The Biden administration is planning a major shift to electric vehicles, but experts say it requires a secure, resilient supply of critical minerals.",,"The Biden administration is planning a major shift to electric vehicles, but experts say it requires a secure, resilient supply of critical minerals.",Climate,Climate,News,article,689.0,"Electric and Hybrid Vehicles; Batteries; Automobiles; Solar Energy; Lithium (Metal); Wind Power; Supply Chain; Global Warming; Energy Department; Granholm, Jennifer M; China",https://www.nytimes.com/2022/05/02/climate/biden-electric-car-batteries.html
2022,2022-05-02T17:31:35Z,2020s,May-Jun,Pucci Returns to Capri,"Who needs a fashion show when you can have three days of parties and yoga? Inside Camille Miceli’s high-energy, up-with-prints, Instagram-friendly debut.",,"Who needs a fashion show when you can have three days of parties and yoga? Inside Camille Miceli’s high-energy, up-with-prints, Instagram-friendly debut.",Style,Styles,News,article,1117.0,"Emilio Pucci Srl; Miceli, Camille; Fashion and Apparel; Capri (Italy); Fashion Shows",https://www.nytimes.com/2022/05/02/style/pucci-camille-miceli-capri.html
2022,2022-05-02T21:33:37Z,2020s,May-Jun,Catch and Release: Rocket Lab Grabs Booster Falling From Space With a Helicopter,"The company aims to join Elon Musk’s SpaceX in reusing rocket boosters, which can lower costs and increase the frequency of launching to orbit.",,"The company aims to join Elon Musk’s SpaceX in reusing rocket boosters, which can lower costs and increase the frequency of launching to orbit.",Science,Science,News,article,1126.0,Rocket Lab; Rocket Science and Propulsion; Helicopters; Private Spaceflight; Space and Astronomy; Space Exploration Technologies Corp; visionaries2022,https://www.nytimes.com/2022/05/02/science/rocket-lab-launch-helicopter.html
2022,2022-05-02T21:43:20Z,2020s,May-Jun,New Subvariants in South Africa,A surge in the country is being driven by BA.4 and BA.5.,,A surge in the country is being driven by BA.4 and BA.5.,Briefing,NYTNow,News,article,1138.0,Coronavirus (2019-nCoV),https://www.nytimes.com/2022/05/02/briefing/new-subvariants-in-south-africa.html
2022,2022-05-02T23:18:42Z,2020s,May-Jun,"In Ohio Senate Fight, G.O.P. Shows Strains of Its Identity Crisis","Republicans agree that values they view as traditional are at risk, but they’re wrestling with whether isolationism is the answer to their misgivings about global interconnectedness.",,"Republicans agree that values they view as traditional are at risk, but they’re wrestling with whether isolationism is the answer to their misgivings about global interconnectedness.",U.S.,Politics,News,article,1418.0,"Elections, Senate; Primaries and Caucuses; Conservatism (US Politics); United States Politics and Government; Republican Party; Ohio; Gibbons, Mike (1952- ); Mandel, Joshua A; Timken, Jane; Vance, J D; Dolan, Matthew J (1965- )",https://www.nytimes.com/2022/05/02/us/ohio-senate-republican-primary.html
2022,2022-06-26T01:00:14Z,,,‘An Invisible Cage’: How China Is Policing the Future,"Vast surveillance data allows the state to target people whose behavior or characteristics are deemed suspicious by an algorithm, even if they’ve done nothing wrong.",,,Technology,,,,,,https://www.nytimes.com/2022/06/25/technology/china-surveillance-police.html
2022,2022-07-01T00:07:48Z,2020s,Jul-Aug,John Lee led the crackdown on protests. Now Beijing has picked him to lead Hong Kong.,,,,World,Foreign,Live Blog Post,article,485.0,,https://www.nytimes.com/live/2022/07/01/world/xi-jinping-hong-kong/john-lee-hong-kong
2022,2022-07-01T00:07:49Z,2020s,Jul-Aug,Xi Jinping’s visit seals his victory over Hong Kong’s once-vocal opposition.,,,,World,Foreign,Live Blog Post,article,661.0,,https://www.nytimes.com/live/2022/07/01/world/xi-jinping-hong-kong/xi-jinpings-visit-seals-his-victory-over-hong-kongs-once-vocal-opposition
2022,2022-07-01T00:42:24Z,2020s,Jul-Aug,John Lee inherits an economy battered by the pandemic.,,,,World,Foreign,Live Blog Post,article,407.0,,https://www.nytimes.com/live/2022/06/30/world/xi-jinping-hong-kong/john-lee-hong-kong-economy
2022,2022-07-01T01:04:16Z,2020s,Jul-Aug,"In 2019, protesters stormed Hong Kong’s legislature in bold defiance of Beijing.",,,,World,Foreign,Live Blog Post,article,385.0,,https://www.nytimes.com/live/2022/06/30/world/xi-jinping-hong-kong/hong-kong-protests-legislature
2022,2022-07-01T01:20:27Z,2020s,Jul-Aug,‘Wearing a Piece of History’: Vintage Clothing Stores Find a Growing Market,"The demand for repurposed clothes is rising in Australia, store owners say, as shoppers look for sustainability and history over fast fashion.",,"The demand for repurposed clothes is rising in Australia, store owners say, as shoppers look for sustainability and history over fast fashion.",World,Foreign,News,article,1230.0,Australia; Fashion and Apparel; Sustainable Living; Thrift Shops,https://www.nytimes.com/2022/06/30/world/australia/vintage-clothing-stores.html
2022,2022-07-01T01:28:57Z,2020s,Jul-Aug,How Hong Kong decides to live with Covid will define its future.,,,,World,Foreign,Live Blog Post,article,575.0,,https://www.nytimes.com/live/2022/06/30/world/xi-jinping-hong-kong/hong-kong-covid
2022,2022-07-01T02:04:41Z,2020s,Jul-Aug,"A pro-democracy business owner closes his last store, citing harassment.",,,,World,Foreign,Live Blog Post,article,459.0,,https://www.nytimes.com/live/2022/06/30/world/xi-jinping-hong-kong/hong-kong-democracy-herbert-chow
2022,2022-07-01T03:01:20Z,2020s,Jul-Aug,China’s push to tame Hong Kong has focused heavily on its schools.,,,,World,Foreign,Live Blog Post,article,482.0,,https://www.nytimes.com/live/2022/07/01/world/xi-jinping-hong-kong/hong-kong-schools
2022,2022-07-01T04:05:03Z,2020s,Jul-Aug,Your Friday Briefing,A major climate-related court ruling.,,A major climate-related court ruling.,Briefing,NYTNow,briefing,article,1273.0,,https://www.nytimes.com/2022/07/01/briefing/supreme-court-climate-ruling-ukraine.html
2022,2022-07-01T05:00:17Z,2020s,Jul-Aug,"‘It is what it is’: On Hong Kong’s streets, a muted response.",,,,World,Foreign,Live Blog Post,article,485.0,,https://www.nytimes.com/live/2022/07/01/world/xi-jinping-hong-kong/it-is-what-it-is-on-hong-kongs-streets-a-muted-response
2022,2022-08-06T09:00:30Z,,,"In Turbulent Times, Xi Builds a Security Fortress for China, and Himself","Taiwan, Covid, “color revolutions,” the classroom: everywhere, China’s leader sees threats that foreign forces can exploit, and he has enlisted the whole nation to defend against them.",,,World,,,,,,https://www.nytimes.com/2022/08/06/world/asia/xi-jinping-china-security.html
2022,2022-09-01T09:01:10Z,,,Tech Companies Slowly Shift Production Away From China,"Worried about geopolitical tensions and stung by pandemic shutdowns, Google, Apple and others are moving some work to nearby countries.",,,Business,,,,,,https://www.nytimes.com/2022/09/01/business/tech-companies-china.html
2022,2022-09-06T19:05:31Z,,,How China Has Added to Its Influence Over the iPhone,"Apple is taking small steps toward India. But the production of its latest phone, introduced on Wednesday, shows how difficult it will be to make big changes.",,,Technology,,,,,,https://www.nytimes.com/2022/09/06/technology/china-apple-iphone.html
2022,2022-10-06T09:00:51Z,,,"In Global Slowdown, China Holds Sway Over Countries’ Fates","The lender of choice for many nations over the past decade, Beijing now has the power to cut them off, lend more or forgive some of their debts.",,,Business,,,,,,https://www.nytimes.com/2022/10/06/business/china-debt-economy-global-slowdown.html
2022,2022-10-17T09:28:42Z,,,"In Xi’s China, the Business of Business Is State-Controlled","The Chinese leader has increasingly demanded that businesses conform to the aims of the Communist Party, an agenda he doubled down on this week at an important political gathering.",,,Business,,,,,,https://www.nytimes.com/2022/10/17/business/china-xi-jinping-business-economy.html
2022,2022-10-22T06:52:26Z,,,China Hangs on Xi’s Every Word. His Silence Also Speaks Volumes.,"At the important Communist Party congress this week, the Chinese leader didn’t mention two long-repeated maxims. To many, it’s a warning of the turbulent times ahead.",,,World,,,,,,https://www.nytimes.com/2022/10/22/world/asia/china-xi-jinping-congress-security.html
2022,2022-11-07T23:23:00Z,,,Apple Built Its Empire With China. Now Its Foundation Is Showing Cracks.,Lawmakers’ objections to an obscure Chinese semiconductor company and tough Covid-19 restrictions are hurting Apple’s ability to make new iPhones in China.,,,Business,,,,,,https://www.nytimes.com/2022/11/07/business/apple-china-ymtc.html
2022,2022-11-27T13:48:44Z,,,"After Deadly Blaze, Surge of Defiance Against China’s Covid Policies","Protests became rare once the government cut off most routes to collective action. But ubiquitous Covid rules, bringing shared suffering, have created a focus for anger.",,,World,,,,,,https://www.nytimes.com/2022/11/27/world/asia/china-covid-protest.html
2022,2022-11-28T21:48:59Z,,,Chinese Unrest Over Lockdown Upends Global Economic Outlook,"Growing protests in the world’s biggest manufacturing nation add a new element of uncertainty atop the Ukraine war, an energy crisis and inflation.",,,Business,,,,,,https://www.nytimes.com/2022/11/28/business/economy/china-unrest-global-economy.html
2022,2022-11-29T10:54:35Z,,,"With Intimidation and Surveillance, China Tries to Snuff Out Protests","Communist Party officials are using decades-old tactics, along with some new ones, to quash the most widespread protests in decades. But Xi Jinping is silent.",,,World,,,,,,https://www.nytimes.com/2022/11/29/world/asia/china-protest-covid-security.html
2022,2022-12-02T05:01:10Z,,,"As Officials Ease Covid Restrictions, China Faces New Pandemic Risks","Huge swaths of the nation’s elderly remain vulnerable, scientists say, and a surge in deaths and hospitalizations may be inevitable.",,,Health,,,,,,https://www.nytimes.com/2022/12/02/health/china-covid-lockdowns.html
2022,2022-12-04T08:00:24Z,,,"The Chinese Dream, Denied",The world’s harshest Covid restrictions exemplify how Xi Jinping’s authoritarian excesses have rewritten Beijing’s longstanding social contract with its people.,,,World,,,,,,https://www.nytimes.com/2022/12/04/world/asia/china-xi-jinping-covid-zero.html
2022,2022-12-07T06:01:05Z,,,China Eases ‘Zero Covid’ Restrictions in Victory for Protesters,"Beijing’s costly policy of lockdowns has pummeled the world’s second-largest economy and set off mass public protests that were a rare challenge to China’s leader, Xi Jinping.",,,World,,,,,,https://www.nytimes.com/2022/12/07/world/asia/china-zero-covid-protests.html
2022,2022-12-08T10:59:48Z,,,"‘Zero Covid,’ Once Ubiquitous, Vanishes in China’s Messy Pivot","As China casts aside many Covid rules, it is also playing down the threat of the virus. The move could help ease the burden on hospitals but comes with its own risks.",,,World,,,,,,https://www.nytimes.com/2022/12/08/world/asia/china-covid-rollback.html
2022,2022-12-10T10:00:23Z,,,"Even as China Eases Covid Rules, Some Youths Still Fear a Grim Future","A sluggish economy continues to leave many young people unemployed, with few job prospects or hopes to tap into the rising incomes their parents enjoyed during boom times.",,,Business,,,,,,https://www.nytimes.com/2022/12/10/business/china-protests-students-jobs.html
2022,2022-12-22T10:00:28Z,,,"Without a Covid Narrative, China’s Censors Are Not Sure What to Do","The end of “zero Covid” has undermined years of official propaganda, and the vast censorship system is struggling to catch up.",,,Business,,,,,,https://www.nytimes.com/2022/12/22/business/china-covid-censorship-propaganda.html
2022,2022-12-27T10:17:13Z,,,‘Tragic Battle’: On the Front Lines of China’s Covid Crisis,Medical staff are outnumbered and working sick as the nation’s health care system buckles under the strain of a spiraling crisis.,,,World,,,,,,https://www.nytimes.com/2022/12/27/world/asia/china-covid-hospital-crisis.html
2022,2022-12-28T20:25:04Z,,,U.S. to Require Negative Covid Tests for Travelers Coming From China,"Amid concerns about a coronavirus surge in Beijing, the Biden administration announced the change in policy for those entering the United States from China, including Hong Kong and Macau.",,,U.S.,,,,,,https://www.nytimes.com/2022/12/28/us/politics/covid-requirements-china-us-travel.html
2022,2022-12-29T22:33:43Z,,,How Bad Is China’s Covid Outbreak? It’s a Scientific Guessing Game.,"In the absence of credible information from the Chinese government, researchers around the world are looking for any clues to determine the size and severity of the surge.",,,Health,,,,,,https://www.nytimes.com/2022/12/29/health/china-covid-outbreak-predictions.html
2023,2023-01-01T08:00:28Z,2020s,Jan-Feb,"‘OK, Mexico, Save Me’: After China, This Is Where Globalization May Lead","As American companies seek to limit their exposure to the pitfalls of making goods in China, some are moving production to Mexico.",,"As American companies seek to limit their exposure to the pitfalls of making goods in China, some are moving production to Mexico.",Business,Business,News,article,1809.0,Outsourcing; International Trade and World Market; Factories and Manufacturing; Coronavirus (2019-nCoV); Supply Chain; United States Economy; China; Mexico; Mexico City (Mexico); United States; Uniforms; Walmart Stores Inc,https://www.nytimes.com/2023/01/01/business/mexico-china-us-trade.html
2023,2023-01-01T08:13:40Z,2020s,Jan-Feb,North Korea Vows to Escalate Nuclear Threat Against the South,Kim Jong-un told a Workers’ Party meeting that his country must mass-produce nuclear missiles that could hit South Korea.,,Kim Jong-un told a Workers’ Party meeting that his country must mass-produce nuclear missiles that could hit South Korea.,World,Foreign,News,article,1177.0,North Korea; South Korea; Nuclear Weapons; Missiles and Missile Defense Systems; Kim Jong-un; Yoon Suk-yeol; International Relations,https://www.nytimes.com/2023/01/01/world/asia/north-korea-nuclear-escalate.html
2023,2023-01-01T10:00:16Z,2020s,Jan-Feb,"U.S. Pours Money Into Chips, but Even Soaring Spending Has Limits","Amid a tech cold war with China, U.S. companies have pledged nearly $200 billion for chip manufacturing projects since early 2020. But the investments are not a silver bullet.",,"Amid a tech cold war with China, U.S. companies have pledged nearly $200 billion for chip manufacturing projects since early 2020. But the investments are not a silver bullet.",Technology,Business,News,article,1571.0,"Factories and Manufacturing; Computer Chips; Computers and the Internet; Colleges and Universities; United States Economy; Foreign Workers; International Relations; International Trade and World Market; Tax Credits, Deductions and Exemptions; United States Politics and Government; Intel Corporation; Samsung Electronics Co; Micron Technology Inc; Taiwan Semiconductor Manufacturing Company Ltd; Biden, Joseph R Jr; China; Taiwan; Syracuse (NY); Phoenix (Ariz)",https://www.nytimes.com/2023/01/01/technology/us-chip-making-china-invest.html
2023,2023-01-01T12:07:20Z,2020s,Jan-Feb,A Happier New Year,Develop stronger relationships in 2023.,,Develop stronger relationships in 2023.,Briefing,NYTNow,briefing,article,1510.0,New Year; Two Thousand Twenty Three; Harvard University,https://www.nytimes.com/2023/01/01/briefing/new-year-resolutions-happiness.html
2023,2023-01-01T16:00:06Z,2020s,Jan-Feb,Why India and China Are Fighting in the Himalayas,The countries share a volatile disputed border that is not marked on a map.,,The countries share a volatile disputed border that is not marked on a map.,Opinion,OpEd,Op-Ed,article,1197.0,Defense and Military Forces; India; China; International Relations; Territorial Disputes; War and Armed Conflicts; Himalayas,https://www.nytimes.com/2023/01/01/opinion/india-china-himalayas.html
2023,2023-01-01T21:02:07Z,2020s,Jan-Feb,December: China may launch the Xuntian space telescope,,,,Science,Science,News,article,60.0,,https://www.nytimes.com/article/december-china-may-launch-the-xuntian-space-telescope.html
2023,2023-01-01T21:02:22Z,2020s,Jan-Feb,Dec. 2-3: The Andromedids meteor shower may make an appearance,,,,Science,Science,News,article,109.0,,https://www.nytimes.com/article/andromedids-meteor-shower.html
2023,2023-01-01T21:19:59Z,2020s,Jan-Feb,Your Monday Briefing: The Impact of a U.S. Chip-Making Boom,"Also, North Korea threatens nuclear escalation and Ukraine reinforces its resilience amid a deadly assault.",,"Also, North Korea threatens nuclear escalation and Ukraine reinforces its resilience amid a deadly assault.",Briefing,National,briefing,article,1266.0,Russian Invasion of Ukraine (2022); Computer Chips; China; United States; Nuclear Weapons; North Korea,https://www.nytimes.com/2023/01/01/briefing/chips-china-us-north-korea-nuclear.html
2023,2023-01-02T05:00:06Z,2020s,Jan-Feb,The Man Who Made Spain the Magic Capital of the World,"Inside the mind of Juan Tamariz, the godfather of close-up card magic.",,"Inside the mind of Juan Tamariz, the godfather of close-up card magic.",Magazine,Magazine,News,article,4608.0,"Tamariz, Juan; Magic and Magicians; Spain; Content Type: Personal Profile",https://www.nytimes.com/2023/01/02/magazine/juan-tamariz-magic.html
2023,2023-01-02T05:51:53Z,2020s,Jan-Feb,Your Monday Briefing,Lula is now the president of Brazil.,,Lula is now the president of Brazil.,Briefing,NYTNow,briefing,article,1374.0,,https://www.nytimes.com/2023/01/02/briefing/lula-ukraine-benedict.html
2023,2023-01-02T10:00:12Z,2020s,Jan-Feb,"In the ‘Cozy Catastrophe’ Novel, the End of the World Is Not So Bad","Originally published in 1939, “The Hopkins Manuscript,” by the British writer R.C. Sherriff, inaugurated a genre of post-apocalyptic fiction in which a resourceful hero survives unthinkable cataclysm.",,"Originally published in 1939, “The Hopkins Manuscript,” by the British writer R.C. Sherriff, inaugurated a genre of post-apocalyptic fiction in which a resourceful hero survives unthinkable cataclysm.",Books,BookReview,Review,article,1296.0,"Books and Literature; Sherriff, R C",https://www.nytimes.com/2023/01/02/books/review/r-c-sherriff-the-hopkins-manuscript.html
2023,2023-01-02T10:00:14Z,2020s,Jan-Feb,China’s Young Elite Clamor for Government Jobs. Some Come to Regret It.,"With youth unemployment high, millions will take this month’s Civil Service exam. But for those who get jobs, the reality can be monotonous work that blurs the line with personal lives.",,"With youth unemployment high, millions will take this month’s Civil Service exam. But for those who get jobs, the reality can be monotonous work that blurs the line with personal lives.",Business,Business,News,article,1212.0,Communist Party of China; Xi Jinping; China; Coronavirus (2019-nCoV); Politics and Government; Government Employees; Labor and Jobs; Youth,https://www.nytimes.com/2023/01/02/business/china-youth-unemployment.html
2023,2023-01-02T10:00:14Z,2020s,Jan-Feb,The Etiquette Guru Who Broke Up With a Boyfriend Over Text,"Sara Jane Ho offers practical manners for a new, global world.",,"Sara Jane Ho offers practical manners for a new, global world.",Style,Styles,News,article,1753.0,"Customs, Etiquette and Manners; Ho, Sara Jane; Mind Your Manners (TV Program); Content Type: Personal Profile; Dating and Relationships; Television",https://www.nytimes.com/2023/01/02/style/the-etiquette-guru-who-broke-up-with-a-boyfriend-over-text.html
2023,2023-01-02T10:00:26Z,2020s,Jan-Feb,Why China’s Economy Faces a Perilous Road to Recovery,"Years of lockdowns took a brutal toll on businesses. Now, the rapid spread of Covid after a chaotic reopening has deprived them of workers and customers.",,"Years of lockdowns took a brutal toll on businesses. Now, the rapid spread of Covid after a chaotic reopening has deprived them of workers and customers.",Business,Business,News,article,1399.0,Economic Conditions and Trends; Coronavirus (2019-nCoV); Coronavirus Reopenings; Disease Rates; Factories and Manufacturing; Wages and Salaries; Labor and Jobs; Shopping and Retail; Politics and Government; China; Guangzhou (China); Shanghai (China),https://www.nytimes.com/2023/01/02/business/china-economy-covid.html
2023,2023-01-02T16:00:06Z,2020s,Jan-Feb,A Chorus of Hopes for 2023,"A mayor, a veteran and others share their visions for the coming year.",,"A mayor, a veteran and others share their visions for the coming year.",Opinion,OpEd,Op-Ed,article,2307.0,"New Year; United States Economy; Floods; Recession and Depression; Law and Legislation; Inventions and Patents; Inflation (Economics); Kaptur, Marcy",https://www.nytimes.com/2023/01/02/opinion/hopes-for-new-year-2023.html
2023,2023-01-02T17:18:21Z,2020s,Jan-Feb,"Tesla Car Sales Grow Slower Than Expected, Amplifying Concerns","Wall Street has grown decidedly pessimistic about Tesla, fearful that Elon Musk, its chief executive, is too focused on Twitter.",,"Wall Street has grown decidedly pessimistic about Tesla, fearful that Elon Musk, its chief executive, is too focused on Twitter.",Business,Business,News,article,776.0,"Electric and Hybrid Vehicles; Automobiles; Company Reports; Stocks and Bonds; Consumer Behavior; Tesla Motors Inc; Musk, Elon; United States; China",https://www.nytimes.com/2023/01/02/business/tesla-fourth-quarter-sales.html
2023,2023-01-02T18:19:45Z,2020s,Jan-Feb,"Islamic Extremism Drove Suspect in Times Square Attack, Official Says","Trevor Bickford, a 19-year-old from Maine, had recently become radicalized and traveled to New York to attack the police, according to a law enforcement official.",,"Trevor Bickford, a 19-year-old from Maine, had recently become radicalized and traveled to New York to attack the police, according to a law enforcement official.",New York,Metro,News,article,616.0,"Bickford, Trevor; Attacks on Police; Muslims and Islam; Assaults; Times Square and 42nd Street (Manhattan, NY)",https://www.nytimes.com/2023/01/02/nyregion/times-square-nyc-machete-attack.html
2023,2023-01-02T18:59:26Z,2020s,Jan-Feb,"Biden Caps Two Years of Action on the Economy, With New Challenges Ahead",The president used a slim congressional majority to enact legislation that could reshape the American economy — if his administration can make the laws succeed.,,The president used a slim congressional majority to enact legislation that could reshape the American economy — if his administration can make the laws succeed.,Business,Washington,News,article,1450.0,"United States Economy; United States Politics and Government; American Jobs Plan (2021); Inflation Reduction Act of 2022; American Rescue Plan (2021); Biden, Joseph R Jr; Democratic Party",https://www.nytimes.com/2023/01/02/business/biden-economy.html
2023,2023-01-02T20:39:17Z,2020s,Jan-Feb,Your Tuesday Briefing: A Major Ukrainian Strike,"Also, China’s uncertain economic recovery.",,"Also, China’s uncertain economic recovery.",Briefing,NYTNow,News,article,1067.0,China; Russia; Ukraine; Australia; Donetsk (Ukraine); Benedict XVI; Roman Catholic Church; Russian Invasion of Ukraine (2022); Coronavirus (2019-nCoV); Funerals and Memorials,https://www.nytimes.com/2023/01/02/briefing/ukraine-russia-strike-himars-china.html
2023,2023-01-02T22:50:15Z,2020s,Jan-Feb,Your Monday Evening Briefing,Here’s what you need to know at the end of the day.,,Here’s what you need to know at the end of the day.,Briefing,NYTNow,News,article,1330.0,,https://www.nytimes.com/2023/01/02/briefing/ukraine-russia-kevin-mccarthy-speaker-bid.html
2023,2023-03-01T00:00:07Z,2020s,Mar-Apr,"On Ukraine, Biden Outshines Macron, Scholz — and DeSantis",Now we need to help Kyiv win decisively in 2023.,,Now we need to help Kyiv win decisively in 2023.,Opinion,OpEd,Op-Ed,article,921.0,"Russian Invasion of Ukraine (2022); United States International Relations; Defense and Military Forces; Politics and Government; Biden, Joseph R Jr; Russia; Ukraine; United States",https://www.nytimes.com/2023/02/28/opinion/ukraine-war-biden-russia.html
2023,2023-03-01T01:04:30Z,2020s,Mar-Apr,"Blinken Finds Receptive Leaders in Central Asia, Where Russia Seeks Aid","The U.S. secretary of state’s diplomatic mission is part of a broader Biden administration effort to strengthen support for Ukraine, or at least push neutral nations to refrain from aiding Russia.",,"The U.S. secretary of state’s diplomatic mission is part of a broader Biden administration effort to strengthen support for Ukraine, or at least push neutral nations to refrain from aiding Russia.",World,Foreign,News,article,1449.0,"Russian Invasion of Ukraine (2022); United States International Relations; Politics and Government; Central Asia; Blinken, Antony J; Biden, Joseph R Jr; Zelensky, Volodymyr; Putin, Vladimir V; Tokayev, Kassym-Jomart; Ukraine; Xi Jinping; China; International Relations",https://www.nytimes.com/2023/02/28/world/asia/blinken-russia.html
2023,2023-03-01T03:12:40Z,2020s,Mar-Apr,"Foreign Efforts to Subvert Canada’s Last 2 Elections Failed, Report Says","An independent review found that China, Russia and Iran tried to interfere in the 2019 and 2021 votes, but that the elections’ integrity was not compromised.",,"An independent review found that China, Russia and Iran tried to interfere in the 2019 and 2021 votes, but that the elections’ integrity was not compromised.",World,Foreign,News,article,570.0,"Canada; Elections; China; Trudeau, Justin; Communist Party of China; Conservative Party (Canada); Global Times; Globe & Mail; Liberal Party (Canada); Canadian Federal Election (2019)",https://www.nytimes.com/2023/02/28/world/canada/canada-elections-foreign-interference.html
2023,2023-03-01T05:42:18Z,2020s,Mar-Apr,Your Wednesday Briefing,Concerns about U.S. spending on aid to Ukraine.,,Concerns about U.S. spending on aid to Ukraine.,Briefing,NYTNow,briefing,article,1343.0,,https://www.nytimes.com/2023/03/01/briefing/spending-ukraine-nigeria-election-israel.html
2023,2023-03-01T06:00:00Z,2020s,Mar-Apr,U.S. fears Lukashenko’s visit to China is strengthening ties between Russia’s closest allies.,,,,World,Foreign,News,article,325.0,,https://www.nytimes.com/2023/03/01/world/europe/us-fears-lukashenkos-visit-to-china-is-strengthening-ties-between-russias-closest-allies.html
2023,2023-03-01T08:26:27Z,2020s,Mar-Apr,"China’s leader meets with the president of Belarus, a Putin ally.",The United States views President Aleksandr G. Lukashenko’s visit as a sign of China’s growing ties with Russia and its support for the war in Ukraine.,,The United States views President Aleksandr G. Lukashenko’s visit as a sign of China’s growing ties with Russia and its support for the war in Ukraine.,World,Foreign,Live Blog Post,article,661.0,,https://www.nytimes.com/live/2023/03/01/world/russia-ukraine-news/leader-of-belarus-a-putin-ally-meets-with-chinas-premier
2023,2023-03-01T10:00:10Z,2020s,Mar-Apr,Reader Mailbag: Bots and Other Business,"Answering questions on topics including polling, independent voters and Black turnout.",,"Answering questions on topics including polling, independent voters and Black turnout.",The Upshot,Upshot,News,article,1227.0,"Polls and Public Opinion; Midterm Elections (2022); United States Politics and Government; Elections; Black People; Trump, Donald J",https://www.nytimes.com/2023/03/01/upshot/polling-mailbag-bots-midterms.html
2023,2023-03-01T10:00:21Z,2020s,Mar-Apr,The Supreme Court May Force Us to Rethink 500 Years of Art,"A copyright case about Warhol’s work could change the future of Western art — and, in a sense, its history, too.",,"A copyright case about Warhol’s work could change the future of Western art — and, in a sense, its history, too.",Arts,Arts&Leisure,News,article,2064.0,"Art; Copyrights and Copyright Violations; Museums; Renaissance (Historical Era); Warhol, Andy; Goldsmith, Lynn (1948- ); Supreme Court (US)",https://www.nytimes.com/2023/03/01/arts/design/appropriation-warhol-renaissance-copyright.html
2023,2023-03-01T11:00:12Z,2020s,Mar-Apr,"A Threat to Abortion Pills. Plus, the U.S. Shares Secrets.",A lawsuit could force the F.D.A. to revoke its approval of the two main drugs used for medication abortion in the United States.,,A lawsuit could force the F.D.A. to revoke its approval of the two main drugs used for medication abortion in the United States.,Podcasts,Podcasts,News,article,404.0,"audio-neutral-informative; Abortion; Abortion Drugs; Mifeprex (RU-486); Suits and Litigation (Civil); Decisions and Verdicts; Politics and Government; International Relations; Russian Invasion of Ukraine (2022); Television; Food and Drug Administration; Biden, Joseph R Jr",https://www.nytimes.com/2023/03/01/podcasts/the-daily/abortion-pill-china-secret-intelligence.html
2023,2023-03-01T11:41:11Z,2020s,Mar-Apr,Chicago Votes for Change,"After a crime surge, Chicago voters have ousted their current mayor.",,"After a crime surge, Chicago voters have ousted their current mayor.",Briefing,NYTNow,briefing,article,1649.0,"Elections; Elections, Mayors; Chicago (Ill)",https://www.nytimes.com/2023/03/01/briefing/chicago-mayor-election.html
2023,2023-03-01T12:56:48Z,2020s,Mar-Apr,"There’s ‘zero evidence’ that Putin is ready for peace talks, Blinken says.",,,,World,Foreign,Live Blog Post,article,668.0,,https://www.nytimes.com/live/2023/03/01/world/russia-ukraine-news/blinken-says-theres-zero-evidence-that-putin-is-ready-for-peace-talks
2023,2023-03-01T13:01:12Z,2020s,Mar-Apr,The Heat on Salesforce Grows Ahead of a Big Earnings Call,The software giant faces mounting pressure from activist investors and pushback from employees unhappy about a wave of firings and the scaling back of office perks.,,The software giant faces mounting pressure from activist investors and pushback from employees unhappy about a wave of firings and the scaling back of office perks.,Business,Business,News,article,1892.0,"Company Reports; Stocks and Bonds; Energy Department; Goldman Sachs Group Inc; Marcus by Goldman Sachs; Strive Asset Management; Environmental Protection Agency; Salesforce.com Inc; ValueAct Capital Partners; Supreme Court (US); Benioff, Marc; Gensler, Gary S; McConaughey, Matthew; Musk, Elon; Singh, Nishad; Solomon, David M",https://www.nytimes.com/2023/03/01/business/dealbook/benioff-salesforce-activist-investors-earnings.html
2023,2023-03-01T13:39:02Z,2020s,Mar-Apr,China’s Factories Report Surge in Activity After Lockdowns End,"Manufacturing activity rose in February to its highest level in more than a decade, bolstering China’s recovery after restrictions paralyzed much of the country.",,"Manufacturing activity rose in February to its highest level in more than a decade, bolstering China’s recovery after restrictions paralyzed much of the country.",Business,Business,News,article,485.0,China; Factories and Manufacturing; Economic Conditions and Trends; Coronavirus (2019-nCoV),https://www.nytimes.com/2023/03/01/business/china-factories-economy.html
2023,2023-03-01T14:28:20Z,2020s,Mar-Apr,Tesla Offers a New ‘Master Plan’ but Few Big Revelations,"Elon Musk confirmed his car company would build a factory in Mexico and said it was working on more affordable vehicles. But he did not reveal a new model, disappointing some investors.",,"Elon Musk confirmed his car company would build a factory in Mexico and said it was working on more affordable vehicles. But he did not reveal a new model, disappointing some investors.",Business,Business,News,article,1027.0,"Electric and Hybrid Vehicles; Tesla Motors Inc; Musk, Elon; Monterrey (Mexico); Factories and Manufacturing; Automobiles; Batteries; BYD Co Ltd; China",https://www.nytimes.com/2023/03/01/business/tesla-musk-investors.html
2023,2023-03-01T14:50:59Z,2020s,Mar-Apr,"Zelensky treads a careful line with China, even as efforts to reach out come up empty.",,,,World,Foreign,Live Blog Post,article,564.0,,https://www.nytimes.com/live/2023/03/01/world/russia-ukraine-news/zelensky-treads-a-careful-line-with-china-even-as-efforts-to-reach-out-come-up-empty
2023,2023-03-01T15:23:45Z,2020s,Mar-Apr,What Happened to China’s Mars Rover?,"The country's space program hasn't provided any updates, but a NASA orbiter spotted the vehicle fixed on the surface, a sign that something has gone wrong.",,"The country's space program hasn't provided any updates, but a NASA orbiter spotted the vehicle fixed on the surface, a sign that something has gone wrong.",Science,,Interactive Feature,interactive,262.0,Mars (Planet); China; National Aeronautics and Space Administration; Zhurong; Mars Reconnaissance Orbiter; Moon,https://www.nytimes.com/interactive/2023/03/01/science/china-mars-rover-nasa.html
2023,2023-03-01T16:44:41Z,2020s,Mar-Apr,Can I Use My Adopted Child’s DNA to Find His Biological Parents?,The magazine’s Ethicist columnist on protecting a child’s medical privacy while helping them learn about their past.,,The magazine’s Ethicist columnist on protecting a child’s medical privacy while helping them learn about their past.,Magazine,Magazine,News,article,1438.0,Adoptions; Ethics (Personal); Genetics and Heredity; Parenting,https://www.nytimes.com/2023/03/01/magazine/adopted-child-dna-biological-parents-ethics.html
2023,2023-03-01T18:10:10Z,2020s,Mar-Apr,"Foreign Adversaries ‘Very Unlikely’ to Blame for Havana Syndrome, Intelligence Review Finds",The assessment concluded that there was no credible evidence that any adversaries had developed a weapon capable of causing the injuries that U.S. officials have reported.,,The assessment concluded that there was no credible evidence that any adversaries had developed a weapon capable of causing the injuries that U.S. officials have reported.,U.S.,Washington,News,article,1157.0,"Havana Syndrome; Espionage and Intelligence Services; United States Politics and Government; Central Intelligence Agency; Burns, William J",https://www.nytimes.com/2023/03/01/us/politics/havana-syndrome-intelligence-report.html
2023,2023-03-01T20:25:39Z,2020s,Mar-Apr,10 Brilliant Recipes That’ll Make You a Better Cook,"You don’t need to memorize these dishes: With their supersmart techniques, you’re bound to never forget them.",,"You don’t need to memorize these dishes: With their supersmart techniques, you’re bound to never forget them.",Food,Dining,News,article,991.0,Cooking and Cookbooks; Content Type: Service,https://www.nytimes.com/article/how-to-be-a-better-cook-recipes.html
2023,2023-03-01T20:30:04Z,2020s,Mar-Apr,Four Experts on Tech Hiring Talk About Where the Jobs Are,Their answers gave me hope for the future of our species.,,Their answers gave me hope for the future of our species.,Opinion,OpEd,Op-Ed,article,1372.0,ChatGPT; Artificial Intelligence; Economics (Theory and Philosophy); Silicon Valley (Calif); Hiring and Promotion,https://www.nytimes.com/2023/03/01/opinion/chatgpt-artificial-intelligence-tech.html
2023,2023-05-01T00:50:51Z,2020s,May-Jun,Paraguay Voters Elect Conservative Economist as President,"The election of Santiago Peña keeps the right-wing Colorado Party in control of Paraguay, which it has run for all but five of the past 76 years.",,"The election of Santiago Peña keeps the right-wing Colorado Party in control of Paraguay, which it has run for all but five of the past 76 years.",World,Foreign,News,article,1023.0,"Pena, Santiago; Paraguay; Elections; Colorado Party (Paraguay); Abdo Benitez, Mario; Alegre, Efrain; Politics and Government; Cartes, Horacio",https://www.nytimes.com/2023/04/30/world/americas/paraguay-election-santiago-pena.html
2023,2023-05-01T07:11:18Z,2020s,May-Jun,Iranian Insider and British Spy: How a Double Life Ended on the Gallows,"In January, Iran executed a former senior official who provided Britain with valuable intelligence on Iranian nuclear and military programs over a decade, according to Western intelligence officials.",,"In January, Iran executed a former senior official who provided Britain with valuable intelligence on Iranian nuclear and military programs over a decade, according to Western intelligence officials.",World,Foreign,News,article,2163.0,"Espionage and Intelligence Services; International Relations; Assassinations and Attempted Assassinations; Classified Information and State Secrets; Nuclear Weapons; British Secret Intelligence Service; Akbari, Alireza; Iran; Great Britain",https://www.nytimes.com/2023/05/01/world/middleeast/british-spy-execution-iran.html
2023,2023-05-01T08:25:27Z,2020s,May-Jun,"Defending press freedom, an eye on China and more on Ukraine’s grain: What to watch for this week.",,,,World,Foreign,News,article,470.0,Russian Invasion of Ukraine (2022),https://www.nytimes.com/2023/05/01/world/europe/defending-press-freedom-an-eye-on-china-and-more-on-ukraines-grain-what-to-watch-for-this-week.html
2023,2023-05-01T09:00:23Z,2020s,May-Jun,When Sleep Becomes an Art Form,"In an age of burnout, artists are discovering that one of the most radical forms of resistance is rest.",,"In an age of burnout, artists are discovering that one of the most radical forms of resistance is rest.",T Magazine,TStyle,News,article,776.0,"Performance Art; Sleep; Acosta, Navild; Sosa, Fannie; Museum of Modern Art; Black People; Black Power Naps (Exhibit); tsummertravel2023",https://www.nytimes.com/2023/05/01/t-magazine/sleep-rest-protest-art.html
2023,2023-05-01T13:43:34Z,2020s,May-Jun,"Leaked documents reflect persistent, if unfounded, speculation on Putin’s health.",,,,World,Washington,Live Blog Post,article,316.0,,https://www.nytimes.com/live/2023/04/28/world/russia-ukraine-news/leaked-documents-reflect-persistent-if-unfounded-speculation-on-putins-health
2023,2023-05-01T13:52:01Z,2020s,May-Jun,Biden Meets Marcos in Washington Amid Tensions With China,The Filipino leader’s four-day visit is meant to send a message to China amid conflict over Taiwan and the South China Sea.,,The Filipino leader’s four-day visit is meant to send a message to China amid conflict over Taiwan and the South China Sea.,U.S.,Washington,News,article,1020.0,"Marcos, Ferdinand Jr; Biden, Joseph R Jr; United States Politics and Government; United States International Relations; Philippines; Far East, South and Southeast Asia and Pacific Areas; China",https://www.nytimes.com/2023/05/01/us/politics/biden-marcos-philippines-china.html
2023,2023-05-01T18:06:21Z,2020s,May-Jun,What to Know About the U.S.-Philippines Alliance,"President Biden met President Ferdinand Marcos Jr. of the Philippines at the White House, a sign of strengthening ties between the two countries. Here’s what you need to know.",,"President Biden met President Ferdinand Marcos Jr. of the Philippines at the White House, a sign of strengthening ties between the two countries. Here’s what you need to know.",World,Foreign,News,article,804.0,"International Relations; Defense and Military Forces; United States International Relations; Military Bases and Installations; Marcos, Ferdinand Jr; Biden, Joseph R Jr; Duterte, Rodrigo; Xi Jinping; Philippines; South China Sea",https://www.nytimes.com/2023/05/01/world/asia/us-philippines-alliance.html
2023,2023-05-01T21:20:26Z,2020s,May-Jun,Your Tuesday Briefing: Marcos at the White House,"Also, Russian attacks across Ukraine.",,"Also, Russian attacks across Ukraine.",Briefing,NYTNow,briefing,article,1283.0,"East Asia; China; Far East, South and Southeast Asia and Pacific Areas; Iran; Great Britain; Philippines; Ukraine; United States; Southeast Asia; Russia; Akbari, Alireza; Biden, Joseph R Jr; Lagerfeld, Karl; Marcos, Ferdinand Jr; Elections; International Relations; Espionage and Intelligence Services; Defense and Military Forces; Embargoes and Sanctions; United States International Relations; Assassinations and Attempted Assassinations; Met Gala; Russian Invasion of Ukraine (2022)",https://www.nytimes.com/2023/05/01/briefing/marcos-philippines-us-biden-asia.html
2023,2023-05-01T21:29:10Z,2020s,May-Jun,White House Will End Most Covid Vaccine Mandates,The requirements helped end the public health emergency. But they also prompted a politically charged debate.,,The requirements helped end the public health emergency. But they also prompted a politically charged debate.,U.S.,Washington,News,article,1029.0,"Coronavirus (2019-nCoV); United States Politics and Government; Vaccination and Immunization; Biden, Joseph R Jr; Djokovic, Novak",https://www.nytimes.com/2023/05/01/us/politics/us-covid-vaccine-mandates.html
2023,2023-05-01T22:11:18Z,2020s,May-Jun,The Evening,Here’s what you need to know at the end of Monday.,,Here’s what you need to know at the end of Monday.,Briefing,NYTNow,News,article,1030.0,,https://www.nytimes.com/2023/05/01/briefing/first-republic-bank-ai-concerns-met-gala.html
2023,2023-05-01T23:01:08Z,2020s,May-Jun,"Facial Recognition Powers ‘Automated Apartheid’ in Israel, Report Says","The Israeli government is using computer vision to monitor Palestinian travel across checkpoints, according to the report.",,"The Israeli government is using computer vision to monitor Palestinian travel across checkpoints, according to the report.",Technology,Business,News,article,831.0,Facial Recognition Software; Artificial Intelligence; Palestinians; Surveillance of Citizens by Government; Security and Warning Systems; Border Barriers; Cameras; Privacy; Defense and Military Forces; West Bank; Israel,https://www.nytimes.com/2023/05/01/technology/israel-palestine-facial-recognition.html
2023,2023-05-02T04:49:29Z,2020s,May-Jun,Your Tuesday Briefing,The sale of First Republic Bank.,,The sale of First Republic Bank.,Briefing,NYTNow,briefing,article,1451.0,,https://www.nytimes.com/2023/05/02/briefing/banking-crisis-artificial-intelligence.html
2023,2023-05-02T05:00:03Z,2020s,May-Jun,"Is It a Lake, or a Battery? A New Kind of Hydropower Is Spreading Fast.","So-called pumped storage, rather than conventional dams, is emerging as the future of deriving electricity from water's gravitational qualities.",,"So-called pumped storage, rather than conventional dams, is emerging as the future of deriving electricity from water's gravitational qualities.",Climate,,Interactive Feature,interactive,728.0,Hydroelectric Power; Alternative and Renewable Energy; China; Levees and Dams; Reservoirs,https://www.nytimes.com/interactive/2023/05/02/climate/hydroelectric-power-energy.html
2023,2023-05-02T09:00:02Z,2020s,May-Jun,How Do We Ensure an A.I. Future That Allows for Human Thriving?,A.I. entrepreneur Gary Marcus thinks the technology is too important to cede to corporate control.,,A.I. entrepreneur Gary Marcus thinks the technology is too important to cede to corporate control.,Magazine,,Interactive Feature,interactive,2565.0,"Marcus, Gary; ChatGPT; Artificial Intelligence; Computers and the Internet; Rumors and Misinformation; Presidential Election of 2024; Social Media; Altman, Samuel H",https://www.nytimes.com/interactive/2023/05/02/magazine/ai-gary-marcus.html
2023,2023-05-02T09:00:15Z,2020s,May-Jun,My Country Is Reaching Out to People the West Can’t Stand,"Under President Luiz Inácio Lula da Silva, Brazil is charting its own course.",,"Under President Luiz Inácio Lula da Silva, Brazil is charting its own course.",Opinion,OpEd,Op-Ed,article,1028.0,"Brazil; Da Silva, Luiz Inacio Lula; International Relations; China; Russia; Russian Invasion of Ukraine (2022); Ukraine; International Monetary Fund; US Dollar (Currency); World Bank",https://www.nytimes.com/2023/05/02/opinion/brazil-lula-china-russia.html
2023,2023-05-02T09:00:34Z,2020s,May-Jun,"Shein, Fast Fashion Hit With Gen Z, Tries Charm to Counter Scrutiny","With an initial public offering expected at some point, the company is looking to change its public perception. Not everyone is buying it.",,"With an initial public offering expected at some point, the company is looking to change its public perception. Not everyone is buying it.",Business,Business,News,article,1521.0,Shein (Fashion Label); Fashion and Apparel; E-Commerce; Advertising and Marketing; Intellectual Property,https://www.nytimes.com/2023/05/02/business/shein-fast-fashion.html
2023,2023-05-02T09:00:38Z,2020s,May-Jun,"Google Promised to Defund Climate Lies, but the Ads Keep Coming",Google said in 2021 that it would stop running ads alongside videos and other content that denied the existence and causes of climate change.,,Google said in 2021 that it would stop running ads alongside videos and other content that denied the existence and causes of climate change.,Technology,Business,News,article,1108.0,Google Inc; Global Warming; News and News Media; Rumors and Misinformation; YouTube.com; Online Advertising,https://www.nytimes.com/2023/05/02/technology/google-youtube-disinformation-climate-change.html
2023,2023-05-02T09:00:40Z,2020s,May-Jun,"In China, It’s Time to Splurge Again, and the Luxury Industry Is Relieved",The end of pandemic-era restrictions has unleashed a luxury spending rebound in China. Which Western brands are coming out on top?,,The end of pandemic-era restrictions has unleashed a luxury spending rebound in China. Which Western brands are coming out on top?,Business,Business,News,article,1150.0,Fashion and Apparel; Luxury Goods and Services; Jewels and Jewelry; Shopping and Retail; Coronavirus (2019-nCoV); Lunar New Year; High Net Worth Individuals; Blackpink (Music Group); Burberry; Chanel SA; Citigroup Inc; LVMH Moet Hennessy Louis Vuitton SA; Chengdu (China); China; Hainan Island (China); National Bureau of Statistics (China); Hermes International SA,https://www.nytimes.com/2023/05/02/business/china-luxury-spending.html
2023,2023-05-02T10:19:55Z,2020s,May-Jun,Another Bank Failure,Are we on the brink of a financial crisis — or has the threat been contained?,,Are we on the brink of a financial crisis — or has the threat been contained?,Briefing,NYTNow,briefing,article,1453.0,Regulation and Deregulation of Industry; Banking and Financial Institutions,https://www.nytimes.com/2023/05/02/briefing/bank-failures-first-republic-bank.html
2023,2023-05-02T11:51:25Z,2020s,May-Jun,Why Many on Wall Street Fear the Banking Crisis Isn’t Over,"Even after the sale of First Republic, investors are worried about challenges that regional banks still face, imperiling the economy.",,"Even after the sale of First Republic, investors are worried about challenges that regional banks still face, imperiling the economy.",Business,Business,News,article,1799.0,"Regulation and Deregulation of Industry; Banking and Financial Institutions; Brainard, Lael; Bush, Jeb; Biden, Joseph R Jr; Hinton, Geoffrey E; Dimon, James; Lake, Marianne; Piepszak, Jennifer; Warren, Elizabeth; Yellen, Janet L; Ernst & Young; Federal Reserve System; First Republic Bank; Home Box Office; International Business Machines Corporation; JPMorgan Chase & Company; Meta Platforms Inc; Netflix Inc; Republican Party; Silicon Valley Bank; Visa Inc; Zions Bancorp; Walt Disney Company; Gun Control",https://www.nytimes.com/2023/05/02/business/dealbook/banking-crisis-first-republic.html
2023,2023-07-01T09:00:44Z,2020s,Jul-Aug,London Tours Explore the Worlds of Opera and Classical Music,Fans of music from centuries past will find a wide variety of experiences and collections. One even comes with a side of rock ’n’ roll.,,Fans of music from centuries past will find a wide variety of experiences and collections. One even comes with a side of rock ’n’ roll.,Arts,SpecialSections,News,article,700.0,"Classical Music; Opera; Music; Covent Garden; Royal Opera House; Royal College of Music (London, England); London (England); Handel, George Frederick",https://www.nytimes.com/2023/07/01/arts/music/london-tours-opera-classical.html
2023,2023-07-01T09:01:39Z,2020s,Jul-Aug,"To Foreign Policy Veteran, the Real Danger Is at Home",Richard N. Haass says the most serious threat to global security is the United States.,,Richard N. Haass says the most serious threat to global security is the United States.,U.S.,Washington,News,article,1317.0,"United States Politics and Government; United States International Relations; Storming of the US Capitol (Jan, 2021); Council on Foreign Relations; Republican Party; State Department; Democratic Party; Biden, Joseph R Jr; Blinken, Antony J; Bush, George W; Haass, Richard N; Trump, Donald J; Iraq War (2003-11); Right-Wing Extremism and Alt-Right",https://www.nytimes.com/2023/07/01/us/politics/richard-haass-biden-trump-foreign-policy.html
2023,2023-07-01T09:01:40Z,2020s,Jul-Aug,Wagner Uprising Highlights China’s Risks With Russia,"Xi Jinping needs Vladimir Putin to remain in power, and Russia to maintain stability, to help uphold the countries’ shared interests and to keep challenging the United States.",,"Xi Jinping needs Vladimir Putin to remain in power, and Russia to maintain stability, to help uphold the countries’ shared interests and to keep challenging the United States.",World,Foreign,News,article,1210.0,"China; Russia; Xi Jinping; Putin, Vladimir V; International Relations; Defense and Military Forces; Mercenaries and Private Military Contractors; Wagner Group; Prigozhin, Yevgeny V; Ukraine; Russian Invasion of Ukraine (2022); United States International Relations",https://www.nytimes.com/2023/07/01/world/asia/wagner-uprising-china-russia.html
2023,2023-07-02T09:00:39Z,2020s,Jul-Aug,‘American Made’ T-Shirts Are Having Their Best Year Yet,"Flag-themed apparel and other Americana are always July Fourth favorites, but it now may matter more where those stars and stripes were stitched.",,"Flag-themed apparel and other Americana are always July Fourth favorites, but it now may matter more where those stars and stripes were stitched.",Business,SundayBusiness,News,article,736.0,"Fashion and Apparel; Shopping and Retail; Independence Day (US) (July 4); T-Shirts (Apparel); American Giant Inc; International Trade and World Market; Winthrop, Bayard",https://www.nytimes.com/2023/07/02/business/american-made-t-shirts-july-4th.html
2023,2023-07-02T09:01:28Z,2020s,Jul-Aug,Lithium Scarcity Pushes Carmakers Into the Mining Business,"Ford, General Motors and others are striking deals with mining companies to avoid raw material shortages that could thwart their electric vehicle ambitions.",,"Ford, General Motors and others are striking deals with mining companies to avoid raw material shortages that could thwart their electric vehicle ambitions.",Business,Business,News,article,1417.0,Automobiles; Electric and Hybrid Vehicles; Metals and Minerals; Batteries; Politics and Government; Mines and Mining; Foreign Investments; Supply Chain; Lithium (Metal); Ford Motor Co; General Motors; Tesla Motors Inc; North America; South America,https://www.nytimes.com/2023/07/02/business/lithium-mining-automakers-electric-vehicles.html
2023,2023-07-02T10:00:11Z,2020s,Jul-Aug,Biden Is Taking Aim at Trump’s Biggest Strength,The administration is thickly populated with veterans of the Obama and Clinton White Houses. But it doesn’t see itself in comfortable continuity with those legacies.,,The administration is thickly populated with veterans of the Obama and Clinton White Houses. But it doesn’t see itself in comfortable continuity with those legacies.,Opinion,OpEd,Op-Ed,article,1546.0,"Biden, Joseph R Jr; Trump, Donald J; United States Economy; Presidential Election of 2024; Labor and Jobs; Polls and Public Opinion; Infrastructure Investment and Jobs Act (2021); Inflation Reduction Act of 2022; Bernstein, Jared; Sullivan, Jacob J (1976- ); Inflation (Economics)",https://www.nytimes.com/2023/07/02/opinion/biden-trump-economics-2024.html
2023,2023-07-02T16:16:50Z,2020s,Jul-Aug,Tesla Sales Surge as Tax Credits Fuel Demand,"Incentives and price cuts made Tesla electric cars cheaper than comparable gasoline models. But the company faces growing competition in China, a key market.",,"Incentives and price cuts made Tesla electric cars cheaper than comparable gasoline models. But the company faces growing competition in China, a key market.",Business,Business,News,article,554.0,"Electric and Hybrid Vehicles; Company Reports; Automobiles; Tax Credits, Deductions and Exemptions; Tesla Motors Inc; Musk, Elon; United States; China; Prices (Fares, Fees and Rates)",https://www.nytimes.com/2023/07/02/business/tesla-q2-sales-deliveries.html
2023,2023-07-03T00:00:09Z,2020s,Jul-Aug,Yellen to Visit China in Bid to Steady Economic Ties,The trip to Beijing will be her first as Treasury secretary and is intended to ease tensions between the world’s two largest economies.,,The trip to Beijing will be her first as Treasury secretary and is intended to ease tensions between the world’s two largest economies.,Business,Washington,News,article,1125.0,"United States International Relations; Yellen, Janet L; Biden, Joseph R Jr; China; United States; Xinjiang (China)",https://www.nytimes.com/2023/07/02/business/janet-yellen-china-visit.html
2023,2023-07-03T04:01:16Z,2020s,Jul-Aug,"Cracking Down on Dissent, Russia Seeds a Surveillance Supply Chain",Russia is incubating a cottage industry of new digital surveillance tools to suppress domestic opposition to the war in Ukraine. The tech may also be sold overseas.,,Russia is incubating a cottage industry of new digital surveillance tools to suppress domestic opposition to the war in Ukraine. The tech may also be sold overseas.,Technology,Business,News,article,1812.0,"Russia; Surveillance of Citizens by Government; Russian Invasion of Ukraine (2022); Politics and Government; Espionage and Intelligence Services; Wiretapping and Other Eavesdropping Devices and Methods; Censorship; Data-Mining and Database Marketing; Propaganda; Federal Security Service; Signal (Open Whisper Systems); Telegram LLC; WhatsApp Inc; Putin, Vladimir V; Citadel Group; Ukraine; audio-neutral-informative",https://www.nytimes.com/2023/07/03/technology/russia-ukraine-surveillance-tech.html
2023,2023-07-03T04:54:02Z,2020s,Jul-Aug,Your Monday Briefing,Simmering tensions in France.,,Simmering tensions in France.,Briefing,NYTNow,briefing,article,1267.0,,https://www.nytimes.com/2023/07/03/briefing/france-identity-greece-wimbledon.html
2023,2023-07-03T05:14:27Z,2020s,Jul-Aug,Wagner’s insurrection exposed China’s risks with Russia.,,,,World,Foreign,Live Blog Post,article,459.0,"Wagner Group; Russian Invasion of Ukraine (2022); Russia; Ukraine; China; Mercenaries and Private Military Contractors; Putin, Vladimir V; Prigozhin, Yevgeny V; International Relations",https://www.nytimes.com/live/2023/07/03/world/russia-ukraine-news/wagners-insurrection-exposed-chinas-risks-with-russia
2023,2023-07-03T09:00:35Z,2020s,Jul-Aug,America’s Foes Are Joining Forces,"Under both Donald Trump and President Biden, Washington has helped create the very anti-American partnerships it now bemoans.",,"Under both Donald Trump and President Biden, Washington has helped create the very anti-American partnerships it now bemoans.",Opinion,OpEd,Op-Ed,article,1232.0,"United States International Relations; Cuba; Iran; China; Russia; Biden, Joseph R Jr; Trump, Donald J",https://www.nytimes.com/2023/07/03/opinion/iran-cuba-usa-partnerships.html
2023,2023-07-03T10:41:26Z,2020s,Jul-Aug,A Driver’s License for the Internet,Age verification laws are changing websites for both children and adults.,,Age verification laws are changing websites for both children and adults.,Briefing,NYTNow,briefing,article,1466.0,Computers and the Internet; Law and Legislation; Children and Childhood; Surveillance of Citizens by Government,https://www.nytimes.com/2023/07/03/briefing/age-verification.html
2023,2023-07-03T12:02:43Z,2020s,Jul-Aug,Saudi Arabia and Russia to Extend Oil Cuts,The major exporters announced supply cuts amid concerns about weaker demand’s effects on prices.,,The major exporters announced supply cuts amid concerns about weaker demand’s effects on prices.,Business,Business,News,article,456.0,Oil (Petroleum) and Gasoline; Russia; Saudi Arabia,https://www.nytimes.com/2023/07/03/business/saudi-arabia-russia-oil-cuts.html
2023,2023-07-03T16:02:02Z,2020s,Jul-Aug,G.O.P. Threatens Spy Agencies’ Surveillance Tool,"With hard-right Republicans attacking federal law enforcement agencies and unwilling to extend their broad powers, a major warrantless surveillance program targeting foreigners overseas may face new limits from Congress.",,"With hard-right Republicans attacking federal law enforcement agencies and unwilling to extend their broad powers, a major warrantless surveillance program targeting foreigners overseas may face new limits from Congress.",U.S.,Washington,News,article,1169.0,"United States Politics and Government; Espionage and Intelligence Services; Surveillance of Citizens by Government; Foreign Intelligence Surveillance Act (FISA); Federal Bureau of Investigation; House of Representatives; House Select Subcommittee on the Weaponization of the Federal Government; National Security Agency; Republican Party; Trump, Donald J; Biden, Joseph R Jr; Crow, Jason; Durbin, Richard J; Gaetz, Matt; Jordan, Jim (1964- ); LaHood, Darin",https://www.nytimes.com/2023/07/03/us/section-702-spying.html
2023,2023-07-03T20:32:57Z,2020s,Jul-Aug,Your Tuesday Briefing: Israel’s Assault on Jenin,"Also, the U.S. Treasury Secretary will visit Beijing.",,"Also, the U.S. Treasury Secretary will visit Beijing.",Briefing,NYTNow,briefing,article,1111.0,"Australia; China; Far East, South and Southeast Asia and Pacific Areas; Indonesia; United States; Israel; West Bank; Yellen, Janet L; BINhouse (Fashion Label); Elections; Defense and Military Forces; International Relations; United States International Relations; Palestinians; Jenin (West Bank)",https://www.nytimes.com/2023/07/03/briefing/israel-jenin-strike-yellen-china-asia.html
2023,2023-07-03T21:32:12Z,2020s,Jul-Aug,Israel Launched Attacks on the West Bank,"Also, our Fourth of July recipes. Here’s the latest at the end of Monday.",,"Also, our Fourth of July recipes. Here’s the latest at the end of Monday.",Briefing,NYTNow,News,article,1181.0,,https://www.nytimes.com/2023/07/03/briefing/israel-west-bank-gop-primary.html
2023,2023-07-04T04:00:10Z,2020s,Jul-Aug,Yellen’s China Visit Aims to Ease Tensions Amid Deep Divisions,Mutual skepticism between the United States and China over a wide range of economic and security issues has festered in recent years.,,Mutual skepticism between the United States and China over a wide range of economic and security issues has festered in recent years.,Business,Washington,News,article,1476.0,"United States International Relations; International Trade and World Market; Embargoes and Sanctions; Customs (Tariff); Human Rights and Human Rights Violations; Foreign Investments; Renminbi (Currency); Credit and Debt; Yellen, Janet L; Treasury Department; China; Biden, Joseph R Jr",https://www.nytimes.com/2023/07/04/business/economy/janet-yellen-china.html
2023,2023-07-04T04:00:16Z,2020s,Jul-Aug,The Surprising Striver in the World’s Space Business,"With at least 140 registered space-tech start-ups, India stands to transform the planet’s connection to the final frontier.",,"With at least 140 registered space-tech start-ups, India stands to transform the planet’s connection to the final frontier.",Business,Business,News,article,1172.0,India; Private Spaceflight; Start-ups; Space and Astronomy; Rocket Science and Propulsion; Venture Capital; Indian Space Research Organization; Space Exploration Technologies Corp; Indian Institutes of Technology; Hyderabad (India),https://www.nytimes.com/2023/07/04/business/india-space-startups.html
2023,2023-07-04T06:31:35Z,2020s,Jul-Aug,"Putin calls for a ‘multipolar’ world, as China-India tensions shadow a virtual summit.",,,,World,Foreign,Live Blog Post,article,483.0,,https://www.nytimes.com/live/2023/07/04/world/russia-ukraine-news/meeting-will-offer-a-chance-for-india-russia-and-china-to-address-dueling-priorities
2023,2023-07-07T09:00:40Z,,,U.S. Raises Pressure on China to Combat Global Fentanyl Crisis,The Biden administration push comes after cooperation on halting the flow of the drug into the United States was derailed by wider geopolitical tensions.,,,World,,,,,,https://www.nytimes.com/2023/07/07/world/asia/us-china-fentanyl.html
2023,2023-07-17T09:00:45Z,,,One Reason China Is Willing to Engage Again: Its Troubled Economy,"China was on track to recover after closing itself off during the pandemic. Now the country’s growth is staggering, and Beijing is signaling it is open to talking.",,,Business,,,,,,https://www.nytimes.com/2023/07/17/business/china-economy.html
2023,2023-07-19T09:17:48Z,,,China’s Xi Rebuffs Kerry’s Call for Faster Climate Action,"John Kerry, President Biden’s climate envoy, emerges from talks in Beijing without a new agreement. But just talking is progress, he said.",,,World,,,,,,https://www.nytimes.com/2023/07/19/world/asia/xi-china-climate-kerry.html
2023,2023-08-19T07:00:39Z,,,"Recreating a Bygone China, One Miniature Home at a Time","China’s rapid economic growth has meant the demolition of countless rural homes, and a burgeoning nostalgia. That’s where the miniaturists come in.",,,World,,,,,,https://www.nytimes.com/2023/08/19/world/asia/china-miniature-homes-nostalgia.html
2023,2023-08-21T18:32:15Z,,,Spreading State Restrictions on China Show Depths of Distrust in the U.S.,"Businesses fear that efforts to look tough on Beijing, which have the potential to be more expansive than moves by the federal government, could have unintended consequences.",,,U.S.,,,,,,https://www.nytimes.com/2023/08/21/us/politics/china-restrictions-distrust.html
2023,2023-08-25T15:30:14Z,,,A Crisis of Confidence Is Gripping China’s Economy,"China’s economy, which once seemed unstoppable, is plagued by a series of problems, and a growing lack of faith in the future is verging on despair.",,,Business,,,,,,https://www.nytimes.com/2023/08/25/business/china-economy-confidence.html
2023,2023-08-31T04:10:38Z,,,China’s Disinformation Fuels Anger Over Fukushima Water Release,"By exaggerating the risks from Japan’s discharge of treated wastewater, Beijing hopes to cast Japan and its allies as conspirators in malfeasance, analysts say.",,,World,,,,,,https://www.nytimes.com/2023/08/31/world/asia/china-fukushima-water-protest.html
2023,2023-09-01T01:59:07Z,2020s,Sep-Oct,"In Visit to Tiny Flock in Mongolia, Pope Has an Eye on Russia and China","The pontiff arrived Friday on a trip that the Vatican said was meant to encourage the fewer than 1,500 Catholics there. But it also brings him close to two great powers that have vexed him.",,"The pontiff arrived Friday on a trip that the Vatican said was meant to encourage the fewer than 1,500 Catholics there. But it also brings him close to two great powers that have vexed him.",World,Foreign,News,article,1345.0,Mongolia; Francis; Roman Catholic Church; International Relations; Politics and Government; Religion-State Relations; Russian Orthodox Church; Religion and Belief; Russian Invasion of Ukraine (2022); China; Russia,https://www.nytimes.com/2023/08/31/world/europe/pope-mongolia-russia-china.html
2023,2023-09-01T04:00:17Z,2020s,Sep-Oct,Friday Briefing,The deaths of dozens of people in a fire in South Africa.,,The deaths of dozens of people in a fire in South Africa.,Briefing,NYTNow,briefing,article,932.0,,https://www.nytimes.com/2023/09/01/briefing/south-africa-fire-ukraine.html
2023,2023-09-01T04:01:12Z,2020s,Sep-Oct,A Scandal and Its Fallout Compound the British Museum’s Woes,"After it fired a worker for theft and its director stepped down, the museum faces renewed calls to give back contested objects and an uphill battle to raise funds for refurbishment.",,"After it fired a worker for theft and its director stepped down, the museum faces renewed calls to give back contested objects and an uphill battle to raise funds for refurbishment.",Arts,Culture,News,article,1225.0,"Museums; Robberies and Thefts; Arts and Antiquities Looting; Philanthropy; British Museum; Fischer, Hartwig; London (England)",https://www.nytimes.com/2023/09/01/arts/british-museum-thefts.html
2023,2023-09-01T05:00:11Z,2020s,Sep-Oct,American Power Just Took a Big Hit,"For the United States, the expansion of BRICS is a challenge but also an opportunity.",,"For the United States, the expansion of BRICS is a challenge but also an opportunity.",Opinion,OpEd,Op-Ed,article,989.0,BRICS Group; United States; International Relations; United States International Relations; China; South Africa; Egypt; Ethiopia; India; United Arab Emirates; Iran; Saudi Arabia,https://www.nytimes.com/2023/09/01/opinion/brics-expansion-america.html
2023,2023-09-01T05:22:30Z,2020s,Sep-Oct,U.S. Officials Are Streaming to China. Will Beijing Return the Favor?,Such visits could help convey Beijing’s interest in stabilizing ties with Washington. But China has been noncommittal.,,Such visits could help convey Beijing’s interest in stabilizing ties with Washington. But China has been noncommittal.,World,Foreign,News,article,1195.0,"China; United States International Relations; Asia-Pacific Economic Cooperation; Commerce Department; Biden, Joseph R Jr; Xi Jinping",https://www.nytimes.com/2023/09/01/world/asia/china-us-biden-xi.html
2023,2023-09-01T09:03:01Z,2020s,Sep-Oct,"As Ukraine’s Fight Grinds On, Talk of Negotiations Becomes Nearly Taboo","Discussion of a Plan B, should Ukraine fail to win a total victory, has become more fraught than ever, say those who have tried.",,"Discussion of a Plan B, should Ukraine fail to win a total victory, has become more fraught than ever, say those who have tried.",World,Foreign,News,article,1243.0,Russian Invasion of Ukraine (2022); Defense and Military Forces; Ukraine; Russia,https://www.nytimes.com/2023/09/01/world/europe/ukraine-fight-negotiations.html
2023,2023-09-01T09:03:39Z,2020s,Sep-Oct,"The New York Times News Quiz, Sept. 1, 2023",Did you follow the news this week? Take our quiz to see how well you stack up with other Times readers.,,Did you follow the news this week? Take our quiz to see how well you stack up with other Times readers.,Briefing,,Interactive Feature,interactive,0.0,Content Type: Quiz,https://www.nytimes.com/interactive/2023/09/01/briefing/news-quiz-idalia-spain-soccer.html
2023,2023-09-01T10:55:59Z,2020s,Sep-Oct,Vaccines for Fall,We offer a guide to fall vaccine shots.,,We offer a guide to fall vaccine shots.,Briefing,NYTNow,briefing,article,1603.0,Coronavirus (2019-nCoV); Influenza,https://www.nytimes.com/2023/09/01/briefing/covid-flu-vaccines.html
2023,2023-09-01T12:05:48Z,2020s,Sep-Oct,What Will Happen to Bloomberg After Its Founder Steps Away?,A leadership reshuffle at the financial data giant has rekindled questions about a future sale or a move to take the company public.,,A leadership reshuffle at the financial data giant has rekindled questions about a future sale or a move to take the company public.,Business,Business,News,article,1802.0,"Bloomberg, Michael R; Bloomberg LP; Philanthropy",https://www.nytimes.com/2023/09/01/business/dealbook/mike-bloomberg-lp-future.html
2023,2023-09-01T18:42:08Z,2020s,Sep-Oct,Russia claims its Sarmat intercontinental missile is on ‘combat duty.’,,,,World,Foreign,Live Blog Post,article,825.0,"Russian Invasion of Ukraine (2022); Nuclear Weapons; Missiles and Missile Defense Systems; Arms Control and Limitation and Disarmament; Putin, Vladimir V; Russia",https://www.nytimes.com/live/2023/09/01/world/russia-ukraine-news/russia-sarmat-missile
2023,2023-09-01T19:04:16Z,2020s,Sep-Oct,Superstar Cities in the Age of Zoom,Will big metros lose their edge? Or will remote work make them stronger?,,Will big metros lose their edge? Or will remote work make them stronger?,Opinion,OpEd,Op-Ed,article,1121.0,International Trade and World Market; Economics (Theory and Philosophy); Coronavirus Return to Office; Factories and Manufacturing; Urban Areas; Workplace Environment,https://www.nytimes.com/2023/09/01/opinion/cities-zoom-return-to-office.html
2023,2023-09-01T19:25:03Z,2020s,Sep-Oct,The Promise and Risk of Biden’s War on Drug Prices,"Lowering the prices of vital drugs is worthwhile, but innovation could suffer if the government isn’t careful.",,"Lowering the prices of vital drugs is worthwhile, but innovation could suffer if the government isn’t careful.",Opinion,OpEd,Op-Ed,article,1399.0,"Drugs (Pharmaceuticals); Medicare; Medicaid; Prices (Fares, Fees and Rates); Medicine and Health; Innovation; Biden, Joseph R Jr",https://www.nytimes.com/2023/09/01/opinion/biden-prescription-drug-prices.html
2023,2023-09-01T21:30:15Z,2020s,Sep-Oct,"Ukraine Has Made ‘Notable Progress’ in the Last 72 Hours, the U.S. Said.","Also, new staffing rules for nursing homes. Here’s the latest at the end of Friday.",,"Also, new staffing rules for nursing homes. Here’s the latest at the end of Friday.",Briefing,NYTNow,News,article,1274.0,,https://www.nytimes.com/2023/09/01/briefing/ukraine-gains-job-growth-adam-driver.html
2023,2023-09-02T07:34:08Z,2020s,Sep-Oct,Europe’s Boars Still Hold Radioactivity. What Surprised Scientists Is Why.,Some wild boar hunted in German forests have radiation levels that exceed the limit deemed safe for human consumption. New research suggests that it’s not just because of Chernobyl.,,Some wild boar hunted in German forests have radiation levels that exceed the limit deemed safe for human consumption. New research suggests that it’s not just because of Chernobyl.,World,Foreign,News,article,832.0,Research; Radiation; Nuclear Tests; Nuclear Weapons; Cold War Era; Environmental Science & Technology (Journal); Bavaria (Germany); Central Europe; Pigs; Truffles,https://www.nytimes.com/2023/09/02/world/europe/germany-boars-radioactivity-study.html
2023,2023-09-02T07:35:29Z,2020s,Sep-Oct,India Launches Its First Solar Mission,"The goal is to study the sun’s outer layers, to better understand its physics and dynamics and to improve understanding of space weather.",,"The goal is to study the sun’s outer layers, to better understand its physics and dynamics and to improve understanding of space weather.",World,Foreign,News,article,550.0,Space and Astronomy; Rocket Science and Propulsion; Sun; India,https://www.nytimes.com/2023/09/02/world/asia/india-solar-mission-launch.html
2023,2023-09-02T09:01:25Z,2020s,Sep-Oct,Quietly Crushing a Democracy: Millions on Trial in Bangladesh,"The most active rivals to the country’s ruling party face dozens, even hundreds, of court cases each, paralyzing the opposition as a crucial election approaches.",,"The most active rivals to the country’s ruling party face dozens, even hundreds, of court cases each, paralyzing the opposition as a crucial election approaches.",World,Foreign,News,article,1861.0,"Bangladesh; Politics and Government; Bangladesh Awami League; Bangladesh Nationalist Party; Courts and the Judiciary; Political Prisoners; Suits and Litigation (Civil); Democracy (Theory and Philosophy); Wazed, Hasina; Zia, Khaleda; Elections",https://www.nytimes.com/2023/09/02/world/asia/bangladesh-democracy-election.html
2023,2023-09-02T09:01:30Z,2020s,Sep-Oct,"Taxes, Drugs and … TikTok?","How one of Montana’s top elected officials made banning the app a top priority, putting the state at the center of a geopolitical storm.",,"How one of Montana’s top elected officials made banning the app a top priority, putting the state at the center of a geopolitical storm.",Business,SundayBusiness,News,article,1780.0,"TikTok (ByteDance); Montana; Law and Legislation; Attorneys General; Knudsen, Austin; Social Media; Mobile Applications; Espionage and Intelligence Services; Beijing Bytedance Technology Co Ltd; Computers and the Internet; Politics and Government; Freedom of Speech and Expression; Content Type: Personal Profile; China",https://www.nytimes.com/2023/09/02/business/media/montana-tiktok-ban.html
2023,2023-09-02T09:03:31Z,2020s,Sep-Oct,"Top 10 Hardest and Easiest Spelling Bee Words, Aug. 26-Sept. 1","“Honey” easily attracted Bee adherents, but players had only isolated success with “abbacy.”",,"“Honey” easily attracted Bee adherents, but players had only isolated success with “abbacy.”",The Upshot,Upshot,News,article,693.0,Spelling Bee (Game); Spelling,https://www.nytimes.com/2023/09/02/upshot/spelling-bee-words.html
2023,2023-09-02T12:00:02Z,2020s,Sep-Oct,The Disruptive Power of Weight Loss Drugs Is Being Felt Beyond Pharma,"Retailers, the makers of foods marketed for weight loss, and other types of companies could see knock-on effects from the rise of diabetes and weight loss drugs like Ozempic.",,"Retailers, the makers of foods marketed for weight loss, and other types of companies could see knock-on effects from the rise of diabetes and weight loss drugs like Ozempic.",Business,Business,News,article,1615.0,Weight; Diabetes; Ozempic (Drug); Drugs (Pharmaceuticals); Company Reports; Shopping and Retail; United States; GLP-1 RAs (Drug),https://www.nytimes.com/2023/09/02/business/dealbook/weight-loss-drugs-diet-companies-ozempic.html
2023,2023-09-02T20:55:26Z,2020s,Sep-Oct,How Xi Returned China to One-Man Rule,"For decades, China built guardrails to prevent another Mao. Here’s how Xi Jinping has dismantled them and created his own machinery of power.",,"For decades, China built guardrails to prevent another Mao. Here’s how Xi Jinping has dismantled them and created his own machinery of power.",World,,Interactive Feature,interactive,928.0,China; Xi Jinping; Politics and Government; Communist Party of China; Beijing (China); vis-video,https://www.nytimes.com/interactive/2023/09/02/world/asia/china-xi-rule.html
2023,2023-09-02T21:00:17Z,,,"China to Its People: Spies Are Everywhere, Help Us Catch Them","As Beijing tries to enlist the “whole of society” to guard against foreign enemies, the line between vigilance and paranoia fades.",,,World,,,,,,https://www.nytimes.com/2023/09/02/world/asia/china-spies-campaign.html
2023,2023-09-04T15:18:36Z,,,"When It Comes to China, Pope Francis Keeps Criticism in Check","Francis called relations with Beijing “very respectful,” though few clergy or Catholics from China went to see him during a visit to Mongolia, seemingly fearing reprisals.",,,World,,,,,,https://www.nytimes.com/2023/09/04/world/europe/pope-china-mongolia.html
2023,2023-09-11T19:51:16Z,,,China Sows Disinformation About Hawaii Fires Using New Techniques,"Beijing’s influence campaign using artificial intelligence is a rapid change in tactics, researchers from Microsoft and other organizations say.",,,U.S.,,,,,,https://www.nytimes.com/2023/09/11/us/politics/china-disinformation-ai.html
2023,2023-09-17T04:01:17Z,,,"In Risky Hunt for Secrets, U.S. and China Expand Global Spy Operations",The nations are taking bold steps in the espionage shadow war to try to collect intelligence on leadership thinking and military capabilities.,,,U.S.,,,,,,https://www.nytimes.com/2023/09/17/us/politics/us-china-global-spy-operations.html
2023,2023-09-23T09:00:36Z,,,"Blasting Bullhorns and Water Cannons, Chinese Ships Wall Off the Sea",The world’s most brazen maritime militarization is gaining muscle in waters through which one-third of global ocean trade passes.,,,World,,,,,,https://www.nytimes.com/2023/09/23/world/asia/china-sea-philippines-us.html
2023,2023-09-30T09:00:49Z,,,Ukraine’s War of Drones Runs Into an Obstacle: China,"As the war with Russia stretches on, so too does a contest to make more and deadlier flying machines. That means a fight over global electronics supply chains that run through China.",,,Technology,,,,,,https://www.nytimes.com/2023/09/30/technology/ukraine-russia-war-drones-china.html
2023,2023-10-13T09:02:11Z,,,"Across U.S., Chinese Bitcoin Mines Draw National Security Scrutiny",Microsoft reported one site in Wyoming because of its proximity to a data center and nuclear missile base. Records show other cryptocurrency facilities have ties to the Chinese state.,,,U.S.,,,,,,https://www.nytimes.com/2023/10/13/us/bitcoin-mines-china-united-states.html
2023,2023-11-01T04:01:12Z,2020s,Nov-Dec,They Propelled China’s Rise. Now They Have Nothing to Fall Back On.,"Migrant workers, who moved from China’s villages to its big cities, were a secret weapon building the economy. Now many see few options.",,"Migrant workers, who moved from China’s villages to its big cities, were a secret weapon building the economy. Now many see few options.",Business,Business,News,article,1249.0,Coronavirus (2019-nCoV); Labor and Jobs; Migrant Labor (Non-Agriculture); Economic Conditions and Trends; Xi Jinping; China,https://www.nytimes.com/2023/11/01/business/china-rural-jobs-migrant-workers.html
2023,2023-11-01T06:00:09Z,2020s,Nov-Dec,Harris Warns That the ‘Existential Threats’ of A.I. Are Already Here,"In London for an artificial intelligence summit, Vice President Kamala Harris urged global leaders to address the technology’s effect on vulnerable groups.",,"In London for an artificial intelligence summit, Vice President Kamala Harris urged global leaders to address the technology’s effect on vulnerable groups.",U.S.,Washington,News,article,820.0,"Harris, Kamala D; Artificial Intelligence; Discrimination; Executive Orders and Memorandums; Biden, Joseph R Jr; United States Politics and Government; United States International Relations; Office of Management and Budget (US); Regulation and Deregulation of Industry",https://www.nytimes.com/2023/11/01/us/politics/kamala-harris-ai.html
2023,2023-11-01T08:16:54Z,2020s,Nov-Dec,Global Leaders Warn A.I. Could Cause ‘Catastrophic’ Harm,"At a U.K. summit, 28 governments, including China and the U.S., signed a declaration agreeing to cooperate on evaluating the risks of artificial intelligence.",,"At a U.K. summit, 28 governments, including China and the U.S., signed a declaration agreeing to cooperate on evaluating the risks of artificial intelligence.",World,Foreign,News,article,1095.0,"International Relations; Politics and Government; Artificial Intelligence; Cryptography, Codes and Ciphers; Great Britain; Sunak, Rishi (1980- ); United States International Relations; World War II (1939-45); Historic Buildings and Sites; Bletchley Park; European Commission; OpenAI Labs; Harris, Kamala D; Musk, Elon; Turing, Alan M",https://www.nytimes.com/2023/11/01/world/europe/uk-ai-summit-sunak.html
2023,2023-11-01T09:00:44Z,2020s,Nov-Dec,"For China’s Jobless Young People, Hostels Are the Place to Be",Chinese backpacker hostels offering bunk beds for a few dollars a night have become hubs for the anxiety and ambitions of job-seeking youth.,,Chinese backpacker hostels offering bunk beds for a few dollars a night have become hubs for the anxiety and ambitions of job-seeking youth.,World,Foreign,News,article,1193.0,Youth; Layoffs and Job Reductions; Hotels and Travel Lodgings; China; Shanghai (China); Labor and Jobs; Careers and Professions; Unemployment,https://www.nytimes.com/2023/11/01/world/asia/china-unemployment-youth-hostels.html
2023,2023-11-01T09:00:47Z,2020s,Nov-Dec,How Does the World’s Largest Hedge Fund Really Make Its Money?,"Ray Dalio’s investing tactics have always been a closely kept secret, even inside Bridgewater Associates. Several years ago, some of Wall Street’s biggest names set out to discover his edge.",,"Ray Dalio’s investing tactics have always been a closely kept secret, even inside Bridgewater Associates. Several years ago, some of Wall Street’s biggest names set out to discover his edge.",Business,SundayBusiness,News,article,4147.0,"Bridgewater Associates; Dalio, Raymond (1949- ); Hedge Funds; Banking and Financial Institutions; Regulation and Deregulation of Industry; audio-neutral-informative",https://www.nytimes.com/2023/11/01/business/how-does-the-worlds-largest-hedge-fund-really-make-its-money.html
2023,2023-11-01T10:48:12Z,2020s,Nov-Dec,‘Vague’ iPhone Alert Triggers Serious Accusations of Spying in India,"The notifications suggested that many opposition figures could be under “state-sponsored” surveillance, but even Apple said the warning could have been a false alarm.",,"The notifications suggested that many opposition figures could be under “state-sponsored” surveillance, but even Apple said the warning could have been a false alarm.",World,Foreign,News,article,813.0,"India; Apple Inc; Smartphones; Cyberattacks and Hackers; Bharatiya Janata Party; Politics and Government; Surveillance of Citizens by Government; Modi, Narendra; Espionage and Intelligence Services; Privacy; Freedom of the Press",https://www.nytimes.com/2023/11/01/world/asia/india-apple-threat-notification.html
2023,2023-11-01T10:58:20Z,2020s,Nov-Dec,A Drop in American Gun Violence,Some progress has been made on firearm violence in recent decades.,,Some progress has been made on firearm violence in recent decades.,Briefing,NYTNow,briefing,article,1661.0,,https://www.nytimes.com/2023/11/01/briefing/gun-violence.html
2023,2023-11-01T11:00:14Z,2020s,Nov-Dec,What to See in N.Y.C. Galleries in November,Want to see new art in New York this weekend? Check out Keltie Ferris’s  body prints in Chelsea; “Wild Style” memorabilia in SoHo; Joseph J. Greer’s steel sculptures in Chinatown; and Qualeasha Wood’s Jacquard tapestries on the Lower East Side.,,Want to see new art in New York this weekend? Check out Keltie Ferris’s  body prints in Chelsea; “Wild Style” memorabilia in SoHo; Joseph J. Greer’s steel sculptures in Chinatown; and Qualeasha Wood’s Jacquard tapestries on the Lower East Side.,Arts,Weekend,News,article,6345.0,"Art; New York City; Hopper, Edward; Starr, Craig F, Gallery; Dove, Arthur; Harkness, Hilary; PPOW (Manhattan, NY)",https://www.nytimes.com/2023/11/01/arts/design/what-to-see-in-nyc-galleries-in-november.html
2023,2023-11-01T11:33:59Z,2020s,Nov-Dec,Investors on Edge as They Await the Fed’s Decision on Rates,"The central bank is expected to leave interest rates unchanged on Wednesday, but Wall Street is growing increasingly anxious over its next move.",,"The central bank is expected to leave interest rates unchanged on Wednesday, but Wall Street is growing increasingly anxious over its next move.",Business,Business,News,article,1786.0,"Interest Rates; United States Economy; Inflation (Economics); Federal Reserve System; Powell, Jerome H; Stocks and Bonds; Treasury Department",https://www.nytimes.com/2023/11/01/business/dealbook/federal-reserve-interest-rates.html
2023,2023-11-01T12:46:15Z,2020s,Nov-Dec,Why Wall Street Is So Worried About ‘Refunding’,A routine announcement by the Treasury Department about its borrowing plans has attracted more attention than usual because of the rapid rise in interest rates.,,A routine announcement by the Treasury Department about its borrowing plans has attracted more attention than usual because of the rapid rise in interest rates.,Business,Business,News,article,839.0,Government Bonds; Interest Rates; Credit and Debt; Treasury Department; Federal Reserve System; Federal Budget (US),https://www.nytimes.com/2023/11/01/business/treasury-refunding.html
2023,2023-11-01T17:07:26Z,2020s,Nov-Dec,Biden Found Even Modest Israel-Palestinian Peace Steps Impossible,A president focused on China and Ukraine had little time or inclination for a distant goal that stymied several of his predecessors.,,A president focused on China and Ukraine had little time or inclination for a distant goal that stymied several of his predecessors.,U.S.,Washington,News,article,1444.0,"Israel-Gaza War (2023- ); Israel; Gaza Strip; Palestinians; International Relations; United States International Relations; Peace Process; Civilian Casualties; Humanitarian Aid; Hamas; Palestinian Authority; Biden, Joseph R Jr; Blinken, Antony J",https://www.nytimes.com/2023/11/01/us/politics/biden-israel-palestinians-peace.html
2023,2023-11-01T18:52:58Z,2020s,Nov-Dec,"Shanghai’s Halloween Party, a Rare Chance for Chinese to Vent in Style","Thousands paraded the streets in creative, joyful and provocative costumes in a four-day celebration of a city returning to life.",,"Thousands paraded the streets in creative, joyful and provocative costumes in a four-day celebration of a city returning to life.",World,Foreign,News,article,938.0,Shanghai (China); Halloween; Costumes; China; vis-video,https://www.nytimes.com/2023/11/01/world/asia/shanghai-halloween-party-costumes.html
2023,2023-11-01T21:11:17Z,2020s,Nov-Dec,Thursday Briefing: The First Evacuees Leave Gaza,Plus four days of Halloween in Shanghai.,,Plus four days of Halloween in Shanghai.,Briefing,NYTNow,News,article,1008.0,Israel-Gaza War (2023- ); Palestinians; Refugees and Displaced Persons; Egypt; Gaza Strip; Israel,https://www.nytimes.com/2023/11/01/briefing/gaza-india-dalio.html
2023,2023-11-01T21:50:33Z,2020s,Nov-Dec,Evacuees From Gaza Arrived in Egypt,"Also, the Fed holds rates steady. Here’s the latest at the end of Wednesday.",,"Also, the Fed holds rates steady. Here’s the latest at the end of Wednesday.",Briefing,NYTNow,News,article,1297.0,,https://www.nytimes.com/2023/11/01/briefing/gaza-evacuees-egypt-fed-interest-rates.html
2023,2023-11-01T23:00:20Z,2020s,Nov-Dec,Risk of a Wider Middle East War Threatens a ‘Fragile’ World Economy,"After shocks from the pandemic and Russia’s invasion of Ukraine, there’s little cushion if the fighting between Hamas and Israel becomes a regional conflict.",,"After shocks from the pandemic and Russia’s invasion of Ukraine, there’s little cushion if the fighting between Hamas and Israel becomes a regional conflict.",Business,Business,News,article,1046.0,Israel-Gaza War (2023- ); Middle East; Israel; Gaza Strip; International Relations; Economic Conditions and Trends; International Trade and World Market; Oil (Petroleum) and Gasoline,https://www.nytimes.com/2023/11/01/business/economy/israel-gaza-war-global-economy.html
2023,2023-11-02T04:01:22Z,2020s,Nov-Dec,"China Is Winning in Solar Power, but Its Coal Use Is Raising Alarms","China is building as much clean energy capacity over four years as it had promised to build in 10 years, but continues to add coal-fired power plants.",,"China is building as much clean energy capacity over four years as it had promised to build in 10 years, but continues to add coal-fired power plants.",Business,Business,News,article,1261.0,China; Solar Energy; Coal; Wind Power; Global Warming; Energy and Power; Greenhouse Gas Emissions; Shandong Province (China); United Nations Framework Convention on Climate Change,https://www.nytimes.com/2023/11/02/business/china-solar-energy-cop-28.html
2023,2023-11-02T04:02:01Z,2020s,Nov-Dec,Thursday Briefing,The first evacuees leave Gaza.,,The first evacuees leave Gaza.,Briefing,NYTNow,briefing,article,1029.0,,https://www.nytimes.com/2023/11/02/briefing/israel-gaza-europe-jews.html
2023,2023-11-02T05:18:01Z,2020s,Nov-Dec,China’s Male Leaders Signal to Women That Their Place Is in the Home,The Communist Party’s solution to the country’s demographic crisis and a slowing economy is to push women back into traditional roles.,,The Communist Party’s solution to the country’s demographic crisis and a slowing economy is to push women back into traditional roles.,World,Foreign,News,article,1156.0,China; Politics and Government; Communist Party of China; Xi Jinping; Speeches and Statements; Women and Girls; Marriages; Birth Rates; Population; Economic Conditions and Trends,https://www.nytimes.com/2023/11/02/world/asia/china-communist-party-xi-women.html
2023,2023-11-02T10:28:35Z,2020s,Nov-Dec,Voting on Abortion,A preview of an upcoming vote on abortion access in Ohio.,,A preview of an upcoming vote on abortion access in Ohio.,Briefing,NYTNow,briefing,article,1742.0,Abortion; Ohio,https://www.nytimes.com/2023/11/02/briefing/abortion-access-ohio-vote.html
2023,2023-11-02T11:00:21Z,2020s,Nov-Dec,‘Beyond Utopia’ Review: Exit Strategies,"This film, directed by Madeleine Gavin, documents the experiences of defectors from North Korea.",,"This film, directed by Madeleine Gavin, documents the experiences of defectors from North Korea.",Movies,Weekend,Review,article,491.0,"Documentary Films and Programs; Defectors (Political); Rescues; Beyond Utopia (Movie); Gavin, Madeleine; North Korea; South Korea",https://www.nytimes.com/2023/11/02/movies/beyond-utopia-review.html
2023,2023-11-24T15:57:46Z,,,Growing Numbers of Chinese Migrants Are Crossing the Southern Border,"More than 24,000 Chinese citizens have been apprehended crossing into the United States from Mexico in the past year. That is more than in the preceding 10 years combined.",,,U.S.,,,,,,https://www.nytimes.com/2023/11/24/us/politics/china-migrants-us-border.html
2023,2023-11-27T15:40:02Z,,,Inside U.S. Efforts to Untangle an A.I. Giant’s Ties to China,American spy agencies have warned about the Emirati firm G42 and its work with large Chinese companies that U.S. officials consider security threats.,,,U.S.,,,,,,https://www.nytimes.com/2023/11/27/us/politics/ai-us-uae-china-security-g42.html
2023,2023-11-28T10:01:55Z,,,Can U.S.-China Student Exchanges Survive Geopolitics?,"The flow of students between the countries has been a mainstay of their relationship, even when ties have soured. Now these exchanges, too, are under threat.",,,World,,,,,,https://www.nytimes.com/2023/11/28/world/asia/us-china-student-exchange-geopolitics.html
2023,2023-12-26T10:01:11Z,,,A New Tax on Imports and a Split From China: Trump’s 2025 Trade Agenda,"Donald J. Trump plans to sharply expand his use of tariffs if he returns to power, risking disruption to the economy in an attempt to transform it.",,,U.S.,,,,,,https://www.nytimes.com/2023/12/26/us/politics/trump-2025-trade-china.html
2023,2023-12-27T10:03:42Z,,,Chinese Spy Agency Rising to Challenge the C.I.A.,"The ambitious Ministry of State Security is deploying A.I. and other advanced technology to go toe-to-toe with the United States, even as the two nations try to pilfer each other’s scientific secrets.",,,U.S.,,,,,,https://www.nytimes.com/2023/12/27/us/politics/china-cia-spy-mss.html
2023,2023-12-31T22:02:04Z,,,Asian American Officials Cite Unfair Scrutiny and Lost Jobs in China Spy Tensions,National security employees with ties to Asia say U.S. counterintelligence officers wrongly regard them as potential spies and ban them from jobs.,,,U.S.,,,,,,https://www.nytimes.com/2023/12/31/us/politics/china-spy-asian-americans.html
2024,2023-12-29T10:03:17Z,2020s,Jan-Feb,Strawberry Case Study: What if Farmers Had to Pay for Water?,"With aquifers nationwide in dangerous decline, one part of California has tried essentially taxing groundwater. New research shows it’s working.",,"With aquifers nationwide in dangerous decline, one part of California has tried essentially taxing groundwater. New research shows it’s working.",Climate,,Interactive Feature,interactive,1767.0,Driscoll's Berries Inc; Water; Environment; Agriculture and Farming; Global Warming; Monterey Bay (Calif); Irrigation; Pajaro (Calif); Taxation; Conservation of Resources; Santa Cruz County (Calif); vis-design,https://www.nytimes.com/interactive/2023/12/29/climate/california-farmers-water-tax.html
2024,2024-01-01T12:43:30Z,2020s,Jan-Feb,China Auto Giant BYD Sells More Electric Vehicles Than Ever,"Sales by BYD, the country’s dominant automaker, topped 3 million last year, including 1.6 million fully battery-powered cars. It’s a sign of China’s rapid growth in EVs.",,"Sales by BYD, the country’s dominant automaker, topped 3 million last year, including 1.6 million fully battery-powered cars. It’s a sign of China’s rapid growth in EVs.",Business,Business,News,article,781.0,"Electric and Hybrid Vehicles; China; BYD Co Ltd; Prices (Fares, Fees and Rates); Batteries; Tesla Motors Inc; Volkswagen AG",https://www.nytimes.com/2024/01/01/business/byd-2023-sales.html
2024,2024-01-01T17:15:25Z,2020s,Jan-Feb,May 3: China could launch the Chang’e-6 mission to the far side of the moon.,,,,Science,Science,News,article,61.0,,https://www.nytimes.com/article/may-china-could-launch-the-change-6-mission-to-the-far-side-of-the-moon.html
2024,2024-01-01T19:06:41Z,2020s,Jan-Feb,"Powerful Earthquake Hits Japan, and Officials Warn of Aftershocks","There were reports of collapsed buildings and people being trapped underneath them. The quake disrupted electricity and phone service, and initially raised fears of a tsunami.",,"There were reports of collapsed buildings and people being trapped underneath them. The quake disrupted electricity and phone service, and initially raised fears of a tsunami.",World,Foreign,News,article,770.0,Japan; Earthquakes,https://www.nytimes.com/2024/01/01/world/asia/japan-earthquake.html
2024,2024-01-01T20:41:37Z,2020s,Jan-Feb,Tuesday Briefing: Israel’s Top Court Rejects Move to Limit It,Plus New Year’s offerings to the sea in Brazil.,,Plus New Year’s offerings to the sea in Brazil.,Briefing,NYTNow,briefing,article,979.0,"Far East, South and Southeast Asia and Pacific Areas; Netanyahu, Benjamin; Japan; United States; China",https://www.nytimes.com/2024/01/01/briefing/israel-judicial-overhaul-japan-earthquake-china-us.html
2024,2024-01-02T05:01:27Z,2020s,Jan-Feb,India Is Chasing China’s Economy. But Something Is Holding It Back.,"Long-term investment in India by businesses is stagnant, and foreign money is falling, even as the government is driving growth with infrastructure spending.",,"Long-term investment in India by businesses is stagnant, and foreign money is falling, even as the government is driving growth with infrastructure spending.",Business,Business,News,article,1331.0,"Economic Conditions and Trends; India; Politics and Government; Modi, Narendra; Infrastructure (Public Works); Stocks and Bonds; Foreign Investments; Supply Chain; Prices (Fares, Fees and Rates); International Relations; International Trade and World Market; Developing Countries; China",https://www.nytimes.com/2024/01/02/business/india-economy-foreign-direct-investment.html
2024,2024-01-02T07:59:17Z,2020s,Jan-Feb,"A Stunning Eclipse, a Moon Race and Other Space Events in 2024","In April, people across North America will be able to gaze at a stunning total eclipse. And astronauts may get closer to that promised moon landing.",,"In April, people across North America will be able to gaze at a stunning total eclipse. And astronauts may get closer to that promised moon landing.",Science,Science,News,article,1143.0,Space and Astronomy; Private Spaceflight; Solar System; Eclipses; Rocket Science and Propulsion; Europa (Moon of Jupiter); Moon; Mars (Planet); Asteroids; Blue Origin; Boeing Company; European Space Agency; Intuitive Machines LLC; National Aeronautics and Space Administration; Space Exploration Technologies Corp; United Launch Alliance; China,https://www.nytimes.com/2024/01/02/science/space-astronomy-events-2024.html
2024,2024-01-02T11:00:05Z,2020s,Jan-Feb,"Jimmy Lai, Hong Kong Media Executive, Pleads Not Guilty to Security Charges","The prosecution accused him of colluding with U.S. officials to undermine Hong Kong’s interests, citing private messages, meetings and social media posts.",,"The prosecution accused him of colluding with U.S. officials to undermine Hong Kong’s interests, citing private messages, meetings and social media posts.",World,Foreign,News,article,617.0,"Political Prisoners; Hong Kong Protests (2019); Apple Daily; Lai, Jimmy; Hong Kong",https://www.nytimes.com/2024/01/02/world/asia/hong-kong-jimmy-lai-trial.html
2024,2024-01-02T11:07:29Z,2020s,Jan-Feb,The Debt Matters Again,The changing economy has made federal debt a bigger problem.,,The changing economy has made federal debt a bigger problem.,Briefing,NYTNow,briefing,article,1424.0,National Debt (US); United States Economy,https://www.nytimes.com/2024/01/02/briefing/national-debt.html
2024,2024-01-02T12:31:56Z,2020s,Jan-Feb,What We’re Watching in 2024,"From elections and A.I. to antitrust and shadow banking, here are the big themes that could define the worlds of business and policy.",,"From elections and A.I. to antitrust and shadow banking, here are the big themes that could define the worlds of business and policy.",Business,Business,News,article,1172.0,"Presidential Election of 2024; Artificial Intelligence; Corporate Social Responsibility; Antitrust Laws and Competition Issues; OpenAI Labs; Warner Bros Discovery; Justice Department; Biden, Joseph R Jr; Gensler, Gary S; Haley, Nikki R; Khan, Lina; Zaslav, David M; Two Thousand Twenty Four",https://www.nytimes.com/2024/01/02/business/dealbook/ai-antitrust-elections-watching-2024.html
2024,2024-01-02T13:51:40Z,2020s,Jan-Feb,Tesla Sales Rebound After Steep Price Cuts,The leading U.S. electric-vehicle maker also drew buyers eager to take advantage of government incentives that will be harder to get in 2024.,,The leading U.S. electric-vehicle maker also drew buyers eager to take advantage of government incentives that will be harder to get in 2024.,Business,Business,News,article,821.0,"Electric and Hybrid Vehicles; Tax Credits, Deductions and Exemptions; Tesla Motors Inc; Automobiles; Prices (Fares, Fees and Rates); Company Reports; International Trade and World Market",https://www.nytimes.com/2024/01/02/business/tesla-fourth-quarter-sales.html
2024,2024-01-02T20:43:36Z,2020s,Jan-Feb,Wednesday Briefing: Beirut Blast Kills Senior Hamas Leader,Plus the great winter festivals of Asia.,,Plus the great winter festivals of Asia.,Briefing,NYTNow,briefing,article,1011.0,"Far East, South and Southeast Asia and Pacific Areas; Hamas; Beirut (Lebanon); Japan; Japan Airlines; India",https://www.nytimes.com/2024/01/02/briefing/hamas-leaders-beirut-japan-plane-india-economy.html
2024,2024-01-03T06:32:24Z,2020s,Jan-Feb,Abrupt Dismissals Point to Xi Jinping’s Quiet Shake-Up of China’s Military,"The purge of several commanders from China’s legislature was the latest sign of widening investigations focused on the sensitive arms sector, experts say.",,"The purge of several commanders from China’s legislature was the latest sign of widening investigations focused on the sensitive arms sector, experts say.",World,Foreign,News,article,1086.0,China; Xi Jinping; Politics and Government; Defense and Military Forces; Central Military Commission (China); National People's Congress (China); People's Liberation Army (China); Chinese People's Political Consultative Conference; Li Shangfu; South China Sea,https://www.nytimes.com/2024/01/03/world/asia/xi-jinping-military-purge.html
2024,2024-01-03T10:00:38Z,2020s,Jan-Feb,It’s Time for America to Go Back to Afghanistan,"Since the U.S. withdrawal from Afghanistan, Washington has isolated the Taliban, a tactic that backfired the last time the group was in power.",,"Since the U.S. withdrawal from Afghanistan, Washington has isolated the Taliban, a tactic that backfired the last time the group was in power.",Opinion,OpEd,Op-Ed,article,1478.0,United States International Relations; Afghanistan; Humanitarian Aid; Taliban; Afghanistan War (2001- ); United States Defense and Military Forces; September 11 (2001),https://www.nytimes.com/2024/01/03/opinion/united-states-afghanistan.html
2024,2024-01-03T11:37:54Z,2020s,Jan-Feb,The New Campus Politics,The resignation of Harvard’s president shows how the Hamas attacks have scrambled campus politics.,,The resignation of Harvard’s president shows how the Hamas attacks have scrambled campus politics.,Briefing,NYTNow,briefing,article,1754.0,"Israel-Gaza War (2023- ); Gay, Claudine; Harvard University; Colleges and Universities",https://www.nytimes.com/2024/01/03/briefing/claudine-gay-harvard-president-resignation.html
2024,2024-01-03T12:46:37Z,2020s,Jan-Feb,Harvard’s Governance Dilemma,The resignation of Claudine Gay as Harvard’s president reopens the debate over who should run America’s elite universities.,,The resignation of Claudine Gay as Harvard’s president reopens the debate over who should run America’s elite universities.,Business,Business,News,article,1841.0,"Colleges and Universities; Diversity Initiatives; Israel-Gaza War (2023- ); Hamas; Harvard University; Massachusetts Institute of Technology; University of Pennsylvania; Ackman, William A; Gay, Claudine; Magill, Elizabeth; Pritzker, Penny; Rufo, Christopher F",https://www.nytimes.com/2024/01/03/business/dealbook/harvard-gay-governance-universities.html
2024,2024-01-03T15:31:43Z,2020s,Jan-Feb,"In Detroit, an Opera Leader Finishes With One Last Triumph","Wayne Brown, who recently retired, started his career in Detroit before returning there to run a transformed Detroit Opera.",,"Wayne Brown, who recently retired, started his career in Detroit before returning there to run a transformed Detroit Opera.",Arts,Culture,News,article,1234.0,"Opera; Content Type: Personal Profile; Appointments and Executive Changes; Brown, Wayne S; Detroit Opera; Michigan Opera Theater; National Endowment for the Arts; Detroit (Mich)",https://www.nytimes.com/2024/01/03/arts/music/wayne-brown-detroit-opera.html
2024,2024-01-03T21:04:18Z,2020s,Jan-Feb,Thursday Briefing: Blasts in Iran Kill Dozens,"Plus, China shakes up its military.",,"Plus, China shakes up its military.",Briefing,NYTNow,briefing,article,992.0,"Far East, South and Southeast Asia and Pacific Areas; Iran; Suleimani, Qassim; Japan Airlines; Xi Jinping; China",https://www.nytimes.com/2024/01/03/briefing/iran-blasts-suleimani-japan-airlines-evacuation-china-military.html
2024,2024-01-03T21:14:04Z,2020s,Jan-Feb,Xerox to Cut 15% of Its Work Force in the First Quarter of 2024,The move is the printer maker’s latest as it tries to shift more toward its business services offerings.,,The move is the printer maker’s latest as it tries to shift more toward its business services offerings.,Business,Business,News,article,408.0,Xerox Corporation; Layoffs and Job Reductions; Company Reports,https://www.nytimes.com/2024/01/03/business/xerox-layoffs.html
2024,2024-01-03T22:11:35Z,2020s,Jan-Feb,A dozen countries warn of consequences for Houthi attacks in the Red Sea.,,,,World,Foreign,Live Blog Post,article,642.0,,https://www.nytimes.com/live/2024/01/04/world/israel-hamas-war-gaza-news/the-us-and-its-allies-warn-of-consequences-for-houthi-attacks-on-red-sea-shipping
2024,2024-03-01T05:24:19Z,2020s,Mar-Apr,Friday Briefing,Gazans are killed near an aid convoy.,,Gazans are killed near an aid convoy.,Briefing,NYTNow,briefing,article,1133.0,,https://www.nytimes.com/2024/03/01/briefing/gaza-convoy-putin-nuclear.html
2024,2024-03-01T10:00:41Z,2020s,Mar-Apr,How Contemporary Artists Are Taking Papier-Mâché Out of the Classroom,"A new wave of self-taught craftspeople are using the medium to make playful, thought-provoking works.",,"A new wave of self-taught craftspeople are using the medium to make playful, thought-provoking works.",T Magazine,TStyle,News,article,843.0,tmensspringfashion24; Handicrafts; Art,https://www.nytimes.com/2024/03/01/t-magazine/papier-mache-art-crafts.html
2024,2024-03-01T10:02:15Z,2020s,Mar-Apr,Murder and Magic Realism: A Rising Literary Star Mines China’s Rust Belt,"In gritty tales from China’s northeast, Shuang Xuetao chronicles a traumatic chapter of Chinese history with fresh resonance today: the mass layoffs that afflicted the region in the 1990s.",,"In gritty tales from China’s northeast, Shuang Xuetao chronicles a traumatic chapter of Chinese history with fresh resonance today: the mass layoffs that afflicted the region in the 1990s.",World,Foreign,News,article,1393.0,China; Shenyang (China); Shuang Xuetao; Writing and Writers; Books and Literature; Content Type: Personal Profile; Economic Conditions and Trends; Nineteen Hundred Nineties; Communist Party of China; Layoffs and Job Reductions,https://www.nytimes.com/2024/03/01/world/asia/china-shenyang-shuang-xuetao.html
2024,2024-03-01T10:02:27Z,2020s,Mar-Apr,A Writer’s To-Do List: Learn History. Learn Chinese. Learn to Draw Comics.,"Tessa Hulls’s “Feeding Ghosts” chronicles how China’s history shaped her family. But first, she had to tackle some basics.",,"Tessa Hulls’s “Feeding Ghosts” chronicles how China’s history shaped her family. But first, she had to tackle some basics.",Books,Books,News,article,1207.0,"Graphic Novels; Books and Literature; Writing and Writers; Content Type: Personal Profile; Chinese-Americans; Hulls, Tessa; Feeding Ghosts (Book); China",https://www.nytimes.com/2024/03/01/books/booksupdate/tessa-hulls-feeding-ghosts-.html
2024,2024-03-01T10:03:05Z,2020s,Mar-Apr,Why More American Weapons Will Soon Be Made Outside America,"With the wars in Ukraine and Gaza straining U.S. arsenals, Washington is seeking to expand production with global partners like Australia.",,"With the wars in Ukraine and Gaza straining U.S. arsenals, Washington is seeking to expand production with global partners like Australia.",World,Foreign,News,article,1318.0,Defense and Military Forces; Defense Contracts; International Relations; Factories and Manufacturing; Bombs and Explosives; United States Defense and Military Forces; Arms Trade; Supply Chain; Defense Department; Lockheed Martin Corporation; Thales SA; Australia; United States,https://www.nytimes.com/2024/03/01/world/australia/us-weapons-production.html
2024,2024-03-01T10:03:41Z,2020s,Mar-Apr,Why Mexico’s Ruling Party Candidate Is Already Dominating the Presidential Race,"Claudia Sheinbaum, a protégée of Mexico’s current president, holds a commanding lead in the polls. But to many in Mexico, she is still an enigma.",,"Claudia Sheinbaum, a protégée of Mexico’s current president, holds a commanding lead in the polls. But to many in Mexico, she is still an enigma.",World,Foreign,News,article,1321.0,"Mexico; Elections; Politics and Government; Sheinbaum, Claudia; Galvez, Xochitl (1963- ); Lopez Obrador, Andres Manuel; Morena (Mexican Political Party); Mexico City (Mexico); United States International Relations; Content Type: Personal Profile",https://www.nytimes.com/2024/03/01/world/americas/mexico-election-amlo-sheinbaum-galvez.html
2024,2024-03-01T10:04:50Z,2020s,Mar-Apr,"The New York Times News Quiz, Mar. 1, 2024",Did you follow the news this week? Take our quiz to see how well you stack up with other Times readers.,,Did you follow the news this week? Take our quiz to see how well you stack up with other Times readers.,Briefing,,Interactive Feature,interactive,0.0,Content Type: Quiz,https://www.nytimes.com/interactive/2024/03/01/briefing/news-quiz-mcconnell-moon-biden.html
2024,2024-03-01T13:22:49Z,2020s,Mar-Apr,Why Elon Musk Is Taking OpenAI and Sam Altman to Court,The tech mogul wants to force the A.I. start-up to reveal its research to the public and prevent it from pursuing profits.,,The tech mogul wants to force the A.I. start-up to reveal its research to the public and prevent it from pursuing profits.,Business,Business,News,article,1813.0,"Artificial Intelligence; Musk, Elon; Altman, Samuel H; OpenAI Labs; Suits and Litigation (Civil)",https://www.nytimes.com/2024/03/01/business/dealbook/musk-lawsuit-openai-altman.html
2024,2024-03-01T16:19:50Z,2020s,Mar-Apr,"Review: Shanghai’s Open Door to Jews, Remembered in Music","“Émigré,” a bland oratorio about brothers who flee to China to escape Nazi persecution, was given its American premiere by the New York Philharmonic.",,"“Émigré,” a bland oratorio about brothers who flee to China to escape Nazi persecution, was given its American premiere by the New York Philharmonic.",Arts,Culture,Review,article,714.0,"Classical Music; Holocaust and the Nazi Era; Jews and Judaism; World War II (1939-45); Immigration and Emigration; New York Philharmonic; Shanghai Symphony Orchestra; Birnbaum, Mary; Long Yu (1964- ); Zigman, Aaron; Campbell, Mark (Librettist); Walsh, Brock; Emigre (Musical Work)",https://www.nytimes.com/2024/03/01/arts/music/emigre-oratorio-new-york-philharmonic.html
2024,2024-03-01T20:00:02Z,2020s,Mar-Apr,"With So Many Flavors of Inflation, Which Should We Care About?",Here’s why the Fed has set its sights on supercore inflation.,,Here’s why the Fed has set its sights on supercore inflation.,Opinion,OpEd,Op-Ed,article,1696.0,"Federal Reserve System; Inflation (Economics); Powell, Jerome H; Prices (Fares, Fees and Rates); Consumer Price Index; United States Economy",https://www.nytimes.com/2024/03/01/opinion/inflation-supercore-federal-reserve.html
2024,2024-03-01T23:56:39Z,2020s,Mar-Apr,"Who Is Winnie Greco, the Adams Aide Whose Houses the F.B.I. Searched?","Federal agents descended on two properties owned by Ms. Greco, the mayor’s director of Asian affairs who traveled with him to China.",,"Federal agents descended on two properties owned by Ms. Greco, the mayor’s director of Asian affairs who traveled with him to China.",New York,Metro,News,article,848.0,"Greco, Winnie; Campaign Finance; Politics and Government; Elections, Mayors; Ethics and Official Misconduct; Federal Bureau of Investigation; Adams, Eric L; Lewis-Martin, Ingrid P; Brooklyn (NYC); Flushing (Queens, NY); New York City",https://www.nytimes.com/2024/03/01/nyregion/fbi-winnie-greco-adams-investigation.html
2024,2024-03-02T05:01:23Z,2020s,Mar-Apr,"South Korea Needs Foreign Workers, but Often Fails to Protect Them","Though a shrinking population makes imported labor vital, migrant workers routinely face predatory employers, inhumane conditions and other abuse.",,"Though a shrinking population makes imported labor vital, migrant workers routinely face predatory employers, inhumane conditions and other abuse.",World,Foreign,News,article,1209.0,Migrant Labor (Non-Agriculture); Migrant Labor (Agriculture); Foreign Workers; Workplace Hazards and Violations; Politics and Government; South Korea; Race and Ethnicity; Discrimination; Southeast Asia; South Asia,https://www.nytimes.com/2024/03/02/world/asia/south-korea-foreign-workers.html
2024,2024-03-02T10:01:06Z,2020s,Mar-Apr,"He Wanted a New Watch, but Ended Up Creating a Brand","Robert Kwok founded Beaufort Watches, one of only four such businesses now operating in New Zealand.",,"Robert Kwok founded Beaufort Watches, one of only four such businesses now operating in New Zealand.",Fashion,SpecialSections,News,article,976.0,"Watches and Clocks; Beaufort Watches Ltd; Entrepreneurship; Crowdfunding (Internet); Kwok, Robert; your-feed-fashion",https://www.nytimes.com/2024/03/02/fashion/beaufort-watches-auckland-new-zealand.html
2024,2024-03-02T11:00:02Z,2020s,Mar-Apr,Brian Mulroney Divided and Reshaped Canada Through Free Trade With the U.S.,"The former prime minister, who died this week, brought dramatic changes, good and bad, to the country’s economy with the pact.",,"The former prime minister, who died this week, brought dramatic changes, good and bad, to the country’s economy with the pact.",World,Foreign,News,article,1328.0,"Canada; Mulroney, Brian; International Trade and World Market; International Relations; Customs (Tariff)",https://www.nytimes.com/2024/03/02/world/canada/brian-mulroney-free-trade.html
2024,2024-03-02T12:00:05Z,2020s,Mar-Apr,"Israel, Gaza and Double Standards, Including Our Own","Sure, the West applies more scrutiny to Israel than to other countries, but that shouldn’t deflect from the catastrophe in Gaza.",,"Sure, the West applies more scrutiny to Israel than to other countries, but that shouldn’t deflect from the catastrophe in Gaza.",Opinion,OpEd,Op-Ed,article,913.0,"Israel-Gaza War (2023- ); Israel; Defense and Military Forces; Gaza Strip; Palestinians; Civilian Casualties; Children and Childhood; Deaths (Fatalities); Hamas; Terrorism; War Crimes, Genocide and Crimes Against Humanity; United States International Relations; Sudan; United Nations; International Relations",https://www.nytimes.com/2024/03/02/opinion/israel-gaza-double-standard.html
2024,2024-03-03T10:00:45Z,2020s,Mar-Apr,An Australian Watchmaker Creates His Own Path,"Reuben Schoots has been trying to build a business in a country that lacks a horological heritage. It hasn’t been easy, but he’s making progress.",,"Reuben Schoots has been trying to build a business in a country that lacks a horological heritage. It hasn’t been easy, but he’s making progress.",Fashion,SpecialSections,News,article,1241.0,"Watches and Clocks; Canberra (Australia); your-feed-fashion; Content Type: Personal Profile; Schoots, Reuben; Australia",https://www.nytimes.com/2024/03/03/fashion/watches-reuben-schoots-canberra-australia.html
2024,2024-03-03T20:53:14Z,2020s,Mar-Apr,Monday Briefing: Fears of Anarchy Grow in Gaza,"Also, Pakistan’s newly elected prime minister and a bard of China’s rust belt",,"Also, Pakistan’s newly elected prime minister and a bard of China’s rust belt",World,NYTNow,briefing,article,1087.0,"Far East, South and Southeast Asia and Pacific Areas",https://www.nytimes.com/2024/03/03/world/asia/gaza-aid-israel-sharif-asia.html
2024,2024-03-04T05:00:09Z,2020s,Mar-Apr,Forced to Change: Tech Giants Bow to Global Onslaught of Rules,"For years, Apple, Google, Meta and others operated unfettered. But new laws and regulations have finally compelled them to make major shifts to their products and businesses.",,"For years, Apple, Google, Meta and others operated unfettered. But new laws and regulations have finally compelled them to make major shifts to their products and businesses.",Technology,Business,News,article,1406.0,"Computers and the Internet; Social Media; Search Engines; Law and Legislation; Regulation and Deregulation of Industry; Mobile Commerce and Payments; Mobile Applications; Antitrust Laws and Competition Issues; E-Commerce; Web Browsers; Advertising and Marketing; iPhone; Instant Messaging; Mergers, Acquisitions and Divestitures; Corporate Social Responsibility; Alphabet Inc; Amazon.com Inc; Apple Inc; European Union; Facebook Inc; Federal Trade Commission; Google Inc; Instagram Inc; Justice Department; TikTok (ByteDance); Meta Platforms Inc; Microsoft Corp; YouTube.com; Europe; United States",https://www.nytimes.com/2024/03/04/technology/europe-apple-meta-google-microsoft.html
2024,2024-03-04T10:00:20Z,2020s,Mar-Apr,Charmed by a City Off Thailand’s Beaten Path,"Centuries-old wooden temples, a graceful river and an unexpected chicken fixation make Lampang, in Northern Thailand, a delightful destination away from the crowds.",,"Centuries-old wooden temples, a graceful river and an unexpected chicken fixation make Lampang, in Northern Thailand, a delightful destination away from the crowds.",Travel,Travel,News,article,1956.0,Travel and Vacations; Lampang (Thailand); Buddhism; Teak (Wood); Ceramics and Pottery,https://www.nytimes.com/2024/03/04/travel/lampang-thailand-vacation.html
2024,2024-03-04T10:00:43Z,2020s,Mar-Apr,Six Women in the Watch World Tell Their Stories,"From an enamel master to a third-generation publisher and editor, they have forged careers in a sector that hasn’t always acknowledged women’s work.",,"From an enamel master to a third-generation publisher and editor, they have forged careers in a sector that hasn’t always acknowledged women’s work.",Fashion,SpecialSections,News,article,2096.0,"Watches and Clocks; Women and Girls; Karer, Karishma; de Rouvray, Camille; Maruyama, Naomi; Garcia, Viki; Qiu, Mona; Lecci, Vanessa; Cartier SA; Christie's; Watchbox (WatchBanQ Group)",https://www.nytimes.com/2024/03/04/fashion/six-women-watches-stories.html
2024,2024-05-01T01:06:41Z,2020s,May-Jun,Transcript: Ezra Klein Interviews Hannah Ritchie,"The April 30, 2024, episode of “The Ezra Klein Show.”",,"The April 30, 2024, episode of “The Ezra Klein Show.”",Podcasts,OpEd,Op-Ed,article,11083.0,"Ritchie, Hannah (1993- )",https://www.nytimes.com/2024/04/30/podcasts/transcript-ezra-klein-interviews-hannah-ritchie.html
2024,2024-05-01T04:00:13Z,2020s,May-Jun,"China’s Electric Cars Keep Improving, a Worry for Rivals Elsewhere",More capable autonomous driving is just one way Chinese automakers are threatening to pull ahead — their E.V.s are also becoming bigger and roomier.,,More capable autonomous driving is just one way Chinese automakers are threatening to pull ahead — their E.V.s are also becoming bigger and roomier.,Business,Business,News,article,1227.0,China; Electric and Hybrid Vehicles; Automobiles; International Trade and World Market; International Relations; Factories and Manufacturing; Batteries; Driverless and Semiautonomous Vehicles; BYD Co Ltd; China Association of Automobile Manufacturers; Contemporary Amperex Technology Ltd; Xiaomi Tech; Tesla Motors Inc,https://www.nytimes.com/2024/05/01/business/china-electric-vehicles.html
2024,2024-05-01T07:00:27Z,2020s,May-Jun,The Most Decorated Battleship in U.S. History Gets an Overdue Face-Lift,It has been 34 years since the Battleship New Jersey was last pulled out of the water for maintenance.,,It has been 34 years since the Battleship New Jersey was last pulled out of the water for maintenance.,New York,Metropolitan,News,article,831.0,Ships and Shipping; Museums; Historic Buildings and Sites; United States Defense and Military Forces; Camden (NJ); United States,https://www.nytimes.com/2024/05/01/nyregion/battleship-new-jersey-repairs.html
2024,2024-05-01T10:10:19Z,2020s,May-Jun,"Expressway Collapses in Southern China Amid Heavy Rains, Killing 36","The road gave way Wednesday morning in an apparent landslide. At least 30 other people were injured, many of them seriously.",,"The road gave way Wednesday morning in an apparent landslide. At least 30 other people were injured, many of them seriously.",World,Foreign,News,article,403.0,Traffic Accidents and Safety; Deaths (Fatalities); Rain; Landslides and Mudslides; Roads and Traffic; China; Guangdong Province (China); Fujian Province (China); Guangzhou (China),https://www.nytimes.com/2024/05/01/world/asia/highway-collapses-china.html
2024,2024-05-01T10:14:33Z,2020s,May-Jun,Chinese Scientist Who Shared Covid Sequence Protests Lab Closure,Professor Zhang Yongzhen had flouted a government ban by disclosing the genome of the Covid virus soon after it emerged in Wuhan in 2020.,,Professor Zhang Yongzhen had flouted a government ban by disclosing the genome of the Covid virus soon after it emerged in Wuhan in 2020.,World,Foreign,News,article,667.0,"Laboratories and Scientific Equipment; Zhang Yong-Zhen (1964/65- ); Holmes, Edward C (1965- ); China; Beijing (China); Shanghai (China); Wuhan (China)",https://www.nytimes.com/2024/05/01/world/asia/china-scientist-covid-lab.html
2024,2024-05-01T15:00:15Z,2020s,May-Jun,What Makes a Society More Resilient? Frequent Hardship.,"Comparing 30,000 years of human history, researchers found that surviving famine, war or climate change helps groups recover more quickly from future shocks.",,"Comparing 30,000 years of human history, researchers found that surviving famine, war or climate change helps groups recover more quickly from future shocks.",Science,Science,News,article,788.0,Research; Nature (Journal); Population; Archaeology and Anthropology; War and Armed Conflicts; Global Warming; Famine; Disasters and Emergencies; History (Academic Subject); your-feed-science,https://www.nytimes.com/2024/05/01/science/resilient-societies-climate-change.html
2024,2024-05-01T15:30:30Z,2020s,May-Jun,"Record Number of Writers Were Jailed Globally in 2023, PEN America Says","For the first time, China has more than 100 incarcerated writers, and Israel and Russia entered the list of the 10 countries with the most imprisoned writers.",,"For the first time, China has more than 100 incarcerated writers, and Israel and Russia entered the list of the 10 countries with the most imprisoned writers.",World,Express,News,article,607.0,Writing and Writers; Prisons and Prisoners; Freedom of Speech and Expression; Freedom of the Press; PEN American Center; Committee to Protect Journalists,https://www.nytimes.com/2024/05/01/world/asia/jailed-writers-pen-index.html
2024,2024-05-01T17:30:06Z,2020s,May-Jun,U.S. Imposes Sanctions on Chinese Companies for Aiding Russia’s War Effort,The penalties came after top Biden administration officials warned China not to help Moscow restock its arsenal to attack Ukraine.,,The penalties came after top Biden administration officials warned China not to help Moscow restock its arsenal to attack Ukraine.,U.S.,Washington,News,article,394.0,"United States International Relations; Embargoes and Sanctions; United States Politics and Government; Russian Invasion of Ukraine (2022); Defense and Military Forces; State Department; Treasury Department; Yellen, Janet L; China; Russia; Ukraine",https://www.nytimes.com/2024/05/01/us/politics/us-sanctions-china-russia.html
2024,2024-05-01T20:37:37Z,2020s,May-Jun,Thursday Briefing: Police Deployed at U.S. Campuses,"Also, China’s surging electric car market and a new Netflix series from India.",,"Also, China’s surging electric car market and a new Netflix series from India.",World,NYTNow,briefing,article,927.0,"Far East, South and Southeast Asia and Pacific Areas",https://www.nytimes.com/2024/05/01/world/asia/protest-ucla-columbia-china-asia.html
2024,2024-05-01T21:28:25Z,2020s,May-Jun,"Giant Pandas Are Returning to San Diego, China Announces",“Panda diplomacy” has represented an area of cooperation between the United States and China despite tension over weighty issues of trade and national security.,,“Panda diplomacy” has represented an area of cooperation between the United States and China despite tension over weighty issues of trade and national security.,U.S.,Washington,News,article,670.0,United States International Relations; Pandas; Zoos; San Diego Zoo; China,https://www.nytimes.com/2024/05/01/us/pandas-china-san-diego-zoo.html
2024,2024-05-01T22:54:13Z,2020s,May-Jun,Republicans Step Up Attacks on Scientist at Heart of Lab Leak Theory,"A heated hearing produced no new evidence that Peter Daszak or his nonprofit, EcoHealth Alliance, were implicated in the Covid outbreak.",,"A heated hearing produced no new evidence that Peter Daszak or his nonprofit, EcoHealth Alliance, were implicated in the Covid outbreak.",Science,Science,News,article,1151.0,"Coronavirus Origins Investigation; Daszak, Peter; EcoHealth Alliance; House Select Subcommittee on the Coronavirus Pandemic; Republican Party; China; United States Politics and Government; Research; your-feed-science",https://www.nytimes.com/2024/05/01/science/covid-lab-leak-ecohealth-nih.html
2024,2024-05-02T04:01:39Z,2020s,May-Jun,U.S. and Israel Struggle With Clashing Visions on Ending Gaza War,"The Biden administration wants to focus on a cease-fire and rebuilding Gaza, but Israel’s leader is pushing a new offensive.",,"The Biden administration wants to focus on a cease-fire and rebuilding Gaza, but Israel’s leader is pushing a new offensive.",World,Foreign,News Analysis,article,1260.0,"Israel-Gaza War (2023- ); Israel; Defense and Military Forces; Netanyahu, Benjamin; Gaza Strip; Rafah (Gaza Strip); Palestinians; Refugees and Displaced Persons; Hamas; Terrorism; Kidnapping and Hostages; Biden, Joseph R Jr; Blinken, Antony J; United States International Relations; Politics and Government; International Relations; Peace Process; Humanitarian Aid; Foreign Aid",https://www.nytimes.com/2024/05/02/world/middleeast/us-israel-gaza-blinken-netanyahu.html
2024,2024-05-02T04:45:00Z,2020s,May-Jun,Thursday Briefing,Arrests at U.S. campus protests.,,Arrests at U.S. campus protests.,Briefing,NYTNow,briefing,article,1198.0,,https://www.nytimes.com/2024/05/02/briefing/campus-protest-arrest-britain-elections.html
2024,2024-05-02T10:42:44Z,2020s,May-Jun,How Technology Has Outpaced the Law,Abortions in the U.S. have risen slightly since Roe was struck down. One factor: pills ordered online.,,Abortions in the U.S. have risen slightly since Roe was struck down. One factor: pills ordered online.,Briefing,NYTNow,briefing,article,1605.0,Abortion; Law and Legislation,https://www.nytimes.com/2024/05/02/briefing/abortion-pills-online.html
2024,2024-05-02T13:32:09Z,2020s,May-Jun,"Global Growth Forecast Is Lifted but Risks Loom, O.E.C.D. Says","The global economy has proved resilient and inflation has declined, but any widening of the conflict in the Middle East could increase price pressures and dampen growth.",,"The global economy has proved resilient and inflation has declined, but any widening of the conflict in the Middle East could increase price pressures and dampen growth.",Business,Business,News,article,711.0,International Trade and World Market; Inflation (Economics); Interest Rates; United States Economy; Economic Conditions and Trends; Organization for Economic Cooperation and Development,https://www.nytimes.com/2024/05/02/business/global-economy-inflation.html
2024,2024-05-02T14:15:16Z,2020s,May-Jun,"After Large Rallies, Trump Is Greeted at Courthouse by a Single Fan",Donald J. Trump has complained that his supporters have not been allowed closer to the Lower Manhattan courthouse.,,Donald J. Trump has complained that his supporters have not been allowed closer to the Lower Manhattan courthouse.,New York,Metro,News,article,244.0,"Presidential Election of 2024; Demonstrations, Protests and Riots; Trump, Eric F (1984- ); New York City",https://www.nytimes.com/2024/05/02/nyregion/trump-trial-supporters.html
2024,2024-05-02T17:09:49Z,2020s,May-Jun,"Campus Protests Give Russia, China and Iran Fuel to Exploit U.S. Divide","America’s adversaries have mounted online campaigns to amplify the social and political conflicts over Gaza flaring at universities, researchers say.",,"America’s adversaries have mounted online campaigns to amplify the social and political conflicts over Gaza flaring at universities, researchers say.",Business,Business,News,article,1343.0,"United States; Colleges and Universities; Demonstrations, Protests and Riots; Israel-Gaza War (2023- ); United States Politics and Government; Social Media; Rumors and Misinformation; Propaganda; China; Iran; Russia; United States International Relations; Pro-Palestinian Campus Protests (2023- )",https://www.nytimes.com/2024/05/02/business/media/campus-protests-russia-china-iran-us.html
2024,2024-05-02T18:35:17Z,2020s,May-Jun,Biden Calls Japan and India ‘Xenophobic’ in Defending U.S. Immigration,"President Biden also referred to Russia and China, saying they “don’t want immigrants.” A spokesman said the president was trying to make a comment about America’s immigrant “DNA,” not insult other countries.",,"President Biden also referred to Russia and China, saying they “don’t want immigrants.” A spokesman said the president was trying to make a comment about America’s immigrant “DNA,” not insult other countries.",U.S.,Washington,News,article,718.0,"United States International Relations; United States Politics and Government; Immigration and Emigration; Asylum, Right of; Biden, Joseph R Jr; Kirby, John F; India; Japan",https://www.nytimes.com/2024/05/02/us/politics/biden-japan-india-immigration.html
2024,2024-05-02T18:35:41Z,2020s,May-Jun,"Alpine Is Trying, It Really Is, to Win in Formula 1","The team keeps making changes, to its cars and to its team, but continues to struggle.",,"The team keeps making changes, to its cars and to its team, but continues to struggle.",Sports,SpecialSections,News,article,1066.0,"Automobile Racing; Alpine (Renault SAS); Formula One; Famin, Bruno; Ocon, Esteban; Gasly, Pierre",https://www.nytimes.com/2024/05/02/sports/autoracing/f1-alpine.html
2024,2024-05-02T19:16:43Z,2020s,May-Jun,"Robert Oxnam, China Scholar Beset by Multiple Personalities, Dies at 81","Through psychotherapy, recounted in a memoir, he learned that he had 11 personalities, or fractured parts of his identity. One of them told of childhood abuse.",,"Through psychotherapy, recounted in a memoir, he learned that he had 11 personalities, or fractured parts of his identity. One of them told of childhood abuse.",Health,Obits,Obituary (Obit),article,1284.0,"Oxnam, Robert B (1942-2024); Deaths (Obituaries); Multiple Personalities; Therapy and Rehabilitation; Asia Society; North Fork (NY)",https://www.nytimes.com/2024/05/02/health/robert-b-oxnam-dead.html
2024,2024-07-01T04:01:11Z,2020s,Jul-Aug,China Dangled Rebates to Lure People to Spend. It’s Not Enough.,China’s leaders vowed to kick-start spending by offering subsidies for households to buy cars and appliances. But many consumers aren’t biting.,,China’s leaders vowed to kick-start spending by offering subsidies for households to buy cars and appliances. But many consumers aren’t biting.,Business,Business,News,article,1165.0,China; Economic Conditions and Trends; Jingdezhen (China); Nanchang (China); Automobiles; Electric and Hybrid Vehicles; Factories and Manufacturing; Consumer Behavior,https://www.nytimes.com/2024/07/01/business/china-cash-for-clunkers.html
2024,2024-07-01T04:52:55Z,2020s,Jul-Aug,Monday Briefing,Elections in France and Iran.,,Elections in France and Iran.,Briefing,NYTNow,briefing,article,1305.0,,https://www.nytimes.com/2024/07/01/briefing/france-iran-election-biden.html
2024,2024-07-01T06:14:21Z,2020s,Jul-Aug,"As Inflation Soars, Myanmar Shop Owners Are Jailed for Raising Wages","Myanmar’s junta, facing a growing popular rebellion, has plunged the country into economic crisis, reversing gains from a decade of civilian leadership.",,"Myanmar’s junta, facing a growing popular rebellion, has plunged the country into economic crisis, reversing gains from a decade of civilian leadership.",World,Foreign,News,article,1120.0,"Currency; Inflation (Economics); Myanmar; Prices (Fares, Fees and Rates)",https://www.nytimes.com/2024/07/01/world/asia/myanmar-junta-inflation-arrests.html
2024,2024-07-01T07:34:52Z,2020s,Jul-Aug,"Chinese Rocket Accidentally Launches During Test, Then Crashes",The commercial company Space Pioneer said the accident occurred because of a structural failure in the connection between the rocket and its testing platform.,,The commercial company Space Pioneer said the accident occurred because of a structural failure in the connection between the rocket and its testing platform.,World,Express,News,article,582.0,Space and Astronomy; Rocket Science and Propulsion; Explosions (Accidental); China; Beijing Tianbing Technology Co (Space Pioneer),https://www.nytimes.com/2024/07/01/world/asia/china-rocket-launch-crash.html
2024,2024-07-01T09:02:22Z,2020s,Jul-Aug,My Unsettling Interview With Steve Bannon,"On the eve of going to prison, populism’s grand strategist talks about what another Trump presidency would look like and the rise of MAGA-type movements around the world.",,"On the eve of going to prison, populism’s grand strategist talks about what another Trump presidency would look like and the rise of MAGA-type movements around the world.",Opinion,OpEd,Op-Ed,article,3904.0,"Bannon, Stephen K; United States Politics and Government; Presidential Election of 2024; Right-Wing Extremism and Alt-Right; Republican Party; Trump, Donald J; Content Type: Personal Profile; Populism (Theory and Philosophy)",https://www.nytimes.com/2024/07/01/opinion/steve-bannon-trump.html
2024,2024-07-01T10:44:20Z,2020s,Jul-Aug,The Week After the Debate,Where does President Biden’s campaign go from here?,,Where does President Biden’s campaign go from here?,Briefing,NYTNow,briefing,article,1843.0,"Biden, Joseph R Jr; Trump, Donald J",https://www.nytimes.com/2024/07/01/briefing/biden-campaign-debate.html
2024,2024-07-01T11:59:28Z,2020s,Jul-Aug,What Will Biden Donors Do Now?,"Some wealthy supporters have offered positive assessments of the president after his disastrous debate, but others worry that the ticket is on the path to defeat.",,"Some wealthy supporters have offered positive assessments of the president after his disastrous debate, but others worry that the ticket is on the path to defeat.",Business,Business,News,article,1787.0,,https://www.nytimes.com/2024/07/01/business/dealbook/democratic-donors-biden-trump.html
2024,2024-07-01T19:00:03Z,2020s,Jul-Aug,Chocolate Prices Have Spiked. Why Are Cocoa Farmers Still So Poor?,A destructive market dynamic discourages production.,,A destructive market dynamic discourages production.,Opinion,OpEd,Op-Ed,article,1042.0,Chocolate; Cocoa; Ghana; Ivory Coast; Agriculture and Farming,https://www.nytimes.com/2024/07/01/opinion/cocoa-farmers-chocolate-prices.html
2024,2024-07-01T20:49:37Z,2020s,Jul-Aug,Tuesday Briefing: Top Court Gives Trump Significant Immunity,"Plus, what’s next for France.",,"Plus, what’s next for France.",Briefing,NYTNow,briefing,article,1103.0,,https://www.nytimes.com/2024/07/01/briefing/supreme-court-immunity-donald-trump.html
2024,2024-07-02T04:01:06Z,2020s,Jul-Aug,Tuesday Briefing,Here’s what you need to know.,,Here’s what you need to know.,Briefing,NYTNow,briefing,article,1218.0,,https://www.nytimes.com/2024/07/02/briefing/trump-ruling-france-gaza.html
2024,2024-07-02T09:00:31Z,2020s,Jul-Aug,A.I. Begins Ushering In an Age of Killer Robots,"Driven by the war with Russia, many Ukrainian companies are working on a major leap forward in the weaponization of consumer technology.",,"Driven by the war with Russia, many Ukrainian companies are working on a major leap forward in the weaponization of consumer technology.",Technology,Business,News,article,2651.0,"Russian Invasion of Ukraine (2022); Defense and Military Forces; Artificial Intelligence; Drones (Pilotless Planes); Computers and the Internet; Innovation; Remote Control Systems; Computer Vision; Robots and Robotics; Start-ups; Fedorov, Mykhailo; Ukraine; Russia; vis-photo; vis-multimedia",https://www.nytimes.com/2024/07/02/technology/ukraine-war-ai-weapons.html
2024,2024-07-02T09:02:00Z,2020s,Jul-Aug,"At American Ballet Theater, a New Swan Takes Flight",The rise of the soloist Chloe Misseldine is part of the artistic director Susan Jaffe’s master plan: Start them young and give them time to grow.,,The rise of the soloist Chloe Misseldine is part of the artistic director Susan Jaffe’s master plan: Start them young and give them time to grow.,Arts,Culture,News,article,1313.0,"Dancing; American Ballet Theater; Misseldine, Chloe; American Ballet Theater Jacqueline Kennedy Onassis School; Jaffe, Susan; Ananiashvili, Nina; Onegin (Ballet); Swan Lake (Ballet); Content Type: Personal Profile",https://www.nytimes.com/2024/07/02/arts/dance/misseldine-american-ballet-theater.html
2024,2024-07-02T09:03:07Z,2020s,Jul-Aug,Is America a City on a Hill or a Nation on the Precipice?,"The messy, fascinating history of American exceptionalism has taken a strange turn.",,"The messy, fascinating history of American exceptionalism has taken a strange turn.",Opinion,OpEd,Op-Ed,article,4776.0,"Presidential Election of 2024; Income Inequality; Presidential Election of 2020; United States Politics and Government; Nineteen Hundred Eighties; Books and Literature; Presidents and Presidency (US); Presidential Election of 2016; Nationalism (Theory and Philosophy); Biden, Joseph R Jr; Obama, Barack; Trump, Donald J; Reagan, Ronald Wilson; United States",https://www.nytimes.com/2024/07/02/opinion/american-exceptionalism-reagan-biden-trump.html
2024,2024-07-02T10:10:08Z,2020s,Jul-Aug,North Korea’s New Must-Have Accessory: The Kim Jong-un Pin,"With the introduction of the pin, Mr. Kim is said to be elevating his personality cult to the level once reserved for his father and grandfather.",,"With the introduction of the pin, Mr. Kim is said to be elevating his personality cult to the level once reserved for his father and grandfather.",World,Foreign,News,article,879.0,Kim Jong Il; North Korea; International Relations; Kim Jong-un; Kim Il-sung,https://www.nytimes.com/2024/07/02/world/asia/north-korea-kim-jong-un-pin.html
2024,2024-07-02T13:15:01Z,2020s,Jul-Aug,Elon Musk’s Politics May Be Pushing Some Buyers Away From Tesla,The Tesla chief executive’s polarizing statements have alienated some potential customers and may be partly responsible for a recent slump in sales.,,The Tesla chief executive’s polarizing statements have alienated some potential customers and may be partly responsible for a recent slump in sales.,Business,Business,News,article,1411.0,"Musk, Elon; Tesla Motors Inc; Automobiles; Electric and Hybrid Vehicles; Consumer Behavior; Conservatism (US Politics); Polls and Public Opinion; Trump, Donald J; src-reader-callout; Social Media; Global Warming; Presidential Election of 2024; Greenhouse Gas Emissions; Driverless and Semiautonomous Vehicles; Prices (Fares, Fees and Rates); X (Formerly Twitter); United States",https://www.nytimes.com/2024/07/02/business/elon-musk-politics-tesla-sales.html
2024,2024-07-02T18:20:14Z,2020s,Jul-Aug,Who Pays Tariffs? And How Do We Know?,"Thanks to Donald Trump, we don’t have to speculate.",,"Thanks to Donald Trump, we don’t have to speculate.",Opinion,OpEd,Op-Ed,article,1014.0,"International Trade and World Market; Economics (Theory and Philosophy); Sales and Excise Taxes; China; Trump, Donald J",https://www.nytimes.com/2024/07/02/opinion/tariffs-trump-china-taxes.html
2024,2024-07-02T18:54:51Z,2020s,Jul-Aug,A Seismic Supreme Court Decision,Here’s how the end of the Chevron doctrine could affect climate regulation.,,Here’s how the end of the Chevron doctrine could affect climate regulation.,Climate,Climate,News,article,1608.0,Regulation and Deregulation of Industry; Global Warming; Decisions and Verdicts,https://www.nytimes.com/2024/07/02/climate/supreme-court-climate-chevron.html
2024,2024-07-02T19:27:25Z,2020s,Jul-Aug,The Question President Biden Needs to Ask Himself. Now.,Trump fears that Biden will demonstrate the difference between a leader who puts the country first and a leader who put himself first.,,Trump fears that Biden will demonstrate the difference between a leader who puts the country first and a leader who put himself first.,Opinion,OpEd,Op-Ed,article,1336.0,"United States Politics and Government; Presidential Election of 2024; Debates (Political); Age, Chronological; Biden, Joseph R Jr; Democratic Party; Trump, Donald J",https://www.nytimes.com/2024/07/02/opinion/biden-trump-step-aside.html
2024,2024-07-02T22:06:55Z,2020s,Jul-Aug,Why GPS Is Under Attack,Satellite signals run the modern world. See just how vulnerable they are.,,Satellite signals run the modern world. See just how vulnerable they are.,World,,Interactive Feature,interactive,0.0,Global Positioning System; Satellites; China; United States; Computer Security; Russia; Europe,https://www.nytimes.com/interactive/2024/07/02/world/gps-threats.html
2024,2024-07-02T23:00:06Z,2020s,Jul-Aug,What Would a Better Israeli Prime Minister Do?,The leaders who brought Israel into crisis won’t be able to bring it out of it.,,The leaders who brought Israel into crisis won’t be able to bring it out of it.,Opinion,OpEd,Op-Ed,article,895.0,"Israel-Gaza War (2023- ); Politics and Government; International Relations; Palestinians; Defense and Military Forces; Israel; Iran; Gaza Strip; Lebanon; Netanyahu, Benjamin; Hezbollah; Hamas; Ben-Gvir, Itamar; Sinwar, Yehya; Smotrich, Bezalel (1980- )",https://www.nytimes.com/2024/07/02/opinion/israel-netanyahu.html
2024,2024-07-04T04:00:12Z,,,Is Xenophobia on Chinese Social Media Teaching Real-World Hate?,Violent attacks on foreigners have prompted a debate about extreme nationalism online in a country that heavily censors information the government bans.,,,Business,,,,,,https://www.nytimes.com/2024/07/04/business/china-hate-speech-xenophobia.html
2024,2024-08-04T04:00:20Z,,,"With Smugglers and Front Companies, China Is Skirting American A.I. Bans",The U.S. is trying to stop China from getting Nvidia microchips to advance its military. The private sector is fighting back.,,,Technology,,,,,,https://www.nytimes.com/2024/08/04/technology/china-ai-microchips.html
2024,2024-08-06T09:05:20Z,,,The Tiny Chinese Restaurant That Became an Olympic Hot Spot,"A few blocks from the table tennis venue, a restaurant has become an unofficial (and unlikely) clubhouse for fans, team officials and athletes.",,,World,,,,,,https://www.nytimes.com/2024/08/06/world/olympics/table-tennis-china-restaurant.html
2024,2024-08-11T09:04:28Z,,,Tim Walz’s Long Relationship With China Defies Easy Stereotypes,"Mr. Walz, the Democrats’ vice-presidential nominee, taught in China and has visited the country around 30 times. But he has also been critical of the Chinese government’s human rights record.",,,U.S.,,,,,,https://www.nytimes.com/2024/08/11/us/tim-walz-china.html
2024,2024-08-12T04:01:47Z,,,The Filipinos Living in the Shadow of China’s Military Might,More than 200 civilian settlers on a contested island in the South China Sea find themselves on the frontier of a possible conflict with China.,,,World,,,,,,https://www.nytimes.com/2024/08/12/world/asia/spratlys-thitu-philippines-china.html
2024,2024-08-21T04:01:16Z,,,China’s ‘Road Trip Auntie’ Is Ready for a New Milestone: Divorce,"Su Min became an internet sensation for leaving behind an abusive husband to drive across China alone. Now she’s ending the marriage, but there will be a price.",,,World,,,,,,https://www.nytimes.com/2024/08/21/world/asia/china-road-trip-auntie-divorce.html
2024,2024-09-01T09:30:15Z,2020s,Sep-Oct,China and the Philippines Trade Blame for the Latest Sea Collision,The United States condemned the episode near Sabina Shoal in the South China Sea and reaffirmed its defense treaty with Manila.,,The United States condemned the episode near Sabina Shoal in the South China Sea and reaffirmed its defense treaty with Manila.,World,Foreign,News,article,667.0,Philippines; China; South China Sea; Territorial Disputes; Maritime Accidents and Safety; United States International Relations; International Relations; Defense and Military Forces,https://www.nytimes.com/2024/09/01/world/asia/china-philippines-south-china-sea-collision.html
2024,2024-09-02T06:06:41Z,2020s,Sep-Oct,"Record Rainfall Spoils Crops in China, Rattling Its Leaders",Some vegetables cost more than they have in five years. Top Chinese officials have made a point of showing that they’re doing something about it.,,Some vegetables cost more than they have in five years. Top Chinese officials have made a point of showing that they’re doing something about it.,World,Foreign,News,article,1195.0,"China; Floods; Food; Weather; Prices (Fares, Fees and Rates); Agriculture and Farming; Vegetables; Global Warming; Food Insecurity; Drought; Rain; Politics and Government; Xi Jinping; Shaanxi Province (China); Yan'an (China)",https://www.nytimes.com/2024/09/02/world/asia/china-rainfall-crops.html
2024,2024-09-02T09:02:00Z,2020s,Sep-Oct,The Chrysanthemum Is No Longer Just for Grocery Store Bouquets,"By spotlighting unusual varieties and unlikely combinations, designers are casting the flowers in a new light.",,"By spotlighting unusual varieties and unlikely combinations, designers are casting the flowers in a new light.",T Magazine,TStyle,News,article,661.0,"mensfallissue24; Flowers and Plants; Gardens and Gardening; Design; Issima (Little Compton, RI, Retailer); Johnston, Taylor (1982- ); Gardner, Isabella Stewart, Museum; Leigh Chappell; Heo Hye-won; Edenique de Beaumont",https://www.nytimes.com/2024/09/02/t-magazine/chrysanthemum-flowers-arrangements.html
2024,2024-09-02T09:05:04Z,2020s,Sep-Oct,$3.2 Million Homes in California,"A 1931 Spanish-style house in Glendale, a floating home in Sausalito and a waterfront retreat in San Rafael.",,"A 1931 Spanish-style house in Glendale, a floating home in Sausalito and a waterfront retreat in San Rafael.",Real Estate,RealEstate,News,article,1211.0,Real Estate and Housing (Residential); Content Type: Service; San Rafael (Calif); Glendale (Calif); Sausalito (Calif),https://www.nytimes.com/2024/09/02/realestate/3-million-dollar-homes-california.html
2024,2024-09-02T09:05:15Z,2020s,Sep-Oct,"Pope, 87, Embarks on ‘Physical Test’ in Grueling Asia Tour","The 11-day trip, a signal that Francis does not intend to slow down, requires nearly 45 hours of air travel and meetings in tropical climates.",,"The 11-day trip, a signal that Francis does not intend to slow down, requires nearly 45 hours of air travel and meetings in tropical climates.",World,Foreign,News,article,1197.0,"Religion and Belief; Popes; Roman Catholic Church; Francis; East Timor; Far East, South and Southeast Asia and Pacific Areas; Indonesia; New Guinea; Singapore",https://www.nytimes.com/2024/09/02/world/asia/pope-francis-asia-trip.html
2024,2024-09-02T11:32:41Z,2020s,Sep-Oct,"Gao Zhen, Artist Who Critiqued the Cultural Revolution, Is Detained in China","Mr. Gao is being held on suspicion of slandering China’s heroes and martyrs, an offense punishable by up to three years in prison, his brother said.",,"Mr. Gao is being held on suspicion of slandering China’s heroes and martyrs, an offense punishable by up to three years in prison, his brother said.",World,Express,News,article,649.0,Gao Zhen (Artist); Art; Mao Zedong; China; Political Prisoners; Cultural Revolution,https://www.nytimes.com/2024/09/02/world/asia/gao-zhen-arrested-china.html
2024,2024-09-02T14:13:13Z,2020s,Sep-Oct,Assessing JD Vance’s Appeals to the Middle Class on the Campaign Trail,The Republican vice-presidential nominee has assailed Vice President Kamala Harris’s policies and positions with inaccurate claims.,,The Republican vice-presidential nominee has assailed Vice President Kamala Harris’s policies and positions with inaccurate claims.,U.S.,Washington,News,article,1480.0,"Vance, J D; Presidential Election of 2024; United States Politics and Government; Harris, Kamala D; Biden, Joseph R Jr; Electric and Hybrid Vehicles",https://www.nytimes.com/2024/09/02/us/politics/jd-vance-middle-class-fact-check.html
2024,2024-09-02T15:48:24Z,2020s,Sep-Oct,Will Automation Replace Jobs? Port Workers May Strike Over It.,"A contract covering longshore workers on the East and Gulf Coasts will expire at the end of September, but talks have been stalled over the use of equipment that can function without human operators.",,"A contract covering longshore workers on the East and Gulf Coasts will expire at the end of September, but talks have been stalled over the use of equipment that can function without human operators.",Business,Business,News,article,1387.0,"Ports; Productivity; Strikes; Organized Labor; Driverless and Semiautonomous Vehicles; Ships and Shipping; Derricks and Cranes; Layoffs and Job Reductions; Freight (Cargo); International Longshoremen's Assn; Maersk Line; Pacific Maritime Assn; United States Maritime Alliance; East Coast (US); Gulf Coast (US); Norfolk (Va); Mobile (Ala); Daggett, Harold J",https://www.nytimes.com/2024/09/02/business/economy/port-workers-robots-automation-strike.html
2024,2024-09-02T17:52:01Z,2020s,Sep-Oct,"Volkswagen, Seeking to Cut Costs, Considers German Plant Closures","For the first time in its 87-year history, the automaker is considering shuttering factories in Germany, citing the need to remain competitive.",,"For the first time in its 87-year history, the automaker is considering shuttering factories in Germany, citing the need to remain competitive.",Business,Business,News,article,552.0,Automobiles; Factories and Manufacturing; Shutdowns (Institutional); Germany; Labor and Jobs; Volkswagen AG; Ig Metall; Layoffs and Job Reductions; Electric and Hybrid Vehicles,https://www.nytimes.com/2024/09/02/business/volkswagen-germany-plant-closures.html
2024,2024-09-02T18:14:25Z,2020s,Sep-Oct,Putin Begins Meetings in Mongolia in Defiance of I.C.C. Arrest Warrant,The Russian president is making a state visit to a country that is heavily dependent on Moscow for oil.,,The Russian president is making a state visit to a country that is heavily dependent on Moscow for oil.,World,Foreign,News,article,1074.0,"Politics and Government; Russian Invasion of Ukraine (2022); War Crimes, Genocide and Crimes Against Humanity; Human Rights and Human Rights Violations; Human Rights Watch; International Criminal Court; Lvova-Belova, Maria; Putin, Vladimir V; Russia; Mongolia",https://www.nytimes.com/2024/09/02/world/europe/putin-mongolia.html
2024,2024-09-02T20:21:59Z,2020s,Sep-Oct,Tracking Typhoon Yagi,See the likely path and wind arrival times for Yagi.,,See the likely path and wind arrival times for Yagi.,Weather,Weather,Interactive Feature,interactive,0.0,Hurricanes and Tropical Storms; Hong Kong; Typhoons,https://www.nytimes.com/interactive/2024/09/02/weather/yagi-map-path-tracker.html
2024,2024-09-02T21:15:38Z,2020s,Sep-Oct,Tuesday Briefing: Growing outrage in Israel,"Plus, Europe’s overwhelmed destinations.",,"Plus, Europe’s overwhelmed destinations.",Briefing,NYTNow,briefing,article,1149.0,,https://www.nytimes.com/2024/09/02/briefing/protests-harris-pope.html
2024,2024-09-03T04:00:18Z,2020s,Sep-Oct,Why It’s So Hard for China to Fix Its Ailing Economy,"A real estate collapse has made consumers cautious and businesses wary, as China confronts a crisis unlike any other since it opened its economy to the world.",,"A real estate collapse has made consumers cautious and businesses wary, as China confronts a crisis unlike any other since it opened its economy to the world.",Business,Business,News,article,1314.0,China; Economic Conditions and Trends; Labor and Jobs; Layoffs and Job Reductions; Banking and Financial Institutions; Foreign Investments,https://www.nytimes.com/2024/09/03/business/china-economy-consumption.html
2024,2024-09-03T04:01:15Z,2020s,Sep-Oct,An Incomplete List of Everything Threatening China’s National Security,"Watch out for Good Samaritans with ulterior motives, packages in your mail and college students looking to make a quick buck, China tells its people.",,"Watch out for Good Samaritans with ulterior motives, packages in your mail and college students looking to make a quick buck, China tells its people.",World,Foreign,News,article,831.0,Espionage and Intelligence Services; Ministry of State Security of the People's Republic of China; Xi Jinping; China,https://www.nytimes.com/2024/09/03/world/asia/china-security-threats.html
2024,2024-09-03T04:02:02Z,2020s,Sep-Oct,Kamala Harris Says U.S. Steel Should Stay American-Owned,Both major presidential candidates now say they oppose the proposed takeover of the industrial giant by Nippon Steel of Japan.,,Both major presidential candidates now say they oppose the proposed takeover of the industrial giant by Nippon Steel of Japan.,Business,Business,News,article,407.0,"Japan; Nippon Steel Corporation; United States Steel Corporation; Mergers, Acquisitions and Divestitures; Harris, Kamala D; Presidential Election of 2024; Steel and Iron",https://www.nytimes.com/2024/09/03/business/kamala-harris-us-steel-nippon-steel.html
2024,2024-09-03T04:08:43Z,2020s,Sep-Oct,Tuesday Briefing,Protests and work stoppages in Israel.,,Protests and work stoppages in Israel.,Briefing,NYTNow,News,article,1268.0,,https://www.nytimes.com/2024/09/03/briefing/israel-protests-biden-harris.html
2024,2024-09-03T09:03:08Z,2020s,Sep-Oct,How NAFTA Broke American Politics,"Since its passage in 1993, the trade agreement has played an outsize role in presidential elections — which now often hinge on the three Rust Belt states it helped to hollow out.",,"Since its passage in 1993, the trade agreement has played an outsize role in presidential elections — which now often hinge on the three Rust Belt states it helped to hollow out.",Magazine,Magazine,News,article,5571.0,"North American Free Trade Agreement; Organized Labor; Factories and Manufacturing; Milwaukee (Wis); Presidential Election of 2024; United States Politics and Government; Biden, Joseph R Jr; Baldwin, Tammy Suzanne Green; Harris, Kamala D; Trump, Donald J; Vance, J D; Obama, Barack; Clinton, Bill; Ohio; Wisconsin; Michigan; Pennsylvania",https://www.nytimes.com/2024/09/03/magazine/nafta-tarriffs-economy-trump-kamala-harris.html
2024,2024-09-03T09:03:08Z,2020s,Sep-Oct,Lindsey Graham: How Trump Can Improve His Chances of Winning,The former president can win by talking up his successes.,,The former president can win by talking up his successes.,Opinion,OpEd,Op-Ed,article,1154.0,"Trump, Donald J; Presidential Election of 2024; Harris, Kamala D; Illegal Immigration; Israel; Israel-Gaza War (2023- ); Hydraulic Fracturing; United States Economy; United States International Relations; Gaza Strip",https://www.nytimes.com/2024/09/03/opinion/trump-harris-record.html
2024,2024-09-03T10:03:52Z,2020s,Sep-Oct,Cathay Pacific Finds 15 Planes Need Engine Repairs,The Hong Kong airline has canceled dozens of flights to inspect Airbus A350 planes since it found a problem with a Rolls-Royce engine in one of them.,,The Hong Kong airline has canceled dozens of flights to inspect Airbus A350 planes since it found a problem with a Rolls-Royce engine in one of them.,Business,Business,News,article,509.0,"Aviation Accidents, Safety and Disasters; Cathay Pacific Airways Limited; Rolls-Royce PLC; Airbus Industrie; Airbus Group NV; Engines",https://www.nytimes.com/2024/09/03/business/cathay-pacific-cancelations.html
2024,2024-09-03T10:35:16Z,2020s,Sep-Oct,The Stakes on Taxes,We cover the presidential candidates’ positions on taxation.,,We cover the presidential candidates’ positions on taxation.,Briefing,NYTNow,briefing,article,1851.0,"Presidential Election of 2024; Harris, Kamala D; Trump, Donald J",https://www.nytimes.com/2024/09/03/briefing/tax-election-harris-trump.html
2024,2024-09-06T04:50:58Z,,,"China Stops Foreign Adoptions, Ending a Complicated Chapter","Beijing said the move was in line with international trends, as more countries have limited such adoptions. Many would-be adoptive families were left in limbo.",,,World,,,,,,https://www.nytimes.com/2024/09/06/world/asia/china-foreign-adoptions-ban.html
2024,2024-09-08T04:01:15Z,,,"In Rural China, ‘Sisterhoods’ Demand Justice, and Cash","Growing numbers of Chinese women are challenging a longstanding tradition that denies them village membership, and the lucrative payouts that go with it.",,,World,,,,,,https://www.nytimes.com/2024/09/08/world/asia/china-women-land-rights.html
2024,2024-09-11T04:01:11Z,,,Family of American Woman Held in China for 10 Years Asks for Help,"Dawn Michelle Hunt, who is serving a life sentence, says she was duped into carrying drugs. Her family says she is seriously ill and should be sent home.",,,World,,,,,,https://www.nytimes.com/2024/09/11/world/asia/china-us-woman-imprisoned.html
2024,2024-09-13T11:00:15Z,,,Biden Administration Ratchets Up Tariffs on Chinese Goods,"The administration moved to block off a popular tariff-free path for Chinese apparel coming into the United States, and added stiff levies on electric vehicles, solar panels and other products.",,,U.S.,,,,,,https://www.nytimes.com/2024/09/13/us/politics/biden-tariffs-chinese-goods-clothing.html
2024,2024-09-16T04:01:07Z,,,"In New York Case, Signs of a Familiar China Playbook",Linda Sun is just the latest member of the Chinese diaspora whom Beijing is accused of recruiting to influence Western democracies.,,,World,,,,,,https://www.nytimes.com/2024/09/16/world/asia/china-linda-sun-interference.html
2024,2024-09-17T04:00:19Z,,,China’s ‘Silver Economy’ Is Thriving as Birthrate Plunges,The shrinking population poses threats to growth but has opened opportunities for businesses that serve seniors.,,,Business,,,,,,https://www.nytimes.com/2024/09/17/business/china-economy-seniors.html
2024,2024-09-23T09:03:08Z,,,"U.S. Research Aided Chinese Military Technology, House Republicans Say","A congressional report argues that Beijing has exploited ties with American universities to advance technologically, and that further guardrails are needed.",,,U.S.,,,,,,https://www.nytimes.com/2024/09/23/us/politics/us-china-research-military.html
2024,2024-10-29T04:01:39Z,,,"Part-Time Farmers, Part-Time Rock Stars: A Chinese Band’s Unlikely Rise","The band, Varihnaz, has gained fans by offering an alternative to China’s hyper-polished, fast-paced modern life, with songs about pesticides and poultry raising.",,,World,,,,,,https://www.nytimes.com/2024/10/29/world/asia/china-farmers-rock-band.html
2024,2024-11-01T04:00:11Z,2020s,Nov-Dec,Why Germany’s Resistance to an Italian Bank Takeover Is Raising Eyebrows,"Despite an openness to cross-border mergers, Germany has pushed back against talk of the Italian lender UniCredit’s acquiring Commerzbank.",,"Despite an openness to cross-border mergers, Germany has pushed back against talk of the Italian lender UniCredit’s acquiring Commerzbank.",Business,Business,News,article,916.0,"Banking and Financial Institutions; Mergers, Acquisitions and Divestitures; Commerzbank; Unicredito Italiano SpA; Europe; Germany; Italy; Economic Conditions and Trends",https://www.nytimes.com/2024/11/01/business/unicredit-commerzbank-merger.html
2024,2024-11-01T05:08:31Z,2020s,Nov-Dec,Friday Briefing,Devastating floods in Spain.,,Devastating floods in Spain.,Briefing,NYTNow,briefing,article,1220.0,,https://www.nytimes.com/2024/11/01/briefing/floods-spain-election-women.html
2024,2024-11-01T09:01:08Z,2020s,Nov-Dec,Repression Intensifies in the Country Hosting a Major Climate Meeting,"Human rights watchdogs say Azerbaijan is in the midst of a vicious campaign of repression. But in global geopolitics, this energy-rich Caucasus country now has a lot of leverage.",,"Human rights watchdogs say Azerbaijan is in the midst of a vicious campaign of repression. But in global geopolitics, this energy-rich Caucasus country now has a lot of leverage.",World,Foreign,News,article,1236.0,"Azerbaijan; Politics and Government; Aliyev, Ilham H; International Relations; Defense and Military Forces; Territorial Disputes; Armenia; Human Rights and Human Rights Violations; Political Prisoners; Freedom of the Press; Oil (Petroleum) and Gasoline; Global Warming; United Nations; Human Rights Watch; Putin, Vladimir V; Russia",https://www.nytimes.com/2024/11/01/world/europe/azerbaijan-climate-summit-arrests.html
2024,2024-11-01T09:03:09Z,2020s,Nov-Dec,Why There’s Hope for U.S. Factory Towns Laid Low by the ‘China Shock’,Communities that suffered the worst of plant closings in recent decades are now gaining an outsize share of fresh investment and new jobs.,,Communities that suffered the worst of plant closings in recent decades are now gaining an outsize share of fresh investment and new jobs.,Business,Business,News,article,1312.0,"United States; Factories and Manufacturing; United States Economy; Electric and Hybrid Vehicles; Presidential Election of 2024; Biden, Joseph R Jr; American Jobs Plan (2021); United States Politics and Government; North Carolina; Economic Conditions and Trends; Brookings Institution; International Trade and World Market; China",https://www.nytimes.com/2024/11/01/business/economy/china-us-trade-tariffs.html
2024,2024-11-01T09:04:22Z,2020s,Nov-Dec,Are We on the Cusp of a New Political Order?,The historian Gary Gerstle discusses how America’s political consensus has shifted over the decades.,,The historian Gary Gerstle discusses how America’s political consensus has shifted over the decades.,Opinion,OpEd,Op-Ed,article,12808.0,"The Rise and Fall of the Neoliberal Order: America and the World in the Free Market Era (Book); Biden, Joseph R Jr; Bush, George; United States; New Deal (1930's); Cold War Era; Harris, Kamala D; Trump, Donald J; Republican Party; Democratic Party",https://www.nytimes.com/2024/11/01/opinion/ezra-klein-podcast-gary-gerstle.html
2024,2024-11-01T10:46:17Z,2020s,Nov-Dec,The Races for Congress,We preview next week’s elections and what a divided or united government might mean for each party.,,We preview next week’s elections and what a divided or united government might mean for each party.,Briefing,NYTNow,briefing,article,1904.0,United States Politics and Government; Senate; House of Representatives,https://www.nytimes.com/2024/11/01/briefing/congressional-races-2024-election.html
2024,2024-11-01T12:01:31Z,2020s,Nov-Dec,Why Businesses Worry About R.F.K. Jr.,"The Kennedy scion has long been a skeptic of vaccines, pesticides and more. Corporate leaders worry he may gain policy power if Donald Trump wins.",,"The Kennedy scion has long been a skeptic of vaccines, pesticides and more. Corporate leaders worry he may gain policy power if Donald Trump wins.",Business,Business,News,article,1872.0,"Kennedy, Robert F Jr; Trump, Donald J; Lutnick, Howard W; Health and Human Services Department; Vaccination and Immunization; Agriculture and Farming",https://www.nytimes.com/2024/11/01/business/dealbook/rfk-trump-health-food-policy.html
2024,2024-11-01T12:19:38Z,2020s,Nov-Dec,The Controversy Over Playing the WTA Finals in Saudi Arabia,"In a country that is often criticized over its treatment of women, the tennis world debates the pros and cons of holding the elite women’s tournament there.",,"In a country that is often criticized over its treatment of women, the tennis world debates the pros and cons of holding the elite women’s tournament there.",Sports,SpecialSections,News,article,1304.0,"Tennis; Women's Rights; Saudi Arabia; Riyadh (Saudi Arabia); Women's Tennis Assn; Public Investment Fund (Saudi Arabia); Murray, Judy (1959- )",https://www.nytimes.com/2024/11/01/sports/tennis/wta-finals-saudi-arabia.html
2024,2024-11-01T18:22:21Z,2020s,Nov-Dec,"Flashback: Your Weekly History Quiz, Nov. 2, 2024",Can you sort 8 historical events?,,Can you sort 8 historical events?,The Upshot,Upshot,Interactive Feature,interactive,0.0,Content Type: Quiz,https://www.nytimes.com/interactive/2024/11/01/upshot/flashback.html
2024,2024-11-01T19:30:41Z,2020s,Nov-Dec,"Biden Won’t Attend This Year’s Climate Summit, White House Officials Say",The president’s senior climate adviser is expected to lead the American delegation at the U.N. talks in Azerbaijan.,,The president’s senior climate adviser is expected to lead the American delegation at the U.N. talks in Azerbaijan.,Climate,Climate,News,article,410.0,"Biden, Joseph R Jr; United Nations Framework Convention on Climate Change; Baku (Azerbaijan); Global Warming; Greenhouse Gas Emissions; United States Politics and Government; Presidential Election of 2024; United States International Relations; Harris, Kamala D; Podesta, John D; Trump, Donald J",https://www.nytimes.com/2024/11/01/climate/biden-cop29-baku-climate.html
2024,2024-11-01T19:47:09Z,2020s,Nov-Dec,"Chipmaker GlobalFoundries Faces $500,000 Fine for Banned Shipments to China",The Biden administration said it had reached a settlement after the U.S. chipmaker voluntarily disclosed that it had shipped products to a firm linked with China’s military industrial complex.,,The Biden administration said it had reached a settlement after the U.S. chipmaker voluntarily disclosed that it had shipped products to a firm linked with China’s military industrial complex.,U.S.,Washington,News,article,504.0,"GlobalFoundries; Computer Chips; Embargoes and Sanctions; Fines (Penalties); China; Regulation and Deregulation of Industry; Biden, Joseph R Jr; United States Politics and Government; United States International Relations; Semiconductor Manufacturing International Corporation; International Trade and World Market; Factories and Manufacturing",https://www.nytimes.com/2024/11/01/us/politics/globalfoundries-chips-fine-china.html
2024,2024-11-01T22:38:05Z,2020s,Nov-Dec,Canadian Police Say They Dismantled Country’s Largest Drug Lab,"Federal officers in British Columbia seized drugs and chemical precursors that could produce about 96 million opioid doses, the authorities said.",,"Federal officers in British Columbia seized drugs and chemical precursors that could produce about 96 million opioid doses, the authorities said.",World,Foreign,News,article,688.0,Drug Abuse and Traffic; Organized Crime; Police; Opioids and Opiates; Fentanyl; Royal Canadian Mounted Police; British Columbia (Canada); Canada,https://www.nytimes.com/2024/11/01/world/canada/canada-drug-lab-fentanyl.html
2024,2024-11-02T11:00:16Z,2020s,Nov-Dec,I’ve Covered Authoritarians Abroad. Now I Fear One at Home.,"But if Trump thinks his threats to cancel TV licenses or his crass warnings of jailing and prison rape will intimidate journalists, he’s wrong.",,"But if Trump thinks his threats to cancel TV licenses or his crass warnings of jailing and prison rape will intimidate journalists, he’s wrong.",Opinion,OpEd,Op-Ed,article,1310.0,"Trump, Donald J; United States International Relations; Presidential Election of 2024; United States Politics and Government; Democracy (Theory and Philosophy); Authoritarianism (Theory and Philosophy); Freedom of the Press",https://www.nytimes.com/2024/11/02/opinion/trump-democracy-china-authoritarian.html
2024,2024-11-02T16:32:07Z,2020s,Nov-Dec,"Biden Left the Presidential Race, but His Legacy Depends on It",The Trump campaign has taken aim at many of President Biden’s signature legislative achievements.,,The Trump campaign has taken aim at many of President Biden’s signature legislative achievements.,U.S.,Washington,News,article,1028.0,"Biden, Joseph R Jr; Presidential Election of 2024; United States Politics and Government; United States International Relations; Federal Aid (US); Foreign Aid; Inflation Reduction Act of 2022; Russian Invasion of Ukraine (2022); North Atlantic Treaty Organization; Harris, Kamala D; Trump, Donald J",https://www.nytimes.com/2024/11/02/us/politics/biden-election-legacy.html
2024,2024-11-03T06:00:15Z,2020s,Nov-Dec,A Second Trump Term? Three Conservative Columnists Unpack What Could Happen.,What will happen after Tuesday to Trumpism and the G.O.P. if Donald Trump wins — or loses?,,What will happen after Tuesday to Trumpism and the G.O.P. if Donald Trump wins — or loses?,Opinion,OpEd,Op-Ed,article,4069.0,"Presidential Election of 2024; Conservatism (US Politics); Right-Wing Extremism and Alt-Right; Trump, Donald J; Vance, J D; Carlson, Tucker; DeWine, Mike; Biden, Joseph R Jr; Musk, Elon",https://www.nytimes.com/2024/11/03/opinion/trump-republican-party.html
2024,2024-11-03T09:58:00Z,2020s,Nov-Dec,Toplines: October 2024 Times/Siena Poll of Registered Voters in Arizona,"Results of a New York Times/Siena College poll conducted among 1,025 voters in Arizona from Oct. 25 to Nov. 2, 2024.",,"Results of a New York Times/Siena College poll conducted among 1,025 voters in Arizona from Oct. 25 to Nov. 2, 2024.",U.S.,Election Analytics,Interactive Feature,interactive,0.0,New York Times/Siena College Poll,https://www.nytimes.com/interactive/2024/11/03/us/elections/times-siena-arizona-poll-toplines.html
2024,2024-11-03T09:58:01Z,2020s,Nov-Dec,Cross-Tabs: October 2024 Times/Siena Poll of the Likely Electorate in Arizona,"Results of a New York Times/Siena College poll conducted among 1,025 voters in Arizona from Oct. 25 to Nov. 2, 2024.",,"Results of a New York Times/Siena College poll conducted among 1,025 voters in Arizona from Oct. 25 to Nov. 2, 2024.",U.S.,Election Analytics,Interactive Feature,interactive,0.0,New York Times/Siena College Poll,https://www.nytimes.com/interactive/2024/11/03/us/elections/times-siena-arizona-poll-crosstabs.html
2024,2024-11-03T09:58:02Z,2020s,Nov-Dec,Cross-Tabs: October 2024 Times/Siena Poll of the Likely Electorate in Georgia,"Results of a New York Times/Siena College poll conducted among 1,004 voters in Georgia from Oct. 24 to Nov. 1, 2024.",,"Results of a New York Times/Siena College poll conducted among 1,004 voters in Georgia from Oct. 24 to Nov. 1, 2024.",U.S.,Election Analytics,Interactive Feature,interactive,0.0,New York Times/Siena College Poll,https://www.nytimes.com/interactive/2024/11/03/us/elections/times-siena-georgia-poll-crosstabs.html
2024,2024-11-03T09:58:02Z,2020s,Nov-Dec,Toplines: October 2024 Times/Siena Poll of Registered Voters in Georgia,"Results of a New York Times/Siena College poll conducted among 1,004 voters in Georgia from Oct. 24 to Nov. 1, 2024.",,"Results of a New York Times/Siena College poll conducted among 1,004 voters in Georgia from Oct. 24 to Nov. 1, 2024.",U.S.,Election Analytics,Interactive Feature,interactive,0.0,New York Times/Siena College Poll,https://www.nytimes.com/interactive/2024/11/03/us/elections/times-siena-georgia-poll-toplines.html
2024,2024-11-03T09:58:03Z,2020s,Nov-Dec,Toplines: October 2024 Times/Siena Poll of Registered Voters in Nevada,"Results of a New York Times/Siena College poll conducted among 1,010 voters in Nevada from Oct. 24 to Nov. 2, 2024.",,"Results of a New York Times/Siena College poll conducted among 1,010 voters in Nevada from Oct. 24 to Nov. 2, 2024.",U.S.,Election Analytics,Interactive Feature,interactive,0.0,New York Times/Siena College Poll,https://www.nytimes.com/interactive/2024/11/03/us/elections/times-siena-nevada-poll-toplines.html
2024,2024-11-27T14:22:34Z,,,"3 Americans, Including F.B.I. Informant, Are Freed in Prisoner Swap With China","The Americans released, among others, a Chinese intelligence officer who was serving a 20-year sentence in the United States.",,,World,,,,,,https://www.nytimes.com/2024/11/27/world/asia/us-china-prisoner-swap.html
2024,2024-11-27T17:00:09Z,,,China Has a New Playbook to Counter Trump: ‘Supply Chain Warfare’,"A series of swipes at American companies show how China could take the initiative in a new trade war, using its economic dominance to exact pain.",,,Business,,,,,,https://www.nytimes.com/2024/11/27/business/china-retaliation-skydio.html
2024,2024-12-09T08:00:11Z,,,How a Criminal With Close Ties to China Became a New York Power Broker,John Chan was a Chinatown gangster before remaking himself into a powerful force in New York politics — one closely aligned with the Chinese Communist Party.,,,New York,,,,,,https://www.nytimes.com/2024/12/09/nyregion/chan-china-nyc-influence.html
2024,2024-12-12T17:00:09Z,,,How U.S. Firms Battled a Government Crackdown to Keep Tech Sales to China,An intense struggle has unfolded in Washington between companies and officials over where to draw the line on selling technology to China.,,,U.S.,,,,,,https://www.nytimes.com/2024/12/12/us/politics/tech-sales-china-huawei.html
2024,2024-12-16T23:35:44Z,,,Biden Administration Takes First Step to Retaliate Against China Over Hack,"The Commerce Department is banning the few remaining operations of China Telecom in the United States, a move that appears unlikely to deter Beijing from conducting sophisticated cyberoperations.",,,U.S.,,,,,,https://www.nytimes.com/2024/12/16/us/politics/biden-administration-retaliation-china-hack.html
2024,2024-12-19T10:00:57Z,,,"As China Seeks Influence, It Has a Cuddly Way Into City Hall: Pandas",Records and interviews show that Beijing has used pandas as leverage to shape policy on Taiwan and to cultivate relationships with local U.S. politicians.,,,World,,,,,,https://www.nytimes.com/2024/12/19/world/asia/china-influence-city-local-government-pandas-intelligence.html
2025,2025-01-01T03:40:13Z,2020s,Jan-Feb,China’s Leader Nods to Economic Challenges,"In a New Year’s address, Xi Jinping made a rare acknowledgment of the flagging economy while reiterating the government’s growth targets.",,"In a New Year’s address, Xi Jinping made a rare acknowledgment of the flagging economy while reiterating the government’s growth targets.",Business,Business,News,article,448.0,Economic Conditions and Trends; China; Gross Domestic Product; Xi Jinping,https://www.nytimes.com/2024/12/31/business/xi-jinping-china-economy.html
2025,2025-01-01T05:05:25Z,2020s,Jan-Feb,Wednesday Briefing,Here’s what you need to know.,,Here’s what you need to know.,Briefing,NYTNow,briefing,article,1178.0,,https://www.nytimes.com/2025/01/01/briefing/new-year-2025.html
2025,2025-01-01T06:00:04Z,2020s,Jan-Feb,"The Panama Canal Has a Big Problem, but It’s Not China or Trump",Climate change is causing drought conditions that are making the Panama Canal harder to operate and more expensive to pass through.,,Climate change is causing drought conditions that are making the Panama Canal harder to operate and more expensive to pass through.,Opinion,OpEd,Op-Ed,article,1274.0,"Panama Canal and Canal Zone; Global Warming; Drought; Ships and Shipping; International Trade and World Market; United States International Relations; Trump, Donald J; China",https://www.nytimes.com/2025/01/01/opinion/panama-canal-trump-china-drought.html
2025,2025-01-01T10:00:14Z,2020s,Jan-Feb,Is This the Year Laos Breaks Through?,"The Southeast Asian country has lagged behind Vietnam and Thailand when it comes to tourism. The government hopes new hotels, roads and a train system will put Laos on visitors’ lists.",,"The Southeast Asian country has lagged behind Vietnam and Thailand when it comes to tourism. The government hopes new hotels, roads and a train system will put Laos on visitors’ lists.",Travel,Travel,News,article,1976.0,"Laos; Travel and Vacations; Railroads; Infrastructure (Public Works); High-Speed Rail Projects; Buddhism; United Nations Educational, Scientific and Cultural Organization; Luang Prabang (Laos); Vientiane (Laos); Mekong River",https://www.nytimes.com/2025/01/01/travel/laos-vientiane-luang-prabang-train.html
2025,2025-01-01T17:27:01Z,2020s,Jan-Feb,Vehicle Ramming Attacks: Using Cars and Trucks as Weapons Has Become Common,A New Year’s Day attack in New Orleans killed at least 15 people.,,A New Year’s Day attack in New Orleans killed at least 15 people.,World,Foreign,News,article,972.0,"Terrorism; New Orleans, La, New Year's Day Attack (2025); New Orleans (La); Vehicle-Ramming Attacks",https://www.nytimes.com/2025/01/01/world/americas/vehicle-ramming-attacks.html
2025,2025-01-02T01:08:01Z,2020s,Jan-Feb,"In New Orleans, Celebration Is Followed by Terror in the French Quarter",The attack that left 15 dead and about three dozen injured followed a distressingly familiar pattern of assailants turning vehicles into weapons.,,The attack that left 15 dead and about three dozen injured followed a distressingly familiar pattern of assailants turning vehicles into weapons.,U.S.,National,News,article,1486.0,"New Orleans, La, New Year's Day Attack (2025); Terrorism; New Orleans (La); Deaths (Fatalities); Sugar Bowl; Jabbar, Shamsud-Din Bahar (1982-2025)",https://www.nytimes.com/2025/01/01/us/new-orleans-truck-attack-nye-bourbon-street.html
2025,2025-01-02T05:02:05Z,2020s,Jan-Feb,Thursday Briefing,A deadly attack in New Orleans.,,A deadly attack in New Orleans.,Briefing,NYTNow,News,article,1078.0,,https://www.nytimes.com/2025/01/02/briefing/new-orleans-attack-syria.html
2025,2025-01-02T10:00:38Z,2020s,Jan-Feb,Are Russian Sanctions Working? Debate Gains New Urgency With Trump.,"The president-elect has said he will use sanctions sparingly while vowing to end the war in Ukraine, renewing questions over their efficacy.",,"The president-elect has said he will use sanctions sparingly while vowing to end the war in Ukraine, renewing questions over their efficacy.",Business,Business,News,article,1184.0,"Russian Invasion of Ukraine (2022); Embargoes and Sanctions; Russia; Economic Conditions and Trends; United States International Relations; Putin, Vladimir V; Trump, Donald J; Ukraine",https://www.nytimes.com/2025/01/02/business/economy/russia-sanctions-ukraine.html
2025,2025-01-02T10:01:05Z,2020s,Jan-Feb,20 Years of ‘Places to Go’,"The list made its debut in 2005, when world travel was about half of today’s 1.3 billion arrivals and phones were for making calls. Here’s how The Times’s annual travel list — and travel itself — has changed in the last two decades.",,"The list made its debut in 2005, when world travel was about half of today’s 1.3 billion arrivals and phones were for making calls. Here’s how The Times’s annual travel list — and travel itself — has changed in the last two decades.",Travel,,Interactive Feature,interactive,2647.0,Travel and Vacations; vis-design,https://www.nytimes.com/interactive/2025/01/02/travel/travel-52-places-to-go-anniversary.html
2025,2025-01-02T11:42:42Z,2020s,Jan-Feb,China Hits Dozens of U.S. Companies With Trade Controls,The move was the latest escalation in the back and forth between Beijing and Washington over products considered vital to national security.,,The move was the latest escalation in the back and forth between Beijing and Washington over products considered vital to national security.,Business,Business,News,article,533.0,China; Embargoes and Sanctions; United States International Relations; International Trade and World Market; Protectionism (Trade); Arms Trade; Boeing Company; Raytheon Company; Lockheed Martin Corporation; Ministry of Commerce (China),https://www.nytimes.com/2025/01/02/business/china-us-companies-entity-list.html
2025,2025-01-02T12:26:14Z,2020s,Jan-Feb,The Bull and Bear Case for 2025,"The stock market has been on a blistering two-year rally. But Wall Street is warning that a number of factors, including Donald Trump’s policies, could slow or derail that momentum",,"The stock market has been on a blistering two-year rally. But Wall Street is warning that a number of factors, including Donald Trump’s policies, could slow or derail that momentum",Business,Business,News,article,1899.0,Stocks and Bonds; Goldman Sachs Group Inc; Federal Reserve System; Inflation (Economics); Interest Rates; Standard & Poor's 500-Stock Index; Presidential Election of 2024; United States Economy; Protectionism (Trade),https://www.nytimes.com/2025/01/02/business/dealbook/bull-bear-case-markets-2025.html
2025,2025-01-02T15:15:26Z,2020s,Jan-Feb,Tesla Annual Sales Slip for First Time as Competition Grows,The electric-car company led by Elon Musk no longer has the market to itself. Investors are focusing on autonomous driving and other new technologies.,,The electric-car company led by Elon Musk no longer has the market to itself. Investors are focusing on autonomous driving and other new technologies.,Business,Business,News,article,678.0,"Electric and Hybrid Vehicles; Automobiles; Tesla Motors Inc; Musk, Elon; Prices (Fares, Fees and Rates); Company Reports; Tax Credits, Deductions and Exemptions; Driverless and Semiautonomous Vehicles; Consumer Behavior; BYD Co Ltd",https://www.nytimes.com/2025/01/02/business/tesla-sales-elon-musk.html
2025,2025-01-02T18:44:22Z,2020s,Jan-Feb,"U.S. Weighs Ban on Chinese Drones, Citing National Security Concerns",The Commerce Department requested that private companies comment on the implications of the rule by March. The final decision will fall to the Trump administration.,,The Commerce Department requested that private companies comment on the implications of the rule by March. The final decision will fall to the Trump administration.,U.S.,Washington,News,article,653.0,"China; Drones (Pilotless Planes); Cyberwarfare and Defense; United States International Relations; Commerce Department; United States Politics and Government; Biden, Joseph R Jr; Espionage and Intelligence Services; Infrastructure (Public Works)",https://www.nytimes.com/2025/01/02/us/politics/drone-ban-china-security.html
2025,2025-01-02T20:00:03Z,2020s,Jan-Feb,What 15 Very Different People Hope to See in 2025,"A Pulitzer Prize-winning novelist, a hand surgeon in India and others share their expectations.",,"A Pulitzer Prize-winning novelist, a hand surgeon in India and others share their expectations.",Opinion,OpEd,Op-Ed,article,886.0,Two Thousand Twenty Five; New Year; United States,https://www.nytimes.com/2025/01/02/opinion/2025-new-years-hopes.html
2025,2025-01-02T21:00:07Z,2020s,Jan-Feb,Friday Briefing: F.B.I. Said the New Orleans Attacker Acted Alone,"Plus, eat better in 2025.",,"Plus, eat better in 2025.",Briefing,NYTNow,briefing,article,1066.0,,https://www.nytimes.com/2025/01/02/briefing/new-orleans-gaza-hamas-israel-kenya-space-junk.html
2025,2025-01-02T21:07:58Z,2020s,Jan-Feb,What Happened to Carter’s White House Solar Panels? They Lived On.,"The panels, removed under Ronald Reagan, found new homes from Maine to China. And their legacy still reverberates.",,"The panels, removed under Ronald Reagan, found new homes from Maine to China. And their legacy still reverberates.",Climate,Climate,News,article,854.0,"Carter, Jimmy; Solar Energy; White House Building (Washington, DC); Global Warming; Greenhouse Gas Emissions; Heating; Oil (Petroleum) and Gasoline; Smithsonian Institution",https://www.nytimes.com/2025/01/02/climate/jimmy-carter-solar-panels.html
2025,2025-01-02T21:14:13Z,2020s,Jan-Feb,"Trump’s Falsehoods Aside, China’s Influence Over Global Ports Raises Concerns",The president-elect inaccurately said that Chinese soldiers operate the Panama Canal. But China’s strategic positions in shipping worry Washington officials.,,The president-elect inaccurately said that Chinese soldiers operate the Panama Canal. But China’s strategic positions in shipping worry Washington officials.,U.S.,Washington,News,article,1428.0,"United States International Relations; Panama Canal and Canal Zone; Panama Canal Authority; China; Panama; Ships and Shipping; Mulino, Jose Raul; Trump, Donald J",https://www.nytimes.com/2025/01/02/us/politics/trump-panama-canal-china.html
2025,2025-01-03T00:13:55Z,2020s,Jan-Feb,Could Better Security Have Stopped the New Orleans Terror Attack?,City officials were warned in 2019 that the bollards designed to block vehicles did “not appear to work.” They were being fixed when a truck rammed through Bourbon Street on Wednesday.,,City officials were warned in 2019 that the bollards designed to block vehicles did “not appear to work.” They were being fixed when a truck rammed through Bourbon Street on Wednesday.,U.S.,National,News,article,1383.0,"Terrorism; New Orleans, La, New Year's Day Attack (2025); Security and Warning Systems; Police; Police Department (New Orleans, La)",https://www.nytimes.com/2025/01/02/us/new-orleans-security-truck-attack.html
2025,2025-01-03T06:15:08Z,2020s,Jan-Feb,Friday Briefing,The aftermath of a New Year’s attack in New Orleans.,,The aftermath of a New Year’s attack in New Orleans.,Briefing,NYTNow,briefing,article,1152.0,,https://www.nytimes.com/2025/01/03/briefing/new-orleans-south-korea.html
2025,2025-01-03T10:00:11Z,2020s,Jan-Feb,War Tore Them Apart and Fate Reunited Them. Could Their Love Last?,"Karissa Chen’s debut, “Homeseeking,” follows two childhood sweethearts who meet in Shanghai, and whose lives are upended by the forces of history.",,"Karissa Chen’s debut, “Homeseeking,” follows two childhood sweethearts who meet in Shanghai, and whose lives are upended by the forces of history.",Books,BookReview,Review,article,633.0,"Books and Literature; Homeseeking (Book); Chen, Karissa",https://www.nytimes.com/2025/01/03/books/review/homeseeking-karissa-chen.html
2025,2025-03-01T00:15:42Z,2020s,Mar-Apr,Behind the Collision: Trump Jettisons Ukraine on His Way to a Larger Goal,The president’s explosive Oval Office encounter reflected his determination to put aside alliances and commitments to principles in favor of raw great power negotiations.,,The president’s explosive Oval Office encounter reflected his determination to put aside alliances and commitments to principles in favor of raw great power negotiations.,U.S.,Washington,News Analysis,article,1400.0,"United States Politics and Government; United States International Relations; Russian Invasion of Ukraine (2022); Trump, Donald J; Zelensky, Volodymyr; Vance, J D",https://www.nytimes.com/2025/02/28/us/politics/trump-ukraine-zelensky.html
2025,2025-03-01T10:00:40Z,2020s,Mar-Apr,Welcome to the Zero Sum Era. Now How Do We Get Out?,"Zero-sum thinking has spread like a mind virus, from geopolitics to pop culture.",,"Zero-sum thinking has spread like a mind virus, from geopolitics to pop culture.",World,Foreign,News,article,2300.0,"International Relations; Foreign Aid; Income Inequality; Capitalism (Theory and Philosophy); Grandparents; International Trade and World Market; Protectionism (Trade); Cold War Era; Global Warming; Liberalism (US Politics); American Enterprise Institute for Public Policy Research; Trump, Donald J",https://www.nytimes.com/2025/03/01/world/asia/trump-zero-sum-world.html
2025,2025-03-01T10:02:22Z,2020s,Mar-Apr,‘How Are We Going to Afford This?’ U.S. Companies Face Tariff Reality.,Business owners told The Times that President Trump’s tariffs could lead to higher costs and expressed frustration at the sudden uncertainty about policy.,,Business owners told The Times that President Trump’s tariffs could lead to higher costs and expressed frustration at the sudden uncertainty about policy.,Business,Business,News,article,1466.0,"International Trade and World Market; Protectionism (Trade); Customs (Tariff); Small Business; Prices (Fares, Fees and Rates); Factories and Manufacturing; United States Politics and Government; Trump, Donald J; China; Mexico; United States",https://www.nytimes.com/2025/03/01/business/trump-tariffs-american-importers.html
2025,2025-03-01T11:22:44Z,2020s,Mar-Apr,Oval Office Showdown,A venomous public spat made it clear that President Trump regards Ukraine as an obstacle.,,A venomous public spat made it clear that President Trump regards Ukraine as an obstacle.,Briefing,NYTNow,briefing,article,1948.0,"United States Politics and Government; United States International Relations; Russian Invasion of Ukraine (2022); Politics and Government; Trump, Donald J; Zelensky, Volodymyr",https://www.nytimes.com/2025/03/01/briefing/oval-office-showdown.html
2025,2025-03-01T12:00:19Z,2020s,Mar-Apr,10 Columnists and Writers Rate What Mattered in Trump’s First Full Month,"From DOGE to Ukraine to the Eric Adams case, these are the most consequential actions by the new administration so far.",,"From DOGE to Ukraine to the Eric Adams case, these are the most consequential actions by the new administration so far.",Opinion,,Interactive Feature,interactive,0.0,"Trump, Donald J; United States Politics and Government; Presidential Transition (US); Russian Invasion of Ukraine (2022); Ukraine; Russia; Government Efficiency Department (US); Musk, Elon; Customs (Tariff); Immigration and Emigration; Regulation and Deregulation of Industry; Foreign Aid; United States Defense and Military Forces; Diversity Initiatives; Israel-Gaza War (2023- ); Israel; Gaza Strip; Kennedy, Robert F Jr; Transgender; Eric Adams Federal Corruption Case (24 CR 556)",https://www.nytimes.com/interactive/2025/03/01/opinion/trump-administration-first-month.html
2025,2025-03-01T12:02:30Z,2020s,Mar-Apr,The Dark Heart of Trump’s Foreign Policy,"The journalist Fareed Zakaria discusses the worldview emerging from Trump’s foreign policy decisions regarding Ukraine, Gaza, China and beyond.",,"The journalist Fareed Zakaria discusses the worldview emerging from Trump’s foreign policy decisions regarding Ukraine, Gaza, China and beyond.",Opinion,OpEd,Op-Ed,article,12741.0,"United States Politics and Government; United States International Relations; Trump, Donald J; Zakaria, Fareed; Europe; Ukraine; Russia; China; Gaza Strip; Israel",https://www.nytimes.com/2025/03/01/opinion/ezra-klein-podcast-fareed-zakaria.html
2025,2025-03-01T13:00:02Z,2020s,Mar-Apr,Trump’s ‘Gold Card’ Set Off Panic in an Unexpected Place: Real Estate,The president initially said his $5 million green card alternative would replace a visa for foreign investors that has become a favorite financing tool of major developers.,,The president initially said his $5 million green card alternative would replace a visa for foreign investors that has become a favorite financing tool of major developers.,Business,Business,News,article,2098.0,"Foreign Investments; Trump, Donald J; Real Estate and Housing (Residential); Green Cards (US)",https://www.nytimes.com/2025/03/01/business/dealbook/trump-gold-card-real-estate.html
2025,2025-03-01T16:35:23Z,2020s,Mar-Apr,We Need to Talk About the Lying,Trump promised and promised and promised.,,Trump promised and promised and promised.,Opinion,OpEd,Op-Ed,article,1659.0,"Presidential Election of 2024; United States Politics and Government; Ethics and Official Misconduct; Trump, Donald J",https://www.nytimes.com/2025/03/01/opinion/columnists/trumps-lies-and-broken-promises.html
2025,2025-03-01T23:25:24Z,2020s,Mar-Apr,Trump Picks Another Trade Fight With Canada Over Lumber,"The president initiated an investigation that could lead to tariffs on lumber imports, nearly half of which comes from Canada.",,"The president initiated an investigation that could lead to tariffs on lumber imports, nearly half of which comes from Canada.",Business,Washington,News,article,549.0,"United States Politics and Government; International Trade and World Market; Wood and Wood Products; Protectionism (Trade); United States International Relations; Customs (Tariff); Commerce Department; Lutnick, Howard W; Navarro, Peter; Trump, Donald J; Canada",https://www.nytimes.com/2025/03/01/business/economy/trump-trade-canada-lumber.html
2025,2025-03-02T03:00:06Z,2020s,Mar-Apr,‘Moon Dust on Our Boots’: Texas Company’s Blue Ghost Lands on Lunar Surface,Firefly Aerospace’s robotic vehicle became the second privately built spacecraft to make a soft landing on the moon. It could soon be joined by two more private lunar landers.,,Firefly Aerospace’s robotic vehicle became the second privately built spacecraft to make a soft landing on the moon. It could soon be joined by two more private lunar landers.,Science,Science,News,article,1286.0,Moon; Firefly Aerospace Inc; Space and Astronomy; Private Spaceflight; National Aeronautics and Space Administration,https://www.nytimes.com/2025/03/01/science/blue-ghost-firefly-mission-1-moon-landing.html
2025,2025-03-02T06:00:05Z,2020s,Mar-Apr,America Is Dangerously Ignorant of What’s Going On in China,Decisions on U.S. policy toward China are being made based on diminishing insight into the country’s internal dynamics.,,Decisions on U.S. policy toward China are being made based on diminishing insight into the country’s internal dynamics.,Opinion,OpEd,Op-Ed,article,1284.0,United States International Relations; Research; Colleges and Universities; Xi Jinping; China,https://www.nytimes.com/2025/03/02/opinion/china-united-states-academics.html
2025,2025-03-02T10:00:22Z,2020s,Mar-Apr,"As Musk Consolidates Power in the U.S., His Mother Is in Demand Overseas","Maye Musk, a model and a public speaker, recently headlined a government conference in Dubai and endorsed a slew of products in China.",,"Maye Musk, a model and a public speaker, recently headlined a government conference in Dubai and endorsed a slew of products in China.",World,Foreign,News,article,1360.0,"Musk, Maye (1948- ); Musk, Elon; Conflicts of Interest; United States International Relations; United States Politics and Government; China; Kazakhstan; United Arab Emirates; Ethics and Official Misconduct; Models (Professional); United States; South Africa; Canada; Security and Warning Systems; Trump, Donald J",https://www.nytimes.com/2025/03/02/world/asia/elon-maye-musk-world.html
2025,2025-03-02T10:00:24Z,2020s,Mar-Apr,Why Congo’s Vast Army Is Struggling to Fight a Far Smaller Militia,"The latest conflict in eastern Congo has exposed endemic weaknesses in the country’s military, long known for corruption, extortion and abuse.",,"The latest conflict in eastern Congo has exposed endemic weaknesses in the country’s military, long known for corruption, extortion and abuse.",World,Foreign,News,article,1305.0,"Congo, Democratic Republic of (Congo-Kinshasa); Rwanda; March 23 Movement; Kagame, Paul; Tshisekedi, Felix; War and Armed Conflicts; Politics and Government; Defense and Military Forces; International Relations; vis-photo; Corruption (Institutional); Africa",https://www.nytimes.com/2025/03/02/world/africa/congo-army-weak-rwanda-m23.html
2025,2025-03-02T10:00:55Z,2020s,Mar-Apr,"Professor, Scrutinized for Ties to China, Sues to Get His Job Back","Feng Tao, who was tenured at the University of Kansas, was cleared of charges brought under a discontinued Trump program aimed at Chinese spying.",,"Feng Tao, who was tenured at the University of Kansas, was cleared of charges brought under a discontinued Trump program aimed at Chinese spying.",U.S.,National,News,article,1399.0,"University of Kansas; Tao, Feng (Franklin); Espionage and Intelligence Services; China; United States Politics and Government; Colleges and Universities; Chinese-Americans; Racial Profiling; Risch, James E; Kansas; International Study and Teaching; Discrimination; Research; Suits and Litigation (Civil)",https://www.nytimes.com/2025/03/02/us/trump-china-initiative-professor-sues-university.html
2025,2025-03-02T10:02:29Z,2020s,Mar-Apr,DOGE Claims Credit for Killing Contracts That Were Already Dead,"Elon Musk’s group claimed credit for canceling procurement agreements that had been completed years earlier, the latest in a string of public errors on its site.",,"Elon Musk’s group claimed credit for canceling procurement agreements that had been completed years earlier, the latest in a string of public errors on its site.",U.S.,Washington,News,article,1178.0,"Government Contracts and Procurement; Government Efficiency Department (US); Musk, Elon; Trump, Donald J; United States Politics and Government; Treasury Department; Internal Revenue Service; United States Coast Guard",https://www.nytimes.com/2025/03/02/us/politics/doge-musk-contracts-errors.html
2025,2025-03-02T10:02:35Z,2020s,Mar-Apr,"Troops, Cartels and China: What Mexico Is Doing to Stave Off Tariffs","Aiming to appease President Trump, Mexico is hitting China with tariffs, handing cartel leaders over to the United States and using C.I.A. intelligence to hunt down others.",,"Aiming to appease President Trump, Mexico is hitting China with tariffs, handing cartel leaders over to the United States and using C.I.A. intelligence to hunt down others.",U.S.,Foreign,News,article,1283.0,"Illegal Immigration; Protectionism (Trade); International Trade and World Market; United States International Relations; Customs (Tariff); Drug Cartels; Fentanyl; Sinaloa Cartel; Sheinbaum, Claudia; Trump, Donald J; China; Mexico; United States",https://www.nytimes.com/2025/03/02/us/mexico-trump-tariffs-troops-cartel-china.html
2025,2025-03-02T19:19:32Z,2020s,Mar-Apr,"Rubio Attacks Zelensky, Firmly Defending Trump and Vance","Facing a wave of criticism from his former Senate colleagues, Secretary of State Marco Rubio backed the complaints lobbed by President Trump and Vice President JD Vance against Ukraine’s leader.",,"Facing a wave of criticism from his former Senate colleagues, Secretary of State Marco Rubio backed the complaints lobbed by President Trump and Vice President JD Vance against Ukraine’s leader.",U.S.,Washington,News,article,731.0,"Russian Invasion of Ukraine (2022); Senate; Rubio, Marco; Trump, Donald J; Van Hollen, Christopher Jr; Vance, J D; Zelensky, Volodymyr; Ukraine",https://www.nytimes.com/2025/03/02/us/politics/marco-rubio-zelensky-ukraine-trump.html
2025,2025-03-02T19:37:20Z,2020s,Mar-Apr,Hegseth Orders Pentagon to Stop Offensive Cyberoperations Against Russia,"The defense secretary’s instructions, which were given before President Trump’s blowup with the Ukrainian president, are apparently part of an effort to draw Russia into talks on the war.",,"The defense secretary’s instructions, which were given before President Trump’s blowup with the Ukrainian president, are apparently part of an effort to draw Russia into talks on the war.",U.S.,Washington,News,article,1154.0,"United States International Relations; Russian Invasion of Ukraine (2022); Cyberwarfare and Defense; United States Politics and Government; Espionage and Intelligence Services; United States Cyber Command; Hegseth, Pete; Trump, Donald J; Zelensky, Volodymyr; Putin, Vladimir V; Russia; Defense Department",https://www.nytimes.com/2025/03/02/us/politics/hegseth-cyber-russia-trump-putin.html
2025,2025-03-02T20:14:46Z,2020s,Mar-Apr,Trump Moves to Increase Logging in National Forests,"The president wants to circumvent environmental regulations to expand timber production, something sought by homebuilders and the construction industry.",,"The president wants to circumvent environmental regulations to expand timber production, something sought by homebuilders and the construction industry.",Climate,Climate,News,article,848.0,"Global Warming; Greenhouse Gas Emissions; United States Politics and Government; Wildfires; Forests and Forestry; Wood and Wood Products; Endangered and Extinct Species; Executive Orders and Memorandums; Forest Service; Trump, Donald J",https://www.nytimes.com/2025/03/02/climate/trump-logging-national-forests.html
2025,2025-03-02T20:52:14Z,2020s,Mar-Apr,Monday Briefing: Europe Pledges to Support Ukraine,"Plus, remote taste testing.",,"Plus, remote taste testing.",Briefing,NYTNow,briefing,article,1185.0,,https://www.nytimes.com/2025/03/02/briefing/europe-ukraine-israel-gaza-aid-congo-military.html
2025,2025-05-01T00:17:39Z,2020s,May-Jun,A Flashing Economic Warning and a Sharp Political Jolt,The report that the economy contracted in the first quarter underscored how much President Trump has at risk as he pursues an aggressive trade war.,,The report that the economy contracted in the first quarter underscored how much President Trump has at risk as he pursues an aggressive trade war.,U.S.,Washington,News,article,1462.0,"United States Politics and Government; United States Economy; International Trade and World Market; Trump, Donald J",https://www.nytimes.com/2025/04/30/us/politics/trump-first-quarter-economic-reports.html
2025,2025-05-01T03:35:57Z,2020s,May-Jun,Trump’s ‘Unprecedented’ Tariffs Lead Japan to Slash Its Growth Forecast,"The Bank of Japan predicted growth of just 0.5 percent, cutting its previous forecast in half, and decided against another hike in interest rates.",,"The Bank of Japan predicted growth of just 0.5 percent, cutting its previous forecast in half, and decided against another hike in interest rates.",Business,Business,News,article,759.0,"Japan; Economic Conditions and Trends; Bank of Japan; International Trade and World Market; Banking and Financial Institutions; Customs (Tariff); Trump, Donald J",https://www.nytimes.com/2025/04/30/business/bank-of-japan-gdp-forecast.html
2025,2025-05-01T04:01:12Z,2020s,May-Jun,"50 Years After the U.S. Left Vietnam, Another Retreat Is Shaking Asia","Even among former enemies, the new American withdrawal from aid and democratic ideals is stirring deep feelings and confusion.",,"Even among former enemies, the new American withdrawal from aid and democratic ideals is stirring deep feelings and confusion.",World,Foreign,News,article,958.0,"United States International Relations; Vietnam War; Democracy (Theory and Philosophy); Far East, South and Southeast Asia and Pacific Areas; Cambodia; Myanmar; Vietnam",https://www.nytimes.com/2025/05/01/world/asia/vietnam-america-asia-retreat.html
2025,2025-05-01T04:51:43Z,2020s,May-Jun,Thursday Briefing,A minerals deal between the U.S. and Ukraine.,,A minerals deal between the U.S. and Ukraine.,Briefing,NYTNow,News,article,1313.0,,https://www.nytimes.com/2025/05/01/briefing/minerals-syria-britain.html
2025,2025-05-01T05:00:07Z,2020s,May-Jun,The U.S. Can’t Handle a War,"Armed with powerful, sophisticated weaponry, the U.S. falls far short of the arms and personnel needed to fight long, grinding wars.",,"Armed with powerful, sophisticated weaponry, the U.S. falls far short of the arms and personnel needed to fight long, grinding wars.",Opinion,OpEd,Op-Ed,article,1193.0,"United States Defense and Military Forces; War and Armed Conflicts; Missiles and Missile Defense Systems; Defense Contracts; Defense Department; United States Army; United States Navy; Hegseth, Pete",https://www.nytimes.com/2025/05/01/opinion/us-military-weapons-war.html
2025,2025-05-01T09:00:25Z,2020s,May-Jun,"As a Shipping Loophole Closes, Small Online Sellers Scramble",Independent vendors who sell on sites like Etsy and eBay are trying to blunt the pain from tariffs on low-cost Chinese-made goods.,,Independent vendors who sell on sites like Etsy and eBay are trying to blunt the pain from tariffs on low-cost Chinese-made goods.,Business,Business,News,article,1358.0,"E-Commerce; International Trade and World Market; Customs (Tariff); Trump, Donald J; Prices (Fares, Fees and Rates); Small Business; Textiles; Consumer Behavior; Walmart Stores Inc; Temu (Website); Shein (Fashion Label); eBay Inc; Etsy Inc; Computers and the Internet; Canada; China; United States Politics and Government; United States International Relations",https://www.nytimes.com/2025/05/01/business/trump-tariffs-china-online-sellers.html
2025,2025-05-01T09:00:32Z,2020s,May-Jun,The Dirty Little Secret Hiding in Your Garbage Can,"In “Waste Wars,” Alexander Clapp shows us in depressing detail just what our Big Junk industry is doing to the rest of the world.",,"In “Waste Wars,” Alexander Clapp shows us in depressing detail just what our Big Junk industry is doing to the rest of the world.",Books,BookReview,Review,article,841.0,"Books and Literature; Water Pollution; Waste Materials and Disposal; Politics and Government; Plastics; Recycling of Waste Materials; Waste Wars: The Wild Afterlife of Your Trash (Book); Clapp, Alexander",https://www.nytimes.com/2025/05/01/books/review/waste-wars-the-wild-afterlife-of-your-trash-alexander-clapp.html
2025,2025-05-01T09:02:00Z,2020s,May-Jun,‘Donald Trump Will Not Be President Four Years Hence’,At least one Opinion columnist is confident about that.,,At least one Opinion columnist is confident about that.,Opinion,OpEd,Op-Ed,article,6099.0,"Trump, Donald J; Presidents and Presidency (US); United States Politics and Government; Presidential Election of 2024; Presidential Election of 2028; Authoritarianism (Theory and Philosophy); Presidential Power (US); Customs (Tariff); Deportation; Immigration and Emigration; Democracy (Theory and Philosophy); Polls and Public Opinion; audio-neutral-informative",https://www.nytimes.com/2025/05/01/opinion/trump-100-days-presidency.html
2025,2025-05-01T09:02:05Z,2020s,May-Jun,100 Days of Solitude: Trump and the Retreat of America,"President Trump’s approach to foreign policy in his second term has been transactional, unpredictable and exploitative. Allies and enemies alike are beginning to adapt.",,"President Trump’s approach to foreign policy in his second term has been transactional, unpredictable and exploitative. Allies and enemies alike are beginning to adapt.",World,Foreign,News,article,2688.0,"United States International Relations; International Relations; International Trade and World Market; Presidential Election of 2024; Abdullah II, King of Jordan; Bannon, Stephen K; Trump, Donald J; Turnbull, Malcolm (1954- ); Vance, J D; Australia; Europe; United States; Ukraine; South Korea; Munich (Germany); China; Far East, South and Southeast Asia and Pacific Areas; Germany; Gaza Strip",https://www.nytimes.com/2025/05/01/world/europe/100-days-trump-us-foreign-policy.html
2025,2025-05-01T09:03:12Z,2020s,May-Jun,Could Apple Exist Without Its Ties to China? Probably Not.,The world’s most valuable company has become so reliant on Chinese suppliers and sales that it would be worth half as much or less without them.,,The world’s most valuable company has become so reliant on Chinese suppliers and sales that it would be worth half as much or less without them.,Technology,Business,News,article,1334.0,"Apple Inc; China; iPhone; Smartphones; Politics and Government; Factories and Manufacturing; United States International Relations; United States Politics and Government; Trump, Donald J; International Trade and World Market; Customs (Tariff)",https://www.nytimes.com/2025/05/01/technology/apple-china-tariffs.html
2025,2025-05-01T09:03:18Z,2020s,May-Jun,There Is a Way Forward: How to Defeat Trump’s Power Grab,The patriotic response to today’s threat to American democracy is to oppose Trump soberly and strategically.,,The patriotic response to today’s threat to American democracy is to oppose Trump soberly and strategically.,Opinion,OpEd,Editorial,article,2980.0,"United States Politics and Government; Law and Legislation; Conservatism (US Politics); Presidential Power (US); Democracy (Theory and Philosophy); Presidents and Presidency (US); Constitution (US); Democratic Party; Justice Department; Trump, Donald J; United States; United States International Relations",https://www.nytimes.com/2025/05/01/opinion/trump-100-days-opposition.html
2025,2025-05-01T10:47:25Z,2020s,May-Jun,Religion in Schools,A Supreme Court reporter and an education reporter explain faith’s new role in schools.,,A Supreme Court reporter and an education reporter explain faith’s new role in schools.,Briefing,NYTNow,briefing,article,1944.0,Religion and Belief; Supreme Court (US); United States Politics and Government; Religion-State Relations; Education (K-12); Vouchers; Oklahoma; St Isidore of Seville Catholic Virtual School,https://www.nytimes.com/2025/05/01/briefing/religion-in-schools.html
2025,2025-05-01T11:00:10Z,2020s,May-Jun,"In an Uncertain Economy, McDonald’s Sees Sales Decline","The burger giant, a much-watched barometer for consumer sentiment, reported lower consumer spending in the first quarter.",,"The burger giant, a much-watched barometer for consumer sentiment, reported lower consumer spending in the first quarter.",Business,Business,News,article,648.0,Consumer Behavior; Fast Food Industry; Company Reports; McDonald's Corporation; United States Economy,https://www.nytimes.com/2025/05/01/business/mcdonalds-earnings.html
2025,2025-05-01T11:31:45Z,2020s,May-Jun,North Korea and Russia Cement Ties With First Road Bridge,The two countries have vowed to expand bilateral relations after North Korea sent troops and weapons in support of Russia’s war against Ukraine.,,The two countries have vowed to expand bilateral relations after North Korea sent troops and weapons in support of Russia’s war against Ukraine.,World,Foreign,News,article,505.0,"North Korea; Russia; International Relations; Politics and Government; Russian Invasion of Ukraine (2022); Bridges and Tunnels; Roads and Traffic; Kim Jong-un; Putin, Vladimir V; Mishustin, Mikhail V; Defense and Military Forces",https://www.nytimes.com/2025/05/01/world/asia/north-korea-russia-bridge.html
2025,2025-05-01T12:25:41Z,2020s,May-Jun,How Much Time Will Musk Devote to Tesla?,"The carmaker denied a report that its board had explored finding a successor to Elon Musk. But even if he sticks around, he and the company face big challenges.",,"The carmaker denied a report that its board had explored finding a successor to Elon Musk. But even if he sticks around, he and the company face big challenges.",Business,Business,News,article,2221.0,"Tesla Motors Inc; Musk, Elon; Denholm, Robyn; Electric and Hybrid Vehicles; Customs (Tariff); Appointments and Executive Changes",https://www.nytimes.com/2025/05/01/business/dealbook/tesla-musk-ceo.html
2025,2025-05-01T12:59:49Z,2020s,May-Jun,Tesla Chair Denies That Board Sought to Replace Elon Musk,"Robyn Denholm, who leads Tesla’s board, said on social media that board members were “highly confident” in Mr. Musk, the company’s chief executive.",,"Robyn Denholm, who leads Tesla’s board, said on social media that board members were “highly confident” in Mr. Musk, the company’s chief executive.",Business,Business,News,article,356.0,"Electric and Hybrid Vehicles; Automobiles; Appointments and Executive Changes; Tesla Motors Inc; Denholm, Robyn; Musk, Elon; United States Politics and Government; Company Reports; Boards of Directors; Wall Street Journal; Trump, Donald J; X (Formerly Twitter)",https://www.nytimes.com/2025/05/01/business/tesla-board-elon-musk.html
2025,2025-05-01T14:31:19Z,2020s,May-Jun,Art to See on Day Trips From New York City This Spring,"Exhibitions and discoveries await in New Jersey, the Hudson Valley and the Catskills, and on the East End of Long Island.",,"Exhibitions and discoveries await in New Jersey, the Hudson Valley and the Catskills, and on the East End of Long Island.",Arts,SpecialSections,News,article,1242.0,"Art; Museums; Cole, Thomas, National Historic Site; Dorsky, Samuel, Museum of Art; Magazzino (Cold Spring, NY, Gallery); Parrish Art Museum; Zimmerli Art Museum",https://www.nytimes.com/2025/05/01/arts/design/new-york-city-art-day-trips.html
2025,2025-05-01T14:50:46Z,2020s,May-Jun,"In a Turbulent Time, TEFAF New York Keeps Its Focus on the Classics","With the art market outlook uncertain, the New York fair aims to keep collectors coming, with a wide array of art and (relatively) less expensive prices.",,"With the art market outlook uncertain, the New York fair aims to keep collectors coming, with a wide array of art and (relatively) less expensive prices.",Arts,SpecialSections,News,article,1307.0,"Art; European Fine Art Fair; Collectors and Collections; International Trade and World Market; Park Avenue Armory (Manhattan, NY); Herrera, Carmen",https://www.nytimes.com/2025/05/01/arts/design/tefaf-new-york-art-market.html
2025,2025-05-01T15:03:06Z,2020s,May-Jun,A Tidal Wave of Change Is Headed for the U.S. Economy,American consumers are not yet seeing much evidence of the drastic changes President Trump has made on trade. But they are on their way.,,American consumers are not yet seeing much evidence of the drastic changes President Trump has made on trade. But they are on their way.,Business,Washington,News,article,1592.0,"Trump, Donald J; United States Economy; United States Politics and Government; International Trade and World Market; Customs (Tariff); Shopping and Retail; Prices (Fares, Fees and Rates); Shortages; Stockpiling; Supply Chain; Consumer Behavior; China; United States International Relations",https://www.nytimes.com/2025/05/01/business/economy/trump-trade-economy.html
2025,2025-05-01T15:37:44Z,2020s,May-Jun,Trump Moves Waltz to U.N. and Names Rubio Interim National Security Adviser,"This is the first significant personnel overhaul of top White House aides, and the kind of shake-up President Trump has sought to avoid in his second term.",,"This is the first significant personnel overhaul of top White House aides, and the kind of shake-up President Trump has sought to avoid in his second term.",U.S.,Washington,News,article,1383.0,"Waltz, Michael (1974- ); Classified Information and State Secrets; Signal (Open Whisper Systems); Appointments and Executive Changes; United States Politics and Government; Trump, Donald J; Goldberg, Jeffrey",https://www.nytimes.com/2025/05/01/us/politics/michael-waltz-signal-leak-trump.html
2025,2025-05-29T21:11:37Z,,,Trump Makes a New Push to ‘Decouple’ U.S. From China,"Trump administration officials are getting a second chance to try to sever ties with China by starting a trade war, imposing export controls and revoking student visas.",,,U.S.,,,,,,https://www.nytimes.com/2025/05/29/us/politics/trump-china-visas-tariffs.html
2025,2025-05-30T13:22:19Z,,,White House Revives Trade Spat With Fresh Attacks on China,President Trump said that Beijing was not honoring the terms of a temporary agreement and warned of further confrontation.,,,U.S.,,,,,,https://www.nytimes.com/2025/05/30/us/politics/trump-china-trade.html
2025,2025-06-17T04:00:10Z,,,China Is Unleashing a New Export Shock on the World,"As President Trump’s tariffs close off the U.S. market, Chinese goods are flooding countries from Southeast Asia to Europe to Latin America.",,,Business,,,,,,https://www.nytimes.com/2025/06/17/business/tariffs-china-exports.html
2025,2025-06-30T09:00:11Z,,,"Drifting From the West’s Orbit, Russians Find a New Role Model in China","China has become trendy for Russians who once worshiped everything Western. Young people are learning Mandarin, and Chinese culture and goods have become ubiquitous in Moscow.",,,World,,,,,,https://www.nytimes.com/2025/06/30/world/europe/russia-china-culture.html
2025,2025-07-01T04:35:37Z,2020s,Jul-Aug,Tuesday Briefing,The sliding U.S. dollar.,,The sliding U.S. dollar.,Briefing,NYTNow,briefing,article,1149.0,,https://www.nytimes.com/2025/07/01/briefing/dollar-china-gaza.html
2025,2025-07-01T05:00:05Z,2020s,Jul-Aug,Trump’s America Is Beginning to Look More Like China,"In the great dance between the two rivals, it’s getting harder to tell which of them is leading and which is following.",,"In the great dance between the two rivals, it’s getting harder to tell which of them is leading and which is following.",Opinion,OpEd,Op-Ed,article,1166.0,"China; Xi Jinping; Politics and Government; Factories and Manufacturing; Communist Party of China; Trump, Donald J; United States Politics and Government; United States International Relations; United States Economy; Freedom of Speech and Expression; Right-Wing Extremism and Alt-Right",https://www.nytimes.com/2025/07/01/opinion/america-china-similarities-differences.html
2025,2025-07-01T09:00:33Z,2020s,Jul-Aug,"Seeking the Giant Panda, and Daddy’s Love","In “The Beast in the Clouds,” Nathalia Holt tells the story of Theodore Roosevelt’s eldest sons, and their doomed attempt to escape his shadow.",,"In “The Beast in the Clouds,” Nathalia Holt tells the story of Theodore Roosevelt’s eldest sons, and their doomed attempt to escape his shadow.",Books,BookReview,Review,article,868.0,"Books and Literature; Content Type: Personal Profile; Pandas; Holt, Nathalia; The Beast in the Clouds: The Roosevelt Brothers' Deadly Quest to Find the Mythical Giant Panda (Book); Roosevelt, Kermit; Roosevelt, Theodore III (1887-1944); Roosevelt, Theodore; Himalayas",https://www.nytimes.com/2025/07/01/books/review/nathalia-holt-the-beast-in-the-clouds.html
2025,2025-07-01T09:01:05Z,2020s,Jul-Aug,"As Debt Piles Up, Countries See Fiscal Relief as Political Leverage","With developing nations crushed by unaffordable borrowing and Washington on the sidelines, some leaders are brokering debt forgiveness deals.",,"With developing nations crushed by unaffordable borrowing and Washington on the sidelines, some leaders are brokering debt forgiveness deals.",Business,Business,News,article,845.0,"Credit and Debt; Africa; Italy; China; Europe; Syria; Meloni, Giorgia (1977- ); European Union; World Bank; Roman Catholic Church; Economic Conditions and Trends",https://www.nytimes.com/2025/07/01/business/debt-eu-africa-china.html
2025,2025-07-01T09:42:08Z,2020s,Jul-Aug,Video Shows Drone Rescuing Stranded Man During Flood in China,"Unmanned aerial vehicles are playing an increasing role in transporting supplies, and even people.",,"Unmanned aerial vehicles are playing an increasing role in transporting supplies, and even people.",World,Foreign,News,article,367.0,Drones (Pilotless Planes); Floods; Rescues; Humanitarian Aid; Disasters and Emergencies; Evacuations and Evacuees; China; Guangxi (China); Guizhou (China),https://www.nytimes.com/2025/07/01/world/asia/video-drone-rescue-flooding-china.html
2025,2025-07-01T09:46:29Z,2020s,Jul-Aug,China Bans Some Portable Batteries From Flights as Safety Concerns Grow,Airlines and governments around the world have tightened restrictions on the devices after a series of accidents. The ban in China has caught some travelers off guard.,,Airlines and governments around the world have tightened restrictions on the devices after a series of accidents. The ban in China has caught some travelers off guard.,World,Express,News,article,477.0,"Airlines and Airplanes; Aviation Accidents, Safety and Disasters; Batteries; Recalls and Bans of Products; Lithium (Metal); Regulation and Deregulation of Industry; China",https://www.nytimes.com/2025/07/01/world/asia/china-portable-battery-ban-planes.html
2025,2025-07-01T10:55:14Z,2020s,Jul-Aug,What’s in the Trump Policy Bill?,We take a closer look at some less discussed provisions.,,We take a closer look at some less discussed provisions.,Briefing,NYTNow,News,article,1896.0,"United States Politics and Government; Trump, Donald J; One Big Beautiful Bill Act (2025)",https://www.nytimes.com/2025/07/01/briefing/trump-policy-bill.html
2025,2025-07-01T12:42:23Z,2020s,Jul-Aug,‘I Do Not See Rot. I See Rest.’:The Week 2 Winner of Our Summer Reading Contest,"Alvin Su, 15, writes that summer doesn’t need to be a productivity contest for teens, but can, instead, be a quiet space for “magic to grow wild.”",,"Alvin Su, 15, writes that summer doesn’t need to be a productivity contest for teens, but can, instead, be a quiet space for “magic to grow wild.”",The Learning Network,Learning,News,article,946.0,,https://www.nytimes.com/2025/07/01/learning/i-do-not-see-rot-i-see-restthe-week-2-winner-of-our-summer-reading-contest.html
2025,2025-07-01T14:34:58Z,2020s,Jul-Aug,The U.S. Sends Lots of Plastic Trash Overseas. Malaysia Just Said No Thanks.,"No country receives more discarded plastic from wealthy countries, but shipments from the United States are no longer welcome.",,"No country receives more discarded plastic from wealthy countries, but shipments from the United States are no longer welcome.",Climate,Climate,News,article,1059.0,Global Warming; Greenhouse Gas Emissions; Waste Materials and Disposal; Recycling of Waste Materials; Plastics; International Trade and World Market; Containers and Packaging; Malaysia,https://www.nytimes.com/2025/07/01/climate/plastic-recycling-malaysia-import-ban.html
2025,2025-07-01T16:21:47Z,2020s,Jul-Aug,Aquarelle Brings the European Seaside to Avenue B,"The Paris Café returns to the Seaport district, Sailor’s Choice offers another vintage boat for dinner and more restaurant news.",,"The Paris Café returns to the Seaport district, Sailor’s Choice offers another vintage boat for dinner and more restaurant news.",Food,Dining,News,article,1020.0,Restaurants; New York City,https://www.nytimes.com/2025/07/01/dining/nyc-restaurant-news.html
2025,2025-07-01T17:58:18Z,2020s,Jul-Aug,Democrats Bet Jobs in Red States Would Save Clean Power Projects. They Lost.,"By ending tax credits for wind and solar power, Senate Republicans may have jeopardized billions in investments in their own districts.",,"By ending tax credits for wind and solar power, Senate Republicans may have jeopardized billions in investments in their own districts.",Climate,Climate,News,article,1779.0,"Global Warming; Greenhouse Gas Emissions; United States Politics and Government; Alternative and Renewable Energy; Law and Legislation; Tax Credits, Deductions and Exemptions; Solar Energy; Politics and Government; Wind Power; Factories and Manufacturing; Inflation Reduction Act of 2022; One Big Beautiful Bill Act (2025); Republican Party; Senate",https://www.nytimes.com/2025/07/01/climate/trump-bill-clean-energy-credits-biden.html
2025,2025-07-01T19:37:46Z,2020s,Jul-Aug,Two Chinese Citizens Accused of Trying to Gather Information About U.S. Navy,"The charges come as the Trump administration tries to aggressively confront China on a host of issues, including national security, trade and immigration.",,"The charges come as the Trump administration tries to aggressively confront China on a host of issues, including national security, trade and immigration.",U.S.,Washington,News,article,409.0,"United States Defense and Military Forces; Surveillance of Citizens by Government; Justice Department; Ministry of State Security of the People's Republic of China; United States Navy; Federal Bureau of Investigation; Bondi, Pamela J; Trump, Donald J",https://www.nytimes.com/2025/07/01/us/politics/chinese-citizens-counterintelligence-navy-charges.html
2025,2025-07-01T19:49:28Z,2020s,Jul-Aug,Trump’s Policy Bill Could Put the U.S. Further Behind China,Republicans’ tax and policy bill could give China a bigger lead in the race to develop renewable energy technologies.,,Republicans’ tax and policy bill could give China a bigger lead in the race to develop renewable energy technologies.,Climate,Climate,News,article,1315.0,"United States Politics and Government; American Lung Assn; Biden, Joseph R Jr; Environmental Protection Agency; Alternative and Renewable Energy",https://www.nytimes.com/2025/07/01/climate/china-climate-united-states.html
2025,2025-07-01T21:02:41Z,2020s,Jul-Aug,Wednesday Briefing: Senate Passes Trump’s Signature Bill,"Plus, a new way to see Cézanne.",,"Plus, a new way to see Cézanne.",Briefing,NYTNow,briefing,article,1175.0,,https://www.nytimes.com/2025/07/01/briefing/trump-senate-india-heat-thailand-prime-minister.html
2025,2025-07-01T21:45:35Z,2020s,Jul-Aug,"Richard A. Boucher, Veteran State Department Spokesman, Dies at 73","Working for six secretaries of state, he was known for explaining and defending U.S. foreign policy in a noncombative tone, without interjecting his own opinion.",,"Working for six secretaries of state, he was known for explaining and defending U.S. foreign policy in a noncombative tone, without interjecting his own opinion.",U.S.,Obits,Obituary (Obit),article,908.0,"Boucher, Richard A; Deaths (Obituaries); State Department; United States International Relations; United States Politics and Government; Diplomatic Service, Embassies and Consulates; September 11 (2001); Afghanistan",https://www.nytimes.com/2025/07/01/us/politics/richard-a-boucher-dead.html
2025,2025-07-01T21:58:24Z,2020s,Jul-Aug,The Senate Muscled Through Trump’s Big Policy Bill,"Also, heat waves are punishing India. Here’s the latest at the end of Tuesday.",,"Also, heat waves are punishing India. Here’s the latest at the end of Tuesday.",Briefing,NYTNow,News,article,1249.0,,https://www.nytimes.com/2025/07/01/briefing/senate-trump-policy-bill-ai-scrapers.html
2025,2025-07-02T00:55:43Z,2020s,Jul-Aug,The Disaster That Just Passed the Senate,"Trump’s “big beautiful bill” would gut Medicaid, nutrition assistance and clean energy credits. All for what?",,"Trump’s “big beautiful bill” would gut Medicaid, nutrition assistance and clean energy credits. All for what?",Opinion,OpEd,Op-Ed,article,10886.0,"One Big Beautiful Bill Act (2025); Health Insurance and Managed Care; United States Politics and Government; Law and Legislation; Tax Credits, Deductions and Exemptions; Taxation; Democratic Party; Republican Party; Senate; Trump, Donald J; Yglesias, Matthew",https://www.nytimes.com/2025/07/01/opinion/ezra-klein-podcast-matthew-yglesias.html
2025,2025-07-02T04:01:06Z,2020s,Jul-Aug,Lack of New U.S. Sanctions Allows Restricted Goods and Funds Into Russia,"President Trump has issued no new restrictions on Russia this year, in effect allowing Moscow to acquire the money and materials it needs in its conflict with Ukraine.",,"President Trump has issued no new restrictions on Russia this year, in effect allowing Moscow to acquire the money and materials it needs in its conflict with Ukraine.",U.S.,Business,News,article,1443.0,"Embargoes and Sanctions; Customs (Tariff); Trump, Donald J; Russia; United States International Relations; Russian Invasion of Ukraine (2022)",https://www.nytimes.com/2025/07/02/us/politics/trump-russia-sanctions.html
2025,2025-07-02T04:06:07Z,2020s,Jul-Aug,Wednesday Briefing,President Trump’s signature policy bill.,,President Trump’s signature policy bill.,Briefing,NYTNow,briefing,article,1228.0,,https://www.nytimes.com/2025/07/02/briefing/trump-gaza-heat.html
2025,2025-07-02T05:20:55Z,2020s,Jul-Aug,Why the Dalai Lama Decided Not to Break From Tradition on His Successor,The aging spiritual leader is looking to prevent Beijing from taking advantage of a power vacuum. But there is pressure to preserve a core element of Tibetan Buddhism.,,The aging spiritual leader is looking to prevent Beijing from taking advantage of a power vacuum. But there is pressure to preserve a core element of Tibetan Buddhism.,World,Foreign,News,article,1323.0,Dalai Lama; Buddhism; Tibet; Reincarnation; Religion-State Relations; China; Politics and Government; Communist Party of China; Dharamsala (India); Appointments and Executive Changes,https://www.nytimes.com/2025/07/02/world/asia/dalai-lama-successor-tibet-china.html
2025,2025-08-06T15:24:12Z,,,China Turns to A.I. in Information Warfare,Documents examined by researchers show how one company in China has collected data on members of Congress and other influential Americans.,,,U.S.,,,,,,https://www.nytimes.com/2025/08/06/us/politics/china-artificial-intelligence-information-warfare.html
2025,2025-08-06T17:13:06Z,,,"India, Once America’s Counterweight to China, Is Now Facing Trump’s Wrath","With threats of tariffs up to 50 percent, President Trump seems to be scrapping America’s plan to turn India into a counterweight to China, declaring instead that it is a “dead economy.”",,,Business,,,,,,https://www.nytimes.com/2025/08/06/business/india-china-trump-tariffs.html
2025,2025-08-11T04:01:03Z,,,China’s Automakers Are Taking a Shortcut to European Markets,Ships carrying Chinese cars are using the Red Sea and Suez Canal even as other vessels still sail around Africa in fear of attacks by the Houthi militia.,,,Business,,,,,,https://www.nytimes.com/2025/08/11/business/china-electric-vehicles-red-sea.html
2025,2025-08-18T08:33:26Z,,,The Athletes at China’s Robot Games Fell Down a Lot,"The Humanoid Robot Games in Beijing — featuring running, kickboxing and soccer — highlighted advancements in robotics. Limitations, too.",,,World,,,,,,https://www.nytimes.com/2025/08/18/world/asia/china-humanoid-robot-games.html
2025,2025-08-25T09:00:23Z,,,How China Influences Elections in America’s Biggest City,The Chinese Consulate in Manhattan has mobilized community groups to defeat candidates who don’t fall in line with the authoritarian state.,,,New York,,,,,,https://www.nytimes.com/2025/08/25/nyregion/china-consulate-new-york-elections.html
2025,2025-09-01T03:16:16Z,2020s,Sep-Oct,Earthquake in Afghanistan Leaves More Than 800 Dead,"The quake, near the border with Pakistan, injured more than 2,500 people in mountainous areas that rescue workers took hours to reach.",,"The quake, near the border with Pakistan, injured more than 2,500 people in mountainous areas that rescue workers took hours to reach.",World,Express,News,article,1206.0,"Afghanistan Earthquake (August 31, 2025); Earthquakes; Deaths (Fatalities); Afghanistan; Jalalabad (Afghanistan)",https://www.nytimes.com/2025/08/31/world/asia/afghanistan-earthquake-jalalabad.html
2025,2025-09-01T04:00:09Z,2020s,Sep-Oct,India Was the Economic Alternative to China. Trump Ended That.,"A lurch in policy has shaken the India-U.S. economic alliance against China, leaving India little choice but to consider reversing its own strategy.",,"A lurch in policy has shaken the India-U.S. economic alliance against China, leaving India little choice but to consider reversing its own strategy.",Business,Business,News,article,1295.0,"India; China; Modi, Narendra; International Trade and World Market; Trump, Donald J; Customs (Tariff); Economic Conditions and Trends; International Relations; Factories and Manufacturing; United States International Relations",https://www.nytimes.com/2025/09/01/business/india-china-trump-tariffs.html
2025,2025-09-01T04:30:08Z,2020s,Sep-Oct,China Shows Off Its Power,Xi Jinping is using a summit with leaders like Narendra Modi and Vladimir Putin as an opportunity to pull countries away from the U.S.,,Xi Jinping is using a summit with leaders like Narendra Modi and Vladimir Putin as an opportunity to pull countries away from the U.S.,Briefing,Foreign,briefing,article,1226.0,,https://www.nytimes.com/2025/09/01/briefing/xi-modi-putin-summit-gaza.html
2025,2025-09-01T09:00:28Z,2020s,Sep-Oct,Ukraine War Leads to Global Shortage of TNT,"Mining materials to make cement, gravel and a host of other common products require an explosive that is becoming more expensive and limited in supply.",,"Mining materials to make cement, gravel and a host of other common products require an explosive that is becoming more expensive and limited in supply.",U.S.,Washington,News,article,831.0,Russian Invasion of Ukraine (2022); Rock and Stone; Infrastructure (Public Works); Bombs and Explosives; Concrete; International Trade and World Market; Quarries; Ukraine; China; Russia,https://www.nytimes.com/2025/09/01/us/politics/ukraine-war-tnt-shortage.html
2025,2025-09-01T09:04:04Z,2020s,Sep-Oct,"Smiles and Clasped Hands as Xi, Putin and Modi Try to Signal Unity","Their display of friendship in China was aimed at projecting an alternative to U.S. global leadership, even as serious differences among them remain.",,"Their display of friendship in China was aimed at projecting an alternative to U.S. global leadership, even as serious differences among them remain.",World,Foreign,News,article,1186.0,"China; India; Russia; Xi Jinping; Modi, Narendra; Putin, Vladimir V; International Relations; Shanghai Cooperation Organization; United States International Relations; Politics and Government; Russian Invasion of Ukraine (2022); International Trade and World Market; Territorial Disputes",https://www.nytimes.com/2025/09/01/world/asia/china-xi-putin-modi.html
2025,2025-09-01T11:13:58Z,2020s,Sep-Oct,A Look at Vintage Photography From Our Archives,We study photographers’ contact sheets from the last century.,,We study photographers’ contact sheets from the last century.,Briefing,NYTNow,briefing,article,1488.0,Archives and Records; Photography,https://www.nytimes.com/2025/09/01/briefing/a-look-at-vintage-photography-from-our-archives.html
2025,2025-09-01T20:53:47Z,2020s,Sep-Oct,These Leaders Once Snubbed Putin. Now They’re Glad-Handing Him.,"Eurasian leaders eagerly met the Russian leader at a summit this week, as President Trump has helped ease his isolation over the war in Ukraine.",,"Eurasian leaders eagerly met the Russian leader at a summit this week, as President Trump has helped ease his isolation over the war in Ukraine.",World,Foreign,News Analysis,article,849.0,"Putin, Vladimir V; Russia; International Relations; Russian Invasion of Ukraine (2022); Shanghai Cooperation Organization; China; Xi Jinping; India; Modi, Narendra; Trump, Donald J; Aliyev, Ilham H; Pashinyan, Nikol; Armenia; Azerbaijan; Ukraine",https://www.nytimes.com/2025/09/01/world/europe/russia-ukraine-putin-diplomacy.html
2025,2025-09-01T21:01:44Z,2020s,Sep-Oct,An Earthquake Killed Hundreds in Afghanistan,Rescue workers struggled to reach isolated areas in eastern Afghanistan after a magnitude 6.0 quake.,,Rescue workers struggled to reach isolated areas in eastern Afghanistan after a magnitude 6.0 quake.,Briefing,Foreign,briefing,article,1068.0,,https://www.nytimes.com/2025/09/01/briefing/afghanistan-earthquake-bolsonaro-trial-bad-bunny.html
2025,2025-09-02T02:23:23Z,2020s,Sep-Oct,Xi’s Parade to Showcase China’s Military Might and Circle of Autocrats,"China will mark Japan’s defeat in World War II with a parade of missiles, soldiers and leaders like Kim Jong-un of North Korea and Vladimir Putin of Russia.",,"China will mark Japan’s defeat in World War II with a parade of missiles, soldiers and leaders like Kim Jong-un of North Korea and Vladimir Putin of Russia.",World,Foreign,News,article,845.0,Politics and Government; Parades; Defense and Military Forces; War and Armed Conflicts; World War II (1939-45); International Relations; Military Aircraft,https://www.nytimes.com/2025/09/01/world/asia/china-parade-putin-kim.html
2025,2025-09-02T04:01:08Z,2020s,Sep-Oct,Why China Is Trying to Tame Its Electric Car Frenzy,"Beijing has run out of patience with companies slashing prices, and is urging restraint. But fierce competition is also producing a surge of innovation.",,"Beijing has run out of patience with companies slashing prices, and is urging restraint. But fierce competition is also producing a surge of innovation.",Business,Business,News,article,1282.0,Electric and Hybrid Vehicles; China; BYD Co Ltd; Changan Automobile Group; GAC Group; Dongfeng Motor Corp; Automobiles,https://www.nytimes.com/2025/09/02/business/china-electric-vehicles-overcapacity.html
2025,2025-09-02T04:30:07Z,2020s,Sep-Oct,An Earthquake Killed Hundreds in Afghanistan,Rescue workers struggled to reach isolated areas in eastern Afghanistan after a magnitude 6.0 quake.,,Rescue workers struggled to reach isolated areas in eastern Afghanistan after a magnitude 6.0 quake.,Briefing,Foreign,briefing,article,1076.0,,https://www.nytimes.com/2025/09/02/briefing/afghanistant-earthquake-bolsonaro-modi-putin-xi.html
2025,2025-09-02T09:01:54Z,2020s,Sep-Oct,A Move to the U.S. to Avoid Tariffs? There Are Trade-Offs.,"Bizerba, a German company that makes industrial slicers for Subway, is thinking about shifting production to the United States, if it can overcome the challenges.",,"Bizerba, a German company that makes industrial slicers for Subway, is thinking about shifting production to the United States, if it can overcome the challenges.",World,Business,News,article,997.0,International Trade and World Market; Customs (Tariff); Germany; Europe; Politics and Government,https://www.nytimes.com/2025/09/02/world/europe/germany-tariffs-bizerba-us-move.html
2025,2025-09-02T09:02:05Z,2020s,Sep-Oct,The One Danger That Should Unite the U.S. and China,"The U.S. and China must agree on a trust architecture for A.I., or rogue entities will destabilize the two superpowers long before they fight a war.",,"The U.S. and China must agree on a trust architecture for A.I., or rogue entities will destabilize the two superpowers long before they fight a war.",Opinion,OpEd,Op-Ed,article,3891.0,China; United States International Relations; Artificial Intelligence; Computers and the Internet; Regulation and Deregulation of Industry; Law and Legislation; International Trade and World Market,https://www.nytimes.com/2025/09/02/opinion/ai-us-china.html
2025,2025-09-02T10:00:12Z,2020s,Sep-Oct,"When Putin, Xi and Modi Get Together, and a Legal Blow to Trump’s Tariffs","Plus, the Bad Bunny economic boost.",,"Plus, the Bad Bunny economic boost.",Podcasts,Podcasts,News,article,159.0,Customs (Tariff); Rap and Hip-Hop; Bad Bunny (Singer); Afghanistan; Puerto Rico; Massachusetts,https://www.nytimes.com/2025/09/02/podcasts/the-headlines/putin-xi-modi-trumps-tariffs.html
2025,2025-09-02T10:06:22Z,2020s,Sep-Oct,Kim Jong-un and His Daughter Take a Slow Train to China,"The North Korean leader brought a potential heir to Beijing, on a bulletproof train that’s something of a family heirloom.",,"The North Korean leader brought a potential heir to Beijing, on a bulletproof train that’s something of a family heirloom.",World,Foreign,News,article,899.0,International Relations; Railroads; Propaganda; North Korea; Kim Jong-un,https://www.nytimes.com/2025/09/02/world/asia/kim-north-korea-train.html
2025,2025-09-02T10:58:10Z,2020s,Sep-Oct,We Answer Your Questions About Education,Our reporters address reader concerns about K-12 schooling.,,Our reporters address reader concerns about K-12 schooling.,Briefing,Express,briefing,article,1892.0,Education (K-12); Education,https://www.nytimes.com/2025/09/02/briefing/we-answer-your-questions-about-education.html
2025,2025-09-02T11:24:15Z,2020s,Sep-Oct,Putin and Xi Invoke Wartime Unity as They Hail Ties in Beijing,The Russian and Chinese leaders drew on a shared view of their countries’ roles in World War II to cast their modern-day partnership as a challenge to the West.,,The Russian and Chinese leaders drew on a shared view of their countries’ roles in World War II to cast their modern-day partnership as a challenge to the West.,World,Foreign,News,article,808.0,"International Relations; United States International Relations; Russian Invasion of Ukraine (2022); World War II (1939-45); Parades; Defense and Military Forces; War and Armed Conflicts; Communist Party of China; Great Hall of the People (Beijing, China); Shanghai Cooperation Organization; Kim Jong-un; Putin, Vladimir V; Xi Jinping; Trump, Donald J; China; Moscow (Russia); Russia",https://www.nytimes.com/2025/09/02/world/asia/china-putin-xi.html
2025,2025-09-02T12:03:32Z,2020s,Sep-Oct,The Potentially Big Costs of Trump’s Fed Fight,The president’s attacks on the central bank’s  independence could undermine investor confidence in the institution at a crucial time.,,The president’s attacks on the central bank’s  independence could undermine investor confidence in the institution at a crucial time.,Business,Business,News,article,2018.0,"Cook, Lisa D; Miran, Stephen; Federal Reserve System; Trump, Donald J; Interest Rates; Inflation (Economics); Dalio, Raymond (1949- ); Lagarde, Christine; International Trade and World Market; European Central Bank",https://www.nytimes.com/2025/09/02/business/dealbook/fed-trump-cook-political-independence.html
2025,2025-09-02T15:38:11Z,2020s,Sep-Oct,A Hidden Camera Protest Turned the Tables on China’s Surveillance State,"Before fleeing China, an activist in Chongqing staged an elaborate one-man demonstration against the Communist Party that doubled as performance art.",,"Before fleeing China, an activist in Chongqing staged an elaborate one-man demonstration against the Communist Party that doubled as performance art.",Business,Business,News,article,1206.0,"China; Politics and Government; Surveillance of Citizens by Government; Communist Party of China; Demonstrations, Protests and Riots; Chongqing (China); Performance Art",https://www.nytimes.com/2025/09/02/business/china-chongqing-protest.html
2025,2025-09-02T21:14:05Z,2020s,Sep-Oct,Putin’s Propaganda War,Russian authorities are using a festival to showcase Moscow as a place where life is better than in the West.,,Russian authorities are using a festival to showcase Moscow as a place where life is better than in the West.,Briefing,Foreign,briefing,article,1219.0,,https://www.nytimes.com/2025/09/02/briefing/putin-propaganda-war-china-military-parade.html
2025,2025-09-04T04:00:06Z,,,‘Unrestrained’ Chinese Cyberattackers May Have Stolen Data From Almost Every American,Information collected during the yearslong  Salt Typhoon attack could allow Beijing’s intelligence services to track targets from the United States and dozens of other countries.,,,World,,,,,,https://www.nytimes.com/2025/09/04/world/asia/china-hack-salt-typhoon.html
2025,2025-09-09T09:00:21Z,,,"Returned to China Against His Will, He Would Not Give Up","Tao was not a Chinese dissident, just an ordinary worker who wanted freedom. Deportation did not stop him from trying again.",,,World,,,,,,https://www.nytimes.com/2025/09/09/world/asia/china-deportation-us-asylum.html
2025,2025-09-10T09:00:37Z,,,U.S. Drugmakers Warn White House of Chaos as Trump Weighs Curbs on China,"Behind the scenes, major pharmaceutical companies and Trump-tied billionaires are furiously lobbying in opposite directions over proposed anti-China measures.",,,Business,,,,,,https://www.nytimes.com/2025/09/10/business/trump-medicines-china-biotech.html
2025,2025-10-10T16:03:26Z,,,"In Retaliatory Move, Trump Threatens 100% Tariffs on Chinese Goods","The president made the threat after Beijing imposed new global restrictions on the use of rare earth minerals, which are vital supplies for U.S. makers of chips and batteries.",,,U.S.,,,,,,https://www.nytimes.com/2025/10/10/us/politics/trump-xi-china-tariffs-rare-earth.html
2025,2025-10-11T09:01:11Z,,,How a Las Vegas Casino Mogul Helped Bring N.B.A. Games Back to China,"Las Vegas Sands, owned by the Adelson family, was under pressure in Macau, with billions at stake. That created an opportunity.",,,World,,,,,,https://www.nytimes.com/2025/10/11/world/asia/las-vegas-sands-nba-china-macau-casino-dumont-games.html
2025,2025-10-26T10:52:16Z,,,Chinese and U.S. Officials Reach Framework of a Trade Deal,Negotiators announced on Sunday they had preliminarily agreed on several issues ahead of an expected meeting between President Trump and Xi Jinping this week.,,,Business,,,,,,https://www.nytimes.com/2025/10/26/business/china-us-trade.html
2025,2025-10-27T18:21:30Z,,,Trump’s China Deal May Avert a Crisis of His Own Making,The Trump administration is hailing a potential deal that may return the U.S.-China relationship to where it was before the president began a trade war against Beijing.,,,U.S.,,,,,,https://www.nytimes.com/2025/10/27/us/politics/trump-china-trade-deal-talks.html
2025,2025-10-30T10:00:06Z,,,"The Art of Letting Trump Claim a Win, While Walking Away Stronger","By withholding soybean purchases and rare-earth exports, China extracted relief from U.S. tariffs and delayed export controls, without conceding much in return.",,,World,,,,,,https://www.nytimes.com/2025/10/30/world/asia/china-trump-xi-trade.html
2025,2025-11-01T09:02:16Z,2020s,Nov-Dec,This Genetically Engineered Fungus Could Help Fix Your Mosquito Problem,"In experiments, researchers showed that the disease-spreading insects couldn’t resist the sweet smell of a fungus that infected and killed them.",,"In experiments, researchers showed that the disease-spreading insects couldn’t resist the sweet smell of a fungus that infected and killed them.",Science,Science,News,article,655.0,Mosquitoes; Fungi; Genetic Engineering; Smells and Odors; Nature Microbiology (Journal); Research; your-feed-science,https://www.nytimes.com/2025/11/01/science/fungus-mosquitoes-genetic-engineering.html
2025,2025-11-01T09:02:22Z,2020s,Nov-Dec,Trump’s Team Offers to Keep Some Ballroom Donors Incognito,Many corporate interests that have donated to the president’s pet project have business before his administration.,,Many corporate interests that have donated to the president’s pet project have business before his administration.,U.S.,Washington,News,article,1994.0,"United States Politics and Government; White House Building (Washington, DC); Building (Construction); Philanthropy; Ethics and Official Misconduct; Regulation and Deregulation of Industry; High Net Worth Individuals; Trump, Donald J; BlackRock Inc; Corporations; Yass, Jeff; Schwarzman, Stephen A; Comcast Corporation; T-Mobile US Inc; Microsoft Corp; Google Inc; Apple Inc; Amazon.com Inc; Meta Platforms Inc; Ripple Labs Inc; Coinbase Inc; Tether Operations Ltd; Altria Group Inc; Palantir Technologies; Booz Allen Hamilton Holding Corp; Blackstone Group, The; MSNBC; OpenAI Labs; Susquehanna International Group LLP; Lockheed Martin Corporation; NVIDIA Corporation",https://www.nytimes.com/2025/11/01/us/politics/trumps-team-offers-to-keep-some-ballroom-donors-incognito.html
2025,2025-11-01T10:00:07Z,2020s,Nov-Dec,"Spurned by Trump, Carney Begins Thawing Canada’s China Connection","The meeting between Prime Minister Mark Carney and Xi Jinping, China’s top leader, came after a long period of tension and estrangement.",,"The meeting between Prime Minister Mark Carney and Xi Jinping, China’s top leader, came after a long period of tension and estrangement.",World,Foreign,News,article,1082.0,"International Trade and World Market; Canada; Carney, Mark J; China; Gyeongju (South Korea); South Korea; Far East, South and Southeast Asia and Pacific Areas",https://www.nytimes.com/2025/11/01/world/canada/canada-china-carney-xi.html
2025,2025-11-01T12:00:04Z,2020s,Nov-Dec,Can Paul Atkins ‘Make I.P.O.s Great Again’?,The chair of the Securities and Exchange Commission has a plan to reverse the decline in public listings. His critics say he’s taking swings at the wrong target.,,The chair of the Securities and Exchange Commission has a plan to reverse the decline in public listings. His critics say he’s taking swings at the wrong target.,Business,Business,News,article,1958.0,"Atkins, Paul S; Securities and Exchange Commission; Initial Public Offerings; Stocks and Bonds; Regulation and Deregulation of Industry; Shareholder Rights and Activism; Mergers, Acquisitions and Divestitures; United States Politics and Government; Trump, Donald J",https://www.nytimes.com/2025/11/01/business/dealbook/paul-atkins-ipos.html
2025,2025-11-01T14:39:08Z,2020s,Nov-Dec,Can South Korea Manage the Competing Needs of the U.S. and China?,"The country’s new president rolled out the red carpet for China’s leader, Xi Jinping, and President Trump this week, but the superpower rivalry is making it harder to balance relations.",,"The country’s new president rolled out the red carpet for China’s leader, Xi Jinping, and President Trump this week, but the superpower rivalry is making it harder to balance relations.",World,Foreign,News,article,1002.0,"Asia-Pacific Economic Cooperation; South Korea; China; Xi Jinping; Trump, Donald J; Protectionism (Trade); International Trade and World Market; Lee Jae-myung; Gyeongju (South Korea); United States International Relations; International Relations",https://www.nytimes.com/2025/11/01/world/asia/south-korea-china-us.html
2025,2025-11-01T20:44:15Z,2020s,Nov-Dec,A Powerful Doubles Team Heads to the WTA Finals,Gaby Dabrowski and Erin Routliffe have been playing together since 2023 and won the Finals last year and the U.S. Open twice.,,Gaby Dabrowski and Erin Routliffe have been playing together since 2023 and won the Finals last year and the U.S. Open twice.,Sports,SpecialSections,News,article,677.0,"Tennis; Content Type: Personal Profile; Women's Tennis Assn; Dabrowski, Gaby; Routliffe, Erin",https://www.nytimes.com/2025/11/01/sports/tennis/wta-finals-doubles-routliffe-dabrowski.html
2025,2025-11-02T04:01:09Z,2020s,Nov-Dec,"In Chinese American Families, There’s a Generational Split on Mamdani","Many older Chinese immigrants are shifting to the political right, dividing from their children, a trend playing out in the New York City mayor’s race.",,"Many older Chinese immigrants are shifting to the political right, dividing from their children, a trend playing out in the New York City mayor’s race.",Business,Business,News,article,1214.0,"New York City; Elections, Mayors; Mamdani, Zohran; Chinese-Americans; Politics and Government; Polls and Public Opinion",https://www.nytimes.com/2025/11/02/business/zohran-mamdani-chinese.html
2025,2025-11-02T10:01:23Z,2020s,Nov-Dec,Builders Find Hardship in Trump’s Tariffs and Deportations,"Material costs are rising, workers are scarce and customers are delaying new construction plans.",,"Material costs are rising, workers are scarce and customers are delaying new construction plans.",Business,Business,News,article,1336.0,"Building (Construction); Prices (Fares, Fees and Rates); United States Politics and Government; Customs (Tariff); Associated Builders and Contractors; National Assn of Home Builders; Trump, Donald J; Real Estate and Housing (Residential); Foreign Workers; Immigration and Emigration",https://www.nytimes.com/2025/11/02/business/construction-tariffs-immigration-trump.html
2025,2025-11-02T10:01:28Z,2020s,Nov-Dec,Will Trump’s Tariff Deal Tilt the Playing Field Back Toward China?,The president’s trade truce with China has lowered U.S. tariffs to a level that could pause a longer-term effort to reduce America’s dependence on Beijing.,,The president’s trade truce with China has lowered U.S. tariffs to a level that could pause a longer-term effort to reduce America’s dependence on Beijing.,Business,Washington,News,article,1854.0,"International Trade and World Market; Customs (Tariff); United States International Relations; United States Politics and Government; Fentanyl; Supply Chain; Rare Earths; Trump, Donald J; Xi Jinping; Brazil; Canada; China; India; United States",https://www.nytimes.com/2025/11/02/business/economy/trump-tariff-deal-china.html
2025,2025-11-02T10:27:36Z,2020s,Nov-Dec,That Time When China’s Leader Joked About Espionage,"Xi Jinping gave two cellphones to South Korea’s president, who asked how secure they were. “You can check if there’s a backdoor,” he said with a laugh.",,"Xi Jinping gave two cellphones to South Korea’s president, who asked how secure they were. “You can check if there’s a backdoor,” he said with a laugh.",World,Express,News,article,674.0,"United States International Relations; Espionage and Intelligence Services; Surveillance of Citizens by Government; Lee Jae-myung; Trump, Donald J; Xi Jinping; China; Seoul (South Korea); South Korea; Gyeongju (South Korea)",https://www.nytimes.com/2025/11/02/world/asia/xi-jinping-china-south-korea-spying.html
2025,2025-11-02T13:50:46Z,2020s,Nov-Dec,Tracking Typhoon Kalmaegi,See the likely path and wind arrival times for Kalmaegi,,See the likely path and wind arrival times for Kalmaegi,Weather,Weather,Interactive Feature,interactive,0.0,Hurricanes and Tropical Storms; Philippines,https://www.nytimes.com/interactive/2025/11/02/weather/kalmaegi-map-path-tracker.html
2025,2025-11-02T17:48:43Z,2020s,Nov-Dec,OPEC Plus Signals Cautious Approach to Oil Production,"Eight members of the oil cartel agreed on Sunday to a small increase but said they would now pause in adding more oil, reflecting market concerns about an oversupply.",,"Eight members of the oil cartel agreed on Sunday to a small increase but said they would now pause in adding more oil, reflecting market concerns about an oversupply.",Business,Business,News,article,633.0,"Oil (Petroleum) and Gasoline; Embargoes and Sanctions; Organization of the Petroleum Exporting Countries; Trump, Donald J",https://www.nytimes.com/2025/11/02/business/opec-plus-oil.html
2025,2025-11-02T21:05:47Z,2020s,Nov-Dec,A Massacre Unfolding in Sudan,My colleague Declan Walsh writes about the humanitarian crisis in Darfur — and how the world is now largely looking away.,,My colleague Declan Walsh writes about the humanitarian crisis in Darfur — and how the world is now largely looking away.,World,Foreign,News,article,1416.0,"Sudan; Darfur (Sudan); Rapid Support Forces (Sudan); United Arab Emirates; War Crimes, Genocide and Crimes Against Humanity",https://www.nytimes.com/2025/11/02/world/darfur-sudan-ukraine-jamaica-japan.html
2025,2025-11-02T21:45:07Z,2020s,Nov-Dec,"New Weapons Testing Won’t Include Nuclear Explosions, Energy Secretary Says",Energy Secretary Chris Wright said the testing ordered up in a surprise announcement by President Trump last week would focus on “the other parts” of nuclear weaponry.,,Energy Secretary Chris Wright said the testing ordered up in a surprise announcement by President Trump last week would focus on “the other parts” of nuclear weaponry.,U.S.,Washington,News,article,530.0,"Nuclear Tests; Nuclear Weapons; United States Politics and Government; Trump, Donald J; Wright, Chris (1965- ); Defense Department; Xi Jinping; China; Energy Department",https://www.nytimes.com/2025/11/02/us/politics/trump-nuclear-testing-explosions.html
2025,2025-11-03T04:05:27Z,2020s,Nov-Dec,Trump Says War With Venezuela Is Unlikely but Suggests Maduro’s Time Is Up,"In an interview with “60 Minutes,” President Trump was circumspect on potential escalation targeting Venezuela. He was also pressed on deportations, the government shutdown and his recent demand for nuclear tests.",,"In an interview with “60 Minutes,” President Trump was circumspect on potential escalation targeting Venezuela. He was also pressed on deportations, the government shutdown and his recent demand for nuclear tests.",U.S.,Washington,News,article,975.0,"Trump, Donald J; Maduro, Nicolas; United States Politics and Government; United States International Relations; Nuclear Tests; Federal Actions in US Cities; Deportation; Nuclear Weapons; Venezuela; 60 Minutes (TV Program); CBS News",https://www.nytimes.com/2025/11/02/us/politics/trump-venezuela-shutdown-nuclear.html
2025,2025-11-03T10:01:46Z,2020s,Nov-Dec,Bernie Sanders: ‘There Ain’t Much of a Democratic Party’,The Vermont senator on how to take the country back from elites — on both sides of the aisle.,,The Vermont senator on how to take the country back from elites — on both sides of the aisle.,Opinion,OpEd,Op-Ed,article,5915.0,"Sanders, Bernard; Democratic Party; Income Inequality; Labor and Jobs; Presidential Election of 2024; Republican Party; Mamdani, Zohran; United States Politics and Government; audio-neutral-informative",https://www.nytimes.com/2025/11/03/opinion/bernie-sanders-oligarchs-americas-story.html
2025,2025-11-03T10:01:49Z,2020s,Nov-Dec,Supreme Court Confronts Trump and His Tariffs in Test of Presidential Power,The justices face a so-called legitimacy dilemma as they deal with a tricky legal dispute and a president who has made clear he would view defeat as a personal insult.,,The justices face a so-called legitimacy dilemma as they deal with a tricky legal dispute and a president who has made clear he would view defeat as a personal insult.,U.S.,Washington,News,article,1708.0,"United States Politics and Government; International Trade and World Market; Customs (Tariff); Law and Legislation; Federal Courts (US); Decisions and Verdicts; Presidential Power (US); Courts and the Judiciary; War and Emergency Powers (US); Suits and Litigation (Civil); Executive Orders and Memorandums; Justice Department; Supreme Court (US); Federalist Society; McConnell, Michael W; Bessent, Scott; Goldsmith, Jack L; Trump, Donald J",https://www.nytimes.com/2025/11/03/us/politics/supreme-court-trump-tariffs.html
2025,2025-11-03T10:01:49Z,2020s,Nov-Dec,Your Guide to London,"From the must-see locations to the most frequently asked questions, our guide has all you need to plan your next visit.",,"From the must-see locations to the most frequently asked questions, our guide has all you need to plan your next visit.",Travel,Travel,Interactive Feature,interactive,0.0,"London (England); Travel and Vacations; Art; Restaurants; Museums; Bars and Nightclubs; Parks and Other Recreation Areas; Theater; Culture (Arts); vis-design; Cocktails and Mixed Drinks; Shopping and Retail; Palaces and Castles; Indian Food (Cuisine); American Bar (London, England, Bar); British Library; British Museum; Buckingham Palace; Covent Garden; Fortnum & Mason PLC; House of Commons (Great Britain); Shakespeare's Globe Theater; Content Type: Service",https://www.nytimes.com/interactive/2026/travel/london-england-travel-guide.html
2025,2025-11-03T11:51:48Z,2020s,Nov-Dec,Hegseth Vows Stronger Ties With a Vietnam Skeptical of U.S. Commitment,"After months of uncertainty over U.S. aid, the defense secretary pledged that Washington would keep funding programs that help address the wounds of the Vietnam War.",,"After months of uncertainty over U.S. aid, the defense secretary pledged that Washington would keep funding programs that help address the wounds of the Vietnam War.",World,Foreign,News,article,616.0,"International Relations; Territorial Disputes; Foreign Aid; Hazardous and Toxic Substances; Hegseth, Pete; Vietnam",https://www.nytimes.com/2025/11/03/world/asia/vietnam-war-hegseth-trip.html
2025,2025-11-03T13:27:21Z,2020s,Nov-Dec,The Economic and Legal Case Against Trump’s Tariffs,"A key part of the president’s trade policy faces scrutiny by the Supreme Court this week, with huge implications for business.",,"A key part of the president’s trade policy faces scrutiny by the Supreme Court this week, with huge implications for business.",Business,Business,News,article,1706.0,"United States Politics and Government; International Trade and World Market; Customs (Tariff); United States International Relations; United States Economy; Federal Reserve System; Supreme Court (US); Bessent, Scott; Trump, Donald J",https://www.nytimes.com/2025/11/03/business/dealbook/trump-tariffs-supreme-court.html
2025,2025-12-13T10:00:12Z,,,"Clean, Limitless Energy Exists. China Is Going Big in the Race to Harness It.","Beijing is pouring vast resources into fusion research, while the U.S. wants private industry to lead the way. The winner could reshape civilization.",,,Climate,,,,,,https://www.nytimes.com/2025/12/13/climate/china-us-fusion-energy.html
2025,2025-12-30T10:00:34Z,,,Cheap Solar Is Transforming Lives and Economies Across Africa,"Chinese panels are now so affordable that businesses and families are snapping them up, slashing their bills and challenging utilities.",,,Climate,,,,,,https://www.nytimes.com/2025/12/30/climate/solar-south-africa-china.html
2025,2025-12-31T05:00:15Z,,,Inside China’s Six-Decade Campaign to Dominate Rare Earths,"From Deng Xiaoping to Xi Jinping, generations of Communist Party bosses and military leaders invested in a strategic but heavily polluting industry.",,,Business,,,,,,https://www.nytimes.com/2025/12/31/business/china-rare-earths-history.html
